﻿,document,score,label
0,"난 재밋던데, 댓글 무시하고 본 결과 만족",10,1
1,기대 없이 봤는데 절대 지루한감 없이 스토리도 탄탄하고 배우들 연기도 일품입니다~  나름 몰입하며 볼 만 합니다~,7,1
2,신혜선의 연기가 너무좋았고 다른배우들연기도 좋아서 영화에 몰입할수있었음. 코로나땜에 500만이상 갈수있었는데 너무도 아쉽네요,10,1
3,"헉 평점왜이렇지 존잼이었는데,,, ",10,1
4,전체적으로 어설프다.  특히 손발이 오그라 들었던건 자폐남동생 연기다. 자폐는 연기 진짜 잘하는사람 아니면  소화하기 힘들다.  그리고 영화에 툭하면 자폐증 나오는데 자폐가 뭔지 잘 모르고 막 집어넣는거 같다. 자폐증 있는사람은 절대 저렇게 일반인처럼  말과행동 못한다. 차라리 지적장애로 갔으면 나았을거 같다.  법정영화는 어설프게 만들면 정말 보기 민망하다.,3,0
5,웰 메이드 신혜선씨 철인왕후 보고 반해  작품찾다 봤어요 연기 넘 잘하시는거 아녜요? 앞으로 쭉 팬할래요,10,1
6,간만에 재미있게 본 영화.. 평점이 왜 이리 낮은지 이해가 안가네요,10,1
7,영화의 소재나 시나리오는 얼마나 뛰어난 지 잘 모르겠지만 배우들의 연기력과 감정몰입은 충분하고도 남습니다. 댓글 개의치말고 꼭 보세요!,10,1
8,간만에 재미있게 봤어요 잼있네요,9,1
9,재밌게 본영화 중 한편,10,1
10,"이정도면 스토리도 탄탄하고 신파도 그리 과하지 않아 별로 흠잡을 것이 없는 영화인데 생각보다 평점들이 낮네. 배우들의 탄탄한 연기가 뒷받침되고 잘짜인 각본으로 만들어진, 명작은 아니지만 수작에 속한다고 본다.",8,1
11,아주 깔끔하게 잘 만든 영화이다. 바쁜데도 한번 보니 끝까지 보아야 했다.,9,1
12,티비로 봤는데도 몰입 쩌ㄴㅔ요,10,1
13,코로나만 아니였음 500만 갔을건데...끝까지 몰입되네여~!,9,1
14,여러 장면들이 좀 오글거리기도 하고 신혜선 배우에게 처음으로 연기가 어색하다고 느낀 작품이네 캐릭터랑 연기색이 안맞는지 아니면 캐릭터 분석에 본인이 적응을 못한건지... 대사나 플롯도 좀 오그리토그리지만 무엇보다 주연배우의 연기와 연출이 아쉬웠음,1,0
15,80년대 나왔으면 이해는 가겠는데.. 2020년에 이런게 나오다니... 경찰 검찰이 변호사까지 딱 살인의 추억 수준이네... 30~40년전 처럼 주먹구구식으로 수사하고 억지 부리고 쯧쯧 시대가 80년대면 이해하겠지만 현대인것 같으니 TV로 보면서도 짜증이 난다,1,0
16,"재미없거나 나쁘진않은 좀 진부한면이 없진않네요 예전에히트했던  영화 이끼랑 원빈이 바보로나왔던 봉준호감독의 마더 를 합쳐논 영화같아요 이끼에서는 허준호가 목사로 나왔었고 반전이 마더하고 같네요ㅎ 마더는 엄마가 바보아들 살리는내용, 이영화는 딸이 치매걸린 엄마살리는 내용 ",7,1
17,제목이 함정,10,1
18,생각보다 이 영화 잘 만들었는데 지루하지도 않고. 잼났슴,9,1
19,진부하다. 배우들이 좀 겉도는 느낌,6,1
20,비밀의 숲 외전,7,1
21,꽤 재밌게 봤다,10,1
22,동생~자폐 연기 연구 좀 해라 디지게 못하네,1,0
23,타임 투 킬? 뮤직박스? 돌로레스 크레이븐? 아니다 신파도 듬뿍 넣야지 ㅎ 그런데 첨부터 꼬여진 내 팔짱은 안풀리네 ㅡㅡ,4,0
24,단순하고 허점이 많고 이것을 메울 무언가도 없다,5,0
25,태항호씨  연기가 좋다  ㅡ왠 아이가 보았네ㅡㅡㅡ,7,1
26,뭔가 모자른 기분. 내용이 아니라 영화 자체가 답답하다.,6,1
27, 그럼에도 불구하고 괜찮네요 ^^,9,1
28,부장급 검사가  시의원출신 시장에게 굽신거리면서 시장을 위해 경찰 증인과 작당해서 증거 조작하고 사건을 왜곡한다? 비현실적인 설정... 아무리 영화라도 지나침,2,0
29,신혜선님 연기 잘 하시네요.,9,1
30,역시 믿고 보는 신혜선 연기력은 최고! 자폐 남동생도 연기력이 대단함 개인적으로 스토리는 최고는 아니지만 그래도 무난하니 잘된것 같고 끝까지  몰입해서 잘 봤네요.,8,1
31,크게 기대하지 않았는데 집중하게 만드네...근데 아들의 연기가 맥을 팍팍 끊는구만..,5,0
32,신혜선 연기 좋음,10,1
33,신혜선만으로도 충분하다,10,1
34,설날 특집 보고있는데 동생역 미스캐스팅 심각하네... 너무 몰입감 떨어져서 채널 돌릴까 말까 고민중,3,0
35,괜찮음 잼께봄,7,1
36,국민 법 감정에 따른 판결 유도한 변호사 능력 만렙이네ᆢ,8,1
37,반전이라면 반전인 듯. 배우들이 연기를 잘해서 9점.. 법정이 더 길게 많이 나왔으면 좋았을 듯,9,1
38,"아.. 진짜 여자가 주인공인 영화는 다음 평점 믿으면 안되겠다... 배우들 연기도 어색... 연기는 딱 배종옥님만 눈에 들어온다... 특히 남동생은 지적장애냐, 아니면 자폐냐? 둘중에 하나만 해야지 둘다 하고 있음...",5,0
39,여배우가 주인공인 영화로 성공한 작품 신혜선의 절제된 연기 정확한 대사전달 몰입력 캐릭터 소화력 눈빛과 감정연기 일품 여주로 드라마와 영화 끌고나가는 힘이 있어요 배종옥과 허준호 배우는 당연하고요 극본 연출 좋고 반전연기 끝까지 몰입력있게 잘봤어요 코로나 아니면 완전 대박났을텐데 아쉽네요 신혜선 배우 대성하세요~^^,10,1
40,10점과 9점준    ㅋ알바생들 넘 티난다   개판연기      봉준호 박찬욱     이후 감독들이 제작투자사에 넘 휘들린다  개성이읍다  1점은  봤기때문에  음악감독도 반성좀 하고,1,0
41,재밋어요,10,1
42,"추리물을 기대했는데 휴먼드라마에 가까움. 카메라기법 색감 등 연출은 훌륭했고, 영화초반 상갓집 씬은 특히 압권. 감독의 다음작품이 기대된다.",7,1
43,볼만하더구만,8,1
44,배우들의 연기가 돋보여 영화에 몰입하였으며 감동적이었습니다,9,1
45,몰입감있고 꿀잼이었어요. 연기도 짱이구요!,10,1
46,정말 매력있는 영화네요 코로나만 아니었으면 대박났을듯!! 아쉽네요,10,1
47,태항호 짱~,9,1
48,"신혜선, 배종옥, 허준호 등 배우들의 열연.. (약간 연극톤의 과장된 표현도 있었으나 그것도 하나의 장치라 생각하고 넘어감). 약간은 뻔한 스토리라 생각하다가 마지막 반전까지.. 나름 볼만 했음",7,1
49,생각보다 반전있는 스토리에 배우들의 멋진연기가 잘 녹아난 영화입니다,10,1
50,옛것의 향기,3,0
51,완전몰입대박 반전영화강추 신혜선배종옥미친연기와 신혜선연기매력빠지는영화 추석가족들과강추,10,1
52,신혜선의 연기가 일품이다..,8,1
53,새로운 여배우의 출연을 알리는 영화네 절제된 연기에 어울리는 여러 캐릭터 두루 섭렵하면 더 대성할듯 신혜선 배우 연기력 정말 뛰어나다.,8,1
54,"신혜선이라는 배우의 연기력이 돋보인다. 실제 있었던 사건에서 모티브를 가져와서 만든 이야기 치고는 조금 과한 느낌은 있지만, 요즘 워낙 다양하고 몰상식한 사건들이 많이 일어나다보니 그럴수도 있겠다 싶다. 부정부패와 맞서는 줄거리 자체는 마음에 든다. 법정에서의 재판 장면들이 조금 비현실적인 것이 가장 큰 단점.",7,1
55,"영화적 소재로서 다소 부족한 스토리. 구성도 약간 산만하고. 신혜선을 도와주는 초딩 동창의 캐릭터 및 개연성 확보 실패. 허준호, 상대측 검사 연기는 최고였지만(평점을 올림) 신혜선의 연기는 보통 정도. 기본은 하는 연기자니까. 킬링 타임용으로 그럭저럭.",7,1
56,스토리도 안지겹고 연기가 너무 탄탄해서 좋았음,10,1
57,개연성이 많이 떨어지는 법정 판타지물..,5,0
58,소재는 흥미로운데 이야기를 끌고 나가는 힘이 좀  부족해서 좀 아쉽다. 그래도  나름 재밌게 봄.,8,1
59,아무생각없이 봤는데 잼있어요,10,1
60,좋았어요,10,1
61,너무 허접하네요,1,0
62,"연기는 좋았다. 다만, 그뿐이다.",5,0
63,몰입도 잘 되고 재밌었어요. 잘 만든 영화 같은데 코로나라 안타깝네요.,10,1
64,생각보다 재미있네요 연기들 다 좋고,10,1
65,재밌게 잘 봤습니다,10,1
66,.,6,1
67,다 봤는데 가슴이    답답하다,4,0
68,대본이...배우는  아까움,1,0
69,검찰이 아니라 견찰이네!,8,1
70,똑똑 끝판왕 캐릭터가 다르다와 틀리다도 구분못함,1,0
71,일본추리소설같은 느낌이 너무 좋아요. 연출력 너무 좋고 오랜만에 울었어요. 중간에 지루할 틈이 없었고 앞으로 추리영화가 나아가야할 방향인거 같아요. 다른 진부한 영화들처럼 원래는 상상이였네 귀신이였네 최면에 걸렸네  이런거 없이 재밌게 봤습니다~,10,1
72,존잼입니다,10,1
73,설/추석 명절 용,4,0
74,강추입니다~!,10,1
75,너무  재밌게 봤어요,10,1
76,신혜선의 변호사 성공기!,4,0
77,뭔가 어설프다. 재미없다.,1,0
78,굿,10,1
79,너무 감동적인  영화 입니다.,10,1
80,신혜인 연기자분 극찬을 합니다.,10,1
81,허술한면이  있으나  신혜선 연기가  좋네요 다듬었으면  좀  더  낫지  않을까  싶은  아쉬움이 있어요,7,1
82,2% 아쉬운 법정 스릴러  주연급을 제외한 이들의 발바닥 연기가 최고의 법정물을 신파극으로 변질시켰다 두 모녀의 만남이 가슴을 여미게만드네  허준호도 나이가 들어 갈수록 아버지 허장강 피를 물려받아 최고의 악역을 선보이네,7,1
83,스토리는 빈약한데 신혜선이 다 했다,6,1
84,"스릴, 서스펜스, 호러, 게다가 개그코드까지..  편집 몇군데 해서 해외로 나가야 할 영화.  자폐증 동생의 역활은 무엇인지? 결론으로 영화가 무엇을 말하고자 하는지 애매함.  그럼에도 불구하고 한국영화로서 잘 만든 영화.",8,1
85,재밋게 잘봣는데 티비용임,7,1
86,역쒸 변호사 검사 판사는  좋은직업 복수도 할수있고,4,0
87,신파는 과했고 치밀함은 부족했다.,5,0
88,재밌게잘봤습니다,10,1
89,2020년에 이런 영화가 만들어지네... ,4,0
90,게임 하면서 볼려고 했는데 아놔 집중해서 봤네 ㅋㅋ 나름 볼만 하네요.,8,1
91,너무 엉성해요. 기대가 너무 컸었나?,5,0
92,굿,10,1
93,ㅋㅋㅋ관객 우롱수준이다,1,0
94,누가 이영화가  잘됐다고 했나 .. 신파에  억지  감동에...  재판 연출도  박진감  떨어져.. 시나리오 지루해....  총체적  난국이더만....,1,0
95,너무 감동적이에요 ㅠㅜㅠ,10,1
96,몰입도 좋다 각본도 좋고,10,1
97,초반에 늘어지는것   어수선한것 흡입력약한 연출력 신혜선의 주연힘은 조금 약하다 배종옥의 연기를 다시보다,7,1
98,스토리도 단단하고 배우들 연기도 너무 잘하고 꽉찬영화 오랜만에 봤어요,10,1
99,신혜선 연기 쵝오 영화 잼나게 잘 봤네요,10,1
100,눈물 납니다. 추천합니다 ,10,1
101,스토리도 좋고 배우들 연기도 좋았어요..나름 재밋는 영화!! 8점 줄려다가 평점이 낮은거 같애서.ㅎㅎ,10,1
102,잘 봤어요~~ 연기력 얘긴 왜 나오는지는 몰것지만 전 잘봤네용ㅎ,9,1
103,개인적으로는 결말이 신선했어요,8,1
104,도대체 먼넘의 연기력 타령을 그렇게 하는지ㅋㅋ 주인공들 연기땜에 중간에 보다가 걍 끔 여기 신혜선 팬클럽 아니니까 좀 꺼져라!!! 글구 동생 연기 진짜 못 봐주겄더라~ 어지간히 하자!!!!한국영화는 너희들땜에 발전을 못한다 징그런것들아,2,0
105,망작.,1,0
106,잘봤습니다. 신혜선씨는 역시 잘하시네요. 허준호님 배종옥님 말할것 없이 명배우이십니다.,8,1
107,스토리 영상미 몰입도는 괜찮았어요 자폐아 연기하시는분이 최고였음 대부분 연기력으로 영화질을 높였딘고 봅니다,8,1
108,볼만해유~~ 여주 설정과 개연성 연기력이. 점 미흡해서 흡입력이 약하네유~~  연출 못지않게 연기력으로 흡입력있게 극을 이끈다는게 중요한지 알게됨 ,8,1
109,개연성도 좋고 배우들 연기도 좋네요. 간만에 좋은 영화 잘 봤습니다.,10,1
110,간만에 스토리 연기 몰입되는 영화 옛날영화 이끼가 생각나네요,10,1
111,연기 굿,10,1
112,다들 연기 잘해서 몰입도 최고였어요~,10,1
113,모성 신파로 나갈거면 처음부터 그렇게 나가든가..... ,6,1
114,신혜선이 여기선 연기가 어색하네 변호사역은 아닌듯,2,0
115,신혜선 명불허전 쨩,10,1
116,2020년 상반기에 본 영화 중 가장 강렬했던 영화!,10,1
117,내용도 좋고 연기도 좋고 재미도 있네요.,9,1
118,"진짜 신혜선 배우 연기에 한번 놀라고, 마지막 스토리에 한번 더 소름  완전 봐야하는 영화고 정말 추청합니다!!! 저는 또 보고 싶어지더라구요",10,1
119,저런 억지주장 변호사 양산될까봐...걱정 아무리 자기엄마지만 정의를 추구하는게 대의 아닐까? 그런의미에서 평점 낮춘다,1,0
120,잘만들었네 ,8,1
121,허준호 혼자 연기한듯 시나리오는 진짜 최악 여주는 검사외전에 단역으로 나왔을때가 더 매력적이었다,0,0
122,작가가 자기 이상을 꿈꾼듯,6,1
123,재밌다,9,1
124,배명  양왕용 나일정  뮈하고 사나  궁금하네 상현아  영화 잘 봤다 ~~,10,1
125,넘 잘봣어여..신혜선님 팬입증,9,1
126,스토리는 탄탄했는데 배종옥의 연기가 이번엔 안맞는 옷을 입은듯 겉돌아 몰입이 잘 되지 않았다..,7,1
127,똘망똘망한 눈망울과 청순가련이 더 어울리는 마스크로 이런 연기를 해낼 수 있는 것은 그 전 드라마에서 검사역할도 했던 그런 커리어를 눈여겨 보고 감독이 캐스팅을 했다고 본다.... 그런데 반전은 그닥 어떤 신선한 충격도 안겨주지 못했고....허준호를 통렬갛게 까는 것은 시원했으나....고놈의 씨불 검사새끼 좀 어떻게 못한게 아쉽다....대한민국 검사를 누가 나락으로 떨어뜨릴 수 있을까? 뒷맛이 씁쓸하다...스토리는 어디서 많이 봐온 것이고...뭔가 리메이크를 한 느낌이다.....기대를 좀 했는데 실망...그러나 혜선이에겐 실망할 수 없다....그 동생놈도 애 많이 썼다.....,7,1
128,신혜선 배우님 연기력이 장난이 아니네요 ,10,1
129,차라리 끝까지 엄마가 치매연기를 했다면 더 반전있어서 재미있어을텐데....신파로 가서 퐈이~~,4,0
130,딱히 감동적이지도 와닫지도 않은 영화라고 개인적으로 생각됨 그럼에도 불구하고 연기력하나만으로  7점드림 나머진 음...,7,1
131,내 시간.... 내 눈.... 감독이 법정과 로펌이 어떤곳인지 드라마로만 알고 있는 듯...,1,0
132,초반과 중반에 샐 틈 없는 연기에 확 몰입된다. 의외로 기대치를 웃도는 연기에 놀라울 따름이다. 헌데 막판에 조금 뜬금없는 출생의 비밀과 신파가 나오는 바람에 흐름을 놓쳤다. 냉철하던 주인공의 심리가 연민으로 인해 변화하는 모습은 연기로 잘 녹여냈다. 그래서 구지 출생비밀이나 극의 신파가 필요했나 싶기도 하다. 어찌되었던 주조연을 가리지 않는 연기자들의 명연기가 이 영화의 가장 큰 장점이라 생각된다.,7,1
133,역쒸 신혜선임!! ,8,1
134,신혜선의 연기가 돋보임!!,10,1
135,딸과 엄마 진실을 알아갈때 ...눈물 찔끔났음  좀슬펐어요  ,8,1
136,최고다,10,1
137,전 넘재밌게 봤어요 연기들두 다들 너무 잘하구 저한텐 10점 만점!!^^,10,1
138,신혜선 연기 잘하는 듯,10,1
139,양아치들의 시도의원변신....... 시도의원폐지하라 탄탄한 구도와 스토리가 너무좋다 코로나의 막대한 피해자다,9,1
140,"예상치 못한반전의 매력과 탄탄한 스토리,개성있는 캐릭터 4분가량의 원테이크 영화에 푹빠져들어 집중하고 봤습니다",8,1
141,감정에 호소하는 변호인 ,6,1
142,침입자에 비하면 이 작품은 아카데미 수상받아야 함,7,1
143,법정물 추리물 좋아하는 분들께 강추  영화가 산만하다고 하는 사람은 이런 복잡한 영화 보지 말고  단순한 코메디 영화 보세요,9,1
144,"평정을 이해하기 힘드네.  ㅋㅋㅋㅋㅋ 영화가 너무 산만하고 신파 과잉으로 몰입이 잘 안됨. 법정영화도 아니고, 스릴러도 아니고 추리물도 아님. 이게 법정영화면 재판장면 나오는 모든 영화는 법정영화임. 법정영화가 뭔지 한번도 안본 사람은 법정영화라고 볼수도 있겠지. ㅋㅋ 스토리도 좀 억지스러움. 한국영화라 그나마 5점 줍니다.",5,0
145,완전 잼나네요..간만에 좋은 영화 봤습니다..,10,1
146,관전포인트1. 아빠가 좋아? 엄마가 좋아? 관전포인트2. 영화가 된 ⟨비밀의 숲⟩ 느낌? ,8,1
147,스토리 좋아요.연기자분들 연기정말 좋았구요,9,1
148,재미있게 잘 봤어요~ 신혜선배우님의 연기가 좋았네요~,7,1
149,이번달에선 그나마 좋지만 결국엔 눈물과 모성애를 자극하는 너무 뻔한 클리셰  오히려 세드엔딩이었으면 더 좋았을듯  ,6,1
150,시나리오쩐다ㅜㅜ 진짜 너무 명작입니다,10,1
151,왜 7.8점 밖에 못받은건지 모르겠어요! 연기도 스토리도 좋은데!,10,1
152,개꿀잼,10,1
153,스릴도 있고 짜릿한 감동있는 영화 강추,9,1
154,다 좋은데 여상출신이 5년만에 서울대 법대를 간다는 설정은 좀...,8,1
155,스토리 너무 괜찮다,10,1
156,신검사역 배우의 과도한 비열한 표정 때문에 전혀 몰입안되는 영화,0,0
157,결백보는중..아직 이런세상이라니 참 슬픔. 신혜선 연기참 좋아요. 잘봤습니다. 난 원래 신혜선 팬이었음.음하하,9,1
158,오랜만에 좋은 영화 본것같아여,10,1
159,신혜선 배우 연기 잘하네요 살좀 찌셔야겠다는 생각이들만큼  표정연기 하나하나  까지 집중되었습니다. 좋은 연기 좋은 영화에 비하면 관객수가 너무 아쉽 습니다만....결과적으로는 결백의 결백이 아니었기에 어쩔수 없었지 않나 싶네요 무죄를 받아내는 결과가 아닌 누명을 벗는 결과였다면 더좋은 평을 받았을지도..태어나서 처음으로 감상평 남겨봅니다  신혜선 배우님 연기 감사합니다,8,1
160,재밌어용,7,1
161,...,6,1
162,배종옥씨 연기가 훌륭해서 몰입도 높고 긴장감 있었습니다.  재밌게 봤습니다.,9,1
163,"연기,몰입도,소재,마무리 모두 좋았다. 단지 법정다툼의 디테일이 좀 아쉬워서 1점 뺌.  최근에 이렇게 집중해서 본 한국영화가 없어서 높은 점수를 줌. 여주인공 잘했어요~",9,1
164,볼만한 영화입니다. 신혜선씨는 앞으로도 기대되는 배우네요. ,10,1
165,신혜선 연기 너무 답답하고 톤도 몰입도를 자꾸 떨어트림 동생 자폐아 역도 연기가 너무 모자르고 그리고 배우들의 충청도 사투리는 다들 왜 ~슈 만 붙일까,5,0
166,왜? 대천이냐? 구 대천시민이였던 구 대천시를 자랑으로하는 이들이 얼마나 많은디 지금은 보령시지만 대천시... 대천시민으로 살았던 사람은 고향을  대천이라고한다 뇌도없는 자식아~ 니 애미이름이나 애비이름으로 하지 그랬냐~ 니 가족들이나 농약탄 막걸리 처먹고 자살해라 아님 우유에다 농약타 처먹던가 온가족이~ 점수는 주기 싫은디 주라내 ,2,0
167,런닝맨에 게스트로 홍보 출연했던 기억으로 한번 봤는데 -_-.. 하고 싶은 말도 잃어버리게 하는 영화,1,0
168,생각보단 볼만했음~~~ 연기는 거기서거기고... 근데 생각보다 안티가 많네~~ㅋ,7,1
169,그냥 한번 볼만 한 영화였던 것 같습니다. 법정에서 다투는 장면들이 현실감이 좀 떨어지는 것 같아 아쉬웠습니다.,6,1
170,"전반적으로 허술한 연출 증인을 한번더 보는게,",4,0
171,"변호사는 검사가 기소한 내용으로 피해자가 무죄임을 입증하는 게 최우선 과제일텐데..  이 영화의 변호사는 그냥 모든 사건을 다 파헤치네.. 현실성은 극히 떨어진다. 저렇게 변호해서야 어디,,, 나도 저렇게 변호하진 않겠다. ",5,0
172,신혜선은 맨날 자고 나와서 얼굴이 퉁퉁부어있다 뭐하길래 맨날 자고 나오냐 흐름깨지게,7,1
173,그러니까 촬영장에서 차에만 있지 말고 나와 있으라고요.,1,0
174,진실이 꼭 정의로우리란 법은 없지,5,0
175,여주. 발음  웅얼웅얼 어색. 얼굴 어색,6,1
176,너무너무 어설픈 ,1,0
177,스토리 구성 배역 모두 만족,10,1
178,스토리 연기 모두 만족,8,1
179,스토리는 괜춘했는데 혜선씨가 역할때문에 살을 너무뺀건지 모르지만 힘이 안실리고 캐릭터가 겉돌아요  뭔가 어색한 모습이 중간 중간 보이는게 아쉽네요..,10,1
180,너무 재미있게 봤습니다.,9,1
181,정말로 잘 만든 영화입니다.,10,1
182,"깊이 이해하면 생각이 많아지는 수작. 연기를 넘어 경험적 이해적 시나리오를 충분히 공감할 수 있는 작품. 다소 아쉬운 연기는 있을 수 있으나, 그 또한 뛰어 넘을 수 있는 공감할 수 있는 시나리오, 빠른 전개. 부진할 수 있는 소재임에도 지체하지 않는 전개.. 훌륭한 수작임. 적극 추전함",9,1
183,"중견 배우, 신인 배우...... 신인 배우 보다 더 어색한 중견 배우의 표정 연기...... 허준호 배우님 킹덤에서와의 비교되는 표현력.  배종옥 배우님의 표정 연기가 굉장히 부자연스럽게 느껴져 보는 내내불편했음. ",1,0
184,처음부터 끝까지 집중하게 만드는.....,9,1
185,정말 오랜만에 본 수작이다....탄탄한 스토리라인과 배우들의 열연... 뭐 볼거없나 찾던중 정말 2020최고의 수작이다.....꼭 보시길 +10,9,1
186,잘 만든 영화입니다,10,1
187,볼만함. 연기 잘하심 변호사가 과한권한인듯하지만 그래도 연기로 커버됨 여성분들은 82년 페미보다는 차라리 이 영화를 보시는게 좋을듯. 어느정도 이해점도 있으니. 눈물자극 결말부 두번정도 있음,8,1
188,신혜선 나오면 그냥 안보는걸로 해야할듯...,0,0
189,여주인공 연기력이 아쉬운 수작!,8,1
190,신혜선 이제 믿고보는 배우가 될거같습니다 오랜 연륜이 묻어나는 배종옥 허준호에 전혀 밀리지않는 것같아요 보는내내 시간가는줄 몰랐습니다,10,1
191,간만에 보는 명작이다.  누구하나 연기가 안좋은 사람이 없다. ,10,1
192,잘 만드셨네요 좋은 영화 입니다 잘 봤습니다,9,1
193,신혜선이라...연기 그래도 준수하게 잘하네요  다만 너무 과하게 한 성형이 ㅡ눈 코 안면 윤곽 이마 ㅡ등등 좀 징그러워서 몰입이 잠깐씩 깨지네요  변호사로서 해야할 짓이 아닌 결말이 좀...아쉽지만 수작이라봅니다,7,1
194,잘 짜여지긴 했지만 약하다는 느낌이 계속든다...,7,1
195,연기력 짱이다.  역시 모든배우 깊이가 다르다,10,1
196,면회가서 배종옥과 신혜선 얼굴이 겹쳐져서 연출된영상이 기억에남는다 뛰어나게 잼난건아니지만 볼만하다,8,1
197,"변호사는 억울한 사람들 변호하는 사람들이지, 범죄자들이 무죄로 풀려나게 해주는 사람들이 아니다...  변호사들이 이점을 명심해야 한다. 돈벌이로 변호사를 하는게 아니라, 왜 변호사가 되었는지를... 반전이 있긴 한데 변호사로써 해서는 안될~~~ 흥행적 요소가 약하지만, 각본,연출 다 적절히 잘 만들었다.",8,1
198,요근래 이렇게 몰입도 있는 영화가 있었나 싶네요. 정말로 영화가 시작하고 끝날때까지 체감시간이 10분같이 느껴졌어요. ,10,1
199,괜찮은 영화입니다. 스토리 전개 속도감 모두 좋았어요. ,9,1
200,연기가 아쉽다...,4,0
201,신혜선 연기는 나름  잘하는데.. 허준호나 배종옥 같은 자연스러움 흐름이  아직 부족하네 ,8,1
202,"배우들의 연기력 좋고 볼만하네.. 특히 배종옥, 허준호..  감독의 연출력과 신혜선의 연기는 아직 진행형인듯... 좀 더 가다듬어야 할 부분이 많아 보인다.",7,1
203,"신혜선, 배종옥씨 미친 연기력 대단해요.  반전의 묘미와 시나리오 좋아요. 모든 어머니는 사랑이십니다. ",10,1
204,잘 봤어요~,9,1
205,재밌네요. 연기도 좋고~~~,10,1
206,정말 오랜만에 푹~~ 빠져서 봤네요 ㅜㅜ 반전도 좋고 모든 배우들 연기 훌륭했지만 자폐장애 연기 하신분 정말 눈에 확 들어오네요 뒷부분으로 갈수록 왜 그리 눈물이 나는지 ㅜㅜ 무튼 좋은 영화 감사해요,10,1
207,집중해서 보다가 점점 잠이와요..ㅠㅠ 깝스~,6,1
208,오랜만에 보는 수작,9,1
209,신혜선~~GOOD~!!,9,1
210,"잘생긴 사람은 잠깐 나오고 사라져서 슬픈 영화. 시골이 어떻게 굴러가는지 좀 아시면 괜찮지만 아니시면 너무 과하게 허구다 하실 거 같아요. 요즘은 저만큼인 곳은 드물겠지만.. 괜찮은 영화예요. 주연 한 명이 경력 더 많은 조연 여러 명에 안 밀려서 잘 봤어요. 감독이 “자, 여기서 눈무울~ 쏘세요오”하긴 합니다.",8,1
211,예상 가능한 시나리오로 큰 반전은 못 느꼇다. 볼만한 영화,7,1
212,근래 보기드문 수작이네요! 배우들 연기도 최고네요! 감사히 잘보았습니다.,10,1
213,허준호 Good!,7,1
214,유치한 감독의 유치한 자뻑,1,0
215,간만에 잘 짜여진 구성의 감동 영화,9,1
216,단점-  요즘 농촌에 맞지 않은 과거 농촌의 분위기 장점- 신혜선의 열연 한줄 평- 선하고 피해자인 약자들만 죽거나 피해 받으며 끝나는 현실에 한줄기  빛 같은 영화!,9,1
217,전반적으로 나쁘지 않았는데.. 뭔가 살짝 부족한 듯한 이 느낌은 뭐지...,6,1
218,스토리및 연기 모두가 굿굿,10,1
219,퐌 퐌 퐌타지 드라마다. 현실에선 불가능한.  잘 만들어진 영화다. ,9,1
220,탄탄한 시나리오에 감동했습니다.,8,1
221,허준호!!,10,1
222,다 좋은데 극 전개를 위한 너무 작위적인 설정과 묘사가 식상하다,5,0
223,"볼만하네여,,연기정말 잘하네,,,,,,",6,1
224,파도나 기교는 없지만 생각보다 짜임새 있게 잘만들었네요 신혜선 굿~,8,1
225,"전개가 허술하다고? 시나리오가 부실하다고? 거의 완벽한 시나리오와 사운드, 중간 중간 나오는 흑백의 영상미, 촬영 기법까지 뭐 뻔한 결과겠지하고 하고 봤다가 배종옥씨의 열연에 감동을 받고 갑니다.",10,1
226,"배우들의 연기가 다했다, 중간 중간 허술한 전개들이 약간 아쉬움.",8,1
227,신혜선 진짜 연기잘한다,10,1
228,음....볼만하군~  신혜선 ... 오~~~~~~~굿,10,1
229,증거조작한 검새는 어떻게 됬을까,10,1
230,보통,5,0
231,신혜선 참 연기 잘함 ㅎ,10,1
232,스토리가 탄탄하고 지루하지 않고 좋았어요^^,9,1
233,예전 연기자들은 왜이래 배종옥 발연기 와~~~요즘 연기자들이 살리는듯 신혜선이 그나마 있어서 다행이다,6,1
234,"좋았어요. 연기도 좋고, 스토리도 이정도면 좋죠",9,1
235,코로나만 아니면 흥행했을 영화 잘 봤습니다,10,1
236,영화 잘 만들었네요. 긴장감도 있고 시간이 금방 지나가네요.,10,1
237,너무 재미있네요..,10,1
238,재밌었어요~ 때론 있을법한 동네들,10,1
239,저는...재밌게 봤네요.  보면서 시간이 빨리간다 느끼면 재밌는거겠죠.  신혜선 님 연기 잘하시네요.,10,1
240,재밌어요^^ 신혜선 허준호 배종옥 연기력 굿ㅋㅋ,10,1
241,배우들에 엄청난 연기 하지만 허술한 내용.,3,0
242,신혜선 연기는 최고입니다,10,1
243,지루 노잼,1,0
244,많이 익숙한 스토리지만 연기들을 잘해서 볼만해요  신파  부분은 좀 더 짧았어도 좋았을 껄  신혜선님 중간에 연기 쩌는 부분 좋았습니다~~,8,1
245,오늘보고왔는데 연기자분들 연기를 잘하셔서 잼있게 봤어요 긴장감있어서 더 좋았네요,10,1
246,방금 보고 나왔는데 스토리 구성이 잘 되어 있네요. 대사 중 ' 아무리 비바람이 불고 태풍이 쳐도 새끼는 에미만 있으면 된다'...가슴이 울컥했습니다.,9,1
247,촌구석 법조계는 어떻게 돌아가는지 알만하다.,8,1
248,.,4,0
249,"""결백"" 잘 만들었고, 배우들 연기도 좋고, 감동적입니다^^",10,1
250,더 괜찮게 만들수 있었을 텐데~ 하며 봤습니다~,7,1
251,연기력 대박. 몰입하며 봤어요,10,1
252,"신혜선이라는 배우. 다시 보게 됐어요.ㅎ 연기를 기대 이상으로 잘 하더군요. 영화는  반전도  있고,  영화 .집중도  있게 봤어요. 큰 기대는  안  하고  봤는데  실망을  안기지는  않았습니다.  ",8,1
253,"괜찮았어요. 오랜만에 개봉한 한국영화라 반가웠고, 스토리도 재밌었어요. 좀 촘촘하지 못해서 아쉽긴 했지만요.",8,1
254,재밌어요 연기늘 다들 잘하시고 기분좋게 보고 나왔네요,10,1
255,저는 재밌게 봤습니다. 신혜선님 팬 되었네요. 연기도 외모도 감탄했습니다!,9,1
256,재미있었어요. 지루하지 않고. 배우들 연기도 좋았고 .역시 믿.보.배들 답네요. ,10,1
257,생각보다 재미없고 작품성이 떨어진다 영화에 나오는 인물들이 누가누군지도 모르겠다 8점짜리는 뭔가있는데 이건 아무것도 없다.... 공짜로 봤는데도 돈아깝다...,6,1
258,잔잔한 스토리가 볼만했어요~~ 웃기거나 잼나진 않지만 스토리가 탄탄했어요. 연기도 볼만했구요.. 많은 생각을 하게 만든 영화~,8,1
259,꿀잼,10,1
260,신혜선 연기가 대단하네요,10,1
261,재밌어서 두 번 봤어요,10,1
262,굿,10,1
263,나쁘지 않아요 볼만함,7,1
264,간만에 만족한 영화!!!,8,1
265,"요즘 개봉하는 영화가 없어 선택했는데, 좋은 영화 하나 건졌네요",8,1
266,이런 시국에 개봉했다는 점 만으로도 박수로 보내나  아쉬움이 많았던 영화ㅜㅜ 안타깝다,5,0
267,오랜만에 좋은 영화봤다. 결백2 기대한다.  1심 판결로 재판은 끝나지 않는다.,10,1
268,감동적이고 ᆢ몰입도 높은 최고의 영화를 접한것같습니다ᆢ 사진 퍼갑니다~~못보신보시라구요~~^^,10,1
269,안정인 변호사님 미모 때문에 집중을 잘 못할만도 했지만 솔직히 기대 이상이었습니다. 재미있고 감동적이게 눈 호강했습니다.,10,1
270,연기력 짱 소름돋아요,9,1
271,신혜선 씨 연기 감동적 올해의 여우주연상 감 배우들 연기에 감동받는 경험 오랫만임,10,1
272,하도 비슷한 소재 영화가 많은터라 흥행할 요소는 배종옥 배우님과 신혜선씨 연기력 밖엔.. 살아있다 먼저 보고 이거 봤는데 둘다 내 돈 주고 보기엔 결백이 훨 스토리 좋다~  0점 준 사람들 살아있다도 꼭 보길ㅋㅋㅋ,8,1
273,보다 잠듬 지루하고 재미없다,1,0
274,시간 가는 줄 모르고 넘 재밌게 봤습니다. 신혜선씨 연기 최고였습니다.,10,1
275,지루할 틈을 안 주는 긴박감 넘치는 스토리에  반전의 반전을 더하는 영화..코로나로 흥행이 아쉬울듯..  최고입니다..,9,1
276,뒤끝 찜찜하지 않고 개운하게 잘봤습니다. 주인공 변호사도 연기를 참 잘하시구 지루한 장면이 적어서 좋았어요.,10,1
277,"배우들의 연기가 너무 훌륭했고, 배종옥의 연기는 전설적인 수준이었습니다. 전개가 빠른면도 있었지만 전체적으론 재미있게 본 영화였습니다.~",10,1
278,오래된 정원 이후 13년만에 울며봤다,8,1
279,중간중간 필요없는 요소와 연기가 아쉽습니다. 무료티켓으로 보길 잘했네요,0,0
280,영화 증인과 비슷하다. 잼있었다,8,1
281,8점 생각하지만 어이없는 평점 테러에 민점을. . 개연성 있고 연기력 탄탄해서 몰입해서 봄,10,1
282,- 점수가 없는게 안타까운 영화,0,0
283,흥미진진함.,10,1
284,스토리좋고 배우들 연기력에 시간 순삭~,10,1
285,완전 좌파영화ㅡㅡ재밌긴한데 너무 정치편향이 심함 그렇게 한국당 꼭 까야겠냐  ㅡㅡ,0,0
286,전개가 빨라 좋아요,9,1
287,그냥 그럭저럭. 살아있다 보단 재밌다.,6,1
288,"영화 좋았어요. 간단한 시나리오라고 생각하고 혹시 어떨까했는데, 영화관에서 보기를 잘했다는 생각입니다. 간만에 한국영화가 잔잔한 시나리오로 긴장과 재미있게 봤습니다.",10,1
289,좀 아닌것 같아,1,0
290,이건 평점보고 보고 폭망요ㆍ드라마보다도 구성이 허술하고 재미없음.  아 진짜 돈아까왔음,6,1
291,오랜만에 본 영화. 모녀간의 내면 사랑..,7,1
292,광광우럭닥,10,1
293,영화관에서 꼭 보세요. 처음장면부터 엔딩까지 집중하고 볼 수 밖에 없습니다.,10,1
294,연기력이 너무 좋아서 몰입하면서 봤어요 ㅠㅠ,10,1
295,배우 신혜선과 배종옥의 연기가 빛나더군요. 결국 자식사랑..  더이상의 말이 필요없죠.  눈물났어요,8,1
296,배우들 연기 짱 개연성있는 시나리오,8,1
297,평좀 보고 오랜만에 영화봤는데... 조금 더 분발해야 할 듯..,5,0
298,배우들 연기력 최고,7,1
299,평타입니다,8,1
300,배종옥님 연기 ㄹㅇ 굿잡  동생분도 처음 보는데 진짜 잘하시고 신혜선님 연기는 또 반했어요 ㅠㅠ 근데  뭔가 살짝 아쉬어요 그래도 볼만해요~~,7,1
301,연기참좋네요,10,1
302,제가 좋아하는 신혜선 배우님이 나와서 너무 좋았고 배우님들께서 연기를 너무 잘하셔서 재밌게 봤어요. ,10,1
303,재밌게 관람함 배우들연기도 좋았음,8,1
304,배종옥 허준호 연기 대박 !! 중년배우들의 연기가 좋아서 더 좋음^^ 잘 봤어요~~,10,1
305,없어도 될만한 산만한 장면들도 많다. 일부러 그러는지 모르겠는데 1시간 이내의 러닝 타임이여도 지루할것 같은 이야기를 2시간으로 길게 늘어놓고 있다.,2,0
306,오랜만에 영화다운 영화를 본듯하네요~ 보면서 눈물도 막 ㅠㅠ  안보신분들한테  추천해주고싶은 영화인듯 시기가 안좋아서 안타깝네요~신혜선 연기력에 감탄♡,10,1
307,신혜선이 범인 기가 막히게 찾았다. 신혜선이 기가막히게 연기를 했다. 아주 볼만했다.,9,1
308,연기력 물오른 신혜선 내용도 소재도 좋았네요 이런 법정영화 좋아함,8,1
309,신혜선 짱,10,1
310,지방 살면 공감할 영화~~,9,1
311,의도된 배경들이  눈물을 들어가게 하네요. 그것만 아니었으면 8점정도.,5,0
312,무난한 영화 팔은 안으로 굽는다,7,1
313,굿~,10,1
314,신혜선씨너무 이쁘고 감정절제하는연기가 너무인상적였어요 ,10,1
315,볼만합니다.,8,1
316,저는 만점입니다. 배역을 맡은배우들의 혼신연기가 돋보였으며 어떤상황이든지간에 부모자식간의 끈끈한 정으로 풀어가며 정의는 반드시 이긴다라는 결말을 멋지게 보여주었다. 그리고 마지막 여운은 관객의 각자의 몫이다....,10,1
317,개인적으로 좀 아쉬운점이 많았습니다.,1,0
318,영화 재미 있게  보았습니다 참 내용이 가슴 아프네요,9,1
319,기대를 많이 하진 않았는데 그냥 볼만한 정도였어요...스토리도 머 그리 대단하진 않은거 같고..부담없이 볼 정도입니다!,6,1
320,'엄마의 결백을 증명하는 딸 이야기'라서 당하고 억울하고 힘겨운 이야기만 계속 될까봐 걱정했는데 전혀 아닙니다!! 물론 그런 부분도 있지만 절대 필요이상으로 나오지 않습니다. 그보다는 주인공이 멋지게 혹은 전략적으로 문제를 해결해나가는 것을 긴장감 있게 지켜볼 수 있는 재밌는 영화입니다.  호흡이 너무 좋습니다. 답답하게 끌거나 설명부족한 채로 넘어가는 구간 없이 깔끔하면서도 긴장의 끈을 놓을 수 없는 전개였습니다. ,10,1
321, 나름 반전도있고 인상깊게 봤어요 기대안하고 봤다가 재미있게봤네요 초반 스토리나 결말  끝맺음이  좀  아쉽긴해요,10,1
322,"평점에 속았;; 사라진시간, 살아있다, 결백순으로 바뀌어야 함 아무래도 영화관에 거는 사람들이 너무 적어 그런가 평점이 영 이상하다",6,1
323,신혜선이 예뻐서 1점줌 ㅋㅋ 할인으로 봐서 봐준다. 제값주고 2만원넘게봤으면 진심 화났을듯,1,0
324,솔직히 영화는  그냥 무난허였읍니다 이번달 개봉한  한국영화 객관적으로 밨을때 결백-침입자- 살아있다 (지금 내가 무얼하고 있는가 느낌) 순위네요 사라진 시간은 낼보고  평점 달게요,7,1
325,영화는 솔직히 평작수준입니다. 그에비해 평점이 너무 높네요. 패스해도 무방할 작품입니다. 그저 신혜선 배우님 보는 즐거움이 다했습니다....,6,1
326,평점 조작하나?  속았네 평 안남기는데 쓰게되네 ㅎ 연기만 볼만하고 촬영은 왜이래..,1,0
327,뭐 관전평은 주관적이지만 7미만 주는 사람들은 어떤 심성과 사고를 가졌는지 궁금하게 만들 정도로 웰메이드!!,10,1
328,넘 큰 기대하지 않고 그냥 보세요 반전이 있지만 어마어마한 반전은 아닙니다 그나마 현재 개봉 한국영화 중에서 젤 나음,5,0
329,안타깝네유?,8,1
330,슬픈 가족사와 인간의 탐욕을 전하는.... 배종옥의 연기는 역시,9,1
331,스토리가 살짝 아쉽ㅜㅜ 슬픈장면을 더 극대화했음 좋앟을듯 동생도 뭔가 반전이 있길 기대했는데..,6,1
332, 연기자들의 연기가 영화에 몰입하게 하네요...ㅠㅠ 감동이었어요.,10,1
333,배우들의 연기가 최고입니다. ,10,1
334,별기대 안하고 봤는데 처음부터 끝까지 긴장을 늦추지 않고 몰입감 있게 봤네요. 간만에 재밌는 영화 봤습니다. ,10,1
335,"검사측 hp노트북을, 변호사측 Apple이 이겼다..",8,1
336,좋았어요.,8,1
337,잘 만든 영화네요. 배우들의 연기도 훌륭했습니다.,9,1
338,이시국에 저걸보러 꾸역꾸역 갈 정도는 아니잖아.  예고편보면 80% 재미있다.없다 판단되는데 저걸왜 보나.  날고기는 티비드라마가 널렸는데. ,1,0
339,영화보구  돈  아깝긴  처음   신혜선씨  티비 드라마에선  몰랐는데   연기가  많이  부족했어요 발음도  새고ᆞᆢ 여주만   쫌더  신들린  연기였음    달라졌을수도   드라마  만도  못함,2,0
340,스토리가 나쁘지는 않았지만 비슷한 장르의 영화중 하나 반전이나 결말이 너무 예상됨 영화와는 달리 현실에서는 복수를 위해 진실(범행)을 숨길수는 없을 것.,7,1
341,연기도 좋고 다 괜찮았는데 과연 박수칠 수 있을지는 의문이다. 그 남자랑 같이 살기 시작할때 부터 집중력이 확 떨어짐.,7,1
342,코로나때문에 혼자서 조용히 봤는데 뭔가 어려움을 이겨내는 성공스토리가 눈물나고 감동도 주고 좋은 영화 였습니다 ,10,1
343,신혜선 우는 연기에 같이 눈물이...,10,1
344,반전도 있고 재밌었음,10,1
345,진짜 연기 스토리 연출 이3가지 모든게 완벽했다 조금 생소한 주제인줄 알았는데 그렇지 않고 반전있는 감동적인 영화였다ㅜㅜ,10,1
346,걍 존잼,10,1
347,중간중간 스토리가 부자연스러운 것도 있지만 나름 재미있게 잘 봤습니다 ,8,1
348,예상된 결론이지만 수긍이 된다.,8,1
349,반전도 있고 나쁘지 않은 영화네요,7,1
350,돌로렌스 클레이븐 ?,4,0
351,"이 난국에 개봉을 한 것부터 용기를 내신 거고, 서사의 흐름이나 배우들의 연기도 좋았습니다. ",10,1
352,ㆍ,5,0
353,너무 재밌게 봤어요 연기도 너무 좋으시구 또 보고 싶어요~  다들  점수 박하게 주시는데  ~ 고생하신 배우분들 스텝분들  재밌게 잘봤습니다^^,10,1
354,평점 0점 주고 싶은데 안되네요 절대 절대 보러가지마세요 오랜만에 딸하고 갔다가 보는 내내 욕만하다 왔네요 허접 그자체  결백이란말 왜 제목으로 내세웠는지 정말 속았네요,1,0
355,신파연출력과 전개가 아쉽고 신혜선배우는 드라마연기 배종옥배우는 평타지만 기대했던거에 비해 쏘쏘...이 영화를 재밌게 봤다니ㅜㅜ한국관객은 아직 신파를 벗어나지 못하는..ㅠㅠ,5,0
356,오랜만에 본영화였는데 정말 재밌게 봤어요 신혜선 연기도 너무 좋았고 결말도 적당한 반전과 은근 사이다결말ㅎㅎ,9,1
357,오랫만에 본 영화였는데.. 시간 가는 줄 몰랐어요.,10,1
358,4점이 적당~댓글평점보고 속아서 봤네;; 여주 변호사연기 어색하고 발음이 참... 자폐동생은 혼자 코미디찍고 역시 어색... 허준호 배종옥 연기는 역시 봐줄만하나 전체적으로 시나리오 허술하고 뻔함 반전도 없고 사이다도 없음 차라리 태항호가 반전 악역이었음 어땠을까 암튼 시나리오 3점 연기 5점 합 4점,4,0
359,생각보다 재밌었음. 중간중간 무거운 분위기 속에서 전혀 어색하지않은 개그가 나오는 것도 배우들의 연기도 진짜 좋았음. 또 보고싶음.,10,1
360,치매 환자와 자폐인의 놀라운 콜라보 !̆̈  ㅎㅎ̆̈ 배종옥과 홍경의 뛰어난 연기력 !̆̈ ,9,1
361,제목이 왜 결백인지 모르겠다;;;;;;; 배우들의 연기력이 아까운 스토리,2,0
362,신혜선의 아우라가 다른 배우들을 압도하는군요. 오랜만에 극장에서 잘 봤네요. 코로나만 아니면 제법 흥행을 했을것 같은데...,8,1
363,눈물이 났어요.  좋은  영화입니다.,10,1
364,신혜선 너무 좋음. ,8,1
365,"사라진 시간, 결백, 침입자를 통해 영화학도들은 많은 것을 배울 겁니다. 이렇게 만들면 안 된다는 것을 ... ",0,0
366,뭔 신파신파 말들하는데 어이가없네 ㅋㅋ 나름 스릴도있고 재밌고 시간가는줄 모르며 봤습니다 추천,10,1
367,긴장감 있게 잘 봤네요,9,1
368,시간이 금방 지나갔어요 지루할뜸없이  전개되고 연기자들의연기에  몰입감이 대박입니다 오랜만의 영화 잘봤어요,10,1
369,6.8~7.1점이 맞는것 같아요! 코로나때문에 쪼금 아쉬운 영화 되겠네요... 안그럼 관객수 조금 더 올릴수도 있을듯 한 영화입니다. 볼만한 영화입니다!,7,1
370,나름  감동도  있고  상영시간 처음부터 끝가지 영화 에 몰입하고 봤습니다.  연기  잘 하네요,10,1
371,절정 끝에 도달하여 마주하는 신파.,5,0
372,별기대없이 봤는데 진짜 재밌게 봄ᆞ배종옥ᆞ김무열 연기파 배우들과 신혜선의 연기가 극의 몰입감을 더해줌ᆞ,9,1
373,신혜선 연기 최고!,10,1
374,별로임.. 지루함,5,0
375,전 노잼... 여주의 연기는 잘하지만 먼가 아쉽고 아무튼 내용은 이끼 2 정도 갈수 있는  스토리 아니었나 싶은데.영화는 재미가 없다..,6,1
376,긴장감 넘치고 신혜선의 연기도 기대 이상. 극적인 반전까지 아주 잘 만든 영화입니다. 코로나 사태만 아니라면 최소 500만은 넘을 영화.,9,1
377,  .,3,0
378,오랜만에 좋은 영화 보고왔읍니다. 후회없는 영화,10,1
379,오늘 보고 왔는데.. 극장 가서 다시 볼 영화리스트에 추가..!,10,1
380,재밌었어요 자폐아 연기자 넘 대단해요!!,10,1
381,후회안할 영화,10,1
382,주조연 연기력 좋고 스토리도 탄탄해 몰입해 봤습니다.,10,1
383,기대 안 하고 봤는데.. 갠찮은 영화에요,9,1
384,코로나만 아니였으면 3백만은 들었겠는데 아쉽네요 연기자들도 빛나고 스토리도 탄탄합니다.,8,1
385,일부 주연 배우들을 제외하고....  조연급 배우들의 연기가 정말 어색했던 영화~~~~~~~ 보는 내내 불편했네요...  그래도... 재밌게 보았기 때문에... 7점 드립니다...,7,1
386,괜찮았고 볼만한 영화임 극적이고 자극적 스토리로만 이끄는 영화가 아니라 더 좋았음  ,8,1
387,기대이상,10,1
388,예상 가능한 스토리 전달력 떨어지는 주인공 대사처리..,5,0
389,영점 일점이 알바라는 생각 들 정도로 재밌게 보고왔음! 신파 왤케 싫어하지 너무 끌지 않고 적절했는데 쩝,9,1
390,역시 tv 드라마 배우의 한계가 보이네요.,3,0
391,신파 좀 작작....,1,0
392,오랫만에 너무 재미있게  봣음. 진부한 내용이라고도 볼수 있겟지만 그 진부한 내용이 우리 사회의 실질적인 단면 아니던가 .. 배부른자가 누리는 특권이 영화속에서나마 권선징악으로 끝이나니  어느면 대리만족으로서  무거운 현실에 희망을 갖을수 있어서 그런면으로 좋았다  연기력도 좋았고 법조인으로서의 양심과 인간을 두고 선택권에 놓여있는 심리적 갈등 이해할수 있었다 ,10,1
393,너무 재밌었음,10,1
394,1점도 아까운 영화 ㅋㅋ,1,0
395,재미있어요,10,1
396,영화 정말 재미있어요 신혜선 너무 멋져요 진짜 꼭 보세요 완전 좋아요,10,1
397,여주가 어떻게 해야 할지 모르겠다며 엉엉 우는데 진심이 느껴졌다. 이영화 어떻하지?,3,0
398,돈주고 보기는아깝다 여주는 연기 잘하는데 부장검사가 더 잘함 여주 엄마가 연기가 좀  별로네요 생각보다ᆢ배종옥씨? 맞죠   지루하고 한방 없이 끝남 배종옥  첫남편이  차라리 주인공비중은 차지했더라면  전부ᆢ신인들 이니 볼거리 제  거기다 시장역맡은 사람 참 안보고싶다,5,0
399,내용이 복잡하기도 하지만 돈과 권력앞에 비정한 현실과 모녀간의 천륜의 정이 가슴을 저미게도 한 푹 빠져들게하는 영화였습니다 ,9,1
400,진짜 냉정하게 넘 재미없었씀! 내가만들어도 만들수있는? 공감하시는분들이 있을듯,1,0
401,재미있었어요,8,1
402,볼만한 영화 구성도 좋음 단지 감독의 역량이 부족하다고 해야하나?  딱히 특정지을 장면이 없음,8,1
403,사회적 이슈를 정의로운 관점에서 접근,10,1
404,충분히 개연성이 있는 스토리임.  두 여주인공의 연기에 찬사를 보냅니다. ,10,1
405,"영화가 연기력만  좋으면 장땡?? 스토리, 개연성은 어디로 ~~",1,0
406,배종옥을 만날 수 있다는 것만으로.. ,9,1
407,정말 숨 쉴 틈을 안주는 영화 신혜선의 일취월장한 연기력과 배종옥님 연기 아 말해뭐해 상대적으로 허준호님의 존재감이 살짝 묻히는 정도,10,1
408,완벽...연기...스토리 전개 지루할틈이 없어...소름,10,1
409,신혜선 배우 연기 정말 잘한다는 느낌 받고 몰입했는데 배종옥씨는 배역에 녹아드는게 아니라 맡은 배역을 열심히 연기하는 느낌 별로였음 ,7,1
410,이건 꼭 봐야함,10,1
411,기대안했는데 완전 좋았어요,10,1
412,핵잼,10,1
413,재밋게 잘 보고 왔습니다 신혜선이 너무 예뻐 더 좋아짐 연기는  더 말할 것 없었음 배종옥씨 연기도 굿 !,10,1
414,몰입도  최고였고 무엇보다 배우들연기짱! 스토리도  탄탄하고 감동도있고 시간가는줄 모르고 잼있게 잘봤습니다~~^^,9,1
415,"진짜로 신혜선배우님 진짜 카리스마 개쩔어요ㅠㅠㅠㅠㅠㅠㅜ 중간중간 반말할때 진짜 미친카리스마.. 솔직히 답답한감도 있는데 그 카리스마 하나로 진짜 너무 좋았어요,,,,,,,,, 개멋있어ㅠㅠ",10,1
416,기대를 안하고 봐서 그런지 생각보다 시나리오도 탄탄하고 신혜선 연기 좋았어요~~,9,1
417,신혜선 배우 연기 좋습니다.~,10,1
418,명불허전 허준호 연기 좋고 신혜선 연기 굳.. 감성자극!! 좋은 영화입니다.,10,1
419,흥미진진하게 슬프면서 재밌게 잘봤습니다.     ^^ ,10,1
420,신혜선 연기 짱~~,10,1
421,"스로리가 약간 엉성 아쉬움,,,  싸게 봐서 그냥 패스 ",4,0
422,안봐도 잼있을것 같네요 3월달에 개봉이라 기대했었는데...코로나땜시 ㅠ.ㅠ 이제야 개봉했는데 또 코로나 ㅠ.ㅠ 코로나땜시 짜증나요 ㅠ.ㅠ 빨리 보고 싶네요~~ㅠ.ㅠ,10,1
423,저의기준 상당히 잘만영화로보며  최소 손익분기점 느끼는 영화이고 마지막부분에 눈물 두번 흘려졌습니다.,10,1
424,괜찮습니다. 시원한 여름에 볼만해요. 결말이 좀...마음이 아픕니다. 누구도 그 산택을 햇겟지만... 그래도 정의가 살아야ㅜㅜ,10,1
425,배우들의 연기력만으로도 볼만합니다 반전도 괜찮았어요,7,1
426,볼만합니다.,8,1
427,스토리도 탄탄하고 배우들 연기도 잘하고 재미도 있고,8,1
428,"신혜선 때문에 본 영화.  솔직히  어떻게 결말을 내지? 하면서 끝까지 몰입하면서 봤네요. 배종옥, 허준오 연기도 최고였음.",10,1
429,신혜선씨 다시봤어요. 배종옥 배우님은 정말 최고.,8,1
430,잘 만들어 졌어요.  연기자들의 연기가 집중하도록 몰입감최고에요  시간이 금방갔어요. 신혜선 신혜선할만한 연기력이네요.,10,1
431,배우들 연기 너무 소름돋고 좋았음,10,1
432,"끝까지 집중시키는 영화,, 엔딩이 시원섭섭 ㅋ",9,1
433,나름  스릴과 반전 재미있게 봤답니다 ~,10,1
434,국밥 두 그릇 날라감,1,0
435,역시 마무리는 한국 영화 특유의 신파,6,1
436,비추. 배우의 명연기는 각자 빛날뿐 시너지를 내지 못하고  허술한 전개는 스토리에서 관객을 밀어내고 반전은 애써 쌓은 스토리를 무의미하게 했다. 주인공의 결말은 관객을 찜찜하게함,5,0
437,억지눈물 유도로 집중하던거 다 흐트러지고 억지 반전을 위한 결말로 스토리도 흐지부지.. 연기빼고 다 별로였고 별점 이해가 안가는 영화,3,0
438,그냥 대박임,10,1
439,배종옥 연기야 당연히 잘 하실꺼라 알았지먼 역시 신혜선 대단쓰.. 잔짜 정인인듯.. 비밀의 숲에서도 진짜 초임검사같았는데,8,1
440,감성적인 법리 해석과 신파...,5,0
441,결백의 유일한 취약점은 지렛대 작용을 하는 힘이 없다.,6,1
442,그냥 그래요. 내가 좋아하는  배종옥씨  땜에  좋았고  여주는 생긴거가 좀 별로라서  보는 내내  거슬렸어요.,6,1
443,감동ㅠㅠ,9,1
444,"결말이 아쉽긴하지만., .  그럭저럭",10,1
445,주연급 배우들의 연기력이 돋보인 영화,8,1
446,6천원짜리 영화쿠폰있는지 모르고 본 영화 ㅠ 기대하고 봤는데   기대치엔 다소 못 미침! 배우들 연기는 다 좋았지만 스토리가 좀 엉성해서  중후반부부터 몰입도 떨어졌지만 . 그래도 침입자보단 나았음. ㅋ,8,1
447,믿고보는 신혜선씨라 결백을 봤는데 스토리도 좋았고 주연부터 단역까지 연기들을 너무 잘해주셔서 특히 좋았어요 모녀의 아픔에 눈물이 나더라구요 신혜선과 허준호씨의 대립씬이 기억에 남아요 멋진 안정인~,10,1
448,엘쥐폰써서 한달한번 무료로 보는거로 보고왔어요  일단 점수는 8점이상 영화고요 이정도면 잘만든영화입니다 시간가는줄 모르고 봤고 후반엔 감동도좀있네요 코로나로 앞으로 어찌될지 모르는 영화판이 잘견디고 좋은작품활동 계속 이어졌으면 좋겠습니다 1점주는분들은 안봤거나 영화를 볼줄모르거나 삶이 엉망이라 똥을 뿌리고 다니는분들이라 생각이드네요 아무리 못줘도 7점이상 저는 8.5점 드립니다 ,9,1
449,"원래 법정드라마 좋아하는데 연기,편집,스토리 모두 만족한다 간만에 재미있는영화 봤음",10,1
450,"드라마로 나왔어도 지루해서 끝까지 못볼 정도였음.   네이버평점보고 갔다가  중간까지 겨우 참다가  중간 이후에 극장에서 문열고 나옴 처음임.  내  주말시간, 돈이 너무 아까웠다.",1,0
451,스토리   땜에  물흘러 가듯이봄  .    잘만들어써요,10,1
452,"보는 내내 지루하고 짜증났다. 마지막 법정에서 모녀 신파를 어찌할꼬! 눈물 찔찔 두 모녀 신파! 유치하고 억지 감동으로 그 어미의 살인죄를 합리화 하는건가!  감동은 커녕 다 똑같은 것들 끼리 죽고 죽이고..... 복수한 지 어미 감싸기! 의무연대, 무조건 연대 - 가족!!  제주도 엽기 살인마 고유정 같은 애도 의무적 연대로  가족이 빵빵한 변호사 고용해 무죄 받아 주겠지! 죄를 짓는 건 어느 한 쪽의 가족에겐 늘 고통을 준다.  ",2,0
453,감동 간만에 잘봤어요,10,1
454,계란으로 바위치기라는 말이 있죠. 아무리 유능한 변호라고 해도 권력과 싸우기는 어렵지요. 과거 대한민국의 부패 권력과 유착관계로 국민을 기만하는 행태는 많이 있고 그들은 아직 진행형이지요. 그러나 정의를 위해 변해가는 대한민국을 응원합니다. 이 영화를 보며 느낀점 입니다. 일개 변호사가 부패권력과 사투를 벌이며 싸워 나가는 극본이 매우 흥미로웠습니다,9,1
455,"스토리, 연기력, 반전 매력까지 오랜만에 띵작임",10,1
456,오랜만에 좋은 한국영화 봤다  특히 신혜선 연기 최고다!!!,10,1
457,시간이 어떻거 간지모름. 스토리 탄탄. 연기력 짱!,10,1
458,토요일   오후 너무 잘 봤어요 신혜선님과 배종옥님의 연기 영화 줄거리 너무 좋았습니다~~,7,1
459,"특별한 액션 장면이 없었음에도,  허준호, 배종옥, 신혜선 배우의 깊이 있는 연기력과 홍경의 감초 연기 덕분에,  120분이 전혀 지루하지 않았다. 특히, 신혜선이라는 배우의 앞으로가 더 기대되는 영화였다.  안정된 스토리 진행에 비해, 구성에 있어서는 다소 아쉬움이 남는다. 정인이 태어나기 전에 살해당한, 정인의 친아버지와 엄마(배종옥)의 행복했던 시간을 구성에 추가시켰더라면, 화자(배종옥)가 흥얼거리던 노래(꽃밭에서)가 좀 더 극적 효과를 발휘하지 않았을까 싶다.   ",8,1
460,잼나게 봤습니다 같이 간 고3 아이는 눈물도 흘렸구요 저도 살짝 신혜선 배종옥 넘나 좋아하는 연기파 배우 넘 이뿌게 나옵니다 천만 갈  영화인데 코로나만 아니라면 정부에서 6천원 할인쿠폰 어플로 받아 예매하고 거의 공짜로 봤습니다 감사합니당 울딸은 어제 또 보고 왔다네요,10,1
461,재밌게봤어요 중간중간 눈물도  나고,9,1
462,배우님들 연기 너무 잘봤습니다! 역시 믿고 보는 배우님들!,10,1
463,신혜선 배우의 연기에  흠뻑 빠졌습니다. 잘 봤습니다.,9,1
464,신혜선 배우님에게 반하게 되는 영화,10,1
465,지루하고 진부하고 뻔하고 개연성 떨어지고. ,1,0
466,진짜 알바가 있긴 있구나 !!,0,0
467,죄를 벌 하는기분 좋은 결말~통쾌했어요^^,9,1
468,역시 믿고 보는 배우 신혜선,10,1
469,다음주에 또 보러 갈게요~^^,10,1
470,난 정인의 선택을 지지한다,8,1
471,모녀의 사무친 정으로 수렴하는 법 결정을 수긍하게한다. 변호사 정인역 신혜선의 열연이 돋보인다 !,8,1
472,자식이 부모 마음을 이해할 시기가 되면 그땐 이미 내가 부모가 되어있을때겠지 너처럼 부모에게 효도하자  허준호 배종옥보고 진짜 세월의 흐름이 실감남 많이 늙었다야~~~~~~  ,9,1
473,오랜만에 줄거리도 있고 생각해 볼 수 있는 의미있는 영화였어요 연기자의 연기는 말할 것도 없고.. 강추함,7,1
474,흠... 지루하진않지만...그냥 그래요..연기들도 돋보이지 않고ㅠㅜ,5,0
475,신혜선 연기천재 ㅜㅜ 영화 처음 시작해서 끝날때까지 초집중 하게 만들었음 ㄷ 영화 너무 재밌어서 또 볼생각 ㅜㅜ,10,1
476,산만하고 어색하고 신파로  폭파됐네,4,0
477,흥미있는 소재를 가지고 신파극으로 변질시킨 모방 법정드라마! 스릴도 법정드라마의 명쾌함도 사건전개의 긴장감도 빠진 한편의 TV드라마. 굳이 극장가서 볼 필요까진 없다!,2,0
478,"9.5 점 주고싶은데 1점단위로 끊어야 되네; 볼만한 영화였다, 몰입도도 괜찮았고 실화래서 좀 찾아봤지만 각색이 어떻게 됐는지는 잘 모르겠다, 단순히 표면상 일어난 일에 영화로서 덧입힌건가..",9,1
479,법정영화로는 증인 이 후로 굿!!!,9,1
480,재밌고 신혜선 허준호 배종옥 연기가 굿굿 조연들도 다 잘함,10,1
481,연기력 진짜..... 오졌고 지렸습니다 신혜선님 연기를 어떻게 그렇게 잘 하시는지ㅜㅜㅜ 보고 소름 돋았어요 안정인 그 자체!!!! 너무 좋았습니다 ,10,1
482,인간의 정적인 마음으로 충분히 공감이 간다,9,1
483,작품의 완성도에서 투박함이 느껴지지만 그 투박함이  오히려 장점이 된 것 같다.  베테랑 배우들의 연기도 다 좋았고 이정도면 충분히 괜찮은 영화라고 본다.,8,1
484,굿입니다,10,1
485,재미와 감동이 있습니다.굿 모든 배우님들 감사해요,10,1
486,영화의 만듦새는 다소 부족할 수 있으나 배우들의 호연과 영화의 진정성만큼은 의심할 여지가 없다.  충분히 볼 만한 영화.,9,1
487,저는 이영화 좋던데요 충분히 시간투자할 가치있어요,9,1
488,"끝까지 긴장을 하게 만들었던 영화 , 신혜선과 배종옥, 허준호 등 배우들의 연기는 몰입감을 더해주었다. 모성애가 약간 부담이 되기도 했으나 충분히 공감하는 이야기.",9,1
489,플롯이 설렁설렁 설렁탕,5,0
490,중반까지 나름 속도도 있고 전개가 빨라서 좋았어요   단점은 너무 선과악의 구도가 빨리 나와서 좀 아쉬웠고 마지막에 결론이 나지만... 너무 갑자기   결론을 쉽게 내버린느낌... 막 더 싸우고 법정애기가 왔다 갔다 했으면 좋았을텐데 아쉬웠어요 그점이 제일 ... 좀더 긴장감 있었으면 좋았을텐데...,8,1
491,동생이라 보고 왔어요. 신혜선배우 보고 싶어 보러 갔는데  우왕. 생각지도 못한 반전이  그리고 가슴 아픈 모정 눈물 났네요. 자페 아 동생. 연기 리얼  허준호 배종옥배우 믿고 보는 연기갑인 배우들  완전 강추 합니다,10,1
492,처음부터 끝까지 긴장하고 재밌게 봤어요~~8점 이상은 줄 수있을듯,9,1
493,어제 우리 딸이 예약해 주어서 잘 봤읍니다. 긴장감속에서 ..... 간만에 영화를 보고 코로나를 잠시나마 잊어읍니다. 모두 힘내세요.,10,1
494,잘 만든 영화. 이 정도 영화에 디테일이 없다느니 힘이 없다느니 쯔.... 좀문가들 나셨구요.  이야기 얼개를 아주 잘 맞춘 영화. 쓸데 없는 내용은 과감히 버리고 속도감 있게 잘 만들었음.,9,1
495,신혜선의 재발견 배종옥의 노파 분장 정말 감탄스러웠어요 손끝까지 다 힘든삶이 느껴져요 ,9,1
496,전체적인 느낌은 영화 마더 와 비슷한 느낌인데 전개에 힘이 없다,3,0
497,"올 만에 좋았습니다. 연기 구멍도 없고... 짬뽕이라는 분들  영화 제목 ""결백"" 에 맞춰 잘 만든 영화라고 생각합니다.",9,1
498,"재밌었다. 전문적인 부분에서는 대충 분위기만 잡고 넘어가는 여러 장면이나 버리거나 파기했어야 정상인 주요 물증들을 아무나 손댈 수 있는 곳에 두는 것, 사진 한 장에 과거의 일을 다 말해주는 인물 등은 좀 어이없었지만, 지난주 봤던 침입자에 비하면 훠~얼씬 낫다.",7,1
499,"디테일 부족,  이야기를 끌고 나가는 힘이 없음. 신혜선이 등장하지 않는 신이 없을 정도로 주변 인물을 활용하지 못 함. 후반들어서 신 배우의 대사가 감독 마음을 대변하는듯 '어떻게 해야 해...' 스릴러 휴먼 드라마 액션 온갖 장르가 짬뽕 됨. 어디선가 다 봤던 내용일 뿐. 굳이 이 영화를 볼 필요가 없음.",5,0
500,"볼만 합니다.  영화비, 시간 아깝지 않습니다.",8,1
501,재밌어요  추천 합니다,8,1
502,ㆍㆍ,6,1
503,최근 본 영화중 제일 나았어요. 막판에 부장검사가 의외로(..) 암튼 당사자는 대가를 너무 거하게 치르긴 했더군요;;; 주인공 선택이 이해됐어요.,10,1
504,비현실적인 내용 상고다니다가 서울대 간다는 비약이 쫌. 그리고 힘 있는 자는  진실을 바꿔도 되는 걸까,6,1
505,"결국 신파의 호수로 가라앉는 서사, 단순한 인물들 탓에 공감할 자리도 좁다.",5,0
506,배우들 연기력 찐! 지루하지 않은 흡인력과 구성 많은 생각을 하게 만든 영화입니다. 엔딩음악이 흘러도 그냥 그 자리에~ 보시면 후회 안 하실거예요.,10,1
507,신혜선 연기력 짱!! 시간이 어케 갔는지 모를정도!!!!,10,1
508,0점 이라던가 1점을 준 사람이 댓글알바라고 생각됩니다.  굉장히 뻔한 내용일것 같았지만 꽤 괜찮았습니다.  재밌습니다. 보러가세요!,9,1
509,간만에 아주 재미있게 봤습니다,10,1
510,구성과 반전이 다소 어설프지만 신혜선 예쁨 보느것만으로도 충분합니다 ,7,1
511,배우들의 미친 연기력으로 재밌게 봤습니다 후반에 가서든 생각은 영화 초중반에서 결말 추측이 가능할거 같다는 생각?(전 실패했지만^^) ,9,1
512,"제가6월달에 영화를 친입자, 아이즈온미 : 더무비, 결백을 봤는데 진짜 3편다 재미있었어요. 제가 신혜선이 한 드라마나 영화를 기대도안하는데  결백은 엄청 기대되더라고요. 기대 많이 했다가 재미없어서 실망하면 어쩌지했는데  다행히 진짜 재미있었어요. 영화관에서 먹는 간식도 못먹고 집중할정도로 재미있었어요. 제가 말한 3개영화 꼭보세요.진짜 후회안해요.",10,1
513,정말  잘 만든 영화...... 가슴이 아프더군요...,10,1
514,코로나로 극장가기 불안했지만 신혜선씨 첫주연영화 보기위해 마스크끼고 다녀왔습니다. 연기가 날로 발전하시네요ㅎ 솔직히 스토리는 뻔했지만 재미있었습니다. 신혜선씨 옆모습나올때는 큰영상속으로 들어가고싶었습니다.ㅋ 아름다우세요 앞으로도 좋은연기부탁합니다.,10,1
515,배우들의 연기는 전반적으로 좋았습니다만....극 초반부터 이미 결말이 보이는 시나리오의 단순함과 농약막걸리를 먹고 입원한 시장 일당 중 한명이 자신들의 범행을 신혜선에게 털어놓은 장면은 너무 어이 없었음. 너무나 쌩뚱 맞은 고백이었음. 이때부터 영화는 아예 흥미를 잃게 됨.  배우들의 연기가 아까울 정도임. 시나리오의 패. 백만 넘기기 힘들듯,6,1
516,신혜선 연기 진짜 대박이었어요. 몰입감이 좋아서 시종일관 긴장하고 봤어요. ,10,1
517,재밌게봤네요~~,10,1
518,재미없지는 않은것같은데...뭐지...,8,1
519,이제 신혜선은 믿고 보는 배우가 되었다. 극 초반부터 후반까지 지루할 틈 없고 출연하는 배우 모두 연기구멍 하나 없는 영화!,8,1
520,신혜선 연기대박~능청스런 허준호 진짜연기의신 배종옥오랫만에 잘봤다,8,1
521,내집안이 이럴때는나는 어떻케 처신할까? 생각을해주는영화 눈물이 나네요,10,1
522,최고^^묵직한  울린이  있는  영화!,10,1
523,"극 중후반까지 긴장감있는 전개가 좋다.마지막 30분 끌고왔던 긴장감이 신파에 덮여 떨어졌지만 주,조연 배우들의 연기,연출등 크게 흠잡을 곳 없이 깔끔한 한편을 완성했다.",7,1
524,돌고 도는 인생 신혜선 연기 좋다,8,1
525,"한국형 신파 영화만 아니었으면 했고, 전반적으로 그렇진 않았지만 완전히 그렇지는 않았다. 시나리오가 깔끔하고 짜임새 있다. 연출 또한 대체적으로 담백하다. 주연은 당연하고 조연과 단역까지, 연기가 감탄스럽다 (너무 감탄스러워서 헛웃음이 나올 지경). 촬영 기법 면에서 흥미롭고 창의적인 선택을 내린 샷들이 꽤 있었고, 그 점이 극의 몰입도를 높이는 데에 한 몫 했다. 어떤 음악을 어느 장면에 넣을지에 대한 부분이 많이 아쉽다. 그 부분만 아니었다면 극의 장르가 갑자기 바뀐 느낌은 들지 않았을 것 같다. 시나리오의 기본 뼈대가 좋아서 7점을 줄까 고민했지만 8점. 좋은 영화를 본 것 같아, 뿌듯하다. 영화 제작에 참여한 모든 분들께, 감사합니다. ",8,1
526,약간지루한맛도 있고 배종옥과 둘이 말할때 정신이 돌아오는 신은 신파적이다.그러나 전체적인 스토리는 괜찮은편이고 신혜선의 연기가 열정을 가지고 임해서인지 그런대로 커버가 된다.허준호 배종옥의 중량감 있는 연기와 조연들의 열연도 그런대로 괜찮다 아주 좋은 정도는 아니고 그나마 요즘 볼영화 없는데도 개봉한거 보면 기특하기도하다.엄마의 죄을 덮는 마지막 결론은 법대로 처리가 안돼 찝찝하다,7,1
527,모든배우들의 연기가 좋았어요  스토리 구성된 좋고요. 추천합니다 ,9,1
528,"침입자 4점준 사람입니다..결백은 7점정도 되네요.  시나리오면에서 침입자처럼 실망할 수준은 아닙니다ㅋ  뭉클하기도 하고, 전반적으로 볼만 합니다",7,1
529,되게 재밌어요,10,1
530,"이 영화의 극중 주인공인 대천시장 추인회 시장님(허준호), 영화 1987(장준환 감독)의 극중 주인공인 박처원(김윤석)님, 그리고, 작년인 2019년 5월 22일 - 7월 11일에 방영했던 MBC 수목드라마 '봄밤'의 극중 주인공인 남시훈(이무생)님은 뻔뻔스러운 놈들이고, 개싸이코새끼들이라오.    ",10,1
531,오랜만에 웰메이드 작품인듯요. 볼만합니다.,9,1
532,결과적을 나쁘지 않게 봤습니다. 큰기대가 없을때 만족이 되는 영화입니다.  ,7,1
533,돈 받고 댓글 쓰나? 흥행은 물 건너다. 돈 주고 자다 나옴,0,0
534,댓글 알바 적당히. 진짜 지루하다.,1,0
535,시사회로 봤는데 짜임새도 배우들 연기력도 좋고 약간 뜨뜻미지근하게 끝난듯하지만 좋았던 영화,10,1
536,첫 감독 데뷔작!! 박상현 감독님 앞으로가 기대됩니다!!!~,10,1
537,시사회에서 보고왔습니다 너무재밌습니다,10,1
538,배종옥님 믿고 보는 배우님이죠~ ^^,10,1
539,재미있게 봤어요,10,1
540,지루한.,1,0
541,기대됩니다. ^^ 신혜선 팬입니다.ㅎㅎ ,10,1
542,예고편 장난아니네 ㄷㄷ,10,1
543,와..이건 무조건 본다,9,1
544,2월달부터 기다렸던지라 기대가 컸을까요.. 아쉬움이 많습니다. 그래도 잔잔한 감동과 절제된 연기 보기 좋았습니다.,6,1
545,평점 밸런스,10,1
546,평점 밸런스,0,0
547,.,0,0
548,결백 언제 개봉 하나요 빨리보고 싶퍼요,10,1
549,혜선 연기력에 카리스마는 또다른 매력 ~^^,10,1
550,신혜선누님 넘 이쁨 그냥 믿고 볼겁니다,10,1
551,포스터 얼굴이 너무 부담스럽다 ㄷㄷ,8,1
552,사실 엄마가 다 꾸민 짓~ 시장의 악행을 고발하기 위해 최후의 수단으로 이 일을 꾸민 거~ 예고편을 보니 이런 식의 반전으로 진행될 것 같은데~~~,8,1
553,신혜선 배우님 응원합니다^^,10,1
554,신혜선 보러 영화관 갈겁니다 엄마랑~~작품 활동 많이 해주세요~~,10,1
555,진정아 영화게시판 물흐리지마라 예고편 잠깐보고 수사권과 기소권이 분리되야하는 까닭을 알게 됐다고?? 알바짓좀 작작해라!!,10,1
556,왜 수사권과 기소권이 분리되어야 하는지 알게됨,9,1
557,"몰입도, 연기, 사이다  전부 좋아요. 코로나 아니었으면 대박날 영화입니다. 신혜선 배우님 화이팅~~~",10,1
558,기대 됩니다~~,10,1
559,넘 보고 싶당  ,10,1
560,짧은 영상인데 완전 몰입했네요. 기대됩니다,10,1
561,... 안봐도 결말을 알겠는데..... ,8,1
562,혜선배우님 ㅠㅠㅠ 넘나기대돼영,10,1
563,^^,10,1
564,배종옥 신해선 연기파 배우들의 열연 기대됩니다,10,1
565,코로나 시절에 건강 걸고 본 게 이 모양이라니. 건강하자.,0,0
566,진심으로 기대되는 작품이라고 생각합니다. ⟨결백⟩은 최고의 배우 배종옥을 비롯한 연기파 배우들의 열연이 돋보이는 작품이라고 감히 말해봅니다!!,10,1
567,전 재밌게봤어요. 결말과  배우가 참 맘에 들어요,10,1
568,허준호씨 연기 빨리 보고 싶어요~,10,1
569,배우문택균,10,1
570,너무 기다려져요,10,1
571,"볼만합니다! 연기100점, 연출60점, 스토리90점",10,1
572,언능보고싶어요~~,10,1
573,빨리 보고싶어요!',10,1
574,신혜선은 역시 믿보배(믿고 보는 배우),10,1
575,빨리 보고 싶어요~,10,1
576,개봉하면 꼭 보러 간닷~!!,10,1
577,.,10,1
578,화이팅 ,10,1
579,연출도 괜찮았지만 신혜선 연기의 스펙트럼을 볼수있는 영화. 연기에 감정이 하나하나 표현되는 느낌.,8,1
580,투기에 연관되어있으면 시장직 건다. 는 대사에 오세훈이 생각남 ㅎ 전반적으로 잘 만들었다.,9,1
581,자폐연기는 박정민이 최고 결말 잘했다,7,1
582,사회의 질서와 정의를 다 개판으로 만드는 영화 같아서 기분 더럽다. 이런거 때문에 고유정 같은 사람이 무죄주장하는거다,1,0
583,신혜선👎,1,0
584,재미잏네요,9,1
585,👍,9,1
586,신혜선 대배우가  될 것이다.,10,1
587,신혜선 연기 정말 멋져요 정말 감동입니다,10,1
588,신혜선 씨 연기  최고.,10,1
589,위증에  고인능욕ㅎㅎ,6,1
590,제목부터 잘못 지은듯.. 충분히 고통 받았다고 치매라고 결백으로 덮는거는 아닌듯.. 미화시키는 것 같은 느낌도 있고 여튼 찜찜한 영화,1,0
591,신혜선은 정말 연기를 잘하네요. 한국 영화는 연기자들 발음이 녹음문제나 발성문제때문에 먹히는 경우가 많은데 신혜선은 딕션이 좋으니까 또박또박 잘 들리더라. 앞으로 신혜선 작품은 믿고 보겠음.,8,1
592,신혜선   감동,10,1
593,이영화 비추다,3,0
594,잘 봤습니다,10,1
595,"너무 복잡하게 꼬아놓은 법정드라마는 아니라서 머리쓰며 볼 필요없이  적당히 긴장감있고, 모녀의 관계가 신파도 아니라서 적당한 감동으로. 뒤끝없이 재밌게 볼수 있는 영화.  그 중심에 신혜선이 있었다.  앞으로가 더욱 기대되는 배우임.",10,1
596,슬픈 진실을 먹먹히  바라본다,8,1
597,.,5,0
598,신혜선 너무 예쁘네요♡,7,1
599,웰 메이드,10,1
600,"자폐자 연기가 좋으며,  오히려 재판정에서 검사의 말과 표정이 '나 나쁜 놈' 하는 듯 작위적임.  안타까운 마음으로 응원하게 됨.",10,1
601,우리나라 영화.,5,0
602,신혜선 미모,7,1
603,신혜선씨 다시 봤네요 대배우로 성공하기를요!!,9,1
604,아니변호사가 장례식장에서 이유도없이 뺨맞고 자폐동생은 엄청두드려맞았는데 언급도없고 잡을생각도안하나요? 왜한국영화는 이런이해가 절대안되는 씬들이많은건지? 이런씬들이 중간에있으면 아예영화보기가싫어지거든..ㅉ,4,0
605,자폐를 앓는 동생역 배우에 연기가 많이 아쉽습니다 동생역을 조금 만 더 신경 썼으면 극이 훨씬 살았을 것 같음 전체적으로 이야기를 끌고가는 신혜선 연기가 좋았음 군데 군데 어설픈 충청도 사투리가 조금 아쉬움,8,1
606,이런 영화를 기다렸다. 시나리오부터 멋지다,8,1
607,하.. 이 좋은 주제를 이렇게 밖에 활용을 못하나? 초등학생이  쓴 독후감 읽는기분,5,0
608,잼나요~^^,10,1
609,가볍게 드라마 한편??,6,1
610,왜 망했는지 알겠다. 여주 연기도 부족하고 연출 대본  전부 별로  여긴 죄다 알바? 알바들땜에 시간버림ㅡㅡ,1,0
611,진짜 객관적으로 우리나라 영화는 전반적으로 다 좋은거 같어,9,1
612,수작입니다.,10,1
613,넘 잼있고 감동적인영화 오랫만에 스토리 탄탄한영화봤어요,10,1
614,영화 스토리는 괜찮은데 여배우가 연기를 너무 못해서 몰입하기가 힘들었슴,7,1
615,재미 없다.,5,0
616,신파좀 빼라 ,6,1
617,좋은배우를 만난것 같습니다. 몰입할수있게 내용과 연기력이 탄탄합니다.,8,1
618,전체적으로 곱씹어보면 좀 허술한 영화 하지만 영화 보는 내내는 그런 생각이 별로 안들었음 가족 중에 치매 걸린 분이 계셔서 조금은 감정이입이 되면서 본 듯 그럭저럭 볼만 했던거 같음,8,1
619,간만에 법정영화 괜찮게 봤네유~순천막걸리 사건을 모티브로 한거 맞쥬? 훌륨하게 각색하셨네유~~ 막걸리나 한잔하러 가야겠슈~~,8,1
620,아니 그래서 허준호는 벌받은겨? 뭐가이리 허술하디야 ㅡㅡ   ,1,0
621,좀 뻔해도 개연성 있고 일단 연기 다들 너무 잘해,10,1
622,정말 한심한 시나리오 한심한 연출 그리고 한심한 연기,1,0
623,평점 낮은 인간들 한남일듯 ㅋㅋㅋㅋㅋ 신혜선 배우도 멋있고 재밌게 봤습니다!!!!! 흥하세요~~~,10,1
624,"코로나로 극장 관람은 끊고 살았지만, 결백이 보고 싶어 오랜만에 방문했다.  생각지도 못한 스토리에 나름 반전도 있었고, 눈물 찔끔거리며 재밌게 봤다.  모녀 입장이 충분히 이해가 됐고, 영화 제목이 왜 결백인지 알 것 같았다.  ",9,1
625,댓글 알바들이 너무 많아서ㅡ 영화에 대한 평점이  불공정하네요 본 영화 에 대해서  의견을 적엇으면 좋겠어요. 개봉관까지 가서  시간 돈 쓰는 관객을 위한 배려지요,8,1
626,믿고 보는 배우 신혜선 .   요 근래 들어 아주 볼만했던 흠잡을데 없는 수작입니다.,9,1
627,초중반 까진 나름 볼만했으나 보는 중간중간 고개를 갸우뚱하게 하는 장면이 나온다  결말까지 가니 진부한 느낌을 받았다,5,0
628,"구성이 좀 더 타이트했더라면,.... 마지막 스토리 결말의 한방이 좀 부족함",7,1
629,신혜선과 배종옥 연기 몰입감이 좋았어요~연출도 괜찮고 스토리도 흥미있었습니다,9,1
630,과도한 신파가 아쉽지만 침입자보단 흥미진진했다,7,1
631,1%  아쉬운 ~~~,8,1
632,반전의반전 그후의.. 슬픈내막..,8,1
633,잘 만들었네요 신혜선 매력적인 배우네요,10,1
634,정말 극장에 걸린영화가 없어서 볼수밖에 없다는…바닥이지만 침입자보단 위고 초미의 관심사보단 한참아래,2,0
635,ㆍ,0,0
636,몰입해서 보다 후반부터 공감하기  어려운영화  잘그려진 그림에 어 잘그렸다ᆢ 끝 그런느낌,6,1
637,침입자보다 훨씬 났네.,10,1
638,실망시키지 말길.... 기대했는데..... 우리 영화는 엔딩이 참 약한듯.,8,1
639,허준호씨 팬입니다. TV나 스크린에서 자주 봤으면 좋겠네요. 화 이 팅!,10,1
640,허준호  포스 개쩔어.....정말 명품 연기자분 나오는군요....  보고싶다,8,1
641,더럽게 진부하네. 2020년에 80년대 영화보는 기분. 배우들 연기가 모두 제각각 겉돌았다.,1,0
642,엄마가 범인인데 죽은 의붓아빠에게 뒤집어 씌운건 넘 갔다. 그 아빠가 나쁜 넘이어도 정의를 변호사가  그리 훼손하는게 말이 되냐.  반전의 포인트였는데 연출이 못따른 것도 있고.  배우들 연기는 좋았지먄 말이지.,6,1
643,"시도는 좋으나 너무 엉성한  전개,,무엇보다 자폐증 역은 정말 못봐 주겠음,,추리극의  최악,,",1,0
644,"뻔한 각본 , 뻔한 연기  그알보다도 못한 긴장감 부모동생이 그지경으로 사는데 모른척하다가  웬  정의감.. 홍경이란 배우가 누군지 몰랐지만 그의 연기만 빛났을뿐.. 더 열받는건 모녀 면회장면,  세번째살인 표절  느낌. 그거넣으려고 영화만든듯. 결백같은 소리하네",5,0
645,작년에 극장에서 보고싶었는데 코로나로 못보다가 이제서야 집에서 보게 되었네요. 정말 재밌게 잘 봤어요. 신혜선님 연기 정말 잘하네요.,10,1
646,스토리가  충분히  있을수도 있겠다 싶다.  요즘 신혜선이  뜨는구나~,8,1
647,실화라 빠져들고 연기자들 연기에  몰입감,9,1
648,신혜선 목소리 참.... 힘들다,5,0
649,"솔직히 기대한 만큼 실망도 큰 영화다... 확실한 감동도 없고,  재미도 없었다...",7,1
650,"기대 이하, 대실망입니다 배종옥, 허준호, 신혜선...연기파 배우들의 연기가 너무 아깝네요ㅜㅜ 배우들의 훌륭한 연기로도 메꿀 수 없는 엉성하기 그지없는 각본, 연출... 평점이 어떻게 이런지 의아할 따름...",1,0
651,신혜성과 배종옥의 연기가 아주 좋다.  처녀작 작품인데도 퀄리티도 높고 완성도가 높은 작품이다. 비록 클라이막스 부분에서 리드미컬한 긴박감이 부족했지만 모성애를 바탕으로 끝까지 끌고 나간다. 전형적인 스토리가 조금 아쉽지만 그래도 볼만한 작품이다,7,1
652,다소 올드한 스타일의 이야기지만 나름 짜임새도 있고 무엇보다 극을 이끌고 간 신혜선의 연기가 인상적임!,8,1
653,엇저녁까지봣던국산영화중오늘본이영화결백이내용면에서 배우들연기력 감독연출 거의완벽햇음 땅차지하기위해체석장사장강에빠트려 6명이모의하는장면그거는좋앗는데 막걸리에농약타는장면이나 사건에결정적장면이추리하는이야기로만나와서 그것이좀아쉬웟음,8,1
654,시나리오가 조금 헐렁한 구조라도 배우들의 연기가 좋으면 볼만하구나......,7,1
655,신혜선이 연기 잘하더라.~ 그런데 조폭들 한테 남매가 두들겨 맛았는데 그건 왜 아무 얘기가 없냐?,10,1
656,볼만 합니다. 추천드려요~~~,9,1
657,재미없다는 사람들  다 거짓 알바,10,1
658,허준호와  조연들의 연기가 아까운 영화!,2,0
659,"별로 공감 안가는 스토리.   비슷한 재판 영화인 침묵하고 비교해도 몰입도가 떨어짐.  범인이 누구인지 검색해서야 알수있음.  진짜 공감 안가는 엄청난 비밀들이 있어서 함부로 말 못하겠지만,   그 만큼 충격적 바밀를 너무 스피디하게 알게해주고,   모녀끼리 울어대는 신파극에선 영화를 끄고 싶을정도.  오랜만에 얼굴을 본 허준호의 연기가 돋보였음.  여주인공은 연기가 별로임.",2,0
