﻿,document,score,label
0,"감독이 화면마다 포인트를 지나치게 많이 심어둠.  후반부 애잔한 클래식 배경음악도 너무 넘치고. 계절적으로 그림엽서 풍 장면들도 과해서, 원작영화와 같은 과부족 없는 감동은 잘 오지않음.  많이 어둡고 남루한 소도구들이 넘치고... 독특한 청춘 남녀 애정물이 사회물의 경계로까지 번져가다니... 조제,호랑이는 어떻게 사랑에 빠질까 못지않게, 어떻게 사랑을 놓쳐야 하는가의 두 기둥이 중요했는데, 본 조제는 뒤쪽을 과감히 버림으로써 패착임.  사랑의 시작은 모든 영화가 가지고 있으나, 이런 사랑을 버려야 하는 남주, 혹은 버려지는 여주의 지점에서 관객이 격하게 눈물 쏟던 원작을 기억하자니 몹시 결핍된, 서글픈 느낌임.",7,1
1,눈이 부시게 남주혁 연기가 너무 인상적이어서 남주혁의 조제 남자주인공 연기도 정말 기대가 많이 됩니다. 그리고 눈이부시게에서 남주혁 한지민 케미가 좋았기에 더더욱 빨리 보고싶어요!,10,1
2,"명작하나가 또 이렇게 맛가겠네.. 일본 감성을 그대로 가져오면 그냥 망한다, 여태 일본 좋은 작품들 한국에서 리메이크해서 제대로 되는 꼴을 못봤다",5,0
3,올해 본 영화중 가장 재미없는영화 입니다,2,0
4,영화를 아주 조제버렸네,4,0
5,댓글들..너무 티남...ㅋ,6,1
6,눈이부시게 보고 한지민 남주혁 주연 영화 기다리고 있습니다~ 너무 기대되네요~,10,1
7,한지민이 조제로 나온다고 해서 10점 만점에 10점! 믿고 보는 한지민,10,1
8,"별점 알바 풀어놨는가 싶네요.  원작 영화 보신 분들이라면 이번 한국판 리메이크가  얼마나 겉멋만 들어 때깔만 좋게 만든 개살구 같은 영화임을 아실 겁니다.  원작에서 조제와 남주인공 그리고 남주인공의 원래 여친은 완전히 공감할 수 있는 인물들,  그들의 아픔과 기쁨, 분노, 상실감이  전부 영화를 통해 느껴지고 공감할 수 있었습니다.  반면 이번 한국판은 배우들이  '우리 이렇게 슬퍼요~' ;우리 이렇게 아름답지만 애잔해요~' 라고 떠들기는 떠드는데, 공감이나 감정 이입이 안됩니다.  그냥 얘네 왜 이러나 싶네요.   왜 궂이 완벽한 작품을 리메이크 해서 스스로 먹칠을 하는지 이해가 안됩니다.",1,0
9,원작 망치지마라  제발  손예진 소지섭도 말아먹었는데 무슨깡으로 만들었냐?? 자비로제작했나?,2,0
10,와...다음 영화 아주 망했네. 시스템 개편으로 알바판을 화려하게 짜놨어.,1,0
11,댓글알바....노답 진심지루하고 감정선 이해할수없음...,1,0
12,귀만 자르면 고흐라고 생각한 감독이  자신도 아닌 남의 귀를 자른 영화...아..아니지...관객의 기대를 죽이고..배우도 죽이고..지은도 뜬금없이 또 죽이고,1,0
13,원작을 보지 않았다면 6점이라도 줬을걸.... 원작의 다양한 에피소드를 너무 축소해서 지루하고 지나치게 어둡게 만들어 실망. 원작에서 깊은 감동을 받았던 내 추억 돌리도~~,5,0
14,최고의 여배우 한지민!!조제도 대박 응원해♥,10,1
15,남주혁 기대 많이 하고 있습니다. 언제 개봉 하나요!,10,1
16,기대됩니다~~,10,1
17,기대중입니다 빨리 보고싶어요,10,1
18,초반에 긴장감이 좋았는데 점점 지루해지더군요.,6,1
19,너무너무 지루.우울. 내돈 13000 아까비,1,0
20,지루하고 지리하고 지루하다. 이상한 인과관계는 덤.,3,0
21,아~ 이걸 영화라고 ... 해도 너무하네 세상이 어려워도 우리 이러지는 맙시다.,1,0
22,엄청 기다리고있어요 남주혁 화이팅,10,1
23,"돈 주고 보긴 아깝네요. 감독이 뭘 말 하려는 건지도 모르겠고, 남주는 가식적인 인물,악어의 눈물. 멜로적인 부분은 거의 없음.",4,0
24,"바닥 수준 영화입니다. 무얼 말하고 싶은건지,,,?",2,0
25,굳이 일본 영화를 리메이크 해야했나.,1,0
26,조제 호랑이 그리고 물고기를 따라갈수 있을까.....,2,0
27,통통 튀는 원작을 졸리는 영화로... ㅠㅠ,3,0
28,도대체 끝은 이게 뭔가요?? 남주의 감정선도 대체 이해하기 힘들고.. 쓰잘데 없이 여교수 관련 내용은 뭔지..,4,0
29,"원작을 안봤다면 모르지만 많이 부족한 느낌. 명작을 리메이크 했을때의 리스크가 고스란히 보여진 작품. 사랑따윈 필요없어, 지금 만나러 갑니다 와 다를게없음.",3,0
30,지루함의 극치네 이것두 영화라구 찍엇냐? 평점을 남기는건 첨이다. 오죽하면...,1,0
31,12월 10일  넘나 기다려집니다,10,1
32,아니 굳이 왜 완벽한 영화를..? 일본의 과거의 악행들은 정말 용서할수없는 추악하고 악랄한짓이지만 영화만큼은 잘만든다. 일본영화의 특유의 느낌과 정서. 웰메이드 영화를 왜건드림..? 보나마나 뻔하다. 안봐도. 원작의 반도 못따라감.,1,0
33,내용이 무얼 말하고 싶은 건지 이해 못하겠고 보는 내내 너무너무 지루 했음. 올해 본 영화 중 당연 최악.,1,0
34,지루하고 지루해요 막 슬프지도 않고 그저그래요,4,0
35,일본영화를 이미 예전에 봤기 때문에 비교가 될수밖에 없는데....  일본영화는 좀더 솔직하게 감정을 드러냈다면 한국영화는 왠지 좀 있어보이려는 분위기로 간것 같다.  리메이크는 쉽지 않다 역시. 잘해야 본전인 경우가 태반.,4,0
36,이건 조제 리메이크가 아니다. 강약 조절 없이 너무 가라앉은체 끝까지 간다.  도대체 무얼 이야기하고 싶은건가...  원작 단편을 읽는걸  몇백배 추천한다.,5,0
37,"원작을 보고 봤으면 이거보고 다시보게 만드는 영화 , 원작을 안보고 이걸보면 원작은 어떨까 하면서 보는 영화 , 원작 홍보영화, 영화를 볼뗴 영화감독 보고 봐야겠음 , 나랑 안맞음, 영원히 안맞을꺼같음,  내가 무슨 캔디도 아니고 참고참고 또 참고 봐야했는지 시간이 아까움 이거 그냥 보지말고 원작보셈, 한 백만배는 더 잼있고 감동있음 난 지금도 내가 좋아하는 영화를 이따구로 만든것에 화가남!! 자신없음 만들지를 말던가,",1,0
38,엄청 기대했는데 실망이예요. 한지민씨 정말 열심히 잘하셨는데 원작을 다 담아내지 못하더라구요. 영화가 너무 어둡고 지루하고..안타깝습니다.. 남주혁씨도  잘하긴 했는데 뭔가 아쉬운.. 너무 축축 늘어져서  보는내내  ..ㅠ,2,0
39,극장에서 영화보고 뭔가 개운치 않다 생각했어요. 방금 넷플릭스에 2003년 조제 호랑이와 물고기 봤더니 이제 그 모든게 확실해지네요.. 일본은 극혐인데 영화는 20년이상 뒤처진 느낌..,1,0
40,넘 별로‥ ㅠ 영화가 일본영화보다 칙칙하고 노잼이에요,3,0
41,갈피를 못잡네요.,3,0
42,지루하고  어둡고  너무  늘어진다  보다가  빨리감기가 절로된다    꼭 이렇게  재미없게  만들어야했는지,3,0
43,조합 너무 기대된다 😍,10,1
44,"무슨 말도 안 되는 소리를 하느냐던 나는 너를 뒤로하고 떠나왔어. 꽃잎이 그러하고 낙엽이 그러했듯이 예쁘게 조용히 죽어간 우리의 과거, 사랑 그리고 이제 남은 건 미안함의 눈물뿐이네. (조제보다 영석의 영화가 된 점이 아쉽다. 그래도 한지민은 옳다!)",5,0
45,최악의 영화,1,0
46,진짜  어떻게 원작10퍼도  못살리냐 남주가 왜 여주에 떠나야하는 감정1도 못살리고 한지민때문에 걍끝까지 봤지만 최악이네ㅡㅡ,1,0
47,이 영화는 리메이크하지 말았어야 했다,2,0
48,원작을 보자 뭔가 있어보이는 암것도 없는 쓰레기영화,1,0
49,알바...,1,0
50,"이누도 잇신의 원작은 인생 영화인데, 리메이크판은 이정도면 원작 파괴 수준. 감독에게 도대체 뭔 생각을 하며 이따위로 각색한건지 묻고 싶다.",1,0
51,갈길을 잃어버리다.,2,0
52,조제 원작을 보고 10점을 준다고?????,1,0
53,죄송합니다. 예술이고 뭐고 50년살면서  이런 지루한 영화 처음봅니다,2,0
54,"진심 보지마세요. 영화 스토리도 없고, 원작⟨조제 물고기 호랑이⟩의 의미또한 무색해진. 어떠한 의미를 찾을 수 없는 영화임. 극본이 문제인지 감독이 문제인지 모르겠지만, 전달되는게 하나도 없습니다. 단순 장애인과 비장애인의 사랑의 어려움에 대해서만 나오고  내평생 이렇게 지루한 영화는 처음 봐요. 영상미도 없고, 스토리도 없고,  그렇다고 감동을 찾기에는 특출난 사건도 없이 잔잔히 흘러가느라... 찾는사람은 감정능력이 진짜 높으신거임. 하나부터 열까지 인물들 행동의 개연성도 없고  그나마 캐릭터성으로 끌고 가는 영화인데 남주혁은 특징없는 캐릭터고 한지민이 캐릭터로 밀고나가야되는데 너무지루하고....  주절주절 많았지만 진짜보지마세요..",1,0
55,클로즈업된 한지민도  일본영화 특유의 지루함을 상대하기 버거웠다. 잦은 풍경씬 또한 영화와 잘 녹아나지 않음.,5,0
56,"BGM이 없는 컷이 없다. 강요된 감정에 잠겨 질식할것만 같다.  한 화면이 담을 수 있는 무게를 넘어서서 상다리가 부러지기 직전이다. 이렇게 까지 탐욕스럽고 천박한 미장센을 한국영화에서 본것도 오랫만인것 같다.  감정선의 절제도 없어서 매 순간이 클라이막스라 결국 남는건 굳은살 뿐이다.  원작과 비교하지 않고, 오리지널 멜로영화로 접근하면 더 비참해진다. 인물들의 행동이유와 감정이 원작을 봐야만 이해가 되기 때문이다.  안되면 하지말고, 하고선 욕먹지 말자.",2,0
57,지루했어요..,2,0
58,악당이 없어도 감동은 있다. 그러나 전작이 주었던 감동이 없다. 그냥 늘어지면 어쩌자는 건가.,6,1
59,아주 원작을 조제버림....,1,0
60,남주땜에 결제했는데 짜증지대루네 ㅡㅡ 배우들 아까워,1,0
61,내가 봤던 조제 호랑이가 이런거였나? 싶어 넷플에서 다시 봤네요. 깨끗하게 잘 살잖아! 밥도 깔끔하고.. 왜 쓰레기집에  토나올 것 같은 밥을 내놓냐고.. 남주가 빠질 이유가 없음. 감정 이입이 안됨.,4,0
62,감독이 원작을 안보았다는게 안타깝다. 따스한 힐링 영화가 우울한 불륜 영화가 되었다 조제의 넘치는 에너지가 슬픔으로 가득찬 고독으로 바뀌니까  참 원작이 하나도 안보인다. 한지민은 왜 이런 영화에 나왔을까,2,0
63,알바들 말에 속지마라. 한국영화들 코로나라고 어려운 건 알겠지만. 알바들 잔뜩 풀어갖고 평점올려서 영화보게 하고 막상 영화보면 돈만 아깝다는 생각만 든다. 낚시질에 알바풀 돈과 시간으로 영화나 잘 좀 만들라.,1,0
64,‘눈이부시게’에서도 이 커플 너무 슬펐는데 ‘조제’에서는 또 얼마나 가슴아플까ㅜㅜ 그래도 두 배우 케미 좋으니 기대하고 있을게요,10,1
65,방금 보고왔어요.... 재미가 없어요...감동도 없구요... 정말 지루해요....,4,0
66,영화를 보고 평점 올려라  깜짝 놀랐네,2,0
67,영화도 보지도 않고 무슨 평점인지 댓글 알바도 아니구,1,0
68,지난주 보고왔는데 어디선가 조제가 행복하게 살고 있기를 바랍니다. 가슴을 먹먹하게 하는 영화였어요~ 연말에 잘 어울리는 영화,10,1
69,남주혁 한지민 파이팅 ◜◡◝,10,1
70,후회 됩니다. 다른 염화 보세요. 잠 자다가  졸다가  시간내서 옴,2,0
71,평점은 보고나서 줄수 있도록 했으면 좋겠다 원작이랑 비교하지 않고 봤는데 처음에는 자연스럽게 내용 잘 바꿨네 라고 생각했는데 조제가 운전하는거 빼고 신호 기다릴때 옆에 조제차가 왜오냐고 ㅋㅋㅋㅋ 원작에서는 주인공들 감정전달 잘되서 울뻔했는데 이건 분노했다,3,0
72,"그 어디에도 없는 조제, 호랑이 그리고 물고기들. 영상미는 그나마 괜찮았지만 리메이크라고 하기엔 서운하고 섭섭하고 애매하다.",6,1
73,원작을 넘지못해서 ㅜㅜ,1,0
74,겨울..,7,1
75,남주혁을 이래 쓰나 최악이다,1,0
76,.,1,0
77,연기는  좋은데 재미는 없어요,4,0
78,남주가 너무 시니컬. 왜 그런 필요없는 설정을 여교수관계 같은.,6,1
79,그감성 느낌을 살리는건  넘는건 더욱더 불가능했다 일본영화중 좋아하는 영화 5개중 하나인 작품을 망쳤다 리메이크는 넘어설 자신이 있으면 찍어라 욕만 먹는다,3,0
80,희대의 판타지. 아무리 한지민이라지만 30대 중반 장애인 아줌마한테 전혀 연애감정을 못느끼겠고 남주는 여교수와 불륜관계에 어여쁜 여후배도 짝사랑하는 천하의 인기남이 어떻게 이런 설정을 지닐수 있는지가 의문이다. 조제가 아무리 추레해도 빛이나는 20대에 윤아같은 얼굴을 가졌다면 이해가 되겠고 아니면 남우가 모쏠 추남이라면 이해가 됐을지도 모른다.,4,0
81,"대체 뭔  영환지., 헐",1,0
82,저는 요리를 잘 못해요 요리하면 무맛 아무 맛이 안 나죠 이 영화 조제 원작이 훨 더 낫습니다. 그냥 무잼 재미있는건지 없는건지 모르겠어요 그래서 5점 줍니다. 재미있지도 없지도 않은 무잼. 1시간 5분 보다 말았어요 다본 것도 다 안 본것도 아닌거죠.,5,0
83,원작 못따라감 원작의 귀엽고앳된여주와 남주 를 노티나는 한지민 연기못하는 남주혁 땜에  몰입 안됨   다리미에 스팸은 또 모냐   원작의 계란말이 고등어구이 된장국은 얼마나 맛있게 보엿는데 그리고 이시기에 일본영화 리메이크는  왜 굳이,4,0
84,배우가 잘못된게 아니라 이저합늘 어떻게 이렇게 쓰는지 내내 칙칙허기만했다 달달한것도 넣어주지 진짜 실망,6,1
85,한지민 참 좋아하는 배우인데... 영화는 그닥... 너무 무겁고.. 어둡고.. 무엇을 말하려는건지 모르것다...,4,0
86,저도같은느낌..연기자들연기는좋은데 조제라는 원작을생각하고보면 모든게 다 놓친 노이해쓰;;;; 아~,7,1
87,영화소개 프로그램에서 보고 재밌어보여서 검색하러옴ㅋ 얼릉 보고싶당,10,1
88,다시 만난 두 배우의 호흡이 기대됩니다. 나이를 거스르는 한지민배우의 아름다움과 연기. 남주혁배우의 멋짐 . 꼭 영화로 만나겠습니다.,10,1
89,한지민때문에 봤다..한지민때문에 그나마 6개줌...,6,1
90,너무 잔잔하지 않나  그리고 좀더 두사람의 모습을 더 많이 담아낼수 없었을까 하고 생각했어요...그런데.. 보고난후..계속 생각나요.. 조제와 영석이 두 사람이 계속 생각나고.. 맘이 이상하게 계속 아련하네요... 영화를 보고 자려고 누웠을때 한번 더 보고싶다라는 생각이 들었어요....... 그냥 조제와 영석이가  보고싶어서..,10,1
91,왜 리메이크 했냐? 어쩔 수 없이 일본영화  원작이 생각났고 조제는 우리 정서와도 안맞고 지루했다. 일본 원작을 다시 보고 싶다.,5,0
92,조제..호랑이..물고기 일본작품을 너무 좋아해서...어떤식으로 나올까 궁금하기는 한데...지금까지 일본 리메이크중 잘된것도 없고 해서 그렇게 기대는 못하겠네요..예고편 봐도...,5,0
93,너무 재미없어서 보다가 나왔어요. 뒤에선 코고는 소리 들리더라구요.,1,0
94,원작의 인상이 너무 강해서  자꾸 각 장면마다 원작과 비교하게 되는 머릿속 방해를 받는다.,4,0
95,"⟨조제⟩라는 제목의 “영석”의 이야기 일본 원작을 안봤던게 신의 한 수.  한지민에게는 0, 남주혁에게는 +",7,1
96,남주혁 짱조아...요즘 열일하네,10,1
97,"오래전에 일본영화 '조제, 호랑이 그리고 물고기'를 보고 정말 깊은 여운이 남았었던 영화였었는데... 제목이 조제이길래 설마 그 영화의 조제는 아니겠지? 헸는데 진짜였다니~!! ㅎㅎ 한국영화의 조제도 정말 기대가 되네요~~  남주인공 남주혁 왠지 잘 어울리는거 같아요~^^  아~ 다른건 몰라도 이 영화는 꼭 봐야겠네요~^^",9,1
98,평점이 낮은데도 불구하고 보고싶었다..... 왜? 애뜻함과 그리움이 예고편에 묻어 있었다..... 애틋함과 그리움을 찾으려 보는 내내 두 눈에 힘을 주었다..... 그런데 두 눈은 점점 감긴다.....,6,1
99,주연배우들만 믿고 찍은  영화....내용이 어술합니다. 그나마 배우들 때문에ㅠ끝까지ㅠ봅니다. 제작자 다시 보세요ㅡ돈주고 안좁니다..이거  정말이지ㅠ본인들 다시보면 개지루함,7,1
100,몇 년전 원작을 봤을 때 한 동안 감정정리 하는 시간이 너무 오래걸려 힘들었던 영화 그만큼 그 당시에 묘한 트라우마를 안겨줘서 다시는 보고싶지 않다는 생각을 했던 영화 입니다. 일본 원작에서는 처음부터 끝까지 아주 차가운 분위기로 연출됐으며 여주인공의 시점에서 바라보는 사랑이라는 의미와 남주의 시점에서 사랑의 갭이 너무 크고 헤어지게 되는 이유가 여태 보여줬던 알쏭달쏭 로맨틱한 모든 분위기를 한 방에 무너트려 결국은 사랑이란 현실임을 크게 자각하게 만들어준...그 전에도 로맨스 멜로 별로 좋아하진 않았지만 그나마 알량한 러브환타지의 마지막까지 처절히 부숴버려 준 그 이후로 로맨스는 쳐다도 안보는 한 사람으로 리메이크 소식과 티져를 보니 따뜻한 신파로 재해석 한듯 하네요.,6,1
101,원래 리메이크 하지 말아야 할 작품을 한 만큼 아쉬움이 남는 작품. 그나마 배우들의 케미가 좋은 편이라 봐줄 만함. 영상미는 참 잘 나온 편.,8,1
102,보신 분들이 평점 주시면 안돼요? 잼미있나요??,3,0
103,겨울감성 물씬! 한지민 남주혁이라니 벌써 기대됨,10,1
104,오래 기다렸어요! 두 배우의 연기 정말 좋아합니다 얼른 보고싶어여,10,1
105,믿고보는 남자주인공 남주혁의 조제를 응원합니다. 12월 10일 개봉이라는데  빨리 보고싶네요. 한지민씨와 케미는 눈이부시게를 본 저로서는 믿어 의심치 않습니다.,10,1
106,"너무너무 기대됩니다. 한지민씨, 남주혁씨 아름다운 영상이 넘기대되네요! 조제,화이팅!♡",7,1
107,"영화 개봉도 전에 우르르 몰려와서 10점 테러해 놓고   추천수 왕창 올려놓는, 이놈의 알바 종자들, 아... 진심 짜증난다.  평점조절.",1,0
108,좀 아쉽다 남주혁 한지민의 매력이 살지  못했다,6,1
109,"나쁘진 않지만, 아쉬운 면도 많네요....",6,1
110,원작에 대해 잘 모르지만 좋지도 나쁘지도 않았다,5,0
111,1점도 아깝다..,1,0
112,지루함~,1,0
113,.,1,0
114,핵노잼,1,0
115,"웅얼웅얼,",1,0
116,주인공들땜에 봤다,6,1
117,기대됩니다,1,0
118,한지민의 조제 연기 기대됩니다!!,10,1
119,그냥그래요 정말,1,0
120,개봉날만 기다립니다~~ 김종관 감독님. 한지민님. 남주혁님 화이팅!! 응원합니다 조제 대박나길~~,10,1
121,눈이부시게‥ 이제  시리고  짧은 사랑은 끝! 영원하고   사랑을 했으면,10,1
122,"배우들의 연기는 좋았고 보고난 후 여운이 많이 남은 영화이에요~  ""꽃들이 죽는다. 조용하게 예쁘게 죽는다""",10,1
123,남주혁 배우가 영석이로 보이기 시작했어요. 여운이 기네요. 남주혁 배우의 인생 캐릭터로 등극한 것 같아요.,10,1
124,잔잔하게 재미있게 잘 보았습니다.,10,1
125,"영상미와 음악, 배우들의 연기합, 군더더기 없는 스토리까지 모두 맘에 들었던 영화. 다시 보고 싶다.",10,1
126,헤어지지못하는 조제 영석 겨울에생각나게 할 두 주인공 가슴을 적셔줄 단하나의 영화,10,1
127,얇은 고시원 판자때문에 섹스도 못하는 가난한 청춘을 그리는 사회적 의미는 좋았고. 도로바닥에 고인 물에 비친 높은 곳에 올라간 대관람차의 그림자를 밟는 장면에서는 조용한 박수를 보냈다. 하지만 딱 그장면까지. 이후로는 임신테스트기가 비쳐준 출산으로 인한 갈등으로 헤어지는 스토리로 풀어나가야하는 데도 전혀 맥락을 잃어버렸다. 한지민과 배우들은 연기를 잘했지만 감독이  욕심많게 풀어낸 실타래를 제대로 꿰지를 못했다,8,1
128,보다가 지루해서 잤음,2,0
129,보고나서 몇 일 계속생각난다~~ 영석도 조제의 마음도 공감가서 맘이 약간 아리는 느낌이 든다 오랜만에 영화 잘봤다~~  기분좋아!!,8,1
130,조제 보고 싶은데 극장엘  못 가겠네요 ㅠ.ㅠ,10,1
131,하 빨리 내가 이거는 진짜 극장가서본다 ㅜ,10,1
132,그닥,1,0
133,지루하고 차갑기만함,1,0
134,한국적으로 리메이크 된 작품자체는 좋다 감독의 의도도 알겠고  원작과 다른 생략들도 자연스러웠다 배경과 구도  분위기에 신경쓰느라 정작 주인공을 더 오래 깊이 바라보지 않았다 포인트가 주인공이 아닌 배경이  되게 만들더라 아름다움에 집착하다 진짜 아프고 아름다웠던 사랑을 조금은 지나친 것이 아쉽다  조제에게 더 시간을 할애했었으면 그녀의 진짜 심연의 깊이를 말이다 주옥같던 원작의 대사들 대신 굳이 화면전환으로 모든 걸 말하려했던 건 어수선함마저 들었다 먼갈 기대하지말고 본다면 아름답지만 기대했다면 아쉬운 영화가 될 듯,7,1
135,쓸쓸한 영화관을 내 몸의 체온으로 덥히며  장갑을  끼고 입낌에  시야가   가릴까  숨 죽여가며 봤지만 속았다는 생각을 지울 수 없다,7,1
136,와꾸좋네   원작은 안봤는데   영상미 좋네요   이런분위기로  다음번엔  창작품 기대합니다 아름다움만으로  끝까지가기는  역시  힘드네요 중후반부부터 좀 지루해짐,3,0
137,원작의 느낌이 참 좋았는데 어찌 표현했을지 궁긍하기는 하네,6,1
138,"한국판 조제 , 호랑이 그리고 물고기들",10,1
139,미안하다.  멀리 있어 언젠간 보겠지.,10,1
140,남주혁 씨 기대됩니다. 늘 응원합니다 ~ ^^ 조제 파이팅!!,10,1
141,조제 원작도 재밌게 봤는데 남주혁과 한지민이라니 너무 기대됩니당~~~,10,1
142,벌써 블루레이/디비디 소장하고 싶다...,10,1
143,인생 영화 조제 호랑이 물고기들  얼마나 울었는지  원작을 뛰어넘는 명작이 되길,10,1
144,나만 당할수 없다!!!!!!,9,1
145,"한지민과 남주혁의 연기가 정말 인상적이었다. 근데 너무 잔잔해서 지루할 수 밖에 없음. 런닝타임이 거의 2시간인데, 배우들의 감정선에만 의존하기에는 솔직히 지루했음. 처음에는 그래도 한지민의 조용하면서도 거침없는 말투의 매력, 그리고 남주혁의 좀 어벙벙한 말투와 분위기때문에 집중하다가 계속 이게 이어지다보니...",7,1
146,영상미 좋았어요.. 배우 얼굴도 열일했음. 내용은 모르겠어요  원작을 안봐서 그런가,3,0
147,일본거 리메이크 인가요,8,1
148,예고편만 봤지만 원작에비해 분위기가 어둡네요  일부로 그렇게 했나 .....조제랑 남자주인공 성격도 많이 다른거 같음,4,0
149,재미도 없고 연기도 그저 그렇고 킬링타임도 아꿉넹..,1,0
150,"처음부터 머리속에 멤돌던건 남자가 왜 장애있는 여자를 계속 찾아간걸까? 결국 바람둥이로서의 행보에 지나지 않아보인다. 예상대로 장애여성과 헤어지고 다른 여자와 결혼하는 뻔한 결말에 눈물을 흘리는 행태는 가증스럽게 보인다, 바람둥이의 당연한 연기임에도 감독은 사랑으로 치장한다.  결국 남주는 장애갖은 여주를 희롱한 것밖에 안된다.",6,1
151,보면서 대충 빨리 끝나면 좋겠다 생각하며 겨우 다 봤네;;,1,0
152,"남자 주인공이 어떻게 생겼었는지 도저히 떠오르지 않아서 누구였는지 확인해 보려고 들어왔네요. 헤어짐의 과정이 생략되어서 감정 이입이 잘 안 되는데도 가슴을 먹먹하게 하는 건 다른 무엇보다 한지민의 미모와 연기력이 아닐지... 가난 속에서도 맛있게 만드는 조리가 엿보여야 할 텐데도, 보기만 해도 비위 상하는 다리미에 굽는 스팸 따위의 설정은 영 아니었음.",6,1
153,대박 츠마부키사토시 역을 남주혁이 ㅠㅠㅠㅠㅠㅠ,10,1
154,꼭보세요!! 진짜 어려운시기에 꼭챙겨서 봐야할 영화입니다. 추천드립니다.,10,1
155,"우리가 알고있던 조제와는 다른. 하지만, 2020년 조제라는 아이는 이렇겠구나....  하고 생각하게 만드는. 너무도 아름답고, 아련한 옛 사진 같은 영화임.",10,1
156,"아이들은 다른 상영관에 데려다주고, 왠지 이계절에 맞을것 같아 혼자서 보고 온 영화. 잔잔히 전개되는, 조제의 외로운 마음이 와닿고 엔딩에 나오는 음악의 여운이 길게 남는다.",9,1
157,"처음에 들려주는 한지민과 남주혁의 내래이션만으로 배우들 최고네요. 감정선이 좋았어요. 목소리만 들으면서 집안 구석구석을 보여주는 장면이 기억에남네요.  그리고 ""오지마""...""가지마""라고 말하던 장면.. 조제의 세계에서 영석이 들어오는.. 사랑이 오는감정의변화들이 섬세하게 그려진영화네요.",10,1
158,한지민 남주혁 두배우와 김종관감독님의 고민이 느껴지네요 좋은 작품 감사합니다,10,1
159,사랑스럽고 너무나 아름다운 여배우 갓지민🍂🙆‍♀️🍁의 조제🦽📽🎬역의 장애인 연기 정말 기대됩니다 12월이 빨리 왔으면 좋겠네요..!^💜^🤗👍😍💕💘💘💘💕,10,1
160,영석이와 조제와 청춘의 현실이 이해되서 너무나 슬프고 여운이 계속 남는 영화.. 진짜 조미료 없어도 맛을 내는 영화가 맞네. 근데 평점에 중간에 나왔다는둥 코고는 소리들렸다는둥 하는건 대체 뭐임? 조제가 무슨 영화인줄 안거임?  평을 쓰되 누군가 고민하고 고생해서 만든 작품에 최소한의 예의는 지켰음 함.  내가 볼땐 거짓말안하고 할머니 한분이 오셨길래 시간때우러 왔나? 했는데 엔딩에 아이유 노래가 나올때까지 끝까지 계셔서 덕분에 나도 더 앉아 있을수있어서 좋았고 할머니를 가볍게 본 나를 반성했다 얼마나 멋있으시던지. 밑에분 말씀대로 이런 사랑애기에 별점들을 쓰레기로 많아서 나도 10점 투척하고 간다.,10,1
161,눈이 부시게 속의  두사람 너무 아름다웠어요 보러가고 싶어요,9,1
162,눈이 부시기의 두 사람의 연기는 좋았지만 조제역으로는 한지민 좀 나이가 많지 않나  남주혁하고의 나이차도 그렇고,7,1
163,별로 기대안하고 봣는데도 볼만햇음 남주혁의 눈물연기는 일품인거 같음,8,1
164,"[눈이부시게]에서 남주혁 배우를 다시보게되어 차기작 이 기대됐어요.  거기다 다양한 장르를 넘나드는 한지민 배우까지,, 한국판 조제는 어찌 풀어냈을지 궁금합니다. 11일 예매 완료입니다. 두 배우님들 항상 응원합니다.",10,1
165,"그 넓은 영화관에 남편과 둘만 있엇지만 그래서 더욱 기억에 남았고, 영화에 깊이 빠져들 수 있었던 것 같습니다. 별 기대 안하고 보러갔는데 조제의 원작영화보다 훨씬 더 많은 감동과 여운이 남네요. 배경과 음악도 멋있었지만 한지민씨의 세심한 표정연기와 큰 눈망울에서 나오는 감정은 최고였습니다. 남주혁씨의 무심한 듯 섬세한 연기와 캐릭터는 정말 멋졌습니다. 그때의 제감정이 그랬는지는 모르지만 제가 영화 본 것들 중에서 인생작 중 하나로 올릴 겁니다",10,1
166,감성적인 영화..영화가 20분정도 길어도 됬을 영화... 둘의 추억이 좀더 많았으면 했다...난 볼만 했다,9,1
167,개인적으론 원작보다 더 좋았다. 스며들기에 완벽!,10,1
168,"자동차극장에서 봐서 화잘이 아쉬웠지만 섬세한 감정연기가 먹먹하면서 재미있기도 하고 너무 좋았습니다. 20대때 연애시절 생각도 나고...정말 늦가을, 겨울돠면 생각 날 그런 영화예요. 오랜만에 가슴깊이 남는 멜로영화 따뜻하게 잘 봤습니다 😌",10,1
169,대박 감동!!!,10,1
170,기대를 하고보았는데   이야기가 좋습니다 봄날은 간다에서 느낀 사랑은 변하는것과는 또 느낌이 달라요 좀 답답한부분과 친절하지않는  부분이 있지만 여운을 남기고 좋아요 남주혁 아쿠아리움앞 오열이 가장 인상깊었어요,10,1
171,"영석은 마음이 따뜻한 사람입니다. 작은 세계에 갇혀있던 조제를 세상밖으로 나가 독립할수 있도록 이끌었습니다. 헤어짐을 슬퍼만 할수 없겠지요. 누구든 결국은 이별하게 되어 있기 때문이지요. 만남과 헤어짐을 통하여 각자 성장하는것입니다. 굿굿히 세상을 헤쳐나가는 조제의 모습을 보며 지금 어려운 시기에 용기를 얻게 해줍니다. 지금도 어딘가에서 조제는 빛나는 삶을 살고 있겠지요. 마지막 수족관장면에 조제의 마음이 압축적으로 담겨있네요. 아름다운 풍경,장면들이 많아 서정적이고, 보고나서 계속 생각나게 하는 여운이 있는 영화네요.",9,1
172,잔잔하게스며드는수작,10,1
173,잘봄 다들 사연 속에 청첩장을 만드나 봅니다,10,1
174,재밌습니다~,10,1
175,먹먹해지는 아름다운 사랑 간만에 따뜻해지는  영화,10,1
176,중무장을 하고 코로나를 뚫고 낼보러간다!!♥♥♥,10,1
177,눈물이 쏟아지기 보다는 가슴이 애린 영화....,9,1
178,원작보다 휼륭합니다. 아주 오래전에 본 일본 원작 다시보고싶네요,10,1
179,겨울에 딱 어울리더라 생각보다 여운도 꽤 오래가고 좋았음,10,1
180,한지민 남주혁 조합이라니 ㅠㅠㅠ 오늘 꼭 봐야지 ㅠㅠ,10,1
181,한지민이 하기엔 조제 너무 이쁘지 않나? .. 연민이 감정이 떨어져서 몰입감이 덜 할듯한데..너무 이뻐...너무....,5,0
182,예고편 나레이션의 한지민 목소리 너무 따뜻하고 좋습니다 아름다운 화면과 잘 어울리는 두 주인공의 조합 정말 기대됩니다,10,1
183,"이 영화 ""조제 "" 진짜 너무 멋있어요💓 시작부터 끝까지 완전히 너무 신나게 바우 남주혁랑 배우  한지민랑 좋은 시간이 보냈어요 .. 지금도 너무 그리워요 🙆🏻‍♀️🙆🏻‍♀️ 그날 다시 들어가고 싶다 💓  남주혁  한지민 이동안 너무 수고 많으셨습니다 💓 우리 만날 때 까지 꼭 건강하고 잘 먹고 잘 자고요💓 사랑해♥♥ 응원해 ♥♥♥♥",10,1
184,평점이 이상해서 안볼려다가 봤다 그렇게 욕 먹을 만큼 나쁘진 않다 깊은 내용은 없지만 그냥 잠시 생각 한번 해 볼만한 영화 딱 그 정도 최근 한달동안 개봉한 영화들이 영 별로여서인지 그 중에서는 그나마 나은 편임,8,1
185,회자정리 거자필반 인생은 혼자서 가는것.,8,1
186,원작에 못미칠것이라는건 기정사실이고. 예고편 살짝 보니 흥행을 위해 캐릭터를 너무 대중적으로 쉽게 설정했네..,4,0
187,조제 무리뉴가 영화로 나온다니..정말 감동 그 자체..그는 세계최고의 명장..,10,1
188,와 너무 좋아,10,1
189,제발 개봉 하면 평점 달수 있게 해라,1,0
190,"믿고 보는 두 배우의 조합, 사전 10점 드립니다.",10,1
191,"인표, 도산, 영석까지..조제 많이 기대해..♥",10,1
192,❤️❤️,10,1
193,한지민 배우의 탁월한 연기력은 매우 아름답다. 이 영화는 원작을 뛰어 넘는 명작이다. 이 추운 겨울 따뜻함을 전해주는 귀한 영화다. 따뜻한 마음으로 추천하며 어떠한 추천이나 수식으로도 모자란 직접 꼭 봐야 할 인생 영화다.,10,1
194,"음...그냥 여 주인공이 청룡 주연상 받은  한 지민으로 정해 지면서, 한 지민 위주의 캐릭터로 잡다 보니   너무 나이차 많은 연상 컨셉이 포함 줄거리가 살짝 억지.즉 여 주인공이 너무 젊잖게 보이려고 한 느낌  일본 조제 영화는 감정에 솔직해서,기억에 남았는데  남자 배우야 유명 여배우와  작품 많이 할 수록 본인에게 좋으니 당연히 상대역 하고 싶고,  앞으로 남 주혁은 한 지민 하고만 계속 영화 찍고, 드라마 하세요 .",4,0
195,프리미엄관에서 혼자 봄!한지민 팬이기도 해서 보러갔는 데 관객이 아무도 없엏음.한지민씨가 저에게 준 선물이라 생각합니다.본인의 의지와는 상관없는 선물이지만.어서 이 코로나가 지나갔음 합니다.다들 힘들시기에 영화관계자나 영화관 스텝들 너무 힘들거 같습니다.초라하고 지저분해 보이는 집이지만 집안에서 가라보는 배경의 선과 색감이 왠지 희망을 주는 거 같았음.일때문에 고민이 많았는 데 마음의 정화가 좀되네요.한지민씨 감사하고 힘내셔서 좋은 영화 많이 출연하시기를 진심 바람니다.,8,1
196,Good movie,10,1
197,잔잔하고 감성적인 연출과 만난 지극히 현실적인 사랑 이야기 특히 두 배우 연기가 좋았다 한지민님은 언제나 믿고 보는 배우! 영화에서 계속 화장기없는 얼굴로 나오는데도 예쁘더라  남주혁은 진짜 어디 지방에서 대학다니는 복학생같았음,10,1
198,"영화는 가을에 만난 두 사람이 겨울과 봄을 지나며 사랑하고 이별하는 과정을 담았다. 두 사람에게 다가온 계절의 순서가 가을에서 겨울 그리고 봄이었는데, 푸르름이 가득한 여름이라는 계절이 빠져있는 건 결국 이들이 가진 사랑의 한계점을 말하는 것도 같았다. 원작 영화에서는 서로 어울릴 수 없는호랑이와 물고기를 상징적으로 배치해서 두 사람의 이별을 말했다면 리메이크한 조제는 계절을 상징으로 배치한 것도 같다.  아쉬운 건 한지민과 남주혁 두 배우가 연기를 잘했는데도 좀처럼 두 사람의 감정씬이 몰입되지 않았다. 서로 스며들듯 감정을 쌓아가고 관계를 형성하는 서사가 매끄럽지 않았던 탓일 것이다. 영석이 조제에게 끌린 이유나 조제가 영석에게 사랑의 감정을 갖는 지점도 모호했다.",9,1
199,영화 끝나고 내용을 곱씹어보는데 생각할수록 이영석 캐릭터가 독특하다 얼굴은 악의 하나 없는 순진한 표정인데 나오는 모든 등장인물과 묘한 텐션이 느껴짐 심지어 그 남자교수도 영석을 대하는 태도가 묘해 .... 영화 보러 가기 전에 혼자 생각했던 캐릭터와는 좀 달랐기에 흥미로웠다 영석은 착한 나쁜놈이었을까 나쁜 착한놈이었을까 싶고.  상업영화보다는 독립영화 감성에 가까워서 감동적인 사랑 이야기나 갈등과 해소 과정이 분명한 영화를 기대하고 본다면 불호일수도 있을듯하나 이런 사랑도 있구나 이런 이별도 있구나 하고 본다면 충분히 공감도 되고  대놓고 애절한 사랑보다 더 여운이 오래 가기도 한다.,9,1
200,왜 냐고 물을 수 없는 우리들  사랑이야기.,8,1
201,응원합니다^^,10,1
202,한지민 와방 이쁘네~ 남주혁도 좋아요,10,1
203,한지민 남주혁 조합 너무 좋다 ㅜㅜㅜ 영화 분위기랑 찰떡인듯,10,1
204,정말 좋아하는 영화인데 한지민과 남주혁이라니 ㅠ 꼭 봅니다,10,1
205,너무기대되요~~!!!,10,1
206,겨울에 어울리는 영화.,10,1
207,믿고 보는 배우 두 분의 연기를 응원합니다. 내일 보려 갑니다.!!,10,1
208,둘의 케미는 이미 검증된 케미,10,1
209,원작을 보지 않아서 잘 모르겠지만 영화 자체는 지루하고 어둡다. 좋아하는 배우들이 나와서 끝까지 봤지만 허무하긴 하다. 영화프로그램에서 소개할땐 기대했었는데..,4,0
210,잔잔한 소설같은 아름다운 영화~~,10,1
211,아이유의 자장가를 들을 때마다 조제를 보고 느낀 감정이 떠오르며 가슴을 적시는 여운이 긴 영화이다.,10,1
212,원작의 재해석? 재활용 신파극,4,0
213,보고싶은사람이 평점은 왜다냐..,1,0
214,한지민 사랑해,9,1
215,김종관 감독의 최고 장점은 대사다 이전 작품을 봐도 대사들이 진짜 예술이다  이번 영화의 대사들도 정말 유치하지않고 과하지도 않다    하지만 편집이 발목을 잡는것 같다   수족관 씬을 왜 뒤로 배치했을까  차라리 감정의 흐름을 그대로 이어가는 편이 더 낫지 않았을까 생각한다  Ps. 한지민의 조제는 정말 생각이상으로 잘나온것같다 하지만 너무 이쁜게 문제 ㅠㅠ,7,1
216,"가지마 내옆에 있어주라고 조제가 눈오는 집앞 골목씬에서 ......조제의 용기낸 마음에 울컥 눈물이 났어요. 영석을 보내려는 조제가 곧 이별을 준비하는 것이 점점 느껴졌고, 혼자여도 괜찮다는 데,  하염없이 우는 영석이도.. 두사람의 스치는 자동차씬도  넘 아프고 슬프지만 아름다웠어요.   엔딩을 꽉채우는 아이유의 노래가 끝까지 자리를 지켜, 마음을 추스리고, 실컷 우는 시간까지 주네요. 두주인공의 케미, 정말 굿굿 캐스팅입니다",10,1
217,가슴에 구멍이 생긴느낌...,10,1
218,한지민이 나와서 봤는데 한지민과 남주혁의 연기는 좋았지만  영화의 완성도가 너무 떨어지네요~,8,1
219,연기 좋고 내용도 좋지만 재미는 그닥 요즘같은때 어둡고 우울한 영화보다는 재밌는 영화 보고 싶어요,8,1
220,한지민은 눈빛이 참 좋다.. 진짜 눈으로 감정을 다 얘기해주는 것 같음,10,1
221,우리 아이유 밤을 걷다도 너무 좋았고. 감독님 작품 너무 좋아요. 이번에 자장가가 엔딩크레딧 곡이라고 해서 놀러왔어요. 개봉 축하하고 영화 기대합니다.,10,1
222,정말 기대되네요,10,1
223,한지민씨 남주혁씨 연기 참 잘하셔서 기대합니다!  빨리 보고 싶네요!,10,1
224,원작과는 또 다른 결일 것 같아서 너무 기대됩니다!!!,10,1
225,한지민 배우가 연기하는 조제는 어떤 모습일지 무척이나 기대됩니다,10,1
226,한지민이랑 남주혁 연기 궁금,10,1
227,예고만봐도 눈물샘 폭발,10,1
228,"남주혁, 한지민 이라 넘나 기대됩니다. 빨리 보고싶어요.",10,1
229,대박나세요. 한지민언니 넘 이뻐요.,10,1
230,기대됩니다~,10,1
231,개봉하면 무조건 본다 조제 ㅜㅜ,10,1
232,기회 되면 영화관에서 한번 더 보고 싶은 영화였다.,9,1
233,감동이 약함.,7,1
234,조제........  무리뉴   2019.11~토트넘 홋스퍼 FC (잉글랜드) 감독  2016.5~2018.12맨체스터 유나이티드 FC (잉글랜드) 감독  2013.6~2015.12첼시 FC (잉글랜드) 감독  2010.5~2013.6레알 마드리드 (스페인) 감독  2008.6~2010.5인터 밀란 (이탈리아) 감독  2004.7~2007.9첼시 FC (잉글랜드) 감독,10,1
235,.,5,0
236,소재만 갖고 오고 일본영화랑은 다른 한국식으로 만들어야 성공한다,5,0
237,"너무기대됩니다... ""눈이부시게""를  너무 아름답게봐서...",10,1
238,한지민 남주혁 조합을 또 보다니 너무너무 기대됩니다,10,1
239,무리뉴,10,1
240,"남주혁, 한지민, 분위가 삼박자가 조화로웠다.   스토리도 좋고",10,1
241,주혁아...언제나오냐 너만 기다린다. - 경기도 아줌마-,10,1
242,이 영화덕에 원작소설도 찾아보고 이후에 나온 본즈편도 봤습니다 밴저민버튼씨의 시간을 거꾸로흐른다 같은느낌,10,1
243,사랑하는 사람을  보냈지만 그는 늘 내 곁에 있다,10,1
244,"왜 영화명을 조제라고만 했을까라고 생각했는데, 영화를 보고 나니 이해가 되네요. 원작 영화에 담긴 그 뒤의 이름들이 보여주는 것을 느낄 수 없었어요. 전체적인 영화 분위기는 심한 병에 걸려서 힘들어하는 사람의 마지막 여정을 보여주는 다큐멘터리 같았고요.",1,0
245,말할려고 했던게 뭘까? 음~,5,0
246,...,6,1
247,복잡 미묘한 감정 속에 불현듯 찾아오는 낯선 관계,6,1
248,기대된당,9,1
249,몰입과 감정표현 깊이 넓이 울림을 기대해 봅니다!     🌡💓🍀👍🦋🎆🎊🎊🥳,5,0
250,이시국에 아직도 일본영화 리메이크라니,1,0
251,어쩌다 봤는데 영화 너무 좋았어요 연기 대사 음악까지  완전 몰입해서 봤어요,10,1
252,사람이 사람을 만나 사랑한다는 것은 무엇을 의미할까?   코비드19 상황 속에서 모두가 힘든 시간을 보내고 있다. 이 추운 겨울 따스한 봄볕과 같은 아름다운 영화가 나왔다.   영화 '조제'다. 한지민이라는 배우는 그녀의 아름다운 미모 만큼이나 내면의 따뜻함과 선함과 아름다움이 배어 나오는 탁월한 배우다. 동시대에 그녀의 연기를 보고 그녀를 볼 수 있다는 건 감사한 일이다.   리메이크 영화를 전작과 비교하는 건 무의미하다. 각기 다른 작품으로 생각하면 족하다. 한지민의 '조제'는 원작을 뛰어 넘는 한지민만의 조제를 만들어 냈고 그녀의 뛰어난 연기력을 볼 수 있다는 것은 고마운 일이다.   한지민의 연기는 갈수록 그 깊이를 더해주고 있다. '빠담 빠담'에서 보여 주었던 한국의 여배우로서 가장 아름다운 모습에,10,1
253,잔잔함 속에 따뜻한  감성과 짠함이 스며 있다,9,1
254,.,3,0
255,바람둥이 영석이의   3명의 여자 후리기,7,1
256,안 보고 올리는 평점. 일본영화에서는 이런저런 애정신이 여러 느낌을 갖게 하는데. 특히나 물고기모텔에서의 애정신은 스토리에서도 매우 중요한 장면인데 어떻게 표현했을런지 궁금하긴 하네요. 근데 별로 보고싶지는 않네요. 15세등급에 한지민이니 애정신은 없다고봐야하겠죠?,6,1
257,사실이 아니어도 진심이라면 괜찮잖아,10,1
258,이건 사랑영화다 갠적인 호불호는 있을수있지만 적어도 사랑에 쓰레기별점1을 주는건 무슨 마음인지? 설명을 해주지않는 매트한 영화가 싫어도 고시원서 소리를 걱정해야하는 지금 청년들의 현실을 넣은 장면만 봐도 이게 별점 1점으로 욕할영화인가? 난 아직도 아이유의 자장가 엔딩크레딧이 머리에 맴돌고 조제와 영석의 그 생략된 아픔이 상상되서 맘이 아파오는데 그래서 별점 8점주려다 10점 매겨버린다!,10,1
259,한국영화는 보는게 아님,1,0
260,생략,1,0
261,좋은 영화 고마워요 ~,10,1
262,영화는 영화로 평가 하세요 일본 중국 미국 그게 무슨 상관인가 영화가 재밌으면 거기에 평점을 주세요 무조건 영화를 무슨 이념 사상 이런감정을 실어서 평가하려면 중국같은 정부주도 영화만 만들겠지,10,1
263,개인적으로 원작보다는 더 좋다.  이젠 괜찮아. 외롭지 않아. 네가 내곁에  없다해도 난 네가 옆에 있다고 생각할꺼야.,7,1
264,한지민 님주혁 연기력이 대단하네요,10,1
265,순수한 사랑과  아름다운 느낌  가슴이정화되는느낌  장애운이없어장애지 모든사람은  다똑같음  장애가진분이  편히 당길수있는 도시로  만들자,9,1
266,원작보다 어둡다고 하여 조금 걱정하면서 보게 되었어요.  잔잔한 전개와 아름다운 영상 속에 두 배우의 연기가 좋았습니다. 나름 유머코드도 있었고요. 특히 남주혁의 감정 연기가 돋보이는 영화였던 것 같습니다.,9,1
267,자동차 극장이라 그런줄 알앗는데 원래 어두웠던 영화라 하네요..내용도 답답허고  껌껌한것이 답답허고. 어찌어찌 친구랑 수다떨며 시간보내고 1등으로 나옴..내맘 아시게찌요,1,0
268,완전 조제 그 자체,10,1
269,눈이 부시게에서 너무 아름다웠던 두분이기에 기대가 크네요~ 믿고보는 한지민배우^^,10,1
270,"원작의 인상이 너무 강하다 보니 리메이크에 대한 관객의 선입견이 평점에 많이 작용한 듯하다. 개인적으로 '조제'가 원작보다 낫다고 생각한다. (물론 이 또한 원작의 이해를 기반으로 한 것이므로 '조제'가 원작의 자장으으로부터 완전히 자유로울 방법은 없다.) 애초에 두 영화는 같지만 다른 인물을 다룬다고 봐도 무방하다. 이케와키 치즈루의 조제가 나른하고 다소 만화적이라면, 한지민의 조제는 한없이 깊고 여운이 길다. 원작의 다소 유치하고 지저분한 소품들 다 날리고 두 인물의 감정선에 집중한 것 또한 유효했다고 본다. 관객마다 호오는 있을지언정 이런 식의 감정 처리를 선호하는 관객도 분명 적지 않을 것이다. 원작에 빗대 이 작품에 실망을 표하는 관객들은 그냥 원작을 한 번 더 봤더라면 싶다.",10,1
271,원작만큼 잘 만들었네요,7,1
272,조제를 여러번 본 사람으로 정말 잔잔하게 잘 만들었네요~ 한지민 조제역에 잘 어울렸구요~ 남주혁군도 연기 좋네요~ 다만 원작처럼 둘이 약간은 개구진 모습도 있었으면 좋았겠다 싶었습니다.,8,1
273,또 연기 보쏘..또 눙물나데하네.주혁이 또 섬새한거 봐라.미치겟다.젊은이들의 불확실한 미래를 고민하는 연기가 너무 일품이다,10,1
274,왜? 조제라고불러달라고하지. 조제알도~,6,1
275,연기 잘하는 배우들 캐스팅 한다고 모두 재밌진 않음. 일본 감성은 한국과는 좀 안 맞아요. 너무 지루하고 잔잔함. 일본 원작과 마찬가지로 한국 리메이크도 일부로 장애인 여주로 이야기를 전개한 이유가 있을텐데 그런게 의미가 없음. 왜냐면 극 중 등장하는 사람들 중 너무 우월하게 이뻐서 누구라도 좋아할 거 같은 분위기임. 장애인이라서 안타까운걸 못 느끼겠음.,4,0
276,이 영화는 배우는 그렇다고 치고 메인테마송 쿠루리의 하이웨이를 능가할  노래가 있으려나 모르겠네요  기대하겠습니다,10,1
277,잘 다듬어진 한국식 해석,6,1
278,조제호랑이...그리고 물고기~~ 원작도 아름다웠는데 색이바뀐 작품도 기대중,2,0
279,넋놓고보기좋고 아무의미없는내용의 영화,4,0
280,선남선녀 보는 재미도 쏠쏠...마지막 결론을 내는 과정에서 설명이 좀 부족한 느낌...갑자기 왜? 이런....아니면 관객이 알아서 상상하라는 것인가?......,8,1
281,5분보다가 꺼려다 좀더봐보자..그래도 한지민인데.. 짐 40분째 보고있음.. 마음이 편안해지고 따뜻해지는 느낌이랄까.. 그참 희한하네.. 웃프기도하고.. 밥..먹고가라...,8,1
282,"일본영화 ""조제 호랑이 그리고 물고기들"" 고대로 빼낀 영화네...",1,0
283,진심으로  주연 배우인  한지민씨와 남주혁씨의  케미가 빛난다고 생각합니다.  최고의 한국 멜로 영화!!!,10,1
284,하 진짜 분위기 ㅠ 케미도 그렇고 너무 좋다 얼른 봐야지..,10,1
285,한지민 남주혁은 1년에 한번씩 계속..같이 작품 찍어줬으면 좋겠다ㅠ,10,1
286,"영화관에서 꼭 보고 싶었는데 상황이 상황인지라 기다리고 있다 TV에 뜨길래 봤습니다. 기대를 뛰어 넘는 좋은 작품이네요. 눈이 부시게에서 멋진 두 주인공이라 생각했는데 조제에서는 더 좋습니다. 지민씨 연기는 이미 알고 있었고, 주혁씨 연기에 놀랐습니다. 담담하게 이야기해서 더 좋네요. 마음이 아리다가 따뜻하다가........... 좋습니다.",10,1
287,"너무 보고싶네요. 한지민, 남주혁 배우의 연기와 김종관 감독이 만든 세계, 빨리 보고 싶습니다.",10,1
288,한지민 조제 기대기대,10,1
289,"일단 영화를 보고 난 다음 극장밖으로 나올때 그 느낌 모르잖아요 ?    보고나서 평가 하겠습니다 12월 10 정확하게 극장으로 출격합니다    두 귀를 막고  오로직 두 눈으로 볼것 , 독특한 자신만의 세계에서 살아가는 사람들    종이 한장 차이다  지극히 정상적이거나 아니면 그 반대이거나",1,0
290,오랜만에 좋은 영화 잘 보았습니다.  한지민 그리고 남주혁 연기 과하지 않으면서 훌륭했습니다.  좋은 연출입니다,10,1
291,청춘들을 위한 영화..삶의 스토리를 영화처럼 쌓아보는 사람들이 많아지길,8,1
292,난 그래도 원작보단 이쪽이 더 슬펏다...,10,1
293,목포여고 근처에서 찍은 영화,3,0
294,-,10,1
295,단순요약하면 요즘같은 시기에 보기  부적절한 영화  풀어서 예기하면 처음부터 거의 모든 런링타임이 우울함으로 범벅이 되어서  강약조절이 없고  원작이 일본이여서 인지 일본정서를 그대로 차용하여 공감안되는 부분도 있으며  마지막까지 희망보단 우울함이 커서 현시국을 견디는 우리에게는 더욱  힘빠지는 영화라 비추,5,0
296,남주의 캐릭터가 현실가 너무 달라 그닥,1,0
297,"좋은 책, 아름다운 그림을 보고 나온 느낌이네요~",10,1
298,알도,10,1
299,칙칙하다 요즘같은 시대에,1,0
300,아니 불매운동하는 이 시기에 꼭 일본영화 리메이크해야하나요?흥행 성공하면 또 비웃음 당하겠네요,1,0
301,일본 리메이크는 그냥 다 싫다  배우들이 아깝다  일본 사람들도 안 보는 일본 영화 그만 좀 하자,1,0
302,잘만들었다.  코로나 피해를 본 슬픈영화로 남을듯 싶다.,9,1
303,일단 1점도 아깝다...니뽕영화 리메이크 부터 에러,1,0
304,별로네요 시간버림ㅜ,1,0
305,"평들이 왜이래? 솔까 난 일본꺼보다 한국판이 더 좋았음. 일본판은 여주얼굴과 목소리가 너무 초딩스러워서  감정이입이 안됬고   일본특유의   저질스런 변태적인  묘사들이 솔직히   구역질이 났다. 섹스장면들  너무 별루였구 키스장면두 너무 오래보여줘서  일본이라그런지 더 야동보는 느낌 들어 싫었음.차라리  한국판은  그런장면 없이도  깔끔하고 담담하게  그려줘서  보기편했다고 해야하나..  원작을 리메잌해서 디테일의 감정선이  조금 떨어졌지만  분위기나  남주,여주의  연기는  훨씬 자연스럽고    좋았다.",8,1
306,"처음부터 끝까지 사운드는 조곤조곤한 그런 스타일의 영화. 이 영화의 원작이라는 조제,호랑이와 물고기들에 대한 지식이 전혀 없기 때문에 무비교해서 이 영화에만 충실해서 말하자면, 사운드도 그러하지만, 영상에도 번쩍번쩍거리는 그런 건 없다. 그냥, 조용하고 차분하고 그냥 그렇게 지켜보다가 영화는 끝난다. 풍경과 꺌려있는 음악 등으로 그냥 지켜보기만 하면 됨. 음식으로 치면 맨 마지막 비법소스를 빼고 그냥 담백한 국을 마시는 느낌.",8,1
307,지체 장애인인 조제의 내적상처를 사랑을 통해 치유하는 드라마~  배경이나 줄거리는 소소함~ 근데 주혁은 착한 바람둥이 였나?,6,1
308,무슨 영화도 안본 사람들이 평점을 주는거지?,2,0
309,어제 자동차 극장에서  조제 영화 두 주연배우  기대를가지고 봤다  ㅅ영화 시작전  안내멘트에서 화면이 다소 어둡다는 사전 안내를 밭았지만   그래도   볼 만하겠지 했지만  조명미 엉망인 영화 짜증나는 영화,1,0
310,주연. 조연굽?,1,0
311,노출 없음 무효,1,0
312,자신도 모르게 스며드는 사랑. 애달프고 예쁘고.....슬프다.,10,1
313,오늘 봤는데 끝까지 못 보겠더라. 한지민 불쌍해서,10,1
314,조제 뭐시기 그리고 호랑인가 그거 리메이크여?,1,0
