﻿,document,score,label
0,이상하게 포드를 응원하게되는 기분 나쁜 마법,8,1
1,명작이네요,9,1
2,!!,10,1
3,오랜만에 보는 카레이싱영화의진수!,10,1
4,오랫만에 영화다운 영화 본 느낌 포드 대 페라리 9점 드림,9,1
5,한순간도 멈출수 없는 이 긴장감! 롱 러닝타임에도 순식간의 지나가는 몰입력! 강추합니다. 안보면 후회할 영화..,10,1
6,인생 영화. 정말 최고라고 말 할수밖에 없다. 특히 두사람의 연기는 정말 미친듯.,10,1
7,많이 울었어요. 두 배우 모두 좋아하는데 서로 나오면 본인도 출연한다고 했다는 재밌는 얘기도 들었습니다. 많이 울었어요. ,10,1
8,최고점에 도달하기 위해 극한의 7000rpm을 향해 달려가는 집요함과 광기의 두남자 끝내 역사에 이름을 남기고 쿨하게 퇴장한 그들 두려움의 마지막 순간을 웃으면서 돌진할수 있는 진짜 남자들  끈끈한우정 쿨한감동 보는내내 두근두근 단연코 올해 최고의 영화다 레이싱 장면에선 정말 심장이 터지는 느낌~ 극장에서 안보면 두고두고 후회할 영화,10,1
9,"두 장인이 빚어낸 빛나는 7000rpm 캔 마일즈의 대사 처럼 ""H A P P Y ""하게 일에 빠지는 열정, 심장이 흔들리는 배기음... 최고의 몰입을 선사한다",9,1
10,그냥 다큐멘터리 영화! 돈아까움,4,0
11,"⟨포드 V 페라리⟩는 소름끼치도록 잘 만든 영화다 보는 내내 감탄을 금치 못했다 영화의 완성도가, 드라마가, 멧 데이먼과 크리스찬 베일이, 포드와 페라리가, 레이싱과 자동차가 사람의 심장을 터지도록 만들기 때문이다  자동차를 모르는 사람도 재미있게 볼 수 있는 자동차 영화다  ⟨포드 V 페라리⟩라는 타이틀을 보는 순간에 나는 전통적인 장르 영화들, 양산형 작품이지는 않을까 하고 걱정했다 포드의 드라이버와 페라리의 드라이버가 라이벌이 되어 격돌하는 식의 촌스러운 이야기 말이다  하지만 그런 걱정은 그야말로 기우에 지나지 않았다 영화가 보여준 이야기는 상상을 넘어서는 깊이와 구조적 아름다움을 갖추고 있었으니까  중견 배우들의 안정감, 감독의 뛰어난 연출, 역사가 지닌 실화의 힘이 고스란히 살아있는 최고의 영화.",8,1
12,최고가 되기 위한 남자들의 집념 !!!! 자기 분야에서 최선을 다 해본 사람만이 느낄수 있는 감동 !!!!! 마무리가 아쉬웠지만 그것도 실화이니 받아들어야 하겠죠 .,10,1
13,이영화 강추다,9,1
14,"극장에서 봤는데, 지루한 면이 없지 않아 있어요. 근데 한번쯤은 봐도 괜찮을 것 같아요!",7,1
15,한 드라이버의 경주는 레이싱계뿐만 아니라 세상을 변화시키는 혁신이었다. 그들의 질주가 곧 기술이자 개혁이다. ,5,0
16,사업을 위해 레이싱을 하는 이들과 인생을 위해 레이싱에 뛰어든 이들 인생은 7000 rpm 의 순간과도 같다.,8,1
17,"멋지네요,  한세계를 제대로 아는 이들의 모습.. 맷데이먼 연기 역시 기대를 저버리지 않네요",9,1
18,기술과 탐욕의 소용돌이에서 빠져나오지 못한 드라이버의 영혼에 대한 경의.,8,1
19,"영화를 보고나니 왜 포드가 최고의 자동차 기업에서 추락했는지 알겠더라 ㅋ 자동차 디자이너와 카 레이서의 진한 우정도 멋졋고, 긴 런닝타임이지만 지루하지  않은 자동차 경주씬은 박진감 있었고, 그속에 대기업의 낡은 관료주의 횡포까지..  재미와 감동, 역사적 교훈까지 잘 다룬것 같다.  과연 실제 7000 rpm의 속도감은 어떤 느낌일까? 궁금해진다.",8,1
20,난 차에 대해서 잘 몰라서 레이스 할때 빼고는 그냥 그랬음,7,1
21,다들 할말이 많은것 같다.,8,1
22,레이싱장면은 진짜 손에땀을쥐게하네요! 캔마일스가 어이없게 죽은게 많이아쉽지만  긴 러닝타임에도 재미있게 잘봤음!  ,8,1
23,경기 장면이 압권이다. 나도 따라서 미친듯이 풀악셀 밟고 싶어짐.,6,1
24,포드의 레이싱카를 생기게 만든 역사 그 자체 ,9,1
25,극한까지 가서야 보이는 자기의 존재,6,1
26,자동차에 대한 로망을 갖는 남자들은 좋아할 만한 영화다. 포드의 멋진 승리였지만 난 왜 페라리에 더 눈길이 가는걸까  이 영화속 상황으로 들어가서 몰입하기엔 지금의 페라리에 대한 로망과 애정이 더 크다.   오직 한 길만을 걸어왔기에 지금의 페라리가 있고 그래서 영화속에서 우승한 포드보다 페라리의 신념이 지금까지 이어져 왔다는 생각에 지금 페라리 그들의 차가  더 빛나 보이는 영화였다.,8,1
27,"자동차에 목숨 건 남자들의 이야기. 이탈리아인들의 입장에서는 짜증나는 영화일지도 모르겠다. ㅋㅋ 어쨋거나, 너무 잘 만든 영화임에는 틀림없다. 엔딩이 마음에 들지는 않지만 어쩌겠는가, 그것이 현실이었는데...",8,1
28,포드,10,1
29,중국 국뽕 못지않은 미국 국뽕영화. 엄복동 비슷..눈요기가 있어서 별3개 ,6,1
30,"너가 만약 차를 한계까지 몰아붙이면서 차가 견뎌주길 바랄거면,  어디가 한계점인지 알고 있어야 해.",10,1
31,굿잡,10,1
32,.,6,1
33,이 영화보고 포드차는 못사겠다 제목도 마일스앤 셀비로 해야지,10,1
34,시간 때우기용으로 괜찮음.  최소 평균은 넘는 헐리우드 영화들은 대체로 때깔이 좋다. 한마디로 그림을 만들 줄 안다는 말이다.  ,8,1
35,포스터 보고 액션 영화인가 했는데 멋진 드라마였네요.,9,1
36,굿,9,1
37,.,8,1
38,"실화를 바탕으로 한 극본, 연출력, 배우들의 연기력 전부 좋음 레이싱 체이스도 멋지긴 한데  느린전개와 진부한 스토리가 싫으면 패스하는 편이",10,1
39,강렬한 임팩트 있었던 작품은 아니지만 배우들 연기 좋았구요. 자동차 레이스에 몸 바치는 사나이들이지만 가진자들 앞에서 어쩔 수 없이 자존심을 굽혀야 하는 이들의 모습을 보면서 인생이 참...,8,1
40,두배우의  캐릭터 소화력과 연기조합.. 실감나는 60년대 레이싱장면들.. 실화를 바탕으로 영화로 만드는데 감독과 제작진. 스텝. 배우들의 노력에 찬사를 보냅니다!,10,1
41,"긴 상영시간에도 불구하고 흥미진진하게 이야기를 끌어가는 극본의 힘, 연기의 힘",6,1
42,연기 각본 우정 능력 vs 무능 오만함...과하지 않는 레이싱 ... 영화관에서 못본게 한이되는 영화,9,1
43,두 배우가 전하는  포드의 역사,7,1
44,와...전율이..  그리고 먹먹함이..,8,1
45,앞으로 포드는 사지 않겠다,9,1
46,연기도 좋고 경주씬도 좋고... 어딜가나 꼰대들이 문제고...,8,1
47,빨리 보세요.,8,1
48,...,8,1
49,최고~,10,1
50,이 묵직함은 뭐지? 역시 이름 값을 하는 사람들이 만든 걸작!!! 사족) 모 영화관의 라스트 찬스 세일 참 바람직 함.. 계속 해 주길....,8,1
51,영화도 관객들의 심장도 터보엔진처럼 요동친다.,8,1
52,7000 RPM 사이로 사라지다,9,1
53,"특별한 스토리 전개랄 건 없고, 못되게 딴지거는 악역하나 넣어주었다.  12세가를 건지기위해 켄을 심금울리는  다감한 아버지로 만들었어야 했던걸까. 뭐, 월트 디즈니 스타일에 웬디가 나온들 어떠리.  특별히 박진감을 느낄 수 없는 밋밋한 자동차 경주. 그러나 그 모든 것을 채워내는 크리스찬 베일의  레드넥 연기는 신기(神氣)라도 들린 듯.. 오싹할정도 ",7,1
54,강추!!!!!!!!,9,1
55,별9개 강추합니다!!,9,1
56,"너무 소설같은 실화, 그래서 재미로는 별로, 속도감을 느낄 것같은 영상은 짱짱. '안녕하세요'",7,1
57,멋진 두사람 게다가 실화라니...,6,1
58,재미없고 지루하고 게다가 쌔드 엔딩이라서 화가 남,1,0
59,돈으로 살 수 없는 그 무언가 ,8,1
60,이게 왜 재밌지?  엄청 지루...평점이 너무 좋네요 ㅎ,2,0
61,...,8,1
62,아 극장에서 못본게 아쉽네요...사운드 좋은데서 봣더라면...,7,1
63,베일과 데이먼. 그냥 믿고 보자. ,9,1
64,맷 데이먼 ...크리스탄 베일 둘 다 멋있는 놈이라 생각하는 배우들이다..... 그러나 실화를 바탕으로 나오는건 사절이다....뭐 이리 평점이 높노.... 기대 이하 였다... ,3,0
65,최고~,10,1
66,실화를 바탕으로  잘 만든 수작 영화군요. 시간가는 줄 모르고 봤어요. 하도 평이 좋아서 막차로 가까스로 봤는데.. 그럴 가치가 있군요.,9,1
67,멋지다는 말밖엔!!!,9,1
68,크리스찬 베일의 열정과 맷데이먼의 절제가 돋보인 영화,10,1
69,굿,9,1
70,역시 평점 높은 영화는 재미가 없어,5,0
71,크리스찬 베일에게 갈채를 보낸다 그의 연기에 대한 열정에... ,8,1
72,오랜만에 퍼펙트라는 단어가 튀어나왔습니다 아직도 못 보신 분들은 지금 당장 고고!,10,1
73,찐 영화였었음!,10,1
74,열정,8,1
75,크리스찬 베일을 믿고 봤는데 역시나 최고다. 한순간도 놓칠수 없는 몰입도 최고의 영화. ,10,1
76,"장사치와 괴짜의 만남. 포드와 페라리 사 사이의 경쟁구도를 실화를 바탕으로 재구성해냈다. 조금이라도 더 빨리 달리기 위한 장인의 이야기랄까. 태도 자체는 나쁘지 않지만, 결국 경쟁이라는 점에서 편하지만은 않았다.",7,1
77,아주 멋진 영화다!,9,1
78,불꽃처럼 뜨겁다... 장사꾼 vs장인 ,9,1
79,"열정적이고, 최선을 다해 살았던 사람들의 이야기는 몰입해서 지켜볼 수 있었습니다.  자동차를 좋아하는 사람이라면, 그들의 열정에 빠지지 않을 수 없을만큼 영화속 주인공들은 멋있습니다.  누구보다 더 높은 곳을 향해 달려가는 자들의 모습은 존경하지 않을 수 없습니다. 박진감 넘치는 자동차경주장면은 푹 빠져서 볼 수 있는 시간이었습니다.  영화는 노을지는 황혼의 시간이 쭈욱 이어지는 듯한 감성적으로 보게 되었네요.",9,1
80,차소리에 흥분되는.....잼나지만 배우들 명성에 비한 연기력은 조금 실망,7,1
81,조커다음 수작이로세  연출 짜임새 구성 어디하나빠지지않음,10,1
82,남자들이 좋아할 만한 영화~ 가슴이 7000rpm으로 뛰는 영화. 이 좋은 영화를 왜 안보는 거지???? 아~ 엔진이 으르렁 거리는 소리가 아직도 귓전을 때리네요.,8,1
83,이야.. 이건 정말 예상외의 명작이다.  그냥 레이싱이나 씽씽하는 영화인줄 알았는데.... 굉장한 내용과 영상미.  차를 그닥 좋아하지 않는데 이건 정말 수작입니다.,9,1
84, 차를 아주아주~ 조아라 하는 사람이나 애들은 정말 재밌게봤겠으나...나도 물론 차 조아라하고..    맷~ 그리고 이사람 다 조아하는데..연기력은 솔직히..정말 거의 빵점수준... 내용성도..   별로.. 평점 조절성으로    올립니다.. 지송  참고로..나도 정말 맷데이먼형님 왕팬인데.. 크리스챤 베일도 그렇고.. 이번에 연기력은    정말 실망수준이네ㅛ.. ,0,0
85,재미있고  감동적임.  추천,9,1
86,피 끓는 긴장감. ㅠㅠ,9,1
87,존잼,10,1
88,잼있음 ,10,1
89,"‘메이드 인 다겐함’도 그렇고, 포드는 참 그러네;;  중반 이후부터 흥미진진해짐. 그 전까지 좀 지루했다.  실존했던 인물들의 이야기라 뭉클하긴 했지만, 스토리보다 크리스찬 베일의 연기가 볼만했다.  고무줄 몸무게로 급늙어보여 안타까웠음. ",7,1
90,마니재밌었어요,10,1
91,영화관람후 운전 자제해 주세요,10,1
92,믿고보는 배우들이 주인공을 해서 영화는 꽤 잘 만들어졌겠다 예상은 했음. 예상보다 훨씬 훌륭한 영화였다.  켄마일스역을 맡은 크리스찬베일이 너무 훌륭하게 소화해주었다.  어린시절 미친듯한 질주본능이 떠올라서 가슴이 뛰고 눈물이 날정도 였다.  레이싱이나 달리는 것들을 좋아하는 사람이라면 꼭 보길 추천한다.,8,1
93,https://www.youtube.com/watch?v=VgAqxHDiXn4  이 영화는 아는 만큼 더 재미있더군요. 처음에 초반부보다가 멈췄는데 그 이후 우연하게 당시 영화의 배경을 알려주는 영상을 보고  영화를 처음부터 다시 보고나니 훨씬 더 재미나네요.  페라리는 참... 람보르기니를 만들게 하더니 포드에 레이싱팀을 만들게 했네요. ㅎㅎㅎ  위의 영상을 참고하시길. ^^,9,1
94,볼게 없어서 평점보고 봤는데 안봤으면 후회했을뻔했다. 처음 개봉하고서 나온 리뷰보고 안봤었는데...도대체 그 인간들은 뭘 본거야!,10,1
95,"크리스찬 베일은 진짜 사랑하지 않을 수 없는 배우다. 어떻게 영화마다 다른 사람을 보는 거 같이 연기를 할까... 영화 스토리는 그렇게 크게 와닿지 않았는데, 두시간 반 동안 크리스찬 베일과 멧 데이먼 보다보니 후다닥 시간이 흘러감. ",8,1
96,"새로운 것 없는 딱 예상한 만큼의 영화. 차를 좋아하는 사람이라면, 더 재미있게 즐길 수 있을 듯. ",6,1
97,맷 데이먼과 크리스찬 베일 그리고 레이싱 모두 좋았습니다.,9,1
98,두 남자의 목숨 건 대결이 시작 되었습니다.  ⟨포드 V 페라리⟩ 는  꼭 봐야할 레이싱 영화입니다!!,10,1
99,자존심을 건 레이싱 영화.,8,1
100,켄 마일스가 크리스찬 베일이었다니. 누군지 연기를 잘한다 했는데. 레이싱을 소재로 한 영화중에 레이스와 인물관계를 적절히 배분해서 잘 만든 영화라고 본다.,8,1
101,포드 돌려까기 영화. 르망 24시간 레이싱과 스포츠카. 마초 남성들에겐 꿈과 환상일 것.,7,1
102,차를 좋아하지 않는 사람도 심장이 두그두근 뛰는 영화,9,1
103,이영화에서 보여준 포드차 경영진의 무능력함과 불공정함에 포드차를 싫어하게 됐습니다. 화성에서 배트경운기로 감자와 벼농사나 지었으면 훨씬 재밌었을듯.,1,0
104,"7000RPM 넘어서의 존재에 대한 물음을 제기하는 영화. 기업의 메커니즘과 그 속에서 자기만의 방식으로 대응하는 두 남자의 삶 자체가 레이스다. 연출, 연기 모두 만족스럽지만 무엇보다 끓어오르는 엔진소리가 관객을 훙분시키는 최고의 BGM이지 않은가.",7,1
105,재밌어요~,4,0
106,MASTERPIECE,9,1
107,크리스천 베일의 연기가 약간 과장된듯한 느낌 아닌 느낌,8,1
108,혼자 봤습니다. 아주 몰입해서 봤습니다. 좋았어요~,9,1
109,정말 블록버스터 급 영화가 아닌 이런 영화로도 이런 작품을 만들 수 있구나 생각했다. ,10,1
110,2%부족한 결승전,6,1
111,이런것도 영화라고 제대로 낚였다 적어도 한국인들 정서에 영화는 아니다 졸려죽는줄알었다,1,0
112,연기가 너무 좋습니다.  뭔지모르겠는 감동이 있어요,9,1
113,나는  초반에  잤어요   중반부터 흥분  스피드 후반엔  뭔지모르는 눈물이~~~ㅜㅜ,9,1
114,극장에서 내리기 전에 이 영화를 볼 마음을 먹었던 것이  행운!,10,1
115,.,9,1
116,감독과 같은 학교를 나왔다는 게 그저 자랑스럽다. 더 할말이 없다. 걸작이었다.,10,1
117,현대같은 후발주자 양산차 회사에도 흡혈 강성 노조 보다는 어딘가 숨어지내는 장인이 있을거라 믿고싶다.    ,9,1
118,국뽕영화도 이정도로 만들면 린정,7,1
119,재밌었어요,8,1
120,국뽕 오지게 때려박은 영화다.   평점알바 총출동!,6,1
121,킬링 타임으로 괜찮은 영화...,8,1
122,"이것은 순수함에 대한 찬사이다. 처세술로 세상 살아가는 사람에게 켄 마일스의 순수함은 감동을 준다. 특히 기껏 차를 다 튜닝했는데 다른 이가 대표로 대회에 나갈 때의 장면은 직장인이라면 한번쯤 체험해본 일이기 때문에 진심으로 마일스를 응원하게끔 된다(사실 거대자본 포드보다는 장인정신을 지키는 페라리를 응원하는게 우리 정서에는 더 맞다). 그리고...맷 데이먼은 거들 뿐, 이 영화는 진심 크리스찬 베일을 위한 영화다. 그의 땀과 기름에 쩌든 작업복, 거친 피부와 툭 나온 광대...잊지못할 것 같다. ",8,1
123,기대없이 봤는데 보는내내 지루하지 않고 재미났어요~ 두 남자의 우정 멋지더라구요,10,1
124,재밌습니다^^ 추천해요~,10,1
125,"승부사의 세계, 진짜 멋졌습니다. 최근 본 영화 중에서 영화다운 영화로 유일하네요~!!",10,1
126,그냥 최고라는 말 밖에....  ㅠ ㅠ,10,1
127,실화라서 더 감동이넴~ 러닝타임 2시간 30분~^&^ ,10,1
128,마지막 멧데이먼 연기 짱이었음 잔잔하게 세상살이 삭히며 다들 살겠지라고 영화관 나와서 감성에 취함,10,1
129,재밌다. 돈값 못하고 관객 조롱하는 국내 영화보고 받은 스트레스를 이 영화로 풀었다. ,10,1
130,완전 굿굿!!!,10,1
131,레이싱 스포츠는 스포츠맨 쉽도 없나? 내용도 좋고 다 깔끔했는데 아 대체 왜..,8,1
132,"각색이 80%차지하겠지만 영화로 본다면 두명의 명품배우때문에 집중해서 감상 잘했습니다. 그리고, 이 영화에 대해서 평을 해야지 뜬금없이 국산영화에 대해서 글을쓰는지. 억울하신가요?  억울함은 혼자 감당하세요.",9,1
133,"현기차도 ""진짜"" 차를 ""정말""사랑하는 사람이 만들어야되는데...",7,1
134,야 이 미국놈들아! ,0,0
135,솔직히... 이게  평점이 왜 이렇게 높지? 확실한 임팩트가 있는것도 아니고... 감동이 짠 밀려오는 것도 아니고... 액션이 정말 멋진것도 아니고... 도대체 뭐여? 냉정하게 점수 주면... 7.0정도? 잔뜩 기대하고 봤는데 실망...,7,1
136,우렁찬 엔진소리,8,1
137,4DX로 봄. 존나 재밌음. 통쾌하고 시원시원하고 하여튼 영화가 미쳤음ㅋㅋㅋ,10,1
138,워메..취향이 아니라서..매우 지루했삼 ㅠㅠ,3,0
139,많은 생각을 하면서 보게 된 영화. 강추합니다. ,10,1
140,이 영화를 보면서 왜 현대기아가 세계적인 자동차 회사가 못 되는지 그 이유를 알았다. 손에 땀나는 영화 스피드 긴장감 뛰어나다.,9,1
141,멧 데이먼과 크리스찬 베일이 살린 영화 그렇다고 영화가 구린데 주인공이 살렸다는게 아니라 두 주인공의 케미와 연기력이 너무나 뛰어났다는 것 화려한 볼거리와 탄탄한 줄거리까지,9,1
142,진짜 재미있어요.,10,1
143,굿,10,1
144,말이 필요없다,9,1
145,차려놓은 최고급 파티를 즐기는 것은 온전히 관객 개인의 몫. 개인적으로 2019 최고의 영화였던 동양인 여성 1인.  4DX와 SCREEN X로 영화를 더 깊게 즐길 수 있다.  주스크린과 양옆스크린의 화면 연결과 비율이 좀 더 자연스러워지고 VR처럼 천장까지 상영되길 꿈꿔본다.,10,1
146,미국 백인 중년남성들이 국뽕 채우려고 연 최고급 파티에 동양인 여성인 내가 앉아있는 기분,5,0
147,너무 잘 만든영화 무엇하나 지루할 틈이 없는 영화 그리고 미친 연기력,10,1
148,제가 좋아하는 베일이 나와서 아무 생각없이 봤는데 너무 감동적이고 시간가는줄 모르고 관람했네요^^,10,1
149,연기. 각본. 연출 뭐 하나 나무랄때가 없는 영화다. 차를 좋아하는 사람이던 아니던 재미있게 볼수 있는 영화다. 2019년 마지막 날 이 영화를 보고 위로받았다. 백두산...천문... 진짜 욕나온다!!! 상영관 없어서 찾아가서 봤는데 역시 보길 잘했다. 꼭 봐라!!! 이게 영화지 진짜 백두산이랑 천문 진짜 보지마라.,10,1
150,"이륜자동차든 사륜자동차든 속도 자체에 쾌감을 느끼는 자라면 영화에 공감안하고 베길까? 7,000Rpm을 넘어갈때 자동차는 사라지고...등의 대사는? 그런데 독백조의 대사에서 300km/h을 넘는 속도를 운운하다가 정작 경주때 차량 계기판의 속도계가 220km/h가 최대인거 보면 좀 내용적으로 이상한데가 있지만, 르망 경기대회, 페라리와 포드 역사의 한페이지도 알 수 있고 무엇보다 차량정비사의 느낌을 제대로 뽑아낸 베일의 그을린 피부와 연기가 볼만 했다. 엔진의 굉음, 아련한 속도감이 잘 전달된 괜찮은 영화였다. ",8,1
151,슈벌 평점에 속았다..10분 레이싱 하는거 볼려고 1시간30분 기다리는영화..시나리오 ㅈ같고..대사 드립  ㅈ같어....,4,0
152,맨날 집앞 롯데시네마만 가다가 상영을 안해서 cgv 처음 가봤는데 양옆 벽까지 스크린으로 활용해 3면에서 레이싱 장면이 나오는거보고 허걱했다 진짜...롯데부평역사 계속 가야되나싶다. ,9,1
153,강추합니다 ,9,1
154,재미있습니다 추천~!,9,1
155,"진짜 재밌었음. 회사 중간 관리자들이 꼭 봐야될 영화, 회사단체관람 강추",10,1
156,진짜 재밌게 봤습니다,10,1
157,나도 르망 24시간 레이스에 출전한 기분 보는데 힘들었다 그만큼 몰입감있는 영화라는 뜻,9,1
158,"정말 끝내주는 오락 영화, 재미로 따지면 웬만한 마블 영화보다 훨씬 재미있다",9,1
159,말이 필요없는 멋진 영화입니다~~,10,1
160,수많은 상업영화 중 이 정도로 맥을 갖추는 영화는 정말 드물다.  여러모로 레어한 영화! 영화관을 나와서도 귓가에 엔진 소리가 들린다.,9,1
161,러닝타임 내 모든 시간들을 꽉 채운 긴장감과 스토리. 그리고 명배우들의 열연. 그냥 최고의 영화다!,10,1
162,편집 짱. 실제 레이싱을 보는 느낌. 영화 초반부터 끝날때까지 집중해서 봤습니다.,10,1
163,스토리가 아주 재미남,5,0
164,이게 영화지 굿,10,1
165,3번봤음,10,1
166,완전 끝내주는 영화,10,1
167,좋은 영화.,10,1
168,실화라는데 의미가.. 내용은 그냥 평이. 크리스챤 베일은 더이상  멀쩡한 인간 역할은 안하기로 한건가,8,1
169,크리스찬 베일의 연기가 ㄹㅇ 감동적  올해가 가기전에 꼭 봐야할 최고의 작품,10,1
170,"실화를 배경으로 한 건, 대부분 다 재밌는듯 ㅇㅇ 머스탱이 포드껀줄 이 영화보고 처음 앎",10,1
171,존잼임 수백억 버려서 만든 백머시기 산보단 백배은 더 재밌음,10,1
172,그래서 기왕 차를 살거면 페라리를 사야한다는 걸 두 배우의 열연으로 알게 해주는 영화,9,1
173,근래 3년안에 본 영화중에는 이게 난 최고인거같다 닭살이 몇번 돋았는지 ㄷㄷ 또 보고싶다,10,1
174,두 배우가 연기를 너무 잘하네요.. 크리스찬 베일도 맷 데이먼도 감탄스러울 정도였어요.. 마지막에 울음을 참는 맷의 연기는 정말..ㅠㅠ 레이싱 장면도 너무 멋졌고.. 실화라서 더 울림이 컸어요.. ,9,1
175,"영화끝나고 집에 오는 길에 ᆢ 차 시동소리부터 페달, 핸들링이 다르게 느껴지더라는ᆢ",10,1
176,"영화 마지막에 마일스를 잃은 쉘비가 저음의 엔진 진동소리로 주체할 수 없는 감정을 추스르는 장면에서 코 끝이 찡해졌네요, 마치 자장가에 울음을 그치는 아기처럼... 명장면이었습니다. 올 해 최고의 영화에요, 꼭 보시길 추천드립니다!! ",10,1
177,기대만땅하고봤다 개실망 30~40대 틀딱용영화,1,0
178,캔 마일스가 부사장의 반대로 경기에 출전하지 못했을때 부인이 위로하는 장면에서 눈물이 펑펑 터졌다..ㅠㅠ  멋진 영화다. 아직 못 보았다면 찾아서 보기를 권함다.,10,1
179,4DX는 이 영화를 위해 존재하는 듯. 연말 다수의 흥행작에 밀리는게 너무 아쉽다.,9,1
180,올해 최고의 영화!!!,10,1
181,강추 합니다. 최고의 영화 입니다.,9,1
182,정말 올해 최고의 영화입니다. 자동차 관심없던 사람도 관심 가지게 할 영화예요. 실화기반이라 그런지 스토리도 탄탄하고 연출. 연기 모두 뛰어납니다.,10,1
183,자동차에 관심이 조금이라도 있으면 10점 바로 나오는 영화. 보통의 레이싱영화처럼 레이싱하다가 섹시한여자랑 핫하게 놀고 술 마약 범죄 그런느낌 아니고 리얼 순수한 열정을 볼 수 있는 영화.  영화관에서 재탕 1번도 안해봣는데 재탕할 생각이 드는 영화. 러닝타임 2.5시간인거 모르겟는영화.,10,1
184,시간가는 줄 모르겠음. 인생 영화 수준.,10,1
185,올해 최고의 영화!!,9,1
186,나에게 있어 올해 최고의 영화임,10,1
187,150분의 런닝타임이 어떻게 지나갔는지 모를정도,10,1
188,시간가는 줄 몰르고 봤던 영화.,10,1
189,역시 감동.  이 영화 보니까 너무 짜릿하다.,10,1
190,역시 믿고보는 배우들~ ,10,1
191,인생 영화 중 하나,10,1
192,스릴~~~쥑인다 봐~~ 잼나~~~,10,1
193,올만에 볼만한 영화,10,1
194,별로 기대안하고  봤는데 재미 있습니다.,8,1
195,엔진소리가 가슴을 뛰게하는 재밌는 영화였습니다!,8,1
196,재밌네요~^^,10,1
197,짜릿함과 씁쓸함,8,1
198,정보없이 봐서 더 좋았다. 좋아하는배우들실컷봐서좋았고 스토리에씁쓸함을느꼈고나를보는것같아더슬펐다,9,1
199,분명 분노의 질주랑은 다른영역이지만 드라이빙시 엔진소리가 보는내내 가슴을 치니 감동이였습니다. 이 영화 결국은 포드의 처음이자 마지막우승을 배경으로 한거라고 보여집니다. 그뒤로 한번도 우승을 못했으니까요...^^;,10,1
200,꿀잼.. 개인적으론 500만도 거뜬한 영화,10,1
201,끝나고도 계속생각나는 영화 포드가 현재 이지경인 이유가.....,10,1
202,계속 보고 싶었는데 상영 마지막 날에 보고 왔어요 볼거리도 많고 드라마도 흥미진진하고 정말 재밌고 취향저격입니당 그랑블루가 자꾸 생각났어요 퍼팩트랩이 언급된 장면들은 좀 아쉽게 느껴졌습니다.,8,1
203,짱입니다 큰곳에서보세요,10,1
204,재밌음,10,1
205,good,9,1
206,포드차 타는 주인공들과 포드 부사장과의 대결  진짜 제목은 포드 V 포드 인사이드,9,1
207,두 주연 배우의 연기력과 실감나는 카레이싱 영상/음향이 핵심인 영화. 집근처에 IMAX 영화관이 없어서 일반상영관에 본게 아쉬웠음. 그래도 3시간 가까운 시간이 지루하지 않았음.,9,1
208,나름,8,1
209,삭상한 이야기를 크리스찬 베일 연기 하나로 끌고 가는 영화,6,1
210,재미있었어요 몇년안에 본 것 중에 개인적으로 제일 재미있었어요 레이싱 안좋아하는데도^^,9,1
211,"주연이 확실해서 보러 갔더니, 그닥...크리스찬 베일 왜 그리 어색하냐? 내용도 평범하고   그냥저냥...",6,1
212,거기서 죽어부리노,9,1
213,"7000RPM에 다다르는 순간 모든 것이 희미해질 때가 있다. 그 때 이런 질문에 마주한다.   ""너 지렸지?"" ㅋ",10,1
214,이거 내리기전에 꼭 극장에서 보세요 ! 엔진소리에 가슴이 뜁니다 탄탄한 스토리와 주연들의 명품연기,10,1
215,너무 재밌어요 손에땀나는줄......,9,1
216,"보기전엔 미국뽕영화 인갑다 했는데, 까는 영화임 한심한 포드 포드한테 이용당하고 이후에도 차시험운행 하다 죽은 불쌍한 영혼.. 레이싱 직접 보러가고 싶다는 생각이 처음 들었네요~",7,1
217,진짜 역대급 영화 ! 상영관 늘려라,10,1
218,겨울왕국에 묻혀서 아쉽습니다 진짜 재밌는데..,10,1
219,제목도 예고편도 별로라서 안 볼려다가 혼자 영화 보고 싶어 영화관가서 관람했습니다. 강추합니다 보세요. 후회 안합니다. 전 보통 영화관 가면 지루할 때 장실 갔다 오는데... 이 영화는 2시간 반 상영시간에 정신없이 몰입해서 봤습니다. 오랜만에 혼자서 잼난 영화봐서 좋았습니다.,10,1
220,영화 레이싱 장면에서 내가 GT40을 타는 듯 했다. 나를 만족시킨  올해  최고의 영화였다.,10,1
221,4D 로 못본게 아쉽다.  그래에 본 영화중 최고  꼭 극장에서 보세요 ,10,1
222,레이싱 장면에서는 심장이 빠르게 뛰었네요. 올해 본 영화 중에 최고였습니다.!,10,1
223,"켄 마일스와 캐롤 셀비의 확신에 찬 신념은 인간 삶의 지표가 어디에 있는가를 일깨워주었다.  또 포드2세가 결단력은 기업가로서의 상황에 대한 판단력과 추진력이 얼마나 중요한가를 알게 해준다.  켄 마일스의 처인 몬리 마일스와  아들 노아 주프의 응원에서 정해진 목표의 성공에는가족의 힘이 원동력임을 느낄 수 있었다.  한 순간도 놓칠 수 없는 긴장의 순간에서 스펙타클과 서서정성이 공존케하는 영화다.  한 해를 보내는 연말에와서  2019년, 내가 본 영화를 결산하는 시점에서 참 좋은 영화를 보게 된 점이 큰 행운이다.    ",9,1
224,소문난 잔치 만큼 건질건 별로 없었다 ,7,1
225,"심야로 관람.  런닝타임이 그렇게 긴줄은 몰랐음.  보고나서 시계를 보고서야 알았음.  자동차에 관심이 없어도 주연배우 둘의 연기와 레이싱장면만 봐도 전혀 지루하지 않음.  포드는 지금의 현대자동차와 같다는 생각이 듬.  저당시 휘청거렸는 페라리,미국에서 별 관심 없었던 포르쉐...지금은 어떤위치에 있나? 포드는 현재 어떤 위치에 있나?  기술력과 미래를 내다보는 기업의 이념과 가치는?  여러가지를 생각하며 볼수 있는 영화!  절대로 지루한 틈이 없는....촘촘한 영화. ""너무나 순수""하던 켄 마일스...그의 열정과 에너지에 경의를 표한다. 그를 이해하고 보듬고 일으켜세운 캐롤 셀비 역시~",10,1
226,"높은 점수를 준 리뷰들의 모든 격찬과 감동을 똑같이 느낌.  공감버튼이 있으면 마구 누를듯. 좋은 영화를 보고 나면 느끼고 표현하는 것도(형용사, 단어, 문장) 이렇게 같은가 싶을 정도로 공감 또 공감.  찰스 디킨스가 살아 돌아와도, 이 작품은 소설보다 영화로 제작하는게 맞다고 양보할 듯. 영화관에서 큰 스크린과 사운드로 감상할 수 있었음에 다행, 행운이라 여김. 크리스챤 베일을 믿고 단순 레이싱 영화는 아니겠지 했는데, 역시. 레이싱 장면도 스릴 넘치지만 여러 생각과 감정을 느끼게하는 작품. 두명의 타자, 그들의 꿈, 그것에 기생하는 자본주의 수혜자와 추잡한 현실 등, 좋은책 1권을 읽은 것처럼 깊고 넓은 영화.",10,1
227,"훌륭한 연기,  좋은 영화! ",8,1
228,그 회사의 승리법,10,1
229,"시나리오, 영상 모두 100점.  지루함 없이, 앞으로의 전개를 호기심으로 채우면서 시간을 보낸 영화. 실감나는 자동차 경주때문에 극장에서 보길 다행이었다고 생각하는 영화. 모처럼 다른 사람의 인생에 대한 감동을 느낄수 있었던 영화. 크리스챤 베일의 기가막힌 연기력으로 보고 좋아하는 배우가 생긴 영화.",10,1
230,캔 스밀스의 놀라운 드라이빙 실력보다는 아들을 바라보는 아빠의 눈을 보면서 깊은 부성애를 보았습니다. 좋은 영화입니다,10,1
231,너무 좋은 영화네  난 왜 눈물나 ,9,1
232,인생작,9,1
233,"아드레날린이 솟구치는 152분! 개인적으로 ""포드 vs. 페라리""란 제목보다 ""Le Mans 66""가 더 적절한 제목인 듯. 셸비와 마일즈는 포드 꼰대들 없이도 해냈겠지만 그 반대는 꿈도 못꿀 일일테니...",10,1
234,겨울왕국에 상영관을 빼았겼나? 이 좋은 영화가 개봉 2주일이 됐는데 왜 아직 100만이 안 됐지?,9,1
235,명작 대작 걸작 인생영화...단1초도 눈을 뗄수가 없었고 가슴이 미치도록 뛰었다.  딱 10번만 더 보구싶다.,10,1
236,시간 가는지 모르고 봤습니다. 실화를 바탕으로 한 영화여서 내용에 더 집중할 수 있었고 무엇보다 배우들의 연기가 진짜 좋네요.,8,1
237,진짜 최고다....  긴 시간이 전혀 지루하지 않다니!!!,10,1
238,박진감 있고 감동도 있다 보통 영화 볼때 조는  때가 많았는데 이  영화는 2시간반  이라는 긴 상영시간이 재미로 가득차서 금방 지나갔다. 추천한다.,9,1
239,간만에 좋은 영화 봤습니다. 극장에서 보시면 자동차의 배기음을 생생하게 들을수 있고 실제 경기를 구경하는 느낌을 느낄수가 있을껍니다. 극장에서 보시는걸 추천합니다.,9,1
240,  최고,10,1
241,아들이  권유해서 남편과 보는데 정말 감명있게 잘봤어요 실제 있었던 일이라 더 감격이더군요 ,10,1
242,영국인 연기 너무 잘해서 시간가는줄 모르고 봤음 ㅋㅋ 마일스가 2등했을 때 굉장히 열받을거라 생각했으나 진정 ‘승자’의 면모를 보여준거 같아서 놀라웠다. ,10,1
243,시간가는줄 모르게 봤음~~~~,9,1
244,작은 화면으로 보면 재미 없어유,5,0
245,"마피아 영화는 대부  전쟁영화는 지옥의 묵시록 SF 영화는 블레이드 러너 차로 냅다 달리기로는,  바로 이 영화   극한으로 달리는 그 트랙 위에서도 티벳 순례 길에서나 바라보여질 것 같은  이런 저런 묵직한 것들이 있네...",10,1
246,감동도 있고 스피드는 정말 짱이였어요~,10,1
247,"관람시간이 7~8,000 rpm 찍을 정도로 후딱!!  정말 오랜만에 재미있게 봄♡",10,1
248,바로 이게 영화야...이런게 시네마야...... 너무 잘봤어요.....간만에 생각에 잠긴 영화...궁금증까지...요즘엔 왜 이런영화가 없었을까 싶음................,9,1
249,왜 이게 100만을 못 넘었는지 이해가 안되네 존잼,10,1
250,너~~~무 지루함.. 3시간 가까운 시간에 .. 집에 가고 싶어 혼났음 이렇게 지루한 영화는 오랜만에봄 그나마 실화라 이점수 줌,6,1
251,진한 감동이 있는 영화 간만에 좋은 영화 봤습니다,10,1
252,가슴이 자동차엔잔처럼 뛰는 영화,10,1
253,올해 본 영화 중 최고!!!,10,1
254,그냥재밌음 굳 올해영화중,10,1
255,오ㅡ너무재밌었음..시간이 어떻게가는지모를정도로ㅡㅡ,10,1
256,역시 크리스천의 연기와 멧의 조화 보는내내 감동과 즐거움 아픔  다있음,10,1
257,"개인적으로 몰입해서 잘 봤어요. 배우들 연기는 말할것도 없고,  두 주연배우의 조합도 좋았어요.  크리스천 베일님의 와이프역으로 나온분이 차안에서 화를 내는 장면도 인상적이었고,  영화 보면서 느낀게 영화 한편 만들어지는게 역시 보통이 아니겠구나 싶었음.  카레이서 분들이 이 영화를 보면 어떤 반응을 보일지 궁금함. ",9,1
258,"카 레이스의 스릴과 박진감 ,맷 데이몬과 크리스챤 베일의 연기, 후반부의 감동을 느낄 수 있는 멋진 영화.",8,1
259,군더더기 없이 잘 만든 영화! 양복에 지팡이를 집는 꽉막힌 영국신사 이미지였던 크리스찬 베일이 정말 구수한 옆집아저씨로 나온것도 좋았음,9,1
260,그냥  꼭 한번 보라고 추천하고 싶은  아쉬운점이 없는 영화!,10,1
261,ㆍ,10,1
262,"굉음과 함께 질주하는 숨막히는 레이싱 장면들도 일품이지만 남자 배우들의 찐한 우정, 맷 데이먼의 섬세한 연기들 정말. 엄지 척!! 마지막의 북받쳐 오르는 큰 슬픔을 애써 억누르는 감정선들.. 지금 생각해도 가슴아프네요.. 멋찐 영화입니다 강추! ",10,1
263,잼있는 영화,10,1
264,굿.,10,1
265,"자동차에 대해 잘 몰라도 재미있는 영화. 쉘비라는 튜닝회사의 기원을 알수 있는 영화. 가슴이 벅차오르는 레이싱 장면. 페라리사의 창업주 엔초페라리의 자부심, 마인드와 정반대되는 정신 못 차리는 포드사를 비판하는 영화.",9,1
266,드라마적 요소가 많아 박진감 넘치는 레이싱 장면에 대한 소중함을 알려줌 ,7,1
267,.,10,1
268,재밌어요. 돈 아깝다는 생각 안들어요. 실은 가슴아픈 이야기죠. 하지만 샘마일즈는 행복한 남자였어요.,9,1
269,"긴 러닝 타임에도 길게 느껴지지 않음 스피드와 우정과 맷데이먼,크리스찬베일의 연기력 굿~남자들이 꼭 봐야할 영화....^^",9,1
270,잼났음,9,1
271,스피디한 영화~ 독선적인 천재로 순수해서 자본주의에 팽당하거나 이용당하거나~,10,1
272,전문지식이 부족한 탓일까...그다지 긴장감도 없고...,6,1
273,"글쎄, 감독이 레이스를 제대로 이해하고 만든 영화 같지는 않던데",5,0
274,오랜만에 영화 잼나게 봤엉ᆢ.,10,1
275,"모든면에서 최고!!!!!!! 특히, 두배우 최고!!!!!!!",10,1
276,내 돈 돌리도,2,0
277,크리스찬 베일의 명품 연기와 실감나는 레이싱 장면 간만에 심장이 떨리는 영화를 봤다,10,1
278,만화 캐릭터가 아닌 실존하는 사람들의 이야기라 더 좋았습니다 배기음이 더 컸었어야 하는점이 옥에 티,9,1
279,켄의 아내때문에 울컥한 나는 이제 막 50이 된 대한민국의 그냥 그런 남편. 간만에 시네마를  보았다.,10,1
280,정말  오래간만에  좋은영화봤습니다   보는 내내  심장이  터지는줄  알았어요~~,9,1
281,보는내내 즐거웠구요.끝날때까지 주인공을 응원하며!손에 땀을쥐게하는 스피드에 몰입하며 2시간이 넘는 시간이 전혀 지루하게 느껴지지않는 영화였어요~~켄마일스!라는 이 영화의 실화주인공! 감동과 안타까움이 존재하지만  몰랐던 포드&페라리 이 두 자동차회사간의 스피드 경쟁으로 인한 대결이 있었다는걸 알게되서 좋았어요^^~,10,1
282,"흥행이 아쉽지만 좋은 영화네요,",10,1
283,연출 연기  다 씹어먹는 이 영화가 아직도 100만을 안넘어섰다는게 의문임. 이건 포드 대 페라리가 아니라 마일스와 쉘비 대 포드로 바꿔야겠다...,10,1
284,잘봤습니다. 해피엔딩이 아니라서ㅠㅠ,9,1
285,재미있게 잘봤습니다. 자동차  or 운전 좋아하시는분들에게 강추,10,1
286,1.실화 2.스릴+ 몰입감 3.우정과 의리 4.자동차 역사 fact,9,1
287,이 영화 재미있습니다. 돈이 아깝지 않아요. 맷데이먼과 크리스챤베일의 연기는 나무랄데 없죠. 그리고 첨언하면 '조승연의 탐구생활'이라는 유튜브가 있습니다. 거기서 조승연작가가 '포드vs.페라리영화 완벽해설'이라는 리뷰를 해 놓았습니다. 이거 먼저 보시면 이 영화의 배경을 알수있어 재미가 배가됩니다. 배경설명이기에 스포일러 걱정은 안하셔도 됩니다. 아직 안보신 분은 꼭 이거 먼저 보시기를 추천합니다.,10,1
288,초반부터 스토리 뻔히 보이는 평작임 ,3,0
289,너무 멋집니다 대단했어요 크리스찬 베일 멧데이먼 연기도 최고의찬사가 아깝지않습니다 강추합니다,10,1
290,겨울왕국에 가려진..,10,1
291,초반 안지루함 ㅎ,9,1
292,자동차 장인들의 자좀심을 건 승부,9,1
293,괮츈하메욤,6,1
294,레이싱할때 사이버포뮬러실사판이네 이런화면 도대체 어떻게담은겁니까!? 앞부분은 좀 지루했음.... 그것만참으면 뒷부분은 차멀미함.... 그리거 이영화의 주제는 안전운전하자임...,8,1
295,또보고 싶다. 남성영화,9,1
296,초반부의 지루함을 참아내면 레이싱의 스릴을 느낄 수 있는 영화. 맷 데이먼과 크리스찬 베일의 케미도 생각보다 괜찮았고 두 사람의 연기도 나무랄데 없는 작품. ,8,1
297,크리스찬베일 연기개잘하넨,10,1
298,캐롤 셸비와 켄 마일스에게 바치는 아름다운 헌사,8,1
299,아름답다,10,1
300,두시간 반이 길지 않아요^^굿,10,1
301,명작,10,1
302,배우들 연기며 드라마며 레이싱 장면까지 다 완벽..,9,1
303, 남자들이 보기 좋은 영화 네요  엔진음이 아직도 귀에 남아 있네요  여자들도 이런 영화는 볼 필요도 있어요 남자를 이해 할줄 아는 베일의 아내가 더 멋있는 여자 같네요,9,1
304,"영화를 보면서 자기가 좋아하는 일을 몰입하면서 할 수 있다는게 얼마나 큰 축복인지 깨닫게 됨. 레이싱을 좋아하든 그렇지 않든 꼭 보시라. 맷 데이먼은 그냥 멋있고, 크리스찬 베일은 극에서 말라 비틀어진(?) 수리공 아저씨 컨셉인데 왜케 멋있냐. 영회보면 이해 쌉가능",8,1
305,"엔지니어의 집념, 브로맨스, 스피드 그리고 탑기어를 떠올리게됨",9,1
306,레이싱 영화는 아닌줄 알았지만...,6,1
307,실화에 입각한 박진감 넘치는 레이싱무비,8,1
308,"보다보니 의자에 더이상 기대고 있지 않은 나를 발견했다. 앞으로 몸을 내밀어 더 집중하고 있는... 무엇인가 슬픈거 같은 결말과 조금은 열받는 부분도 있고, 다른 아쉬운 점이 있긴하지만  나에겐 꽤 괜찮은 영화였다. ",9,1
309,오오오오..!!! 최곱니다.!!!^^,10,1
310,최고입니다,10,1
311,자동차를 그렇게 좋아하지 않는데도 2시간 30분이 순식간에 지나갔습니다. 실화바탕인줄 몰라서인지 결말이 참 현실성있다고 생각했었습니다.,8,1
312,결말이 예상되었지만 그러지 말기를 바라며 봤는데 역시나였다 그래도 집중은 가능해서 8점,8,1
313,레이싱 영화를 기대하고 보면 안됩니다  https://sp017.tistory.com/332,7,1
314,보지 않은 사람들에겐 잘 안믿기겠지만 보고나면 씁쓸한 영화 독선적인 사람이 다른 사람들과 화해하고 함께 가봐야 이용만 당한다는 결론 ,8,1
315,같은 자동차 영화지만 분노의질주같은 쓰레기영화는 발끝에도 미칠 명작중에 명작이였다. 두시간반동안 시간 한번 확인하지않고 빠져들었다. ,10,1
316,보면서 빠져들었는데 결말은 영화같은 엔딩이길 바랬건만 역시 현실은 시궁창.. 돈이 최고네... 아오 짜증나ㅡㅡ ,9,1
317,"경박한 포디즘의 장사치는 죽었다 깨도 다다를 수 없는 물아일체의 경지에 이른 장인의 품격. (켄에게 맥주를 건네던 부인 몰리, ""샴페인은 아니지만, 거품은 있어!"". 올해의 대사)",8,1
318,자유롭고 개인주의적인 미국 같아도 어떤 면에서는 자본주의의 급성장은 모든 개인의 가치를 억누른다는 것을 잘 보여준 영화다.  미국뽕 같은 없으니 안심하시라. 오히려 미국의 그런 점을 더 깐 영화인지도.,10,1
319,사운드도 좋고 레이싱도 좋고 게다가  뜨겁게 달궈진 쇠냄새가 느껴지는 듯 하다  그러나 루즈한 드라마라는 장르의 한계가 명확하게 보인다.,7,1
320,..,0,0
321,심장 이 두근두근 짜릿한영화였음,9,1
322,솔직히 평점 거품입니다 저는 차 좋아하고 미국 유럽 역사나 문화 잘 아는 사람인데도 재미 없습니다 시나리오가 긴장감이나 짜임새가 전혀 없어요 ,6,1
323,가슴벅찬 영화 오랜만이다  이런게 영화지,10,1
324,내 심장이 멈출것 같았다. 올해 최고 영화,10,1
325,페라리는 제쳤으나 우승은 못함.  크리스천 베일은 경기후 연습레이스에서 죽음  0점 F급 영화,0,0
326,하아...이렇게 가슴이 뛰는 영화는 오랜만이다. 영화를 볼 때는 못느꼈는데 영화를 보고 나온 지금도 가슴이 뛴다. 두시간 반이 이렇게 빨리 지나가버린 영화는 오래간만이다,9,1
327,"베일의 연기에 경의를, GT40에 찬사를!  단연코 올해 최고의 영화... 조커 다음으로..",10,1
328,S급,10,1
329,나쁘진 않았지만 시간조절 실패에 분명 거대자본주의를 비판하는 내용인것도 같은데... 결국 은근 미국 자랑질이 느껴져 불편함,3,0
330,실화를 바탕으로한 좋은 스토리   &  인물들의 집념과 노력이 느껴진다 (배기음은  보너스),7,1
331,크라이슬러회장으로 영입되어  국회로부터 국가돈 수십억불 받아내 조금 회생시킨 리아이코카 도 나오고 포드가문에 빌붙어 모든 건모술수를 집행하는 자 도 나오는데 쉘비는 이미 미국의망조 기업문제 황제와같은 회장체제의 8단계 보고라인 문제점을 꼬집으며 자기에게 회장직접보고 기회를 달라고 하고 결국 르망 대회에서 우승했음에도 간신의 술수에 걸려 준우승하고 그러고도 우승후보가 훈련중 차량사고로 죽는것은 이 간신의 음모인가? 강력한 인상의 영화 크리스찬베일의 연기,10,1
332,손에 땀이나서...  배우들 연기 굿~  거대한 자본에 농락당한거같아  화도 났지만 그래도 너무 재있게 봤습니다  두배우 너무 좋아요~~^^,10,1
333,결말이 매우 가슴 아팠다. 그의 억울함이 느껴졌다. 다행인것은 전세계 시민들이 그의 실력을 인정해준 것. 레이싱촬영은 스릴이 넘친건 아니었다. 그래도 고지식하고 완고한 듯 하면서도 열린마음을 지닌 출중한 실력자 카레이서를 연기한 베일 좋았고 그 아내 연기 참 좋았다.  또 보고싶다.,9,1
334,소리까지도.....,7,1
335,두 배우 연기력은 참 좋은데 약간 지루한부분이 많았어요.. 차에 대해 관심이 없어서 그런지,7,1
336,두 배우의 연기는 모하나 빠지는것 없이 너무 좋았습니다. 특히 베일의 연기는 기존 영화에서도 그렇듯이 표정변화 하나하나까지 섬세하게 표현하는 모습이 가히 명불허전 입니다. 그런데 말입니다... 미국의 미국에 의한 미국을 위한 영화 같다는 생각이 보는내내 떠나지를 않네요ㅎㅎ 내용만 다를뿐 흡사 전쟁영화와 같은 느낌을 받았습니다. 대화면으로 봤지만 레이싱 몇장면 이외에는 전혀 대화면 같지 않았던.. 연기력 이외의 내용도 그닥 좋지 않았구요..,6,1
337,두 명배우의 연기와 레이싱 장면을 보는 것만으로 충분했습니다. 가급적 큰 화면에서 보시길....,9,1
338,시간이 가는 줄도 모르고 잘 잤습니다!,10,1
339,레이싱 영화의 교과서. 휴먼드라마와 레이싱 씬들의 완벽한 조화. 꼭 상영관 가서 봐야할 이시대의 수작.,9,1
340,특별한 소재. 흥미진진한 줄거리. 폭발적 에너지의 영화,8,1
341,이영화 평점을 나쁘게 준 사람들의 다른 영화평점들에 대해 알고싶다. 어떻게 이게 재미없을 수가 있지? 속지마세요. 꼭 영화관에서 봐야할 수작입니다.,10,1
342,"어제 가족과 함께 봤는데, 우리사회에 시사하는것도 많고, 내가 직접운전하는 것 처럼 스릴도 있고 정말 재미있는 영화다.",10,1
343,시간 가는 줄 모르고 잘 봤습니다^^ ,9,1
344,"스릴도 없고 감동도 없고 자본의 횡포를 고발하는 것도 아닌 ,당체 뭘 보라는 것인지......",4,0
345,긴장감도 스릴도 감동도 없는 그냥 그런 스토리 전개가 좀 부족한영화   그렇다고 국산 쓰레기보단 볼만한영화,6,1
346,꼭 IMAX에서 보는 걸 추천!! ,9,1
347,남자라면 꼭!  봐줘야하는 영화임!,10,1
348,mx관서 관람했는데 음향 넘-효과적. 기대작은(상영만하면) mx서 봐왔는데 이 영화가 유난히 잘 나왔음.  ost도 장면과 넘 매치잘됨 크리스찬베일 연기는 말도 안 나올 정도 .물론 맷데이먼 연기도  좋음. 내맘대로 남주상:크리스찬베일.며칠전까지 ⟨결혼이야기⟩ 아담드라이버였는데 오늘 바뀜. 연출도 넘좋아 찾아보니 로건 감독이더라.로건도 내겐 만점영화였음. 이 영화에 대한 내용 전혀모르고 봐서 여운이 더 큰 것 같다.드라마임. 요즘 잘 본 영화가 몇 있는데 재미랑 여러요소 고려하면 이 영화가 젤 좋다. ,10,1
349,포드 광고 영화인줄 알았는데 전혀 아니네요. 자본주의의 현실에 화가 나서 억울한 눈물이 났어요. 시간 가는지 모르고 봤어요,10,1
350,두 주연배우의 연기력으로 이미 대박,10,1
351,상남자들의 인생.,10,1
352,진짜  재미있게봤습니다  ^^,10,1
353,단순히 자동차와 레이싱이 나오는 남자의 영화가 아님. 종반부로 갈수록 뭔가 가슴속에서 끌어오르는 형용할수 없는 느낌 때문에 벅차네요. 크리스천 베일은 정말이지 와.. 켄마일스의 표정과 말이 계속 생각납니다.,10,1
354,긴박감있는 레이싱징면이 숨을 쉴수 없게한다. 한가지에 미친 남자들의 이야기가 슬프다,10,1
355,"고증도 정확하고 다양한 영상미, 자동차 역사의 한 부분을 말해주는 훌륭한 조합 ",10,1
356,박진감  넘치는   자동차 엔진 소리에  심장이  떨린다.,10,1
357,가속과 감속의 절묘한 조화,7,1
358,보자,9,1
359,FORD v FERRARI ? FAMOUS ^ FABULOUS !,9,1
360,몰입감 최고 배우들 연기 최고 자동차 경주의 박진감 오랜만에 스트레스 날리는 영화를 봤네요,10,1
361,굿,10,1
362,긴장감 넘치는 두시간반이었어요,10,1
363,RPM과 BPM을 동기화시키는 경이로운 퍼포먼스,9,1
364,오랫만에  몰입해서  본 영화 정말 재미있고  박진감  있어서   좋았습니다.,10,1
365,재미있어요,10,1
366,볼만해요. 러닝타임이 길어 약간 지루해지는 시점도 있지만 계속 긴장하며 봤습니다.  두 배우의 열연을 본다는 것만으로도 충분히 행복한 시간이었습니다. 실물인물이 된 듯한 두 배우의 열정과 진심이 느껴졌어요. ,8,1
367,레이싱을 주제로 한 간만에 영화다운 영화! 차에 조금이라도 관심이 있으신분들이라면 꼭 보셔야 할영화...!,10,1
368,이것이 레이싱이고 이것이 스포츠고 이것이 인생이다.,10,1
369,지루할틈 없이 시간이 지나감,9,1
370,꼭 영화관에서봐야합니다..,10,1
371,"반전과 감동이 있는 영화이고, 남녀노소 즐겁게 볼 수 있는 내용입니다. 러닝타임이 길지만 전혀 지루할 틈이 없습니다.",10,1
372,초반 지루해서 졸았습니다. 영화보다가 초반부터 졸기는~~두 배우 이름값 아니면~  미국인들의 포드 그들만의 영화~ ,5,0
373,영화는 평범하였으나 두 배우의 연기는 그야말로 환상적이었다 ,7,1
374,졸려요.... 미국 국뽕영화네요 ㅋㅋ 페라리와 포드의 대결을 기대했는데... 그냥 미국 포드 홍보영화~  제 옆에 분 크게 코골고 ㅋㅋ 저도 졸린거 참느라 혼났네요.,1,0
375,미국자동차 홍보영화?그럭저럭 볼만함...난 페라리가 더 좋은뎅...,9,1
376,6학년 4학년 두 아들들 전혀 지루해하지 않고 신나게 봤어요. 초반에 지루하단분들과는 다르게   잼 있었어요. 추천해요. 확실히 두 주연배우 연기가 클라스~~~^^,10,1
377,크리스찬베일 맷데이먼을  놓고  지루하게 만들기도 힘들겠다. 너무 드라마 모노톤으로 흘러가서 지루함,6,1
378,올해 최고의 영화다 ,10,1
379,영화내내 눈을 뗄수없고 래이싱장면은 전율이 느껴짐 크리스찬베일은 정말 최고임,9,1
380,재밌네~~~,9,1
381,역대급영화라고 생각합니다,10,1
382,"Christian Bale 연기도 좋고, Matt Damon 연기도 살아있습니다. 캐릭터에 따른 Christian Bale 의 다채로운 연기 변신이 그저 놀랍기만 합니다. 열정과 노력이 뒷받침 된 그의 달란트인 듯 합니다! 영화는 시간 가는 줄 모르고 봤습니다. FORD 회장이 레이싱카를 탄 부분에선 완전 빵 터졌습니다! ^^",8,1
383,"자동차 매니아..특히  저같은 차쟁이들은 무조건 이영화를 봐야줘..^^ 연출력도 뛰어나고, 두말하면 잔소리인 두 주연배우의  캐릭터.. 모든것이 감동이였네요..^^ 7000RPM..ㅎㅎ",10,1
384,완전 감동적이었어요 ㅜㅜ ,10,1
385,기대많이했는데 이렇게 재밌고 감동적일 줄이야,10,1
386,진짜 꼭 봐라 ...엔진소리만 들어도 후회없다....,10,1
387,여자들은 남자들이 좋아할영화라 하고 남자가 보면 여성들이 좋아할 영화라 할듯한  맷데이먼과 크리스찬베일의 매력이 빛나는 영화,8,1
388,재미 있어요~~~,10,1
389,차가 좋아서 본 영환데.... 재밌는지는 모르겠고 그냥 그냥 포드가 페라리보다 좋다... 최고의 차다....라고 강요하려한단 느낌 페라리는 나쁜놈이란 느낌 심어주려는듯한 지금 파는 포드차 보면 좋은지 전혀 모르겠는데.. 미국을 위한 영화,7,1
390,재밌다. 자동차경주  저런걸  왜  하는거야?  했었는데  또다른  인생이야기,8,1
391,후회하지 않을겁니다.,9,1
392,실화를 바탕으로 연출을 잘해서 스토리도 탄탄하고 레이싱 장면은 정말 역대 손꼽히는 걸작.,9,1
393,시간 가는줄 모르고 봤네요~,10,1
394,진짜 내 인생작. 처음으로 영화 리뷰 남기는데 이건 정말 남자분들 안보시면 후회합니다.,10,1
395,정말 시간 가는줄 확 빠져드는 영화 최오!,10,1
396,수작,9,1
397,마지막 켄의 변화까지가 딱 좋았는데 이게 실화라 거기서 컷이 안됐어... 누구는 다 좋았다고 하겠지만 난 속터지는 갑질과 슬픔에 짜증나더라. 나도 나이가 들었나보다. 마지막에 가족은? 이라는 생각이 드는거보니. ,9,1
398,크리스챤베일의 연기력은 정말 대단해요. 맷데이먼도 두 배우의 조합이 탁월합니다. 라스트에 사고가 가슴아파요 ㅋ,10,1
399,"기대 안하고 보다 대박 외친 영화.  레이스 땜에 영화관에서 보길 추천함. 두 연기의 신과 깔끔한 연출이 참 매력적임. 한 놈 땜에 짜증났지만, 악역은 필요하니까. ㅠㅜ",10,1
400,"러쉬 이후로 길이남을 써킷레이싱의 명작이다 실제레이싱에 아무런 지식이 없어도 감동의 도가니탕에 빠져죽을 걱정할만큼 드라마, 연기, 화면, 감성 등이 모두 최고다 미국만세랑 폭발씬 땜질밖에 못하게된 분노의질주같은 허접한 영화나 보고 양아치들이 양카모아놓고 도넛 그려대면서 동네사람들 잠깨우는게 간지나는거라 생각한다면 이 영화를 당장봐라, 너도 모르게 반성문을 쓰게될거다",9,1
401,         乃,8,1
402,"2.5시간, 25000000불짜리 감동",10,1
403,영화보지도 않고 까대는 개 ㅂㅅ들 말 믿지 말것 영화는 1 . 포드 라는 거대 미국회사를 시종일관  까댄다 2.  이 영화는 미국 국뽕이 아니라 자기반성이다  켄마일스라는 전설에 대해서 말한다,8,1
404,4DX로 봤는 대 정말정말 재밌었다!!,10,1
405,드라마보다 레이싱 박진감을 더 살렸다면.,8,1
406,두연기자  때문에 푹빠져서봤다  ,10,1
407,주연배우 2명은 좋았는데.. 기대보단 너무 평범한 레이싱 영화. 재미는 그닥.... 감독의 연출이나 스토리가 진부하다. ,7,1
408,쓰레기 영화 개졸림 드라마 보는줄 완전  비추 몰입감 하나없음,1,0
409,"RPM7,000 !  퍼펙트 랩...",9,1
410,역시 크리스찬베일 과 맷데이먼 입니다. 시작부터 영화끝까지  흥미있게 봤어요.  하고싶은 일을 하고 산다는건 일이 아니라 즐거움과 행복이었습니다.  재미와 감동을 주는 영화입니다.,10,1
411,부사장... 개..읍읍 캔 마일스 개 상남자!,10,1
412,말이 필요 읎따,10,1
413,달려라. 오늘이 마지막인 것 처럼. 그러다 한순간에 부서져 버리는 삶이 될지라도 후회하지 않을 자신이 있다면.,9,1
414,최고,10,1
415,3시간 가까이 되는 영화였지만 지루하지 않고 경기장면은 스릴감있었음 레이싱알못인데도 재미있었어용,10,1
416,내 몸까지 전달되는 엔진소리!! 꽤 긴장감 있었습니다.,8,1
417,크리스찬 베일은 역시..  웰메이드 영화입니다. 액션영화가 아니라 드라마인 영화에요~,9,1
418,크리스찬 베일 당신은 정말~~~,9,1
419,재미있어요. ,9,1
420,영화 보면서 중간에 나오긴 처음... 딱 보이는 결말과 긴 러닝타임... 다른 분들 평점보면 나랑 시작부터 졸던 친구만 안맞는 걸로...,3,0
421,좋더라 굿,10,1
422,잔잔한 가운데 갑자기 몰아치고 여운 남긴다.아름다운 영화.,9,1
423,올해의 영화,10,1
424,처음 볼 때는 내용에 몰입해서 봤었고 두번째 볼 때에는 온전히 음향과 음악 그리고 영상에 빠져서 봤는데 보면 볼수록 정말 잘 만든 영화라는 생각만 든다 ,10,1
425,재미있어요 주인공 아내로 나오는분 예뻐요,8,1
426,대박 간만에  스피드 와 쾌감 감동 긴장감 좀해서 볼수 없었던   쟝르.. 강추입니다  이런영화 계속 나옴 좋겠당♡,10,1
427,굿 긴시간 지루하지 않고 재미있고 감동적임,10,1
428,재미는좀있는데 포드자동차 광고입니다..,4,0
429,"두근두근 뛰는 가슴, 그리고  자동차 엔진 소리... 굿~ ",9,1
430,크리스챤베일 남우주연상주고싶네요,10,1
431,"심장을 그리고 가슴을 뜨겁게 만드는 영화 친구의 우정도, 레이서로서의 삶도, 켄 마일로의 인생도 완벽하게 재현했다. 본 레이싱 영화중 가장 가슴뛰게 만든 영화. 크리스천 베일의 완벽 연기가 감탄스럽다",10,1
432,사전 정보 없이 봤는데 감동이었습니다. 우리 사회를 들여다볼 수 있는 기회도 덤으로 얻는 영화입니다.,10,1
433,정말 멋진 영화입니다 멧데이먼과 크리스찬베일   두사람의 연기가 보는내내  가슴을 졸이고 봤습니다 3시간 가까이 하는데도 시간가는줄 모르고  좋은 영화입니다 강력추천입니다,9,1
434,두 명배우의 케미와 경주씬까지  완전 멋짐,9,1
435,별로였어요,5,0
436,영화가 끝나고 나서도 심장박동이 계속뛰는 영화다. 정말 음악과 자동차의 역사를 한꺼번에 볼 수 있는 재미있는 여화다,10,1
437,2시간 30분을   스피디하게 지워 버리는  미쿡식 킬링타임 무비,7,1
438,베일 형과 데이먼 형이 캐리하는 기가 막히는 레이스,9,1
439,모처럼 느껴본 짜릿한 레이싱.....차에 대해 1도 몰라도 되는 ....꼭 영화관에서 봐야할 영화,8,1
440,최고,10,1
441,좋아요,9,1
442,남자들이 좋아할 영화.그러나 여자들이 봐도 매력적인 영화. 액션이 화려하지는 않지만 정말 재미 있게 봤습니다.,10,1
443,현장감은 최고 스토리는 그냥 그래요,2,0
444,재밌습니다!,9,1
445,재미 있네요 두 주연 배우 연기도 좋고...올만에 재미 있는 영화 봤습니다 첫 5분은 지루할 것 같다 이런 생각이 들었는데 2시간 금방 가네요,10,1
446,배우들의 연기가 훌륭합니다.,7,1
447,인물간의 드라마가 상당한 감동과 여운을 준다,9,1
448,와 레이싱 장면은 역대 최고인듯,10,1
449,차에 대해 아무것도 몰라서 걱정했었는데 영화를 이해하기엔 전혀 문제 없네요ㅋㅋ,10,1
450,크리스찬 베일 너무 매력적이야ㅠㅠㅠ,9,1
451,두시간 반이 이렇게 빨리 지나갈 수 있다고?!,10,1
452,두시간이 훌쩍 넘는 시간도 너무 짧게 느껴질 정도였어요ㅠㅠ,10,1
453,이 영화.. 격하게 좋다..,9,1
454,진짜 괜찮은 영화엿습니다.,10,1
455,극찬의 이유가 있었네요 ㅎ 넘 재밋었습니다,10,1
456,제임스맨 골드..대단하다..이 이야기를 이렇게 살려내다니,10,1
457,한 순간도 지루할틈이 없습니다~~,10,1
458,여러모로 괜찮은 영화.,10,1
459,감동 그자체 ,10,1
460,굿,10,1
461,부마도위님  걱정하지 마시고 보시길.. 아드님도 좋아할 겁니다 ㅎ 부담되는 장면 없어여 ,10,1
462,"유럽의 페라리, 멕라렌을 까고, 셸비를 휴머니즘이 넘치는 영웅으로 만드는 전형적인 '팍스아메리카나' 영화. 너무 치졸하고 역겹다. ",3,0
463,자다가 중간에나옴! 양키의 자동차역사까지 알아야하니?,4,0
464,"락킹맨님...친절한 답변 감사합니다.. 손으로 눈 가려줄 신경 안쓰고 편안하게 볼 수 있겠네요.^^ 평점란에는 댓글기능이 없어서 원글 수정하기로 감사인사를 전합니다.  (원글)자동차를 좋아하는 초등학교 3학년 10살 아들이 개봉전 출발비디오여행 영화소개에서 보고는 이 영화를 꼭 보고 싶다고 해서 내일 보러 갈건데...혹시 어린아이가 관람하기에 부적절한 장면(과도한 애정씬, 폭력성, 마약 등)이 많이 등장하나요? 보신 분들 답변좀 부탁드립니다. 알리타 보러 갔다가...사이보그이긴 하지만 신체절단 장면이 너무 많아서 식겁했던 기억이 있습니다.",10,1
465,iIMAX  10점입니다 올 최고영화네요,9,1
466,"이탈리아와 미국의 양놈들의 자존심 대결,,헐리우드 영화답게 미국놈 우세,, 그냥 그럭 저럭 볼만한 영화.. 특별한 감흥은 없고, 그냥 페라리 자존심을 무너뜨리기 위해 고분분투하는 포드의 모습을 보여주고,, 그 과정중 주인공과 회사 중역과의 갈등이 전부임. ",7,1
467,"드라마가 주이지만, 레이싱 장면도 적지 않아 4DX와 정말 잘 맞는 영화. 실화를 바탕으로 하면서도 적당한 각색을 통해 영화적 재미를 극대화했고, 마지막까지 긴장의 끈을 놓지 못하게 만든다. 이 영화를 본 나는 H A P P Y.",9,1
468,마스터피스입니다 제가본 레이싱영화중 이렇게 실화를 담대하고 현실적으로표현한영화는 없었습니다 보는 내내 행복했습니다,10,1
469,시간가는줄 모르고 봤네요 진짜 내가 레이싱하는 듯한 느낌 엄청난 기승전결은 아니지만 재미 감동 모두 있습니다 멧데이먼과 크리스찬베일의 케미도 좋고,8,1
470,최고의 자동차를 향한 열정!!  F1만 알고 있었는데  르망24시를 통해 자동차의 또다른 세계를 알게 됐네요.  참으로 다양한 자동차의 세계.,10,1
471,잼있당,10,1
472,명작입니다,10,1
473,새벽 1시 40분에 영화가 끝났는데 졸지 않았다. 엄청난 재미가 있다기 보다는 실화를 바탕으로 구성된 이야기 전개가 감동을 더 했다. 포드는 지금도 병맛인듯,9,1
474,겨울왕국보다 재밌음,8,1
475,매우매우 훌륭함! 차에 대한 지식이 어느 정도 있으면 내용을 이해하기 더 좋지만 영화 자체만으로도 레이싱 무비 최고의 수작임. 크리스찬 베일이 오스카 하나 가져갈 자격 있음. 하지만 포드사는 예나 지금이나 개자식들이 많다는 느낌임.,9,1
476,다른 말 필요없고 정말 손에 땀을 쥐고 봤어요ㅠㅜ 감동ㅠ,10,1
477,"실화의 재미, 마지막 애절한..영화 과장되지 않고 현실적인영화 간만에 괜찮은 영화를 봤네요",10,1
478,정말 잼나고 스릴 넘치는 영화네요  배우들 연기 뛰어나고 영화 완성도가 정말  뛰어난영화 !  간만에 정말 잼나게 본 영화!,10,1
479,남자가 되는 법,8,1
480,실화가 우리가 선사 할수 있는 재미와 그들의 전성기를 볼수 있어서 조았다,10,1
481,잘만들었네요~,9,1
482,요즘 보기 힘든 드라마... 웰메이드.,9,1
483,안 졸았어. 꾸준했어. 안 뻔했어,10,1
484,시간이 어떻게 갔는지 모르겠어요..,10,1
485,폭스에서 작정하고 만든 영화ㄷㄷ,10,1
486,진짜 너무너무 재밌어요...,10,1
487,실화를 바탕으로 해서 그런가 더 흥미진진한것 같다,10,1
488,아 진짜 존잼이다. 시간 순삭 ㅋㅋ,10,1
489,두 사람 연기 무엇? 포드v페라리 포스 무엇?ㅋㅋㅋ,10,1
490,완전 재미남,10,1
491,크리스찬 베일 살이 많이 빠져서 베트맨 주인공 아닌줄 알았음 연기최고 맷 데이먼 !!!,10,1
492,절대 사운드가 제대로 된 상영관에서 볼 것! 오래된 레이스카의 엔진 사운드가 당신의 심장 BPM을 높일 것이기 때문!,10,1
493,지루하다구 느낄수도 있음   나름 재미는 있었음 남자인데  왜 눈물이 났는지  나도 모르것음,5,0
494,굿,9,1
495,짜릿함과 애잔함이 교차하는 영화였어요 ~,8,1
496,크리스찬 베일 연기는 정말... 입을 꾹 다문 모습에서 배트맨이 잠깐 보이기도 해서 반가웠음. 아내를 잘 뒀음.,8,1
497,"화려한 레이싱도 좋았고 맷 데이먼과 크리스찬 베일의 연기 합도 최고였다. 러닝타임이 길어서 후반부는 약간 늘어지지만, 그래도 별점 9점 줄만한 영화 !!",9,1
498,포디즘의 한계에 대해선 끝끝내 함구한다,6,1
499,역시이런 영화는 소리빵빵 큰화면에서 봐야 제맛 ~,8,1
500,와우.. 실화바탕 영화에 레이싱영화 중 간만에 진짜 재미있었음. 배우들 연기가 너무 좋음. 특히 운전대를 잡으면서 하는 그 표정연기는 일품인듯...,9,1
501,실화 바탕의 영화 좋은 예,8,1
502,대단한 연기들,9,1
503,결론은 그 이후 미국차는 망함..,10,1
504,극장에서 직접 확인하시길... 이런 영화 너무 좋아요,10,1
505,재밌다.  만약 재미없게 느껴지면 자동차 관련 영화를 보지말아야~~,10,1
506,카야  이 또라이 쌔끼,10,1
507,승부보다는 성취감을 향하는 진중한 사나이 드라마,8,1
508,"러시, 더라이벌 이후로 잼있게 봤던 자동차 경주 영화 말이 자동차 경주영화지 드라마에 가깝다 셸비와 마일스의 열정과 꿈말이다 솔직히 마일스가 주인공같다 포드의 더러운 상술을 눈물을 흘리며 받아들이며 엉뚱한 결과가 나오지만 경쟁사인 오너인 엔초 페라리는 마일스를 인정한다 마치 마일스는 페라리와 어울리는듯한 느낌 포드가 미워지는 영화",8,1
509,레이싱은   스릴과 박진감 이 넘친다 . 두주인공 너무 멋지다 .   얄미운  부사장  한대 쥐어박고 싶었다 ,10,1
510,르망24 레이스가 오지는부분,7,1
511,"풀타임동안 눈물을 머금고, 두 손을 꼭 쥐고 봤습니다. 풍성한 사운드와 인물 간 접점을 치닫게 하는 스토리가 매력적인 영화입니다. 자동차 매니아라면 꼭 추천드립니다 ^^",10,1
512,기대가 너무 컸어. 그냥 그저그럼.  저 두 배우를 가지고 이 정도밖에 ㅋ 소재 자체가 별로 였다고 생각. ,7,1
513,국적을 떠나 레이싱이라는 목표 하나만을 생각하며 전념하는 두 사람의 모습이 참 많은 생각을 하게 만들었다.  보는 내내 너무 즐거웠다.  위대한 업적이자 이야기... 한편으론 부럽기 까지 하다... 또봐야지...  마일스와 쉘비 내 기억속에 깊에 박혀버렸다...,10,1
514,포드가 망한 이유..,7,1
515,무조건 4DX 강추합니다. 레이싱카를 타고 달리는 느낌을 100%느낄 수 있어요. 러닝타임이 긴 편이고 역사적 사실을 다루다보니 약간 늘어지고 지루한 부분이 있어요. 하지만 맷데이먼이 한국어 대사 한마디와 너트로 깨알 재미를 준답니다. 차를 좋아하는 분들은 꼭 보세요. ,7,1
516,아메리칸 드림에 눌리는 아메리칸 드림의 분노의 질주다. 물론 빡빡이들은 없다. ,8,1
517,사운드가 중요한 영화,10,1
518,왜 사운드 좋은 상영관에서 보라 했는지 알거 같음 ㅋㅋㅋㅋㅋㅋㅋ 짱이였음,10,1
519,거의 매드맥스 급으로 심장 떨어지는 개꿀잼 미친 영화였다 와 두번 봐라 나도 두번 볼거다 세번 네번 볼거다,10,1
520,멧 데이먼 크리스찬 베일 미쳤자너ㅓ ㄷㄷ 개재밋음 또보러갈거야 ,10,1
521,미친 캐스팅으로 기대 엄청 했던 영화에요 ㅎㅎ 차에 대해 잘 모르지만 신나게 잘봤네요 ㅎㅎ,10,1
522,"맷 데이먼, 크리스찬 베일의 조합이여서 그냥 보러갔다...그냥 인생영화다 ㅠㅠㅠㅠ N차각이다 정말...! IMAX로 또 보러간다",10,1
523,영화 진짜 개쩔..영화 보고 나왔는데 아직까지 현실감 없고 감동의 도가니.  두번보자. 시간되면 세번도 보자 ,10,1
524,오늘 개봉하자마자 보고왔는데 진짜 올해 본 최고의 영화 중에 손에 꼽힌다ㅠㅠ 연출부터 연기까지 미쳤음,10,1
525,클래식한느낌,8,1
526,큰 화면으로 안본걸 후회중!,9,1
527,아이맥스로 봤는데 볼만합니다.  총평은 이탈리아를 이기고 싶은 천조국의 발악!  자동차나 레이싱 좋아하신다면 적극  추천!,9,1
528,짱재미남요,10,1
529,좀전에 봤는데 그저 그렇습니다. 별로 대단할 것이 없던데요. 경주 장면도 그닥 박진감 넘치는 게 아니고 배우들 연기도 밋밋합니다. 생각보다는 별로!,1,0
530,영화보기전에 봣더니 스포한 저능아 글봣네 아 기분더러워 빨리 저런글 안지우고 뭐하냐 ,10,1
531,카엑션은 그저그런데 고전경주차 보는재미가 최고이다. 개인적으로 이니샬뒤를 좋아해서 그런지 고물차 보는거에 높은점수주고 카액션은 별로다 ,9,1
532,극장에서 봐야할 영화,9,1
533,밑에 파란하늘 닉네임 영화 스포질을 해놨네 어휴 ㅉㅉㅉㅉ 이기적인인간  카악 퉷,9,1
534,이건 반드시 4DX로만 보시길 추천드립니다. 150분동안 시간 순삭됩니다  제발 2D는 보지 마세요 후회합니다,8,1
535,2시간 30분 동안 배우들의 연기와 사운드가 보는 사람의 혼을 빼놓는다             그리고 밑에 영화내용 스포한 저능아 있으니 스크롤 내리지 마세요,9,1
536,성범죄자 옹호한 멧데이먼 좋다고 쳐보는것도 수준 낮은거지 ㅉㅉ,0,0
537,시간이 순식간에 삭제되는 경이로운 오락영화 ,9,1
538,오늘 봤는데 페라리는 제쳤으나 우승은 못함. 크리스천 베일은 경기후 연습레이스에서 죽음. 중간에 약간 졸림. 딱 평점 6점.,6,1
539,실제 르망24에서 포드가 페라리를 밟아버렸던 경주를  당시 60년대식 스포츠카들을 눈으로 보는 재미를  스포츠카 매니아들이 꽤나 기대할만한 영화일것같음.,9,1
540,150분이 90분으로 느껴지는 마법.  꼭 사운드 좋은 상영관에서 보시길.,9,1
541,기대안하고 봤는데 진짜 시사회때보고 내적 오열! 배우도 연출도 음악도 모든 것이 완벽하다. 영화계의 perfect lap!,10,1
542,진짜 크리스탄 베일 멧 데이먼 조합이면 무조건 믿고본다 ㅠㅠ,10,1
543,예고편 보니까 겁나 기대되네....,10,1
544,봐야겠다,10,1
545,존잼일것 같다,10,1
546,미쳣다... 이 조합 실화인가요...... ㅠㅠㅠㅠㅠㅠㅠㅠㅠㅠ,10,1
547, 헐키 일단 배우가 맷이랑 베일이며는 저는 이거능 그냥 봐야한다 이릏게 팬단을 해봄니다. 그이 뭐 케미가 찰뜩아이스크림 아이겟슴니까?,10,1
548,"예고편 보니까 배우들 케미 휴.,,, 얼른 보고싶드아 ㅜㅜ ",10,1
549,"예고편 보니까 배우 케미가 미쳤던데 ㅋㅋㅋㅋ얼른 보고싶어요! 멧 데이먼, 크리스찬 베일 ㅎㄷㄷ",10,1
550,"맷데이먼, 크리스찬베일이면 개똥이여도 무조건 봐야하는거 아닌가",10,1
551,와 너무너무 보고싶음 ㅜㅜ 배우부터 믿고본다,10,1
552,아 진짜 너무너무 재밌겠다. 지금 로튼토마토 92%. 개신선하다고 난리났음. 이런 영화는 안보는게 손해임.,10,1
553,직접 보고 느끼시길 바랍니다. 훌륭한 영화네요.,10,1
554,"맷 데이먼 욕하면서, 별점 0개 준 밑에 쉬레기들의 특징.... 전에 준 영화들 별점이 0 아니면 10 이다....(아주 가끔 중간치가 있지만, 거의 다 그러함...) 주로 페미 묻은 영화는 전부 별점 10개...ㅎㅎㅎㅎㅎ 82년생 어쩌구 저쩌구 별점 10개.... 참 우연도 이런 우연이...",10,1
555,맷데이먼 왜요?,10,1
556,진심 기달려 지는 영화~ 브래드 피트와 레오나르도 디카프리오 영화 와 함께~!!!!,10,1
557,기대합니다~~,10,1
558,크리스천베일은 아카데미주연상감,10,1
559,인터넷에서 재밌다고 하길래 가서 봤는데 재미없음 너무 뻔한 스토리. 미국의 저품질 대량생산 포드는 까고 싶은데 본인이 미국인이라 미국 국뽕은 차마 버릴 수 없었던 감독.. 이것도 아니고 저것도 아닌 영화가 되어버렸음.,0,0
560,난 이해할수없는게 이건 분명 남자들의 세계인데 부인이라는 여자가 중간중간 설쳐대며 맥을끊는게 몰입도안되고 짜증나서 못보겠더라 아무리 현재가 페미를 존중한다고해도 이영화의 배경은 60년대란말이다 꼭 이렇게가지 여자의 비중을 부각시켜야했을까? ,1,0
561,카씬으로 대충 뭉게기에는 너무 남루한 시나리오와 캐릭터. 아카데미 후보들의 격차가 이리도 크다니.,5,0
562,극장에서 봤어야하는데 그렇지 못해 마냥 아쉬운 작품!,8,1
563,"지금까지 나온 카레이싱, 카체이싱 영화중에 가장 박진감 넘치고 정교하며 리얼했다...인물, 업체, 자동차 면에서는 그다지 공감되는 건 없었지만, 영화에서 이 얼마나 리얼한 레이싱이란 말인가...놀라운 영상들이 가득하다.",8,1
564,7000rpm 어딘가에 모든 게 희미해지는 곳이 있다.,8,1
565,"우정, 도전, 비즈니스.",7,1
566,러닝타임이 긴편인데도 지루할틈이 없다 vod로 먼저보고 영화관가서 다시봤다 그전율을 느끼고싶어서 나에게 또하나의 인생영화가 생김,10,1
567,2019 최고의 영화 어딜가든 빌런이 경영진,9,1
568,이걸 132 만 밖에 안봤다고오 ㄷㄷㄷ 남자라면 ㄱㄱㅅ,9,1
569,흐름을 봤을때  마지막 엔딩은 조금 사족이지 않았을까 싶다.  진정한 우승자에게 경의를 표한 페라리에 찬사를 ㅋㅋ,8,1
570,제임스 맨골드가 힘을 많이 빼도 이정도. 그 다운 영화다. 크리스찬 베일과 멧 데이먼의 케미를 보는것만으로도 즐겁다.,8,1
571,명배우 두명이 영화는 살렸지만 포드 그룹은 진짜 악마기업 나치추종자 엿먹어라!,7,1
572,런닝타임이 길어 초반이 넘 지루했어요 스토리는 뭔 실화라니 쏘쏘 연기는 잘들했구여 켄 부인연기가 어설프고 어색,6,1
573,이 영화를 극장에서 보지 못하고 지나간다면 나중에 dvd를 본 후엔 땅을 치면서 후회하게 된다. 꼭 가서 보시길.,10,1
574,러닝타임 이 전혀 지루하지 않다. 레이싱 장면은 긴박감이 넘치고...어우~ 나이브스아웃이랑 포드페라리 상영관이 너무 적었다.내리기 전에 봐서 참 다행.4dx로 봤으면 스릴 넘쳤을 듯!!!!!,10,1
575,평생 일 하지않아도 되는 직업,8,1
576,차좋아하는 남성들은 꼭 보세요. 빵빵한 사운드에 실제 레이싱하는듯한 기분.,9,1
577,최고. 4번봤다,10,1
578,남자들의 영화지만 여자인 나도 너무너무 재미있게 봄. 크리스찬 베일도 좋았지만 나는 맷 데이먼 연기가 정말 섬세해서 감동받음. ,9,1
579,"배우들의 연기는 말할 것도 없고, 몰입도가 장난 아니다. 현장에 있는 듯 긴장과 환희와 분노를 함께 느꼈다. 긴 러닝타임이 순삭됨. ",10,1
580,"역사의 기록면에서 의미있는 작품...  그외엔 모든 면에서 하급인 작품... 가끔 일부러라도 F1 시간내서 보는 사람인데, 영화 내내 시원한 장면 하나 안 나오고 사실에 기반한 영화라 어쩔 수 없는 부분이 있었겠지만 클라이막스도 형편없이 끝남.  이게 어떻게 8.8 이란 점수를 유지하고 있는지 이해가 안 됨...",4,0
581,사운드 좋은 극장에서 봤으면 더 좋았을걸 ,10,1
582,멋진영화 ... 순수 장인정신이 돋보이는 영화.,10,1
583,"제목이 병맛이라 안봤는데, 재밌네요. 포드 돌려까는 영화를 개봉했네. 최후의 승자는 페라리?",9,1
584,가벼이 날리는 영화가 아니라 좋았지만 기대 이하로 지루했고 긴 스토리 라인이 답답했다,7,1
585,보지는 않았지만 대망작,0,0
586,간만에 정말 재미있게 봤다. 역시 영화는 페미묻지않은 남자들의 영화가 재밌다. 이런것조차 계집들나오면 진짜 세상 망한거다,9,1
587,겨울왕국이 백배 나아  이딴 쓰레기랑 비교하지마 ,0,0
