﻿,document,score,label
0,대한민국 cj enm 제작 배급 영화의 나쁜 예시. 좋은 소재 좋은 배우 허접한 시나리오와 연출력.  요새 드라마 영화들이 얼마나 현실고증 잘하고 액션연출하는데  농담 아니라 27년전 미국영화 스피드가 이것보다 100배 잘만들었다. 제일 꼴받는건 다른 영화는 하루에 두번 상영하면서 이딴 영화를 1시간마다 상영해준다는거 이러고 뉴스에서는 코로나 시국 이래 최대 예매 이딴 기사 싸지르면서 돈 회수하겠지?,1,0
1,와   영화보는동안 고구마 천개는  먹은듯... 더 웃긴건 경찰이 신원조회도 빼먹고 지창욱 투입시킨거ㅋㅋㅋㄱ,6,1
2,감독이 무식해서 너무 이상하게 쓴 각본을 너무나 훌륭한 배우들이 최선을 다해 커버했음에도 개연성 상실로 폭망,1,0
3,"해운대해수욕장 도착 이후로는 영화 밸런스가 급격히 무너지기 시작함. 하이바도 안쓰고 폭발물에 다가가는 진경, 문짝 다 뜯고 플리스틱 바리케이드만 설치하는 장면, 자기만 살자고 보호조끼입은 류승수 등 그냥 전부 어설픔.  무슨 생각으로 투자를 하고 만들었는지 이해가 되지 않음.  부산구경, gv80, 안쓰런 조우진 빼고은 볼게 없음. 비추.",4,0
4,"얙션을 보여주고 싶은건지,가족애를 다루는것인지, 사회부조리를 다룬것인지 이것저것 썩어 스피드한 얙션 살짝 가미해서 전개는 빠르게 빠르게 하면  좀 있어보이나? 얙션도 허접하고 시나리오는 개차반에 조우진 아까운 배우 데려다가 이게 뭔짓이요? 거기다가 한국영화의 고질병인 신파는  요소요소에 너무 자주 나와 지루하다 못해 중간 이후부터 화가 나더이다. 멋만 배운 감독잘못인지? 시나리오를 뒷발로 쓴 작가의 잘못인지?",1,0
5,현대차광고  부산시광고  본것같음 예매순위 1위라고해서 봤는데,1,0
6,카레이싱 5%에 신파 95% 그냥 영화내내 신파 메들리를 틀어놓으니 성질만 나는.. 경찰이 신원확인도 안하고 그냥 아무나 막 보내주고 있고… 스피드를 기대했지만 기억남는건 g80과 신파에 지친 내자신,2,0
7,중반까지는 그런대로 스릴도 있고 좋았으나 이후에는 영.. 적룡이나 유덕화가 주연으로 나오는 짱개 폭탄소재 영화보다 더 못함.글고 한국식 신파는 이제 그만..,1,0
8,"배우 연기도 좋고, 시나리오도 괜찮았으나.. 결말이..영화사 높은 분들의 입김이 심하게 들어간듯한... 지창욱 저렇게 죽을려면 뭣하러 저런 소동을 부리는지, 조우진 마지막에 증거가 없으니까 '제가 증거입니다' 이거 뭔소리래?? 존재감 하나도 없던 진경배우..세상에 어떤 고딩 딸내미가 살려고 내라라니깐 덥석 조수석으로 달려가서 아빠랑 죽을래 그런데??? . 등등등...말도 안되는 내용들 몇있고... 조우진의 연기가 영화를 재밌게 만들었음, 아 조우진 딸내미도 연기잘하데.. 오랜만에 김지호 보니 많이 늙었네",6,1
9,현대차 GV80  광고찍는  줄  알  았네요? 차문짝을 다 뜯어내고 달리면서도 전화통화를  한다는  말도 안되는 설정.,4,0
10,이건 진짜 아니야,1,0
11,아   외국영화   따라했는데   제목   기억안남    재미없어요   정말   알바많네   돈아까워요,3,0
12,이거 제목 바꾸세요 제목 제네시스 gv로 바꾸세요; 진심 보면서 집중 하나도 안됨. 작정하고 제네시스 광고하려고만든영화   조우진 연기 하나만 보고 영화봤어요 저예산 94분짜리 제네시스 광고영상 스릴러로만듬 돈버림,2,0
13,그냥 킬링타임용이라길래 기대 별로 안하고 간 상태였는데도 그지같았어요 ㅎㅎ 킬링타임용으로도 추천 안합니다.. 이걸 예매한 나한테 화만 남,2,0
14,그저 신파....신파...신파....웃기지도 않아 감동적이지도 않아 무섭지도 않아 그렇다고 사회를 비꼰것도 아니야 그냥 의미없는 영화 당신의 90분을 유료로 날릴 수 있는 최고의 방법 지금까지 연화관에서 영화를 보고 시간아깝다고 생각한적은 없지만 영화를 보며 처음으로 잠들뻔함.,1,0
15,개암걸리는 영화 주인공이 죽었으면 하는 유일한 영화 부지점장와이프 주인공와이프 딸 최악이다 ㅡㅡ  조우진 아깝다,1,0
16,감독이 멍청한건지 아님 작가가 멍청한건지? 저 상황에서 용의자가 왜 아빠냐고? 1살 먹은 애도 범인이 아니라는걸 알겠다..... 돈이 남아돈건가? 아님 감독과 작가는 고객을 호구로 보는 건가?,2,0
17,94분짜리 제네시스 광고... 그와중에 르노삼성1패,1,0
18,평점 0점 없나요... 1점도 아깝습니다...,1,0
19,갠 적으로 좋아하는 조우진 배우가 주연으로 나온다길래 리뷰를 보았지만. 아......오래전 한국영화 퀵하고 다른 건 그때는 오토바이였고 발신제한은 자동차라는 거? 아직 영화를 본거는 아니니 단정 할 순 없지만 중타 치기도 어려워 보임. 정말 조우진 배우 좋아하는데 왜 하필..ㅠㅠ   총평 : 아쉽네요!!,5,0
20,재미도없고 감동도없고  시나리오 진짜...,1,0
21,27년전   미국판  스피드   21년  한국판   스피드인가? 미국판 스피드는  속도가  줄거나  멈춰도  터지는데 멈출수가  있네  ㅋㅋㅋㅋㅋ 한국  교통상황을  봐주면서   멈출수는 있고  내리면 터진다  ㅋㅋㅋ 거기서 긴장감은  끝난거지 평점만  보면 대박칠 영화인데 우리 관객  수준을 어떻게  봤으면 개봉도 안한 영화를  10점씩줘 개봉하고  관람하고  평점을  먹여야지 평점만큼  대박날지  봅시다,1,0
22,미국 영화 스피드를 따라 했지만 형편 없는 아류작..... 차 소리만 듣고 싶으면 봐도 됨.   미국 영화 스피드하고 비교하지 마라. 미국 스피드는 명작이다.  그냥 차소리만 듣고 싶으면 써라운드로 해서 비싼 돈 내고 봐도 된다. 소리 없이 사라질 영화다.,1,0
23,요즘 한국영화 왜이러니? 너무 대충인거 아니니? 개연성도 이해도 뭘 말하려하는지 통 모르겟더라는.... 조우진 배우 아직 원톱하기엔 역부족이네요.,1,0
24,"오늘의 교훈 : 남에게 해끼치지 말고, 바르게 살자.                         그리고 평소에 가족들한테 관심도                          줄수있는 여유로운 삶을 사세요~^^",3,0
25,레퍼런스를 보고 카피를 어설프게 했고 연출력도 부족하고 시나리오가 너무 허술함 억지 설정이 과한 것 도 문제,1,0
26,지긋지긋한 한국식 신파,2,0
27,뭔가 많이 아쉽네 배우들 연기만 좋고 연출이나 스토리가 많이 빈약해보임... 그럭저럭 볼만하긴함,6,1
28,스토리가 넘 예상가능 중간에 차폭팔할때 소리가너무커서 놀란거빼곤 바다가에  차세워놓고  바리게이트 치는장면부터 어서끝나길 바랬던 영화 조우진님 연기는 빛났고 지창욱얼굴때문에  6점드림~,6,1
29,배우들 연기는 좋았는데 각본이 너무 성의가 없다.,6,1
30,액션은 없고  부성애만 보여주는 영화. 뭘보여주려고 하는지 알수없는  어설픈영화,8,1
31,배우의 연기밖에 생각안나고 부모와 자식간에  신파를 끌고갈 개연성이 너무 없었음.   연기는 잘했으나 아역의 연기가 연결을 못시킨. 납치할때 영화적인 요소라고 해도 억지. 조금만 더 생각해서 시나리오 구성 했어야 하는데 아쉬움. 배우들의 연기력 마저 없었으면 별점을 토해내야 할 정도로 시나리오가 아쉬운 영화 . 아마 런닝타임이 너무 짭아 구현하기 쉽지 않았을것 같음.,2,0
32,gv80광고인줄알았습니다. 연기는 잘하는데 뒤로갈수록 고구마,1,0
33,"개연성0 스릴0 고구마10000 초반부터 모든 여자출연자들을 돌아가며 ♪♩ 만들고, 경찰은 뇌도 없고.. 1시간 반 내내 허술함이 돋보이는 영화.  지창욱 목소리 연기는 생각보다 훨씬 별로였고 그나마 조우진이 살린 영화.",1,0
34,경찰이 용의자 상황파악도 안하고 주인공은 고구마고 제네시스 광고만 하고있고 현대에서 얼마?,1,0
35,극악  이런 영화는 없어져야 된다 스릴러 사회의식 반성 각성 신파 좋은 소재 가지고  아무도 공감 못 할 망작을 만들었구나 리메이크면 현실적인 각색을 제대로 좀 하지 투자 제작 연출 한 넘들 지들만의 키득거림을 대중에게 왜 던지니 왜 문화 소비자들은 개돼지니 이정도면 될거 같아서? ♪~들이 돈줄잡고 이런 거 생산하는 이상 한국영화도 동력이 마른다 할 수 밖에 0점이 안돼서 1점 준다,1,0
36,최악,1,0
37,막장 아침드라마수준  C급 배우 총집합 작가. 감독. 투자자 다 죽어라 이런걸 돈들여 찍었니? 시간 때우려 보는거라 영화.좀 참고 보려다 못참고 내 평생 처음으로 영화평 남김,1,0
38,이런 평범한 얘기 하기 싫은데 한국 영화의 한계다. 야구랑 똑같다 탑클래서 몇을 제외하고는 수준이 안된다,1,0
39,너무나도 어설픈 연기라 평점 주기도 민망하다. 특히 여자 반장이 특수복장이랍시고 입고 와서 설득이라고 하는데 저러다 넘어지면 마치 깡통로보트 처럼 넘어지면 못일어나게 생겨서 웃고 말았다.  그리고 차안에 부상당한 아이를 그렇게도 오랜시간 방치했다가는 죽고도 남았다. 또 한번 실소....ㅋㅋ 주제는 누구나도 당할 수 있기에 공감은 하나 연기가 영~~~~ㅠㅠㅠ,2,0
40,"나름 괜찮은데, 범인의 협박방식과 주인공의 대처 방법, 교사 및 조종 과정에서 허술하고 답답한 부분이 많이 느껴져서  영화의 완성도를 크게 떨어뜨리네요.",6,1
41,아역 캐스팅 오류ㅠ 집중안되는 비주얼ㅡ.ㅡ,1,0
42,런닝타임 짧은게 좀 아쉽네요 조우진 배우 믿고 봅니다 진짜 천의 얼굴!!  연기의 스펙트럼이 엄청 넓음 작품 큰거 하나 잘 맡으면 지금보다 더 대배우로 성장할 수 있을 듯,10,1
43,조우진의 명연기로 시간가는줄 모르고 감상하였습니다. 조금 매끄럽지 못한 전개도 있었지만 사회정의를 다시금 생각해보는 계기가 되었습니다. 오랜만에  영화를 재미있게 보았습니다.,8,1
44,시작부터 시간가는줄 모르고 계속 눈때지않고 잘봣음.. 확실히... 연기잘해요.. 몰입해서 내가 긴장됌.,8,1
45,조우진 배우 연기 좋았습니다,10,1
46,배우분들  연기만으로도 강추해요,10,1
47,외국영화도 이거랑 똑같은게있던데  아버지가애들 태우고 출근길에 의자아래 폭탄땀시  고분분투하는걸 보았는디,1,0
48,케이블TV에서 봤던 영화의 리메이크같은데?,3,0
49,교통 체증이 심한 부산을 배경으로 폭탄 차량이 질주한다니..... 스피드는 멈추면 폭발되는 상황이라 스릴감이 역대급이였는데..... 이건 머 가다 서다해도 테러범이 버튼 안누르면 안터지는 폭탄이네..... 그러니 긴박함은 덜해보이네여..... 차에서 안내리면 안터지냐 ㅋㅋㅋ,6,1
50,퀵  + 스피드  미니멈 버젼,2,0
51,1. good 빠른전개(중반부 약간 루즈) 카메라 위치   2. so so CG느낌 다소남 스토리전개 3. bad 아역들 캐스팅,9,1
52,레트리뷰션  응징의 날의 리메이크 작으로  나름 긴장감과 긴박감은  있었다.인과 응보 자업자득 이란 사장성어가  떠오른다~~,8,1
53,내일 개봉작 보러 가는데 조우진 형님의 첫 주연작 기대되고 응원합니다.,10,1
54,사이다 1.5리터 한박스 옆에 끼고 보세요 가슴 답답증으로 응급실 갈수 있어요~ 한국에서는 해처먹는 놈들이 제일 잘산다는 깊은 교훈을 주는 영화,1,0
55,"너무뻔한 스토리, 어디서 많이 본듯한 스토리, 예상이 하나도 빗나가지 않는 스토리..",3,0
56,기대없이 봤다가  재미나게 본 영화. 배우들의 열연이 느껴졌음.,8,1
57,너무 뻔한 스토리임.  배우들  연기는 잘하나... 디테일 부족함.,3,0
58,"음 일단 초반에 시작하자마자 광고 나오길래 왜들그리 차광고 94분 이라하지 싶었는데 보자마자 친구랑 푸핫 했네여 막 그렇게 못 볼 영화는 아닌 듯,, 배우들도 연기 넘 잘해서 몰입도 있게 잘 봤어용 진짜 아쉬운건 어떤 분이 말하던데 감동을 줄려한건지 가족애를 줄라한건지 스릴을 줄리한건지 애매해요,, ㅠㅜㅜㅜㅜ 내용은 심오하고 ㄱㅊ은데  그냥저냥 할거 없을때 볼 만한 영화,,",6,1
59,와 간만에 쓰레기 영화.. 연기들도 개판 1분전이고 대학교 연극동아리 애들이 저거보다 나을듯. 개연성은 밥말아먹고 이건 뭐 총체적 난국. 극장에 올리기도 민망한 수준의 F급 쓰레기,1,0
60,의도적으로 우리나라 경찰을 꼬집어서 표현하고자 지창욱의 신분확인도 안하고 투입한건지 모르겠지만 조금 답답한 면이 없지않았습니다. 하지만 알고도 판매한 금융상품에 대한 고찰은 좋았습니다. 조우진차량의 스피드는 느껴졌지만 추적하는 경찰차의 스피드는 느껴지지 않음이 한계인가 싶기도 했구요. 암튼 잘 봤습니다.~,7,1
61,코로나로 영화를 거의 못봤는데 오늘 아들과 개봉날 보게되었습니다. 첨엔 소재를 참 잘 끌고 왔고 참신하다고 생각했는데 원작은이스페인영화 레트리뷰션 응징의 날  이라는  사실에 조금 실망했지만 나름 공감하면서 재미있게 봤습니다. 확신도 없는  상품들을 대박난다고 팔아놓고 쪽박을 넘어 목숨까지 가져가버리고 그 누구도 책임지지 않는  세태를 잘 꼬집었다고 봅니다.  누군가의 성공 뒤엔 누군가의 피 눈물이 있다는 것. 알고도 그 희생을 제물로 삼는 세상. 요즘 주식과 코인으로도 반복되는 딜레마입니다. 범인 지창욱이 뚠금없이 삼촌으로 등장하는데 신원확인도 없이 아이를 맡기는 경찰을 보고 어이가 없었습니다. 리메이커라하더라도 우리나라 현실과 잘 믹싱해서 긴장감있게 잘 봤습니다. 꼭 누군가는 짚고 넘어가야할 내용입니다,9,1
62,배우들의 등골시린 연기력이 허망한 마무리로 귀결되는 내러티브를 버텨냈다. 카체이싱은 헐리우드 무비처럼 시원하게 폭파되고 뒤집어지지는 않지만 세세한 디테일이 돋보였음. 조우진 지창욱 배우 대단.. 👍,9,1
63,굳이 부산까지 가서 찍을 필요가 서울에서도 충분한데 부산홍보하려고 영화에서 지겹도록 부산 봤잖아,4,0
64,조우진 연기 개쩔고 재밌게봄 부산가고 싶다,10,1
65,GV80  홍보 영상느낌이 강해 몰입도 떨어짐 조우진 연기 굿 중간에 딸이 굳이 폭발물 설치 의자에 개연성 없이 앉은건 패착 그 이후 긴장도 떨어짐,7,1
66,평점이 안좋아서 볼까 말까하다 봤는데 재미만 있구만!!!,10,1
67,외국영화 레트리뷰션 리메이크  했네요... 힝!! 그 영화는 잼있었는데ㅠㅠ .....이건  너무했어잉ㅠㅠ,4,0
68,영화 5분 보는동안 지루해서...영화평을 보니 엉망임을 알고 안 보기로 함,1,0
69,오랜만에 영화나 보자며 아내랑 첫타임 보게 되었음 첫타임이라 그런지 3편 밖에 없었고 그냥 찍어서 ‘발신제한’을 선택  배우 조우진은 여러 영화에서  이미 친숙해져 있던 터라 영화 보는 내내 지루할 틈이 없었음 팬은 아니지만 조우진은 개성있고  다양한 캐릭터를 가졌다는 점에서 인정  배우 이재인은 ‘라켓소년단’에서 인상깊게 봤었는데 그래서인지 연기력보다는 그냥 반가움 정도 검색해보니 출연작이 많았었구나 하며 살짝 놀람  배경이 부산이어서  ‘아~ 부산이 저렇게 바뀌었구나’라는   개인적으로 좋았음  그런데 원작 ‘레트리뷰션 :응징의날  영화 소개 프로그램에서 봤는데 구체적으로 비교/분석 하지는 못하지만 배우들만 한국 배우로 바뀐듯   긴장감이 많이 떨어져 감동없는 가족드라마를 본것 같네요,4,0
70,"부산홍보가 목적인가, 제네시스 광고가 목적인가. 올해 영화관에서 랑종과 더불어  끝나고 난뒤 관객들 단체 한숨퍼레이드. 0점을 못줘1점을 하는수 없이 주지만 이딴 내용에 열연한 배우들 연기력 때문에 +1",2,0
71,키아누 리브스 '스피드' 충무로 버전 근데 스피드를 모방했다는 말을 듣지 않으려 한 탓인지  오히려 긴장감이나 스릴에 있어 살짝 아쉬움. 그래도 재미가 없지는 않음. 제네시스 SUV가 가장 돋보이는 영화.,7,1
72,먼저 조우진님 첫주연을 축하드려요 울컥했던 장면도 있었고 역시 연기 정말 잘 하시더라고요 근데 딸이 앉았던 의자에도 폭탄이 있었는데 자동으로 타이밍이 맞춰지는 설정인가 보죠? 엔딩이 좀 아쉬웠지만 양심적인 태도는 보기 좋았어요.,8,1
73,조우진배우님!!! 연기 정말 잘하시네요... 생각보다 재미있습니다... 마지막이 좀 아쉽네요..,9,1
74,거의 1년만에 극장에서 영화를 봤다  문화의날이라 생각보다 사람이 많았다 조우진이 첨부터 끝까지 끌고간영화   담 영화도 기대합니다,8,1
75,영화가 재미있어서 또보고싶어요,10,1
76,스릴감 좋고 스토리좋고  재밌게 봤습니다,10,1
77,재미있다. 처음부터 끝까지 심장 쫄깃.,10,1
78,조우진 배우가 끌어가는 영화고 시간 잘갑니다. 원작을 알아서 그런지 평작수준..,6,1
79,조우진 연기 진짜 잘해서 완전 몰입하면서 봤네요ㄷㄷ,10,1
80,30년전에 보았다면 좋았을걸... 지금 보기에는.,1,0
81,"원작을 본 사람으로 원작이 생각나지 않을 만큼 집중해서 잘 봤습니다. 조우진 배우님 연기는 말 할 것도 없이 좋았고,  물론 부분적으로 아쉬움이 있기도 하지만 저는 대체적으로 만족하는 영화였습니다.",10,1
82,조우진 혼자 다했다. 나머지는 댓글 읽어 보면 될듯...,5,0
83,진경 배우 딕션이나 말투가 이상해요...... ㅠㅠ,3,0
84,돈이랑 시간이 아깝다.,1,0
85,gv80조수석 에어백안터짐 ㅋㅋ,1,0
86,도통  긴장감 이란걸 느끼기 힘들다.,6,1
87,"잘 봤습니다. 금융회사들의 탐욕이 얼마나 많은 사람들을, 또 그 많은 사람들 하나하나를 얼마나 커다란 고통으로 밀어 넣었는 지... 극의 전개도 훌륭했고 시사하는 바도 시의적절했다고 봅니다.",10,1
88,조우진 배우님 연기 너무 잘해요!,10,1
89,55분 경까지는 볼만함. 그 이후는 진부한 막장 신파.,4,0
90,good,10,1
91,대충 예상 되는 시나리오~우선 배우님들 연기가 좋았어요~  재밌게 봤네요~,10,1
92,이거 뭐 비슷한 시나리오의 영화들이 너무 많은거 아닌가  대표로 더테러라이브도 비슷한 류의 영화인데 더테러라이브가 긴장감 몇수는 위다  감독이 긴장감에 대해 좀 더 공부를 하고 만들었어야지  극장에서 안보길 잘했다ㅋㅋㅋ  이재인배우 요즘 드라마든 영화든 많이 쓰시네 개인적으로 팬입니다^^♡,6,1
93,"최근에 본 영화중 가장 좋다. 이 영화에서 더 테러 라이브가 생각나고  이런 뻔한 소재를 이정도 몰입도 높은 영화를 만든 배우, 제작진에게 감사한다. 다만 시나리오가 조금 부분적으로 미흡해 2% 부족하나 요즘 시기에 이정도 영화면 칭찬할만 하다 모든 영화가 오락 영화는 아니지 않나",10,1
94,감독님이 최대한 현실성 있게 만드신 것 같다... 그리고 맨날 집에서만 영화 보다가 영화관 와서 보니까 돈이 아깝다는 생각이 안 든다...,10,1
95,"간만에 몰입해서 봄,......제네시스 팔공이땜에 봤지만...ㅎㅎㅎㅎ 전혀 지루하지않음...",10,1
96,"조우진 배우의  새로운 연기와  첫 주연작에  올해 처음  극장으로 고고~!  뭐 이런저런 평들이 많지만.. 결국, 연기자의 훌륭한 연기력은 작은 오점들까지도  완벽 커버하고 ~^^  영화에 대한 섬세한 평론적 시선보다,   가벼운 마음으로 감상한다면   충분히  재밌는  영화로  점수를  줄 수밖에 없네요.  친구에게도  추천하고픈  영화~(짝! 짝! 짝!)",10,1
97,영화가 아무리 재미있을려 해도 관객의 납득이 되는 시나리오를 써야지... 아니 문자로 범인은지시를 하는데 왜 자기는 경찰한테 문자로 상황을 못이야기해? 이대목에서 어거지 전개로 인해 영화의 흥미가 뚝 떨어짐.. 그냥 재미에 촛첨만 둔 시나리오... 글타고 썩재미도 없엇음...,6,1
98,재미있어요. 아빠를 사랑하는 딸의 모습에서 눈물이 핑~~,10,1
99,조우진배우님이 영화를 살리네요 시나리오는 많이 빈약해서 아쉬움.,8,1
100,재미는 있는데 뭔가 허접하달까...? 아니 그냥 배우들 연기력에 저정도 별점이지 그마저도 없었으면 진짜 처참할듯 했는데... 사실 뭘 말하고 싶었던건지 잘 이해가 가지 않았지만 생각에 생각을 거듭해야 그나마 '아..' 하고 이해할듯. 그래도 코로나 땜에 영화간 못가고 있었는데 간만에 가서 쫌 짜릿하게 보고왔네요. 나름..,8,1
101,잘 만든영화 재밌있었어요,10,1
102,재미게보고왔어요 믿고볼수있는영화 조우진,8,1
103,GV80 광고 영화. 10점짜리 조우진의 연기 하나로만 8점,8,1
104,오랜만에 재미있는 영화였습니다 아들과  같이 봤는데 아이도 재밌어하네요...지창욱 배우 연기 넘 좋았습니다 목소리도 너무 인상적이고...짧지만 강렬했습니다,10,1
105,연기라고 안 받쳐주면 끝난영화,8,1
106,재밌어요 반전이 있어 좋았고,10,1
107,오랜만에 영화 뵜는데 괜찮았어요.,8,1
108,여러가지를  생각하게 하는 영화네요. 간만에  좋은영화^^,10,1
109,기대없이 봤는데 괜찮네요 조우진배우 및 따님도 연기 좋았습니다.,8,1
110,연기 너무 좋았고 조금 이해가 안가는 부분이 있지만 몰입감도 좋았습니다. 오랜만에 괜찮은 영화 잘 봤네요~,8,1
111,약간의 빠른전개가 좋았어요 킬링 타임용 좋아요 단 약간의 과장 8분 남았다고 한는데  주차하고 할말 다하고도 시간 엄청남음 ㅋㅋㅋ,8,1
112,"살짝 지루한 점도 있지만 전체적으로 괜찮은 영화임. 연기자들 연기도 좋았고, 개인적으로는 스토리가 괜찮았음.  결말이 꽤나 슬프네. 이 부조리한 세상이 현실임이 괴로운....",8,1
113,방금 영화관에서 봤는데 짧지만  대박이네요!!! 눈물두 나구요ㅜㅜ 배우님들 수고 많으셨어여~~,10,1
114,"조우진, 지창욱 연기가 좋음. 짧은 러닝타임에 비해 내달리는 영화라 몰입하다보니 시간 금방감",10,1
115,조우진 연기 대박! 간만에 극장에서 몰입해서 봤다 ㄷㄷ,10,1
116,오랫만에 보는 쫄깃한 긴장감 넘치는 스릴러!,10,1
117,잘봤어요^^,7,1
118,통화목소리 대사가 하나도안들림,6,1
119,진짜 cg랑 연기력빼곤 상황이나 설정이 허접 그 자체다 ㅉㅉ,1,0
120,이 영화의 원작은 레트리뷰션~  엄밀히 리메이크작이다~  의외로 모르는 사람이 많음~,6,1
121,"별도 아까운 스토리, 범인이 짜증남",1,0
122,해운대 바닷가 도착후 ...ㅠㅠ,6,1
123,"아니 감독누꼬?  마블즐겨보는데 이래가사 뭐 게임이 되나  세상에나 만상에나  극장갔으믄 극장을 폭파시킬뻔 와우""~언블리버블 견찰 조우진을 용의자로 바로정해뿌  범인인데 조우진동생이라니 바로 인정하고 만나게해줌 헐~이마이 어설프나 와이프는 왜 현장에 안델꼬옴?  스토리 왓?전개 왓? 와 이거머 조우진 나오는거치고는 형편없음 차라리 이민기 나오는""퀵""이 더 나음 한국영화 이거밖에 안되나? ㅈ 잡고 반성해야됨 해운대구청장이 만든영화라믄 내 인정한다",1,0
124,역대급최고최고,10,1
125,재미있게 봤어요 ~   역시  조우진씨네요,9,1
126,"결말이 좀 아쉽지만, 조우진 연기 매력있어요~",7,1
127,황당한 부분도 있었지만 믿고 보는 조우진님 연기.,9,1
128,아니 경찰너무 무능함 뭔가아쉬움 스릴이 조금느껴짐,6,1
129,시간가는줄 모르고 시청했네요 단 상영시간이 짧다는것은 아쉬움,8,1
130,처음엔 긴장감 쫄깃했는데 갈수록 허술 진경 씨 연기 기대했는데 역할이 너무 적으심  폭발물 처리반 등장에 비해 한 일이 없으심ㅠㅠ 그래도 간만에 재밌게 잘 봤습니다 조우진님 연기 좋아요,8,1
131,그냥 볼만하내요  난  재미있었음,8,1
132,의외로 재밌네..,8,1
133,"진정한 빌런은 누구인가? 시원한 부산과 자동차 액션의 만남, 그리고 조우진이 이끌어가는 연기력에 흐뭇 뿌듯한 영화",8,1
134,약간 답답한 부분도 있었는데 그래도 재밌게 봤어요👍 배우들 연기도 잘하고 잘 봤어요 오랜만이 친구들이랑 재밌는 영화봐서 좋았습니다😁,9,1
135,개봉까지 오래걸린 영화,8,1
136,"영화를 접하기 전 예전의 하정우 출연의 더 테러 라이브의 내용과 일맥상통한 느낌이 있었는데, 전화 발신자는 어찌보면 악인이라기 보다는 어떤 피해자의 관계인이라는 것이 비슷하다 하겠다. 처음에는 제법 긴박한 전개로 몰입을 하게 되지만, 중간 범인이 주인공에게 나타나면서는 사뭇 집중도가 떨어지는 느낌이 있다. 그렇게 차로 움직여 댔는데 어떻게 CCTV에서 쳐다보는 것처럼 속속들이 알 수 있지? 하는 점이다. 그래도, 이 영화로 교훈을 줄 수 있는 내용이라면, 간접적으로라도 타인을 피해를 주는 행동을 하지 말자, 그로인해 큰 낭패를 당할 수 있다.라는 얘기다.",7,1
137,4d로 봤다면 더 대박일듯요. 관객인 당신도 그 차에 이미 탑승 .. 조우진 배우 첫 주연작 영화. 그의 연기에 나도 울고 긴장을 놓을 수 없다,10,1
138,재미있네요 조우진 배우님 연기 잘하는 분이었군요 몰라봐서 죄송합니다,9,1
139,라임펀드 팔아재낀애들 보고있나,10,1
140,재미있게 봤습니다,10,1
141,배우들 연기짱 특히 지창욱배우 목소리.표정연기 대박,9,1
142,긴박한 스토리가 이어지는데 만족하고 반전이 있는데  뻔한 심파로 진행되어 아쉽다. 보복을 좋아하진 않지만 현실에선 책임지는 사람이없으니 문제의 심각성을 이런 류의 영화가 대변하는듯 해서 씁쓸하다.,8,1
143,지창욱 흥해라!! 지창욱 나오는건 다 재밌음!!,10,1
144,와 오랫만에 긴장감 넘치는 영화 재미나게 봤어요~ 조우진씨 연기 짱입니다~~^^,10,1
145,컴팩트 있게 긴장감있고 재밌어요 지칫 신파적일 수 이쓴 부분들이 배우들 연기 때문에 감정이입이됩니다,10,1
146,너무 잘봤어요💗💗,10,1
147,애들아?! 이건 스피드 따라 했잖아!!! 좀 독창적으로 못하냐?!  너희들 영화 모두 짜집기로 만들고 있다 . 작가가 필요하면 연락해라! 나라 망신 시키지 말고,2,0
148,재밌었어요...굿,10,1
149,잘만들었구만 볼만해요,9,1
150,연기구멍 없음. 긴장감있게 끝까지 봄,10,1
151,개인적으로 조우진 배우가 연기잘해 재밌게 봤어요,8,1
152,예고편 보고 엄청 기대중... 시원한 부산 풍경도 좋고. 엄청 쫄깃해보이는 스릴감도 좋고~,10,1
153,기대됩니다,10,1
154,이런 쫄깃한 영화 진짜 오랜만ㅠ 기대중,10,1
155,영화 좋네요~ 조우진배우 연기 특히 갑 입니다!,10,1
156,음.. 재밌게 잘봤어요.. 중2병 딸내미땜에 홧병나겠어요.. 아빠가 너무 교과서적이고 착하네~~~,8,1
157,잼있어요,10,1
158,"기대하며, 기다려집니다.~~~",10,1
159,시간이 아깝다.,1,0
160,제작도 cj 상영관도 cj 관객만 호구,1,0
161,시나리오 내가 써도 이것보단 잘 쓰겠다,1,0
162,잼있네,10,1
163,코로나 사태 틈타서 아무 영화나 개봉한다지만.. 이건 좀 심하네요.,1,0
164,"전체적으로 개연성이 떨어지는 시나리오에 현실성 떨어지는 설정이 거슬리는 영화..투자 사기당한 섬유공장 사장님이 새파란 젊은 청년인 설정도 말이 안되고 섬유공장 운영하던 사람이 폭탄 전문가가 되어 복수한다는 것도 개연성, 현실성 1도 없는 설정이라 몰입 자체가 불가...폭탄 해체반에 진경 같은 여배우가 나타나는 순간 벙찌는 건 둘째고 폭발물 처리반 현장 투입되는 여자가 꽃단장하고 얼굴 드미는 장면은 헛웃음 나는 포인트! 캐릭터 분석도 안하고 연기하는 진경이라는 배우나 그걸 고스란히 담는 감독이나 한심하기 그지없다...압력식으로 폭발하면서 리모컨으로 터질 수도 있으며 동시에 시한폭탄도 가능하다는 설정은 어떤 병&신이 짠거냐? 대한민국의 남자의 거의 대부분이 군대갔다온 사람인데 몰입이 되겠니?",3,0
165,영화 음악 최악 90년대 밀레니엄 사이버영화 찍나????  소재만 좋지 전반적으로 끔찍하다 음악도 집중력을깨고 억지로 껴맞춘 말도안되는 상황과   연계성도 1도 없고 상황에 맞지 않은 상황은 왜케 많은지,1,0
166,야 이건 정말 해도 해도 너무 했다. ㅋㅋㅋ,1,0
167,뭐지? 고구마 10000000개 먹은거 같은식의 전개.,4,0
168,소재만 좋다 전혀 긴장감없고 신파만 있네,4,0
169,날더운데 폭팔함. 진짜 보지 마시길.,1,0
170,인과응보 사필귀정,3,0
171,조우진의 연기만 칭찬해주고 싶네요.,1,0
172,키아누 리브스의 스피드가 천배 만배 낫다.. 조우진 배우 때문에 참고 봤다가 진심 욕할뻔..,1,0
173,스피드로 시작해서 델마와 루이스로 끝나나 했더니 은행고발 영화였네~  상영관 장악하고 어느정도 흥행은 했는지 몰라도 헐리우드 액션영화 따라가려면 아직 멀었다. 딸은 요즘 영화 드라마에 너무 많이 나온다. 연기력과 외모가 뛰어난 것도 아닌데 부모가 잘나가나봐?,2,0
174,거 액션이면 액션으로 좀 끝내자 꼭 어설프게 눈물콧물 감동 이딴거 넣지말고 돈이 없으니 꼭 저딴장면 넣어서 시간이나 때우고 있으니,1,0
175,보니까 부산 저축은행 모티브로 한 것 같은데.... 초반엔 볼만했는데 중반에서 너무 허술하게 갑자기 전개가 되는바람에... 근데 모티브를 했으면 사회고발을 하던지 아님 가족애를 그리던지... 아님 잔인한 복수극으로 가던지..이도저도.. 되게 어설픈 장르로... 그나마 배우들 연기가.. 좀 볼만 했소이다.,2,0
176,"다른건 그렇다 치고, 경찰의 상식은 안드로메다로 간 시나리오다.",6,1
177,왜 저렇게 안하지? 왜 말을 안하지?   이런 의구심이 들면  잘만든 영화는 아냐  자꾸 왜 왜 왜 생각하다 보면  몰입도 안돼   그 안에서도  연기자들은 잘하네,1,0
178,잼있게 봤어요.. 연기 진짜 잘 하더이다..,10,1
179,배우들의 연기력으로 모든 것을 커버하는 영화,8,1
180,초반부는 너무 차 안 상황만 보여주길래 계속 이런식인가? 싶었는데 뒤로 가면 갈 수록 스릴넘치고 긴장감 넘치네요! 재밌고 여름에 딱 보기 좋네요!🥰 적당히 슬프고 적당히 재밌었어요~~,8,1
181,핵노잼,1,0
182,킬링타임용 영화. 조우진 배우가 아까웠음.,7,1
183,금융상품  불완전판매 피해자 한풀이 영화. 스릴러 아님,5,0
184,"조우진배우님의  연기는 한  알의 겨자씨 비유를 말씀하신 주님의 말씀이  생각났어요. ""모든 씨보다  작은 것이로되  자란 후에는 풀보다  커서  나무가 되매  공중의  새들이 와서 그  가지에 깃들이느니라""  영화를 사랑하는 모든 사람들에게  좋은 연기자로 만나주시기를 비라면서 ""발신제한 "" 잘  보았습니다.  화~이팅 입니다.",10,1
185,익숙한 상황과  장면의 연속이지만 조우진의 강력한 연기력으로 모든것을 만족시킨다,8,1
186,범인 죽는거 빼고 다 괜찮았음 마무리가 좀 납득하기 어려웠음 배우들 연기는 👍,8,1
187,저예산 영화일 듯 하고 아이돌 출연도 없어요. 연기력으로 잘 끌어가지만 약간의 개연성은 부족합니다.,8,1
188,별점 2개만큼 채움이 모자란 영화 였습니다. 너무 큰 그림을 그리고 간 탓인지...,6,1
189,조우진 배우 연기야 말할것도 없고 영화를 잘 찍었다고 느낀게 제네시스 사고 싶더랔ㅋㅋㅋ,10,1
190,넘나 재밌음!! 조우진 배우 진짜 이번에 연기가 대박임,10,1
191,확실히 배우들이 주는 몰입감이 커서 끝까지 쪼이면서 봄,10,1
192,조우진땜에 개몰입해서봣다..후,10,1
193,조우진이 조우진 한 영화! 지창욱이랑 붙는건 처음 보는것같은데 조합 너무 좋은듯,10,1
194,음~~가족애를 원하는분들은 보세요 김지호님 올만에 스크린에서 뵙나 했는데 그닥 분량이 적네요 지창욱님도 쬐끔나오고 기대없이 봐야 후회안할듯 합니다,7,1
195,볼만한데  평점 왜이렇게 낮지?,7,1
196,영화가  거지네~ 보면서 화가 나서 못보겠네요,1,0
197,엄청 지루하고 앞뒤가 안 맞음. 그리고 세소절 음악과 효과음으로 94분을 때움. 독립영화같음.  진경 연기도 거지같음.  연출이 완전 쓰레기. 원작이 있는 영화라는데도  이정도면 앞으로 이 감독은 믿고 거르는걸로. 독립영화가아닌 청소년 영화제 수준도 안되는 연출과 편집력,1,0
198,스피드 2,1,0
199,전 재밌게봤네요,10,1
200,너무 재미 있네요 한 45년전 영화를 보는 느낌이네요 주인공은 총을 한 백발 정도 맞아도 나쁜놈 죽이기 전까지 안죽는 영화  범인 전화기와 블루투스가 자동으로 연결?  창문이 닫혔는데 아들이 다쳐? 차안에 핸드폰이 4개나 되는데 문자 신고도 안해? 경찰이 주인공을 범인으로 지정할 이유가 많이 부족 폭발물 재료가 집으로 택배? 그걸 몰라 소송비가 3십 몇억? 오래동안 소송중인데 주인공이 몰라? 삼촌 신분 확인도 안해? 딸하고 삼촌을 바로 풀어줘? 압력식인데 책으로 앞부분을 받치고 빠져나와? 폭탄은 물속에서 동작 전자기기까지?  주인공 연기력만 아님 ㅉㅉㅉㅉ  영화 만드는데 시간 돈 많이 들어가는데 이따구로 하진 말자구요,1,0
201,`제가 그 증거입니다` 대한민국 법정에서 그거 가지고 해봐라 100전 100패다. 아니 감독아 혼자서 이케 하는거 겁나 폼나지 않아 이러면서 영화만들지 말고 제대로 자문구하고 제대로 자료검증하고 공부하면서 만들어라 정말 사람들이 왜 무식한 감독이라 그랬는지 알겄어 법률자문도 받고 폭발물전문가 자문도 받고 경찰자문도 받고 모르는건 죄가 아냐 모르면 아는 사람들한테 배우면 돼.,1,0
202,영화 자체를 오랜만에 봐서그런가... 나쁘지않았다. 평점들을 보니 다들 개연성이나 어설픈 부분이 문제인 것 같은데.. 완성도 높은 웰메이드 작품을 기대한다면 좀 애매하지만 그냥 대충 킬링타임용으로 아무생각없이 적당히 과자나 먹으면서 쉬고싶을때 볼만한 영화로는 손색이없다.,7,1
203,"스토리 개연성 없고, 수준 높은 관객 따라잡기엔 한참 모자라는 현실감, 감독의 연출력 또한 폭망이다. 한참 공부 더하고 오셔야 할 듯. 어쩜 이리 허접할까... 부지점장 차량 폭탄 터지고 어디서 날아온지도 모를 파편에 아이 다리만 부상... 이 부분부터 내용 포기하고 봤습니다. 그냥 끝이 어떻게 마무리되나가 궁금했을 뿐. 현대차와 부산시 홍보영화 비싸게 찍었다는 느낌.ㅎㅎㅎ",2,0
204,중반부터 잠이 쏟아진다. 끝까지 보긴 했지만 참 답 없다.,4,0
205,어느 쪽에 이입하든 절망의 간접 체험,6,1
206,"이상하게 평점이 낮은 영화들이 있다. 이 영화도..  우리나라 GDP가 세계10위라는데,  사람을 죽여도. 마약을 해도. 금융사고를 쳐도. 음주뺑소니를 해도. 돈만 있으면 감옥에 안갈 수 있는 나라가 과연 선진국일까?  이 영화는 금융계 종사자들에게 꼭 권하고싶다.  우선 투표부터 잘 하자. 복수보다 공정한 법규제정과 집행이 먼저다. 다음 대선 투표일 2022년 3월 9일이다.",8,1
207,범인 만나기 전까지는 80점. 그후부터는 30점. 일단 EOD팀장으로 여자를??? 요즘 영화들 페미표 의식해서인지 너무 앞뒤 안맞게 여성배역을 정하는데....관객들 무시하면 안됩니다.  그리고 범인 만난 후 긴장감 증폭되는 시점이  한번은 더 있어야 했는데 계속 내리막길. 신파스러운 대사도 마이너스.  주연의 연기력때문에 5점 드리고... 사실 못만든건 아닙니다. 잘 만드셨어요. 좀더 각색을 하셨으면 좋아겠다 싶네요.,5,0
208,"조우진이 다 했네.. 그외엔 볼껀 없지만, 조우진 연기로만으로도 볼만",7,1
209,손에 땀이 쥐어져야 하는데 입술에 쌍시옷을 물리는 영화...  이 뭔 같잖은 액션들 이거 다 뭐야... 수많은 것 중 하나지만 어떤 헬기가 미쳤다고 그렇게 비행을 하나!  어디 본건 있고 멋있어 보이는 것들 피규어 자랑하고 진열하듯 액션 소재들을 무의미하게 소모하는 멍청함...  감독은 배우들과 스텝들에게 사과해라!,7,1
210,내예상이 맞았다. 아직주연급하기엔 멀었다본다.,3,0
211,"스토리가 약했긴 하지만, 그래도 재미있게 봤습니다.",8,1
212,배우들의 대사 톤이나 속도가 마치 책을 읽듯이 딱딱하고 부자연스러운 느낌이 든다. 충분히 더 잘만들 수 있었을텐데 아쉬움이 좀 남는다.,6,1
213,조우진의 연기뿐~!,2,0
214,자판에 손간다.....♪♬♩♪♪~데......이제..ㅂ는 닌  ♬♩중 최고♪♪임.....,1,0
215,"그냥 먹먹한 영화네,,,,,,",6,1
216,배우분들이 살렸어요.,10,1
217,그냥저냥 볼만함,8,1
218,스릴과 전개는 무난한데 은근히 몰입할만하다,6,1
219,고구마 천개 먹은 듯한 답답함과 막판 무의미한 신파 유발 콤보,4,0
220,금방 티브이에서 하니깐 궂이 비싼돈주면서 보지는 말아주세요 진심입니다.,1,0
221,"리암니슨 나오는 이런 류의 외국영화 볼 필요 없어보인다. 이제 한국영화로도 충분히 즐길 수 있겠다. 영화 내부자들에서 벽돌로 이병헌  뒷통수 까던 조연 조우진이 더이상 아니야. 얼마전 사회적문제가 된 은행 KIKO상품 불완전판매를 소재로 하고 있는데, 그때  피해자중 죽은 사람은 없었는데 영화에서는 아내가 죽어서  남편이 복수한다는 설정은 너무 과해 보임. 어쨋든 강추~!",8,1
222,기대1도 안하고 봤는데.... 출연진들 연기력 정말 대단 간만에 재밌게 본 한국 영화네요,9,1
223,요즘세상에 이런연출이라니.. 참안타깝네요,1,0
224,해운대에서 해인이 앞좌석으로  넘어 가는 장면 보고 진짜 영화 실망이다 느낌.,3,0
225,"결국 가해자는 살아남고 피해자는 죽는다는 것. 피해자는 아기와 함께 억울한 죽음을 당했는데, 그를 복수하겠다는 피해자 남편은 죽고 수많은 피해자를 양산한 가해자는 살아남았다는 것. 가해자가 살아서 피해자들을 위해 싸워준다는 건 나중 일이고 왜 피해자가 죽어야 하냐고?",5,0
226,억울한 사람이 아무런 도움도 못받고 피의자가 되어 죽었네요~  이젠 이런 영화 안만들었으면...,2,0
227,왜  많은 인원들이  참여했을텐데 의견들이 없나 차랑 광고 영화제작을 한거 같네요 에휴,1,0
228,진짜 감독 언제적 시대 사람이노 .... 배우만 최신이고 시나리오가 1980년대 양산 한철 영화노.... 이건 아니지,1,0
229,조연급을 주연써서 망한 영화ᆢ 100원이 만원이 될수없다ᆢ 탑스타가 괜히 탑스타가 아니다ᆢ,1,0
230,고구마,1,0
231,조우진씨 연기는 정말 잘 하시네요.  그것만 볼 만합니다.,6,1
232,Reality 현실성이 너무 떨어지는 말이 안 되는 영화. 앞에서 차가 폭파됐는데 뒷자리에 앉아 있는 아들 다리에 파편이 박혀서 피가 나옴. 영화에 나온 것처럼 아들 다리에 파편이 박히려면 차 위에서 터졌던지 아니면 아빠에게 파편이 박히거나 아니면 아들 가슴 쪽이면 모를까? 앞에서 차가 폭발해서 그런 각도로 아들 다리에 박힐 수가 없음  그런 것부터가 전혀 말이 안 됨 그래도 어느 정도 개연성은 가져야지....,1,0
233,조우진 보는 맛에 봤지만....주연감으로는 매력 부족...내용은 평이.,5,0
234,그리고 혜인이랑 마누라는 경찰한테 설명 안하냐?? 왜 조우진이 범인 취급받는데 ㅈㄴ 어이없네 ㅋㅋㅋㅋㅋㅋㅋ,1,0
235,"증거는 접니다 할 때 손발이 오글거림,,,딸 납치때도 여기 동남아 경찰인가했음ㅡㅡ초딩이 각본 쓴듯 했습니다.",2,0
236,요즘 한국영화 왜 이러나?..미드나잇이란 영화보다가 이것도 영화냐 싶어 중간에 나왔는데..이거 역시 허접하네..너도나도 감독하겠다고 나서니...한국영화 질이 점점 떨어진다..,1,0
237,아 CB 시작하자 마자 욕 나온다 극장에서 비싼 돈 주고 봤으면  어쩔뻔,1,0
238,긴장감 한개도 없는 복수극,3,0
239,이런 불완전한 시나리오라도 영화는 잘 만든다. 이 팀들이 액션 영화를 만들면 대박날 듯.,7,1
240,현대차 광고 영화. 영화보면서 일일히 개연성을 따지지는 않는 편이라  킬링타임용으로는 그럭저럭...,6,1
241,ㅈㄴ 못만들고 재미도 없으면서 내용도 어이없을정도로 비현실적임 이걸 스토리라고쓴 작가나 감독이나 진짜 무능한듯,1,0
242,재미 있었음 조우진 연기👍👍,8,1
243,영화는 재밌다 다만 고구마를 너무 많이 먹인다 가족과 신파는 이젠 너무 식상하다,7,1
244,몬 내용인데?,3,0
245,굿,10,1
246,긴장감 장난 아님 하지만 초반의 간장감을 이상하게 풀어나가는건 아쉬움 거의 제네시스 cf수준,9,1
247,조우진 주인공 영화 볼만하네요! 지창욱 배우도 짱,10,1
248,연기들은 다 잘하십니다. 근데 끝날 때 까지 집에 와서도 찝찝하네요~~ 아쉬워서,5,0
249,조우진 연기짱  폭탄테러반에서는 외국처럼  긴장감이 없음,10,1
250,"우려한 것보다 영화가 잘 나온 것 같네요. 편집 리듬감이 좋은 것 같아요. 무엇보다 조우진 배우 열연과 딸 역의 이재인 배우, 그리고 목소리 좋은 지창욱 배우의 연기가 영화를 이끌어 가네요.",10,1
251,긴박감. 몰입감 압권 이구만. 악평하는 사람들은 모지???,10,1
252,스페인영화 레트리뷰션 원작과 비교해서 보면 재미있겠네요. 기대됨니다,10,1
253,기대가됩니당!,10,1
254,1점도 아깝다. 이렇게 긴장감없는 차량 추격씬은 처음이네.  ⟨악마를 보았다⟩의 이병헌이 차 문짝 뜯어내는  장면 1%라도 배웠음 이정도는 아니었을 거다ㅋ 블록버스터러 포장한 저예산 영화ㅎ,1,0
255,1점도 아까운 영화  고구마와 어그로가 다인 영화  감정과잉 조우진 연기가 좋았다는 인간들은 도대체 뭘 본걸까?,1,0
256,제네시스 광고 지렸다 바다에 빠질때도 에어백이  터지는데 영상시 사고나면 에에백 안터지는 현기차,1,0
257,재미만 있구만  1점들 모냐. 스릴있구 재밌네,10,1
258,연기력이 좋은것 같아요 잘 보았습니다,7,1
259,"평점이 생각보다 낮네요. 저는 재밌게 긴장하면서 봤어요.  오로지 차 안에서만 일어난 일임에도 불구하고 전혀 지루함 없이 봤다면 그게 재밌는 영화가 아닐까 싶어요.  조우진 배우분이 주연으로 출연하셔서 더 관심있게 봤는데 연기 정말 잘하시는 것 같습니다.  배우분 표정에서 절망하는 그 심리가 고스란히 전달됐어요. 마치 내가 그 상황에 처해진 느낌!! 코로나 때문에 영화관 출입은 몇 년 간 금했는데 정말 오랜만에 일보러 김포공항 갔다가 시간 때우기용으로 롯데시네마에서 조조로 관람했네요. 결론은 만원이란 돈이 아깝진 않았어요. 솔직히 보고 나면 돈 엄청 아까운 영화들도 있잖아요. 저는 관람 평점이 후한 편이지만, 정말 지루한 영화들은 노답이거든요. 적어도 발신제한은 지루하지 않았고 재밌게 봤습니다.",8,1
260,긴장감+스릴+감동+눈물 다 잡았네요. 배우들 연기는 말할것도 없고 진짜 몰입감 최고입니다. 영화 보시길 적극추천합니다👍🏻👍🏻👍🏻👍🏻👍🏻,9,1
261,염병.. 내 돈 주고 1시간 동안 자동차 광고 보고 온 기억 뿐이네요.  이게 영화냐!??  차 광고지!!!?,1,0
262,외국 원작의 준수한 한국 버전.,7,1
263,공감제한,4,0
264,조우진의 첫 주연은 이만하면 성공적이고 냉랭하던 딸이 갑자기 사부곡?을 부르며 이상해 지다가 지창욱이 포스있게 등장하며 그나마 잘 마무리 됨. 평범한 소시민이 꾸밀만한 스케일은 아니라고 봄.,6,1
265,완전 기대중입니다!!! 오랜만에 스릴있는 한국영화가 될듯!!,10,1
266,처음부터  끝까지 스릴 넘치는   영화 라고  생각합니다.,10,1
267,100%만족,10,1
268,"몰입도 있게 잘 만들었네요. 각본 연출이 배우들의 연기에 빚 지는 면은 있습니다만 6점짜리 영화는 아닙니다. 하지만, 평점 발란스를 위해서 10점 원 평점은 7점, 다음이 언제부터인가 평점에 신뢰도가 네이버보다 떨어졌네요. 예전에는 다음 평점이 상당히 객광적이었는데 어디부터 잘못된것인가!",10,1
269,혼나야겠다 라이너한테,1,0
270,법인이 유압식 폭탄이라고 할때부터  이미 극본 개판일것 같았다 ㅜ 유압식이 아니라 감압식일텐데~~~~ㅎㅎㅎ,1,0
271,"돈주고보기 진짜 아까운 영화. 제작비도 얼마안들었겠으니 그냥 만족하세요 감독님 외 출연진., 1점도 후하게 드립니다",1,0
272,"예고편만 봐도 연출이 얼마나 엉망인지 연기자의 연기가 어색할 지경이었다. 영화 매니아라 왠만한 영화는 다 보려는 사람인데, 요새는 바이럴로 관객들 낚시질 하려는 짓거리를 너무 많이 해서 이젠 감독도 연기자도 안 믿는다. 돈이 아까워서가 아니다. 그 정도로 못 먹고 못 사는 시대 아니다. 이건 모독이다. 그런 짓거리 좀 하지 마라. 기생충으로 번 돈 왜 이런식으로 다 날리나. 정말 영화관이 넷플릭스로 다 옮겨가길 바라는 거냐? 당신들만큼 관객도 똑똑하다. 속이지 마라.",1,0
273,나라망신 영화  자동차 광고인데 제네시스 라는 브랜드 이미지도 망함,1,0
274,네이버 평점은 구라다 차라리 여기 평점이 그나마  ..,1,0
275,내가본 영화 중에 최악의  영화 이런 시나리오를 영화로 만들고 있네 만든 제작자는 시나리오를 읽어 보고 만든건가???,1,0
276,해운대광장 가기전까지는 그래도 볼만.. 광장에 가고나서부터는 고구마...😑😑  시나리오 나오면 다 안 훓어보나.... 전개도 이상하고 답답함의 연속...,4,0
277,배우들 연기가 아까워요..  개연성이 하나도 없고 답답해서 죽는줄…  경찰도 바보 딸도 바보 엄마도 바보 범인도 바보  아빠 마지막에 개과천선도 식상…,3,0
278,모르시는 사람많은듯 이영화응징의날 리메이크작인대    그냥 내용이 완전똑같아서  재미업음,2,0
279,예고편만 봤는데 차에 폭탄이 있다는데도 차에서 내리려는 여자. 아무리 대한민국이 폭탄테러에 둔감한 나라지만 자기목숨이 달렸는데 저렇게 쉽게 내린다고? 최소한 확인하려는 노력이라도 보여야하는거 아냐! 예고편에서 벌써 대왕고구마 먹음. ㅡㅡ,1,0
280,영화어이없고 재미없고 알바에 속았다,2,0
281,김창주감독님 정신차리세요 당신같은 감독때문에 대한민국 영화계가 발전이없는겁니다 그리고 출연배우님들 촬영한다고 고생은했습니다 그런데 당신들도 배우이기전 사람이잖아요 이런 시나리오받고 연기했다는게 경악을 금치못했습니다 이 영화 당장 종영하고 스스로 관람객들한테 사죄빌어요,1,0
282,보통 영화를 보고 나오면 줄거리가 대충 기억이 나는데 이 영화는 줄거리가 전혀 기억나질 않음~ 그만큼 인상적이거나 임펙트랑은 거리가 아주 먼 영화였음. 현재 100만에 가까운 관객이지만 50만 이상 관객 수가 대부분 홍보용으로 뿌린 관람권인 듯~,4,0
283,딸  추격자 슈퍼아줌아  이상급.,2,0
284,한국영화의 나쁜점만 다 모아놓은듯 cj 가 영화계 독점하더니 이게 독점의 폐혜구나 알게됨 스토리는 고구마 100개는 먹은듯한 답답함에 스피드를 다루려면 스피드만 우리 하나은행 파생상품사태를 풀어보려 한거같은데 사회부조리를 담으려면 차라리 국가부도의날처럼 풀어가던가 그리고 그넘의 신파는 좀 그만 빼자 어휴,5,0
285,스트레스 너무 받는 영화입니다.  돈 아까워서 처음하고 끝만 봤습니다. 20분 봤네요.,4,0
286,엔딩이 좀 심심해서 아쉽네..그리고 마지막엔 조우진이 내부자들 조상무인줄...,8,1
287,영화는 머저리고 경찰은 재미없네요.,1,0
288,스페인 영화 레트리뷰션 리메이크. 부산 배경 보는 재미 뿐...,4,0
289,"뭥미~ 어설픈 내용을 배우들이 살렸네.  교훈 :   1. 내 물건 아니면 건들지 말자.  2. 모르는 번호는 받지 말자.  3. 받았는데 ""돈 안 주면 폭발시키겠다.""네.   2명에게 전화했는데 1명 죽었으니 내(주인공)가 협상 안 하면 목표한 돈 못 받네. 나도 쥔 게 있네.  3. 딸내미 핸드폰은 왜 있나? 딸에게 문자로 112든 신고하라고 시키고 경찰과 소통할 수 있도록 하지.  4. 본인 핸드폰도 있었네. 문자도 못하냐?  듬성듬성 헛점이 넘 많이 보인다.",5,0
290,감독을 영화판에서 영원히 접근제한 시키고 싶다 이런 고딩도 너 보단 잘 만들 것다,2,0
291,보희가 재미없데요,2,0
292,음악 감독 누굽니까? 난 내컴이 이상한줄 알았어 무슨 음악이 ㅋㅋㅋ 7~80년대 우울한 어휴~~,1,0
293,"영화의 헛점이 넘 많다 ㅋㅋ 시나리오쓸때나, 이 시나리오를 본 배우분들은  이런 헛점에 의문을 안가지는건가??  그냥 스토리 진행만 시키면 다임?",4,0
294,다이하드 부산 버전이노. 재미 오지게 없다. 주인공이 죽기 바랫던 많은 금융 피해자들 살피지도 못했고ㅎ 단 하나의 미덕은 해운대 풍광을 잘 담았다는거 뿐.,5,0
295,첫장면부터 뻔히 예상되는 해묵은 클리쉐......... 그 뒤로 기대를 아예 접고 봤다. 다행인건 영화시간이 2시간 정도 되어 에어컨바람은 넉넉하게 즐길수 있었다.,1,0
296,100분짜리 제네시스 차량 광고  연출의 디테일이 없음~~ 친동생이라고 그냥 들어가는 거  젤 어이없었음 시나리오도 뻔한 내용~,1,0
297,"형편없는 구성,편집 시나리오는 무난한데  구성이 형편없음 감독의  역량 부족이 확연히 느껴짐",3,0
298,하정우 주연의 더테러라이브와 비슷.. 일반인이 어떻게 그런 폭발물을 만들었는지에 대한 개연성이 두 영화 다 너무 부족. 감독이 우리 사회의 부조리를 꼬집고 싶었나본데.. 그런 원대한 희망 만큼 연출력이 한참 부족. 조우진 연기 빼면 모든게 다 허접.,2,0
299,이거야원..지창욱 나오는데 동생이라고 하는데 신분확인도 제대로 안하고 보냄?그리고 상황만봐도 범인인거 보이는데 경찰들은 그냥 보고자빠졌음..코미디도 아니고..ㅡㅡ;보다 끔..시간때우기용이네..,2,0
300,조우진. 지창욱. 진경 등....좋아하는 배우 때문에 그나마.....고증을 좀더 철저히 하고 매 장면 연출을 좀 했었으면 아주 좋은 영화로 남을터인데....배우들만 수고한 느낌.....,2,0
301,최악,1,0
302,이 시대에 50년대 영화보다 허접한 시나리오와 연출이라니...배우들이 아깝다,1,0
303,어설픔의 끝판왕!!,1,0
304,먼 이런 쓰레기영화가 다있냐  ㆍ성의진짜없다,3,0
305,"영화가 초반부는 엄청나게 몰입감 있다가 중반부와 후반부로 갈수록 맥이 풀려버린다. 내용상 이 영화는 조우진과 은행이 가장 나쁜 넘들이고 지창욱은 끝까지 안쓰러웠다.  거기에 류승수, 진경, 김지호는 그 역할에 전혀 어울리지 않았고 말도 안되는 부분들이 좀 많았다.",7,1
306,멋진 진경배우의 역할설정이 매우 애매한 듯. 뭔가 이것저것 짬뽕한 듯 한 스토리~,6,1
307,"괜찮은 각본, 괜찮은 전개력이었다.  액션신이 별로 없었음에도 불구하고, 몰입해서 봤다.  그리고 이 영화의 주제처럼,  이 세상이 [책임감있는 세상, 합리화하지 않는 세상, 죄 또는 악과 손잡지 않는 세상]이 되었으면 좋겠고, 주식시장의 ['과대.과장'의 '광고.권유'](큭, 10% 내외의 수익은 커녕, 원금 보존도 못하는 주제들이~! ㅋㅋㅋ  꼴에 금융맨이랍시고, ㅋㅋㅋ  그리고 그것들을 추종하는 ♩~ 개미들 ㅋㅋㅋ)가 사라졌으면 좋겠다.",8,1
308,다소 고구마 설정에 아쉬운 연출도 있지만 나름 아무 상식 없이 보면 볼만했던 조우진의 연기력으로 연출력을 커버한 영화..,7,1
309,주인공 인간쓰레기네,1,0
310,이번 추석특선영화로 나올듯.  남는건 제네시스 g70인가 80뿐. 배우들이 멱살잡고 끌고가서 이정도 별점이고.. 부산배경인데 등장인물은 다 서울말쓰고 유일하게 부산사투리 쓰는 배우는...잘 따라하네 정도..,1,0
311,주말에 볼까 고민했었는데 안 보길 잘했군 리뷰를 보니 개연성이 없는 영화는 그냥 애들 만화영화지,1,0
312,스토리는 없고  자동차 광고 !!,1,0
313,"시작은 화려하였으나 극 중반부터 지극히 쳐지는 전개와 개연성의 부족함이 두드러짐 ""끝까지 간다""라는 영화에서의 카메라 테이크와 기법에 감동하였으나 영화 후반에 언제 끝나지 하면서 시계를 보게되는..... 오랜만의 본 스릴러 영화였지만 기대가 큰 만큼 실망도 큼.",1,0
314,제네시스 한대로 시작해서 (수장)없어지는 것으로 종료됨. 부가로 복잡한 부산도심과 다리들을 드론타고 본듯한 영화,3,0
315,광고 위한 영화,3,0
316,최고,10,1
317,제목을 '발신제한'말고 '관람제한'으로 바꾸세요.,1,0
318,저예산 영화.,6,1
319,처음에 시작은 신선 했는데 그 뻔함 앞에서 한발자국도 더 못 나간 느낌 신파도 너무 많아서 지루했고... 반전도 없고  다만 좋았던 점은 영화의 배경이 서울이 아니라 부산이라는 것,8,1
320,"몰임감 있고, 스릴 넘치는 영화는 맞습니다. 하지만 개연성 없는 전개가 많이 아쉽더군요 옆에 있는 차에서 폭탄이 터졌는데 아이 허벅지에서 갑자기 피가 왜 나는건지... 도무지 알 수 없는 전개와 애매한 마무리... 볼만한 영화는 맞지만 추천하고 싶지는 않아요",7,1
321,만들다 만 느낌. 이건 내가 봤을 때 첫번째 최종본이 재미 없으니까 늘어지는 부분 다 컷하고 지금 결과물이 나온것 같다. IPTV에서 무료영화로 뜨면 볼만한 영화. 극장에서 굳이...,4,0
322,너무 울고 너무재밌고 정말 어이가 없을 정도로 행복하네요 이렇게 푹 빠져 영화를 보는게 너무 오랜만 최고!!,10,1
323,주연배우도 처음이고 감독도 처음인 영화지만.....코로나 시대 꽤 수작이 나왔네요... 입소문 타서 대박 나시길.....,10,1
324,연기랑 스토리 미쳤어요ㅜㅜ 진짜 시간 가는 줄 모르고 봤음 강추,10,1
325,평점도 그다지 안 높고~~그렇다고 마땅히 보고싶은 영화가  있는것도 아니지만 영화 카드할인 아까워서 별 기대없이 봤는데~~ 조연으로만 알고있는 주우진  배우  어찌나 연기를  실감나게 잘 하던지~~처음부터 끝까지 시간가는줄 모르고  긴장하며 봤습니다 평점 9점은 잘  안주는데~~처음으로 9점 남기고   갑니다~~👍👍👍,9,1
326,인과응보,6,1
327,예고편도 재밌어보였는데 부산 배경이라서 더 기대됩니다 신선,10,1
328,좋은 영화이길,10,1
329,조우진 배우가 나온다고 하니 관심이 감....감독 필모가 궁금한데 ,6,1
330,감독누구냐?,2,0
331,헬기 등장부터 현실성 급락. EOD와 특히 음향/음악이 거슬리네요. 두꺼운 원서는 목숨을 살린다. 2021.08.10.,4,0
332,정녕 이런것이 영화인가?? 3류영화도 이것보다 낫겠다,1,0
333,부산 풍경이 좋아서 원래 제점수(6점)보다 1점 더 드립니다. 나쁘진 않은데 그리 몰입되지도 않는 영화네요,7,1
334,댓글보고 더보고 싶어지는 영화이다 얼마나 엉망이길래 제네시스광고를 얼마나 티나게 했길래  1만원이 아까워서 일단 패스,5,0
335,자동차 광고영상인줄 알았다 전체샷을  몇번이나 잡는거냐 조우진 명품 연기가 그나마 살렸다.,6,1
336,사필귀정,2,0
337,시나리오가 너무 엉망. 영화를 제발 좀 상식적으로 만들자.,1,0
338,개 허접..,1,0
339,악평은 하고싶지않아... 진짜.. 내용이 전체적으로 잘 구성했다면 나쁘지 않은데... 뭐지? 싶네요. 쭈우~~~~욱.. 진짜 배우들이 멱살잡고 간느낌.. 특히 진경언니 이미지가 오.. 완전 군인 같아서 놀랐잖아.(옷에 뭐 넣으셔서 그런가?..) 내내 아쉬운.. 특히 마무리도 뭐 .. 뭔가 덜본 느낌이고... 이건 감독님이랑 작가님이 크게 잘못하셨어..,5,0
340,먼 평들이  죄다 감정적이고 극단적이냐. 평점도 얼굴 까고 챔임감있게 줘야할듯.  개인적으론 딱 6점 정도.  긴장감은 어느 정도 괜찮았고 다만 군데군데 개연성이 떨어진다. 개연성이란 결국 설득력. 관객을 우습게 보면 안 된다.,6,1
341,볼 때는 집중해서 봤으나 보고 나니 재미가 없었다는 생각은 왜 일까?,4,0
342,은행원들 믿지 말란 영화~,6,1
343,배우들 연기는 괜찮은데 왜 재미가 없냐 이유가 뭘까,6,1
344,여름을 한방에  해운대에서~~~,10,1
345,더 테러 라이브2 잘봤어요,6,1
346,은행이 나빴네 경찰은 바보고,5,0
347,조우진님 연기는 인정,6,1
348,조우진찬양 영화 연기로 캐리하지만  역부족 감독 망 극본 망,4,0
349,..,5,0
350,좋아하는 두분의 배우가 있어서 볼려했는데 비호감 배우 두분땜에 많이 망설여지네요,5,0
351,긴장감은 좋은데 개연성이... 센서같은게 더 좋았을것 같아요,4,0
352,킬 이네요.  조웅진 연기 정말 잘한다 생각만 하며 봤어요.  마지막 어느시점엔 조웅진이 악역이였다면.. 하는 생각에 빠졌네요.,4,0
353,나만당할수없지 ㅠ,4,0
354,믿고보는 조우진  영화 내용이야 뭐 한국영화가 그렇지뭐..  조우진 연기는 정말 최고였다....,10,1
355,.,5,0
356,범인이 주인공은 엄청 잘봐주네...,4,0
357,돈이아까운영화 올해영화중최악,1,0
358,진짜 재밌게 봤는데 평점이 왜 그렇지 영화라 비현실적인 부분 어쩔수 없이 있을수 있고 또 촬영지가 부산이어서 부산이 많이 나오며 카시트 밑에 폭탄이 있어 내릴 수 없어 차가 많이 나온건데 불만들이 많네,10,1
359,영화 스피드 느낌이 많이 나네요 ㅎㅎ 그래도 조우진님 연기는 좋았습니다. 사회 문제를 다루는 이런 영화는 많이 나왔으면 좋겠습니다.,8,1
360,GV80 광고영화. 김창주감독이 첫 연출한 입봉작인가요?  아직은 많이 부족해 보이네요.,3,0
361,명품스릴러 조니뎁 주연의  닉오브타임 을 추천맙니다,2,0
362,재밌기만 하구만 ㅋㅋㅋㅋ,10,1
363,"해인이는 이영화 제작사나 투자자 친인척이냐? 차에서 내려야 하는데, 샐프 연장출연하내,,,",2,0
364,초반에 몰입김 장난아님..조우진배우의 연기도 너무 좋았음...  하지만..동생투입부분(경찰들 확인한거 맞음?)부터 먼가 이상해지기 시작..문제는 폭탄제거인데 제거는 안하고 이상한짓만 하고있고 .    우리나라영화특징 전강후약...ㅠ.ㅠ 하지만 나름 재미있었음 다른평점이 너무 낮아서 조금 이상함 조우진씨의 미친연기력을 ㅎㄸ함,9,1
365,돈귀신  씨여본 사람한테는 잼 있는영화임   조우진 연기 잘함  근데 캐스팅 미스  심함  ㅋㅋ 디시는 돈귀신 안씨이고 남은 인생 살자,10,1
366,최악,1,0
367,보지마세요,1,0
368,러닝타임 내내 긴장감을 줍니다. 엔딩이 너무 교과서적이라서 아쉽기는 하네요.,7,1
369,그냥 그냥 볼만해요,6,1
370,이것도 저것도 아닌 영화? 지창욱은 산겨 죽은겨!   흐지부지 끝나는 영화,3,0
371,근데 조우진이 누구에요? 첨 보는데 주연급 배우 맞나? 왜 지창욱이 조연으로 나오지????,1,0
372,쫄깃 스릴러 각 ㅜ,10,1
373,영화 개봉전 에고편을 보니 키아누리브스 영화 스피드(1994년) 생각이 나네요  여기선 주인공 주변에 다른사람도 내리고 폭파하는 장면이 관객을 놀라게 할것 같습니다  이렇게 나오면 조우진 이분이 한국의 키아누리브스 같이 나온다면 이건 완전 대박에 초대박을  이루어지게 할 정도로 그만큼 관객수가 상승할수도 있지요  1994년 버스 2525(영화 스피드 버스번호) 한국영화는 모든 승용차에서 폭파하니 장면이 와우 개깜놀하게 만들었어요.너무나 기대되고 장면이 관객을 더 놀라게 해줄것 같습니다  조우진 화이팅!!!!!!!!!!!!!!영화감독님 화이팅!!!!!!!!!!!!!,10,1
374,제발 주인공이 죽는 배드엔딩만 아니길ㅠㅠㅠ,10,1
375,전부 평이  개♩~♪♩♬♪ 난 잘봣음 마지막 눈물  흘렸음 밑에인간들  인간들 맞어?,10,1
376,가볍게 볼만함,6,1
377,너무나 훌륭한 작품입니다. 감독 영원히 하세요!!! ㅋ,1,0
378,주인공은 gv80인가 차가 돋보여 다른게 잘 들어오네 스토리도 어설프고 인물들 연기력 때문에 그나마 4점 정도,4,0
379,....,1,0
380,펀드 사기꾼 미화 영화,4,0
381,...,5,0
382,하  가끔 영상미가 괜찮아요.,2,0
383,.,5,0
384,프랑스 영화인가? 그 영화하고 전개가 거의 비슷한데. 왜? 그것에 대한 설명이 없지? 표절이라면 표절인 상황인데? 판권을 따낸건가? 아니면 같은 시기에 우연히 비슷한 아이템으로 제작된 것인가? 어리둥절. 어떤기사에도.. 외국영화에 대한 내용이 없다.. 혼란스럽다.,2,0
385,기대했으나   진부한 스토리에  엉성한  연출..경찰대응이  어설프고  지루함.. 지창욱은 좋았음..,5,0
386,결말이..좀..,1,0
387,"조우진, 이재인 두 배우의 연기 빼고 나머지는 설정도 역할도 내용도 다 엉망진창",5,0
388,뻥 뚫린 도로를 잘 달리다 이유도 없이 급정거하면서 도로 정체를 일으키는 느낌의 영화. 부산 해운대 일대 보는 재미가 있어서 별점+.,7,1
389,제발...지뢰는 밟으면 터진다구,10,1
390,류승범이 똥누다가 지뢰밟았다고 게거품물다가 결국은 헛다리짚은장면이 기억나네~,8,1
391,재미있게 봤어요..기대이상인데요,8,1
392,와.. 몰입감 미쳤다 시간가는줄모르고 봤다 배우연기일품이고 괜찮은 영화였다  강추다,10,1
393,스크린 가득채운 조우진  얼굴에 개기름과 땀구멍을 보면서 들어야 하는 독백만 40여분 됩니다,2,0
394,열심히 살자,10,1
395,재미있는 영화 흠이라면 지창육이 너무 잘 생겨 조금 흠인 영화 ㅋㅋ 지창욱 보단 좀 안생긴 놈을 넣었어야 하는 영화 하여튼 재미 있게 봄,10,1
396,예고편보니 조우진 역대급 연기 예상 ㅠㅠ기대됨,10,1
397,꼭  볼게요~♡,10,1
398,"평점 테러 엿드세요~ 차원에서.. 10점 드림 어제 봤는데, 절대 5점짜리는 아니야~~~ 영화 스피드에 비해, 시나리오는... 그래.. 좀 떨어진다 치자... 그래도 나름 긴장감도 있고, 감동을 주려고 애쓴 장면도 있고 가족애... 뭐 그런것도 있지.. 고구마 먹는 기분.. 뭔지 알겠어... 차광고 같다고? 그래... 차.. 참 멋지긴 하드라.. ㅎㅎ 어쨌든~~ 이 그지같은 평점가들이~ 악평하고 쓰레기 만들 영화는 아니라고 봐~ 대작까지는 아니어.. 충분히 잼있게 봤다궁~",10,1
399,ㅋㅋㅋ마지막에 물에불은 책을 괴고 탈출한다.. 말도안돼.,4,0
400,영화를 보진 않았지만 전체적인 스토리 라인과 느낌이  폰부스 라는 영화가 떠오르네요... 그 영화는 정말 재밌게 봤었는데... 폰부스의 짝퉁판이 아닐지...,5,0
401,중반까지는 좋았는데 해운대 씬부터 전개가 이상해지더니 완전히 나락으로 떨어지고 처참한 스토리 전개를 신파로 보충하려고 시도함. 용두사미,5,0
402,제네시스 차 좋네요,5,0
403,진짜 솔직하게 이 영화 답답함 배우들 연기력 관련은 아니고 이 영화 내 경찰 디테일 진짜 없는것만 못함,4,0
404,재밌을 것 같네요!,10,1
405,1점 주는넘들 머징 니가 만들어봐라 이정도 영화 만들수있나. 괜찮기만 하구만 머,7,1
406,방구석 평론가들 납셨네 영화는 매우 잘만들었구만 꼭 방구석평론을 저런식으로 해야 직성이 풀리는 사람들이 있네,10,1
407,이영화 비추다  너무너무 재미없는 그런 스토리 였다  고백하면 솔직하게 말하면 드라마틱한 다소 허구 작위적인 인위적인 것조차 영화적 재미로 눈감아 주는 편이다  하지만 전적으로 영화가 재미 있을때 그때만 그런다   스토리도 매력없고 영 아니올시다이고 허무맹랑 말도 안되는 개연성이 계속 신경쓰인다  이영화 주관적이지만 내게는 초반부터 말이 안되는 영화였다  차량의자 아래 사제폭탄도 그렇고 일거수일투족 죄다 노출도 그렇고 암튼 그랬다  그나마 은행 등 공신력 가진 금융기관들의 고수익보장 안전성보장 금융상품 판매와   서민에게는 피같은 돈인데 목숨같은 돈인데 이자는 커녕 원금보장도 허공에 다 날리고 이부분 설정은 잘했다  많이 팔면 팔수록 실적이 되어 보나스 승진하고 서민들만 아주 죽어나고,3,0
408,예상되는 스토리지만 조우진 역시 악역 선한역 다 소화 잘하는 명배우 흥해라 흥 괜찮았어요 지창욱이 범인이고 센테장 차에서 티격대격하다 폭팔로 죽어요.,8,1
409,이재인 배우 매력 만점 빨리 보고싶어요,10,1
