﻿,document,score,label
0,"잼있고 감동있게 잘 보았습니다. 가족이 왜 소중한지, 그리고 진정한 가족이란 어때야 하는지를 느꼈습니다. 가족이 붕괴되면 세상은 사이비 종교가 판을 치겠지요. 세상 사람들 모두 행복해졌으면 좋겠습니다. 그래야 사람들은 사이비에 빠지지 않을테고, 건전한 사회가 만들어 지겠죠. 작금의 코로나사태에서 벌어지고 있는 일부 기독교인들의 잘못된 믿음이 이기심과 이러한 불행에서 시작된 것이 아닐까 생각해 봅니다.",9,1
1,멍청한 형사가 제일 이해 안됨,1,0
2,"점수가 왜이리 낮냐?  솔직히 후반 사이비 종교 개연성 쫌 얼척 없다 느끼다가 , 김무열 아내의 사연에서 그래도 쫌 이입됨. 그렇지만 역시 사이비 종교를 넣은건 후반에 너무 미스였음. 마지막 절벽에서 파란 코끼리 풍선.. 과연 송지효의 말이 진실인가 김무열의 기억이 불확실한건 아닌가 아리까리하게 해놓고, 유전자 검사 결과 보고서는 확인 안하고 파쇄해서 더 궁금하게 만든 감독.. 후반 전개 빼곤 진짜 흥미진진했는데..",7,1
3,충분히 몰입도 있고 좋은데 쉬어갈 타이밍이 없는게 아쉽네요. 주인공이 당하고만 있으니 조금 답답했어요ㅡ 중간중간 약간의 반격?이라던지 형사라도 좀 믿어줬으면 좋았을텐데. 아무튼 배우들의 연기는 좋았어요.,9,1
4,몰입도와 긴장감 높았다,9,1
5,핵고구마 설계한다는 놈이 논리는 1도없고 소리만 지르고 저게 뭐여 돈주고 봤으면 울뻔,1,0
6,평점이 이리 낮은 이유를 모르겠다. 솔직히 스토리전개는 너무뻔한부분과 앞뒤 매끄럽게 이어지지않는 아쉬운부분이 있었는데  몰입도와 긴장감은 상당히 괜찮았다. 특히 송지효의 연기가 완전 일품이었다. 스토리전개만 매끄러웠으면 극상품의 영화가 되지않았나 생각한다,8,1
7,스토리전개 감당못하니깐 종교로 빠지는거봐라 ᆢ쓰레기영화,3,0
8,애초에 지내 아파트에서 범인 제압했을때 바로 경찰신고했어야지 뭔 또라이도 아니고 ,1,0
9,"전체적인 스토리는 연출만 잘하면 괜찮은듯한테 감독의 한계와 구성이 엉망,,,,개연성은 진짜,,,,,한국영화의 양극화라고 해야하나,,,,,,감독님 좋은 영화 좀 많이 보시구 공부 좀 하세요,,,요즘 한국 관객 수준이 감독님 보다 높답니다...  ",1,0
10,캑캑 고구마,1,0
11,미련한  주인공 외치는 소리와 답답함.황당한 결말,2,0
12,형사가 바보네~~~~,7,1
13,정말 좋아하는 배우들인데 ... 영화는  넘   실망이네요 ㅡㅡ;;,1,0
14,"저예산 스릴러가 이정도면 뭐 괜찮은데 7점 주고 싶은데, 평점 테러때문에 9점 준다.",9,1
15,사이비종교 영화일줄이야 사이비에 빠지는 사람들 이해가 안됨 나는 나만히 구할수있음,8,1
16,처음부터 그럴꺼면 쉽게 납치를 하든가 뭘 그렇게 어렵게 가냐ㅋㅋㅋ,3,0
17,작가님이 초반만 구상하시고 마무리에 대책은 못세운 듯 이런 미스테리 스릴러 장르는 결말에서 탁 하고 오는게 아니면 열에열은 욕먹어요 떡밥 회수가 자신없으면 큰일 벌이지 마세요,3,0
18,고구마 100개는 먹은 느낌   아까운 내시간 우쩔겨,1,0
19,"미개한 종교쟁이들 극혐. 2020년에도 아직 이런영화가 나오다니 유감이다.  중간에 나갈까 하다가 끝까지 기다려 봤는데 뒤로 갈수록 재미없다.  송지효 연기는 부족하고 , 김무열 연기는 연극느낌  그리고 내용이 말도 안되는게 너무 많아서 어이가없었다. 무슨 물리치료사를 집에서 먹고자게 하나? 말도 안되게....  이딴것도 영화라고 ... 쯔쯔....  개 허 접.      중간에 나가지 않은게 후회된다.",1,0
20,처음엔 송지효가 입양가정에서 학대받고자라서 손을놓인버린 오빠에 대한 복수심으로 접근한건가 생각했는데 그건 아니고 후반부에는 유산을 노린건가 하고 생각했는데 갑자기 사이비종교?좀 웃기고 어이없었음 내용과 메세지는 나쁘지않았는데 뭔가 좀 허무맹랑하고 아무리 영화적 설정이라고해도 개연성과 현실성이 떨어지네요 재미는 있는데 보고나니 기분이 우울해졌음 ㅠㅠ,6,1
21,스릴을 덮어버리는 답답함.,4,0
22,최악의 쌩뚱맞음 ㅎㅎ,1,0
23,코로나만 아니였어도 배우들의 연기와 몰입도의 최고의 영화다,10,1
24,이런걸 왜 만들었어  왠만해야 봐주지,1,0
25,영화 초반까진.. 뭐 기생충 비스무리.. 느낌..ㅎ  설정은 나름 나쁘지 않다고 봤는데..  중반부터 끝까지는.. 어설픔과 답답함의 연속..  김무열은 너무 오버.. 송지효는 발연기..  끝까지 보느라 힘들었다..;;,4,0
26,코메디도 이런 코메디가 없음ㅋㅋ 도데체 하고싶은얘기가  뭔지?  스토리의 개연성희박  생뚱맞은 전개 그로인해 응?  이건뭐임하면서  보긴했음  ㅋㅋ   짜증남,1,0
27,살다살다 이런 제멋대로인 영화 첨보네,1,0
28,어설프다,1,0
29,킬링타임용 영화이기인 하지만 사이비 종교단체에 대한 경각심을 일깨워주는 영화 송지효의 연기의 재발견이기도 하다 ,7,1
30,고구마 천개 먹은 느낌.... 안본 눈 삽니다. ㅋ 김무열의 오버 액션과 송지효의 발연기의 콜라보.,1,0
31,이거 보는 순간   스트레스  받다  죽는다,1,0
32,마지막에 사이비종교 스토리는 솔직히 아니었습니다. 초중반은 재밌어요.,4,0
33,의사가 인사하는 거 보고 빵 터짐 ㅋㅋㅋ,1,0
34,지효 무열이 나오는 영화라 내가 웬만하면 끝까지 다 볼려고 했다마는.. 시간 아까워서 도저히 끝을 못 보겠더라 둘이 나와서 그래도 2점 준다.,2,0
35,망할만 한 영화  송지효도 대본 보는 눈 좀 키워라,2,0
36,평점 주기도 아까운. 시간갈수록 기분 더러운  암걸리는 영화임,1,0
37,영화보면서 시간 아깝고 답답하고 짜증남 도대체 어떤 감독이 무슨 맘으로 만들었는지 궁금할 정도로 답없음,2,0
38,정말  재밌게 봤습니다   진짜  멍청한 형사가  제일 이해 안됩니다,8,1
39,딱히 할말이 없네요 ㅡㅡ,1,0
40,종교단체영화긴한데 잘봣음,7,1
41,최근 신천지나 코로나 사테에도 꿋꿋하게 집회하는 교회단체를 보니 사이비가 얼마나 주변에 퍼져있는지 무서워지긴 하더군요..이영화를 보니 있을 법한 일일거 같기도 하네요,8,1
42,간만에 점점 궁금해지게 만드는 영화 봤네요  약물 중독 일거라는 예상은 했지만 혹시 최면인가도  흔한 그저 재산 노린 범죄집단의 플랫폼이 아닌 예상외의 종교... 흠 어떤 의미에선 신선하면서 더 공포 스럽네요 가정 폭력과 아동 학대가 빈번한 가족의 빈 공간을 종교가 스멀스멀 자리 잡아 가는 요즘 현실을 보는 듯  DNA 안보는 이유는 절벽 에서의 대사에 나옵니다,10,1
43,끝까지 영화를 본 후에 생각해보면 그럴수도 있겠다 싶긴 하지만 목적을 달성하기 위한 수단이 왜 그렇게 했어야만 했나를 생각해보면 아쉬운 부분이 많은것 같다.,6,1
44,..,5,0
45,영화보다가 내가왜 이런걸보고있나 ..  화까지날려고할때 나만그런느낌인가?  하고 평을보자하고  검색하니 역시..  같은느낌 ..  연기잘한다는  댓글 보면 신고 누르고싶은 충동이...  오버하다 오버로 끝나네,1,0
46,평점이 나빠서 안보려다 친구가 보고와서 재밌다고 해서 봤는데.... 전 정말 재미있게 봤어요~~^^ 몰입도도 좋았고 지루하지 않게 봤어요. 송지효씨랑 김무열씨 연기 정말 잘하시네요.   ,10,1
47,"김무열씨 연기는 잘 했는데, 극중 남자 주인공으로서 설정이 마약을 했는가? 뻑하면 정신줄 놓고, 진짜 욕나오고 암 걸리겄네요... 아오 짜증~",1,0
48,지금보는중 재밌당,8,1
49,그냥... 이 정도 입니다. 안 보시는거 추천드려요,3,0
50,침입자 하고 초능력자 비슷한 느낌이 든다 그리고 조금 다른거는 침입자는 사이비 종교가 있고 초능력자는 사이비 종교가 없다는거,1,0
51,이영화 비추다,3,0
52,송지효랑 김무열 연기 너무잘한다ㅏㅏ 송지효 나올때마다 소름.....  쫌 많이 섬뜩했어ㅓㅓ ,10,1
53,DNA? 색맹? 뭐지? 미스테리~,8,1
54,평점 5.5 나올 영화는 아니에요. 뒤로가면서 좀 영화가 설명위주가 되는 경향은 있지만 메시지나 긴장감 재미 다 나쁘지 않아요. 송지효 무서움. ,8,1
55,아니 진짜 스릴넘쳤구 와 송지효의 연기에 좀 놀랐고 김무열은 원래잘했고 마지막의 의미가 궁금하고 스릴러 치고 정말 재밌고 꼭봐야함,10,1
56,나름 긴장감이 고조되고 궁금증도 생기게하는 영화. 굳!,9,1
57,근데 송지효가 친딸이 맞는건가?,7,1
58,여주민폐는 많은데  드물게도 남주가 민폐네. 무조건 흥분만 하냐? 짜증나서 죽는줄.. 이러니 망하지,2,0
59,송지효의  스릴러연기는   정말 타고난듯함~,10,1
60,긴장감  최고 송지효의 재발견 미저리 맘먹는 캐시베이츠같은 연기 나름 관객들 긴장시킬려고 연출을 잘한것같음,7,1
61,나름 볼만했음.,7,1
62,하~~~ 겁나 재밌습니다. 나만 당할수 없다.,1,0
63,"판 벌여놓고,, 그럴수 밖에 없는 개연성은 안드로메다로.. 수습하려니 변명의 연속...",3,0
64,재밌게 봤음. 송지효 연기력 인정. 소름이 쫙쫙 돋았다. 마지막이 조금 아쉽지만 최근 들어 본 영화 중 몰입도가 가장 높았다.,8,1
65,중반이후부터  매우 답답한 주인공  그냥 영화가 전부 답답해짐,1,0
66,넷플릭스로 봄,10,1
67,재밌네요,10,1
68,재밌게 봄,10,1
69,지루할 틈없이 집중해서 보게됨. 결말이 영 아쉽.,6,1
70,무협지적 전개. 끝까지 당하는 주인공. 고구마.,1,0
71,ㅎㅎ,2,0
72,.,4,0
73,..,6,1
74,나름 재밌네,7,1
75,저평가 너무 심한데,10,1
76,쌍화점이 나았네,1,0
77,"스릴러 가뭄인데 머 나쁘지 않았어요. 김무열이 입양아인데 후에 생긴 진짜 핏줄 송지효를 의도적으로 버려서 복수하는 건가? 김무열의 정신 착란인가? 흥미진진하게 봤고, 사이비 종교 나왔을 땐 엥? 싶긴 했지만 평점 5점 정도는 아닌 것 같아요. 6 후반이나 7 초반이 적당하다고 생각합니다.",10,1
78,답답한 스토리일세~,1,0
79,돈 안내고 TV로 봐서 괜찮아요 ㅋ,5,0
80,나름 몰입도있게 보면서 평점이 왜 이렇게 낮나  했더니 잘나가다 뜬금포~ 종교얘기로 빠지는건지 얼마든지 더 스릴있고 재미있게 전개할수 있었건만 ;;아쉬운 영화,6,1
81,컨셉과 의도는 좋으나 지나치게 작위적이고 억지스럽다 하지만 그보다 더한 말도 안되는 일들이 벌어지고있는 현실이니 전혀 불가능한 일은 아닌것같다,7,1
82,주인공이 이렇게 짜증날수 없다 상대는 머리꼭대가에 앉아 머리를 쓰고 계획 세우는데 이 멍청이는 화만 내고 사람을 상대한테 다 읽히나 꼴도보기 싫네 김무열은 왜케 힘이 들어가지??,5,0
83,결말이 궁금해지는 영화~ 스토리는 좋은데 영화 연출이 좀 부족해보였음,7,1
84,각 인물들의 오버스러운 연기와 억지로 끌고가는 극의 진행이 마지막 혼란스러운 반전의 임팩트까지 무디게 만들어버린 서스펜스.  사이비종교를 소재로 할거면 오대양집단자살 사건을 영화화했으면 훨씬 더 소름끼치고 긴장감 가득한 스릴러물을 만들수 있을텐데...,5,0
85,.,4,0
86,쓰레기,2,0
87,퉤,1,0
88,당신은 벌써 지옥에 있는 거야!,8,1
89,졸작 보는데 짜증나서  빨리끝나길바람 억지전개.주인공♪~♬♩♪♪라 생각듬,1,0
90,.,4,0
91,차가운 송지효 쉼없는 전개. . 조금은 쉴 틈이 . .,8,1
92,몰입감 있게 흘러가던 스릴러가 중반이후 힘에 부치다,5,0
93,예고편봤는데 무서웠어요,10,1
94,모든 부분에서 무난한 작품이지만 예측 가능한 이야기 흐름에 긴장감과 속도감도 떨어진다.,6,1
95,.,0,0
96,재미GOOD,10,1
97,그럭저럭 시간 잘 갔다,7,1
98,걍그저그럼,6,1
99,저는 잼있게 봤어요,10,1
100,유전 짭이네,1,0
101,초반쫄깃 마지막 나가리,5,0
102,볼만합니다.하다  추천합니다.,7,1
103,인생 최악의 영화다. 욕도 아깝다,0,0
104,감독의 메세지는 종교에 빠지지 말라는거다. 신천지에 빠지면 저렇게 될려나. 아.. 오늘 고른 영화들 다들 왜 이모양이냐 사라진 시간.. 침입자.. 영화가 침입해 내 시간이 사라져 버렸다!!! 시간 낭비하지 말란 감독들의 메세지인거 같다.,1,0
105,저도 어느분처럼 10점 주고  당신들도 나와 고통을 함께 나누기를 잠깐 바란적도 있지만... ㅎㅎ 거짓말은 나쁜거라 배웠기에... 시간이 아까우시면 과감히 패스하시길 송지효님은 뭔가 어색하고 김무열님은 너무 오버액션이고 무엇보다 감독님... 하... 말을 맙시다,1,0
106,비추천,1,0
107,"결말과 그 설정이 조금 아쉬웠지만, 큰 그림 자체는 나쁘지 않았다. ",6,1
108,와 이걸 50만이나 봤나...영화 매니아들이 영화가 많이 고팠나보다. 코로나 아녔음 5만이다.,4,0
109,걍 그저 그럼,6,1
110,아.....정말.......,2,0
111,10 점 드립니다. 왜냐 나의 시간은 소중하거든요. 너무 억울해서 혼자 죽을순 없잖아요.  같이 죽어야죠 물귀신 작전 이라고 알죠. 저 혼자 죽을수는 없습니다. 같이 죽어요 우리 이거 대박 재밌습니다. 꼭 보세요. 제발 부탁입니다. 제발요 제발 제발 이 허무함 짜증 다 같이 누리고 싶어요 제발 부탁드려요 꼭 봐주세요 ㅜㅡ    ,10,1
112,쓰레기,1,0
113,후반부에 고구마 10개이상 입에 물고 있는 기분 영화가 끝났어도 화가난다. 3점 주려다 김무열의 연기와 송지효의 악역에 6점줍니다.,6,1
114,과정도 결멸도 예측 가능 ,1,0
115,아 할말이없다 올해 처음보는 영화인데 너무도 ㅅㅁ이라... 돈이 참...,1,0
116,스트레스 더 쌓임,1,0
117,잘 나가다가 막판이 아쉽네요  나름 볼만합니다,6,1
118,중반까지 몰입감은 좋았음. 결말만 좋았어도...,6,1
119,날아간 1시간 50분..,2,0
120,전 정말 재미있었어요⟩⟨ ,10,1
121,장르물로 나쁘지 않은 평작. 악당이 발각되는 순간 자기 계획을 다 설명해주는 것은 언제나 궁금한 불가사의.,7,1
122,처음에 30분간은 집중도 잘 되면서 영화에 몰입하게 되는데 그 이후부터는... 답이 없다,3,0
123,기대이상이었네요,8,1
124,갑분사 갑자기 분위기 사이비종교,0,0
125,기생충+구해줘+심청전을 짜집기 해 놓은 영화네요,1,0
126,그럭저럭 볼만하긴 한데 설정이 좀 억지스럽다..,6,1
127,연출 최악,1,0
128,스토리 전개가 초등학생이 구상해낸 것 같은 느낌이 든다. 재미없다.,3,0
129,90년도에 나왔으면 그나마.....,3,0
130,아  반전이 약해요  ㅡㅡ   김무열의 긴장감이 살린영화  ,4,0
131,연기력이 돋보이는 영화 우한19코로나로 어려운시기에 좋은영화 감상하고 갑니다..,7,1
132,남는게 없이 시간이 아까운 영화,0,0
133,답답함도 영화를 끌고가는 요소라고 믿는 사람들은 이제그만.,2,0
134,정말 지루하고 비슷한 내용 계속 반복...시간이 아까움...,1,0
135,지루하고 재미없고 마지막에는 개연성까지 없는 영화 배우들 연기때문에 2점줌,2,0
136,한국판 유순한 로즈마리베이비가~ 되려했나... 익숙하지만 섬뜩한 웰메이드~~스릴러,8,1
137,내용은 별루지만 두배우의 연기력은 좋았다. 송지효는 확실히 이런 어두운 역할이 어울리는듯,8,1
138,안보신분들은  끝까지  안보시길~!,0,0
139,송지효가 이뻐서 참고봄 . ,1,0
140,?,1,0
141,아이고..영화 꼬라지 봐라...,1,0
142,스토리에 '어거지'가 많은 흠이 있지만 스릴러로서 완성도가 제법 있다. 고구마 형사가 평점 한 개 빼 감.,8,1
143,이거도 영화냐,3,0
144,미스테리 스릴러인줄 알고 보다가 마지막에 사이비 종료로 반전...,9,1
145,아직도 이런 영화를....,1,0
146,잼았네요,10,1
147,사이비종교가 얼마나 사회를 망치는지 보여준 영화라서 10점 드립니다. 실제보다 가볍게 다룬점은 아쉽지만...ㅋㅋㅋ,10,1
148,후반부로 갈수록 긴장이 고조된다. 재밌게 봤다,8,1
149,송지효님 다시보게됨~ 목소리 톤부터 미세한 표정 하나하나까지 와~ 연기력이 이렇게 좋았나 싶을 정도였네요 ,7,1
150,"그럴수도 있고 아닐 수도 있다는 식의 결말 딱 질색인데,,,왜 확인을 안 해",7,1
151,...,1,0
152,아숩,5,0
153,땁 비디오영화까지만 보세요.,1,0
154,스릴러로 잘나가다 광신도가 나온순간 코메디스러워지는군,4,0
155,"흥미로운 초반, 끔찍한 중후반",4,0
156,좋네요~,9,1
157,나름 괜찮았던 영화,9,1
158,집안이 화목해야 일도 잘 풀리는 법,4,0
159,"나름, 볼만혀요 ~~~ 긴장 하면서 저여자 뭐지? 뭘까? 이럼서 끝까지 볼만혀요 ~~~ 댓글 처음 창에 가보삼요. 전부 10점 줬네 ㅋㅋㅋㅋㅋ 완전 우낌요  평점 조작 티 너무 남요.",4,0
160,영화를 만드느라 고생한 스텦들을 위한 별점이다 앵간하면 끝까지 보려 했지만 도저히 못보겠으;;,5,0
161,"배가 산으로 갔네,,,,신천지를 두고 만든듯,,,,안타갑도다,,",5,0
162,"1점도 아까운 영화....관객이 적은 이유가 충분한 영화,.....",1,0
163,감독이 여자 개유치  김무열연기 늘 버겁고 힘든연기만한다,3,0
164,감독이 겟아웃을 재밌게 봤나봐 쓰레기영화,1,0
165,너무 진부한 스토리라인때문에 중간에 정말 괴로웠네요. 뻔한 갈등전개가 이 영화의 한계,5,0
166,"혈연과 가족, 집 이라는 상관성 과 해석을 싸하고 서늘하게. 드러내는 패가 빨라 스릴의 고저 차 가 유난하다.",5,0
167,마지막 유전자검사 궁금..,7,1
168,감독 햐~~~~~연출~~~~햐~~~~~ 그나마 주연들 연기력으로 1점,1,0
169,"연기력 좋았고, 중반까지 참 스릴러적이게 잘 만들었다. 결말 시나리오가 기대 이하~스릴감도 확 떨어지고... 중반까지는 이거 기억의 밤...같은 명작이 나오나 기대했건만~  아쉽다.  사이비종교는 항상 가정을 파탄 내는구나...",7,1
170,김무열씨가 상투 잡고 끌고 가는 작품이네요. 영화가 개봉관에서 내려 진건지 인터넷 통해서 봤습니다. 김무열씨 연기는 좋았으나 혼자 끌어 가기에는 중반부 이후 스토리가 안타깝네요. 손지효씨는 어디 예능??인가 무슨 프로에 나왔던 이미지와  겹쳐 보이는데 발연기가 뭘해도 어색하더군요. 말해놓고 보니 이게 더 안타깝네요.--,3,0
171, 볼만함,8,1
172,엄청난 반전은 아니지만.그냥 볼만은 한데.. 왜이리 평점이 안좋은지... 요새 개봉영화도 없고 해서.. 집에서 치맥하면서 .유료결제해서 봤는데.. 뭐..썩 나쁘진않았어요.. 초반이랑 중반 몰입감도 좋고.. 연기도 괜찮고.. 뭐 결말이야.. 좀 그렇긴했지만.. 음..다른영화랑 굳이 비교하자면..음...암수살인이랑 비슷하거나 조금 못한정도?  영화를 바라보는 수준차이가 아니라 그냥 견해 차인듯싶내요..,7,1
173,고구마 100개를 먹었는데 마지막에 김치도 안주네,2,0
174,최고,10,1
175,"일단 시나리오는 그냥 ㅈㄴㅇ수준이고 엑스트라급 배우들연기는 하나같이 발연기, 소리지르다끝 보지마 시간 아깝다",1,0
176,간만의 미스터리 스릴러 잘봤습니다,10,1
177,고구마 100개 답답하고 유치한 영화,4,0
178,"손 놓기라는 테마로 영화를 보았다. 가족이란 집 안에 적을 두어야 하는데 집 밖에 적을 둔 채 허구적인 것을 믿다가 괴물이 송지효. 내 안에서 튀어나온 이 괴물의 손을 놓아야 하는가, 그래도 가족이니 어떻게든 구원의 법을 찾아야 하는가. ",10,1
179,약간 아쉬운점이 있지만 그래도 사이비 종교의 추악성과 보이지 않는 사회의 어두운 구석을 꼬집어내는 감독의 정성에 갈채를 보낸다 ,10,1
180,"왜 악평이 많지? 킬링타임용으로는 충분한데. 다만, 장애물 개수를 좀 줄였어야 했어.",6,1
181,에효~  이 조합들이 출연할때 딱  안봤어야했어 나를 질책해,1,0
182,진심 정말 하늘에 맹세코  내 모든걸 걸고 허리숙여 거짓없이 오지게 징하게 무지하게  더할나위 없이  재미 없습니다.,1,0
183,3  UBD 코로나  깜깜이에   기적이  만들어지다,2,0
184,390원 다운... 그 돈도 아깝다.,1,0
185,송지효얼굴보면~항상느끼는건데~연기는감정도없고~예능을찍는것같아~보다보면얼굴이웃겨^^차라리코메디영화만찍어라,5,0
186,영화의 흐름이 자꾸 끊기는 이유는... 중요할때 마다 극의 흐름과 동떨어져있는 송지효씨의 연기 때문이 아닌가 합니다.,7,1
187,최소한 배우생활을 하고 싶으면 예능출연을 하지말아야지. 배우는 신비감이 떨어지면 끝이다. 배우를 관두고 예능인으로 살던가. 욕심부리다 이도저도 안되는 그렇고 그런 사람으로 기억된다. 앞으로 배우생활은 끝내는게 좋을듯.,0,0
188,너무합니다.  이게 뭡니까.  개연성이 없습니다. ,3,0
189,...,6,1
190,코로나보다 더 무서웠던 1시간... 결국 남은 러닝타임을 참지 못하고 집에 가버렸다,1,0
191,그 애가 누구든 어떤 모습이든~~~,6,1
192,중간에 내가 이상해지는걸 느꼈다 졸음이 쏱아지고 정신이 혼미해지더라,4,0
193,혹시나했던 반전이 역시나였움,5,0
194,처음에는 흥미로웠으나 참진교라니 어처구니 없는 결말.,5,0
195,진짜 드럽게 못 만들었네. 제발 한국영화 퇴보시키지 좀 말자. 너무한다.,1,0
196,"그냥 안 보는 것 추천,",0,0
197,"초반 한 30분까지는 이거 뭐지? 이런 기대감이 조금씩 들다가 이상하게 영화가 산으로, 들로, 강으로 널뛰기를 한다. 무열이의 연기는 의욕은 넘치는데 갈수록 집중력은 떨어지고, 뻔할 결말을 앞두고 그 흔한 반전은 아예 개나 줘버리고... 결국 또라이 종교물이었다는 사실에 허탄하기 짝이 없는 심정이되었다. 아직 이런 영화찍기엔 감독이 너무~~~~여물지 못했다. 1점도 못줘 미안하다. 지효한테...",0,0
198,연기 잘 하는 배우를 바보처럼 만드는 놀라운 작품,1,0
199,진짜 종교또래이들이 얼마나 무서운지를 보여주는 영화 종교는 정상이든 이단이든 사이비든 모두 걸러야된다  세뇌 이게 얼마나 무섭냐,9,1
200,어휴 참 머라할말이..,1,0
201,내면 연기를 잘 하는 배우 김무열의 영화,7,1
202,나름 긴장감에 재미있었어요.  왜 평이 안 좋은지 모르겠네요..,7,1
203,갑 사바하 무엇???,3,0
204,왠만하면 평점 안올립니다. 근데 이 시국에 이걸 영화라고...  시간이 아깝네요. 거기다 여주 몰입감 쩌네요...  0점도 아까운 xxx,1,0
205,지효는 이제 더 이상 영화에 나오지 마라 어떤 캐릭터도 안 어울리네.....이미지를 다른 데다 박아놔서.... 색즉시공 2에서 처럼 보여줄거 보여주면서 나오던가......,2,0
206,예능인이 영화를... 하니 참나 어쩌다 ㅠㅠ,1,0
207,최고입니다.~~흥행대박~ㅠㅠㅠㅠㅠㅠㅠ  시간 아깝다,9,1
208,예능에 자주 나오는 배우는 안쓰는게 답임.. 예능 이미지가 너무 굳어서 영화를 봐도 런닝맨 보는거 같음.. 몰입이 1도 안됨.. 이광수 나오는 영화도 난 타짜 보면서 웃음 나왓음.. ,1,0
209,와~~ 요즘 같은 시대에 이런 영화가 나올 수 있다니....짝짝짝짝!! 부라보~~ 하나부터 열까지 이렇게 허술할 수 있다는 게 놀라울 따름이다...,1,0
210,재밌게 잘 봤습니다 송지효씨는 무거운 영화보다 유쾌한 영화가 더 잘 어울려요 최근 영화로 말해보면 엑시트의 윤아역을 송지효씨가 했더라면  아니면 극한직업 이하늬씩 같은 역활..,10,1
211,출연하는 작품마다 말아 드신다는 그 배우께서 이번에도 한건 하셨내요,0,0
212,아쉬움이많이남앗ㄴㅔ요,5,0
213,클라이맥스에서 송지효와 김무열의 정면대결이 허술하고 너무 쉬움 송지효가 김무열네 집에 온 후 처음 사건 터졌을 때 과감한(?) 무모한(?) 과정 생략을 해버려서 자초지종을 모르는 관객들은 그저 어리둥절~~ ,3,0
214,송지효가 런닝맨을 너무 오래동안 해와 영화 극상 몰입이 안됨. 이 영화의 여주인공은 곰효진이나 화차의 김민희가  했어야 했다. 그래도 오랜만에 개봉한 영화를 봐서 좋았음.,6,1
215,송지효 그냥 런닝맨만하지  연기 그게 뭐야 김무열만 불쌍  ,5,0
216,뻔한 스토리에 연기도 별루 특히 여배우가 별로임,1,0
217,잼있게 봤습니다 송지효연기 찐찐..,7,1
218,짱 짱짱 잼있어요 송지효 김무열 연기 넘 넘 좋아효♡,10,1
219,왜 .왜.왜 재미가 읍냐구요.배우가 핏대세우고ㅡ 충혈되면  연기에 리얼이 있는. 건가요... 아무튼 재미없어요. 개봉영화 다...해도 너무 하네요,6,1
220,"사라진 시간, 결백, 침입자를 통해 영화학도들은 많은 것을 배울 겁니다. 이렇게 만들면 안 된다는 것을 ... ",1,0
221,신천지때 나오지 아쉽,1,0
222,중간까지는 아주 좋았는데 뒤로 가면서 뭐야 이건. 조금은 황당한 전개. 중간까지 탑을 잘 쌓다가 무너뜨리는 느낌이랄까? ,5,0
223,.,3,0
224,재미있던데 웬 악플들 ???,10,1
225,결말이 산으로 가네요. 신생종교로 ㅎㅎ 스토리라인이 좀 더 탄탄했다면 하는 아쉬움이 있어요.,3,0
226,미스터리/스릴러 새로울 것이 없음,2,0
227,김무열씨 연기빼고 볼꺼 없는듯 지효씨 연기는 점점 퇴보하는듯.... 연기자들 연기 이상하고 스토리도 이상하고 내용도 허접함,0,0
228,김무열이 정성스레 밥 하면 감독이랑 멍지효는  말아 드시는 듯! 감독은 공부 더 하시고 멍지효는 런닝맨 매진 하세요!,5,0
229,종교가  생각나네요....,9,1
230,참담하다. 이렇게 완성도가 떨어지는 영화가 개봉되다니...ㅠ,0,0
231,코미디 프로에나 나오는 배우가 영화에 나오면 관객들의 몰입도가 어떨까라는 생각을  감독은 반드시 해 봐야 한다.      명품 배우들이  오락물에 나오지 않는 이유를 알고는 있는지,1,0
232,나 클레멘타인같은 영화도 나름 재밌게 보는 사람인데 이건 엔딩크레딧 올라가기도 전에 자리를 박차고 극장을 빠져나왔다,0,0
233,배우들 연기로 겨우 커버한 정도..........,3,0
234,스릴만점!!ㅎㅎㅎ 언기도 너무잘해서 오랜만에 재밋는 영화봤어요,10,1
235,"연기는 문제 없었다. 연출 노잼, 80년대 영화인줄, 앞으로 이 감독 영화 못볼듯.",1,0
236,"재밌었다......... 송지효 연기 많이 늘었고, 송지효 멜로 영화도 좀 하면 잘할 듯...ㅋㅋ",10,1
237,재밌게 봤어요! ,9,1
238,감독님  공부좀 더하세요 어거지로 만들지말고 영화팬들 무시하는것도 아니고 70년대 방화 수준,3,0
239,송지효 연기 많이 늘었드라 내용은 보통 ,7,1
240,나 이런 글 첨 남겨요.  꼭 알려야 될거 같아서....  비추합니다. 영화 찍는다 고생하셨을텐데. 죄송합니다.   배우분들의 연기가 ....너무 아까운 영화,0,0
241,굿.,10,1
242,평점보고 영화 보지말고 그냥 즐겨라 낮은 평점 주는이들은 영화가 자기를 맞쳐주기 바란다 난50평생 영화에 나를 맞추며 봣다 이제껏 본 영화 하니하나  버릴게 없더라,9,1
243,영화언제 끝나나 기다린것두 오랫만이네,1,0
244,너무나도  뻔한 스릴러. 비슷한 영화만 100편 넘게 본듯,5,0
245,죽는다 진짜 ,2,0
246,스트레스 오지게 받고 일이 풀리는 그 이유에대해서 아무런내용없이 그냥 스킵되버림 ㅋㅋㅋㅋ 걍 고구마영화 기분나빠지는 영화,1,0
247,나름 긴장감있고 재밌었어요ᆞ김무열ㆍ송지효 연기가 압권ᆞ,8,1
248,갑분종,10,1
249,너무 소름돋고  배우들 연기짱짱짱!!!,10,1
250,별1개도 아까운 쓰레기영화 스토리는 뻔하고 긴장감 제로 반전은 뜬금없는 소재 스토리 자체가 납득이 안가는 황당한 내용,1,0
251,재밌었어요!,10,1
252,오랜만에 본 영화 지루하지 않고 잘 봤네요,6,1
253,"좀 더 강하게,연출했다면.",8,1
254,보다가 잔 2번쨰 영화..,1,0
255,"조금 루즈하지만 사이비종교 스토리를 잘 풀어냄 .동생은?""??",7,1
256,이게 뭐여...... 개허접 & 싼티남..... 보고 대실망 이런 사이비 영화인줄은 꿈에도 몰랐어요 ㅋ⫬ㅋ⫬ㅋ⫬ㅋ⫬ㅋ⫬  내용이 산으로 감 ,1,0
257,스릴러물이네요 볼만했어요 심리묘사도 괜찮았어요,8,1
258,작가가 중도 포기한 작품인듯,2,0
259,어이없음,1,0
260,송지효 화이팅,10,1
261,송지효  김무열 연기 몰입감있게 잘하시네요  종교의 삽입은 별로네요 ㅠ,10,1
262,"사이비 종교가 해악이긴 하지만, 오히려 긴장감이 떨어졌어요;;;",6,1
263,김무열 계속 연기해줘,10,1
264,송지효는 앞으로 스릴러만 해도 좋을 듯? 잘어울림 반전도 괜찮고 재밌음,10,1
265,오랜만에 볼만한 영화였음! 쫀쫀하다,10,1
266,평점을 너무 후하게들 주셨네요  1점도아까운... 영화보다 중간에 나온적은 처음이네요.  시간아까운 영화입니다. ,1,0
267,킬링타임용 그이상 그이하도 아님  배우연기빼면 남는게 없음,3,0
268,"완전 킬링타임용도 아깝다. 특히 절벽신에서 완전 좌절,,,,, 영화를 어떻게 저딴식으로 만들지?",1,0
269,간만의개봉작이라 기대를많이했는데 ㅠㅠ,1,0
270,배우들 연기가 좋았어요!,10,1
271,간만에 개봉작이라 반가웠지만.... 작품은 영~ ㅡ ㅡ  초반에 힌트가 나와서 막판반전도 없고 밍숭맹숭한 ....,1,0
272,좋아요,10,1
273,지효언니 ㅠㅠ 사랑해요 넘 재밌었어요,10,1
274,재미있었어요 간만에 영화관 ,9,1
275,허접ㆍ아예잔인하게가든자이것도아니고저것도아닌우유부단한영화부부의세계훨재밋음,1,0
276,굿,10,1
277,침입자 이며  누구가 그집에 들어왔서는 물건과 돈 홈친는 이렇게만들어서면  재미가 있서가테데  ,2,0
278,꽝,2,0
279,구성도 연기도 참 갑갑했다...,2,0
280,졸잼,10,1
281,보는내내 송지효가 이렇게 연기를 잘했나? 생각이 들었음 영화 중후반까지는 스릴있고 조금 무섭기도 했는데 후반 스토리가 아쉽네요... 개인적으로 송지효가 앞으로 이런 서늘한 연기 자주 했으면 좋겠어요 다시 봤음,8,1
282,재미있게 봤어요!!,10,1
283,재미있게 봤어요,10,1
284,굿,10,1
285,최악이었음,1,0
286,"마지막까지 궁금한 부분이 있기는 한데, 공포나 긴장의 정도가 높지는 않음",7,1
287,네이버 평점 너무 낮길래 기대안하고 봤는데 괜찮았어요. 긴장감있게 보고나옴 ,8,1
288,"오랜만에 새 영화를 개봉한다 해서 개봉 첫 날 보러 갔는데...정말 시간이 아까웠던 영화. 중반부까지는 나름 긴장감 있게 끌고 갔으나,  깔아놓은 복선들을 충분히 설명하지 못했고, 사이비 종교로 모든걸 마무리짓는 그 엔딩에 허무함을 느낌. 스릴러를 사랑하는 한 사람으로서 정말 실망한 영화중 하나임.",1,0
289,최고의 영화입니다! 클레멘타인 이후에 간만에 느껴보는 수작이네요.,10,1
290,겟아웃 + 구해줘,4,0
291,어설픈 야바위꾼이 야바위를 하다 컵을 올리니 똥이 들어있는 상황 폭염을 피하는데 돈 썼다 생각하세요. 아님 위대한 쇼맨 보던가,1,0
292,영화가 성공하려면 연기력보다는 시나리오와 연출력이 있어야 된다는것을 뼈져리게 느끼게해준 영화임.  그나마 배우들의 연기력은 봐줄만하나 시나리오는 망작 그 자체임.  결말은 정말 개연성은 1도 없고 도무지 관객들로 하여금 공감을 얻어낼래야 도저히 얻어낼수 없는 수준임.,1,0
293,기승전결 기는 어설프나 연기력으로 커버 승전이 애매모호함... 결 완전 급전개 우당탕하다가 쑥 힘빠짐. 감독은 그딴 열린결말을 왜 냅뒀는지 1도 이해안감 복선은 존나게 깔아놓고 ㅅㅂ 하,2,0
294,진짜 심각함. 중간까지도 잘해봐야 평타인데 후반부 가는 순간 무슨 영화가 무슨 침 입자 맞고 병걸린 것처럼 존나 개판오분전되는 상황 발생합니다. ㄹㅇ 섬뜩한 장면인지 진지하게 들어간 장면은 존나 웃겨서 빵 터짐 ㅋㅋ 여튼 개판이고요 별점은 10점 만점에 1.0점 드립니다. 일요일 2시간 날렸네요. 진짜 하,1,0
295,저는 너무재밌써요 ㅠㅠ 송지효 연기도대박이고  보는내내 흥미진진... ㅠ,10,1
296,재밋어보입니다,10,1
297,제작비가 중간에 부족했는지 뭐 하다 대충 마무리 하는 느낌! 너무 황당하고 어이가 없었어요!,1,0
298,"아부지가 시키드나, 영화가 그리 만만하드나 이거저거 갖다 붙이면 감동 받을줄 알았드나 애들 책 팔렸다고 세상 쉽게 보지마라. 손작가",5,0
299,전 재밌게봤어요~ 배우들 연기도 좋았습니다~,9,1
300,영화 유전이 계속 생각나는 영화 였음. 후반부는 늘어지고 뻔한 흐름.. 뭔가 영화가 찝찝한 느낌을 계속 주네요. ,4,0
301,"전반부까지는 예측가능하지만 긴장넘치는 전개였으나, 후반부터 감독님의 집중력이 현저히 떨어지는게 느껴짐과 더불어, 저런 배우들과 연기력을 가지고 저런 개연성 제로의 결말을 만들었다는데에 허탈함과 황당함을 멈출수 없었답니다. 뭔가요 이게. ",2,0
302,전체적으로 쫄깃하고 재밌게 봤습니다  마무리만 조금 자세하게 나왔으면 좋았을듯 김무열 연기 좋았습니다 ,8,1
303,시간 아까움,2,0
304,초반엔 볼만했는데...마지막이 설마 설마 아니겠지...또 반전이 있겠지 기대했는데;; 갑분x 반년반에 극장갔는데..에휴,3,0
305,기대안하고 봤는데 생각보다 심리적 스릴감이 있었음.,7,1
306,서사 구조가 다소 아쉽지만 꽤 볼만하네요. 송지효님이 배우라는 사실을 새삼 느꼈습니다.,9,1
307,간단한 방법 놔두고 굳이 어렵고 복잡한 방법을 사용하는 것부터 시작해서 뜬금없이 모든 이유를 친절히 설명하는 것까지... 개연성을 비롯해 너무 엉망인 부분이 많고 말하면 스포일러라 여기에 다 적을 수 없을 거 같다.,3,0
308,크게 기대 안하고 봤는데 생각보다 볼만하네요 시나리오가 조금 부족한듯하고  배우들 연기는 정말 소름 돋았습니다  ,9,1
309,큰메세지는 없어도 영화로서는 괜찮네요,9,1
310,재밌게 본 거 같아요 ㅎㅎ  긴장이 끊이지 않아서 몰입하고 봤네요 마무리가 조금 구체적이지 않아서 아쉬웠지만 내용은 볼만했습니다!,9,1
311,깜짝놀랄(스릴러)영화는 아니지만 시간가는줄 모르고 시청했습니다. 마지막 장면 10분정도 너무 말이안되는 상황 실감이 안되는것이 조금 실망(영화라고 생각하고 봐도 너무 뽕).  .   .   . 그러나 돈아깝다는 생각되지 않는 영화 그냥 추천,8,1
312,영화 시작부터 끝날때까지 쉬지않고 시끄러운 옆자리 연세 많으신 커플 빼고 나름대로 스릴러 장르를 잘살린 영화,6,1
313,고구마 30개먹은거같아요 음료수 많이 챙기고 영화보세요,1,0
314,재미있네요,10,1
315,"기대감도  예상했던 부분도 없이 보게돼 중반까지 넘나 흥미진진 했어요.  결말이  좀 당황스럽고 상황이 어의없는 부분이 있었지만,  뻔한 남주 아닌 김무열의 열연이 신선 했네요. 어찌됐던 요즘 사이비종교와 연결된 부분도 있어  한번 생각하게 되는 이야기",7,1
316,평점이 너무 박하네요.,9,1
317,그래도 집중해서 재밌게 봤음....결말이 좀 어이없지만...,9,1
318,"스릴러의 느낌은 충만,다만 연결이 부자연스러웠다.",6,1
319,고구마 먹은듯 답답하네,1,0
320,걍 납치하는게 일이 백번 쉽고 후처리도 낫다,1,0
321,"음..중반까지는 나름 반전을 기대하면서 긴장감도 있었는데,,후반부로 갈수록 너무 뻔한 스토리로 흘러가면서 전반의 점수를 까먹는듯한 느낌. ",6,1
322,어린시절 실종된 친동생이 사이비종교에 빠진 이야기,7,1
323,최악... 기다린 보람도 없이.... 빤하고...,0,0
324,으응?? 실망 ㅜㅜ,1,0
325,존나 재미없어 ㅅㅂ,1,0
326,"사이비 맹신도이자 치밀하고 사악한 존재가 상황을 장악하면서, 한 가닥 혈육의 정에 대한 희망마저도 놓아 버리게된다는 아찔하면서도 애잔한 스릴러물이었어요.",8,1
327,단팥빵인데 안에 앙금이 없는것처럼 즉 결론은 내용 부실,4,0
328,좀 더 반전이 있었다면 좀 더 후반부에 긴장감을 불어넣었다면 좀 더 스토리의 개연성이 높았다면 좋았을것을. 남주 혼자 열심히 한 것만 기억나네.,6,1
329,전체적으로 그렇게 재미없는 내용은 아니였지만  어설픈 구석은 좀 많아서 별세개,6,1
330,제 지갑을 침입당했습니다,1,0
331,볼만해요 스토리두 있구요 아주 서사적인 스케일은 아닙니다만 보고나서 돈은 아깝지는 않습니다,9,1
332,"중간까지 볼만 했는데., 가면 갈수록 노잼",1,0
333,"우리나라 관객들의 수준이 너무 높은 건지, 아니면 국민성이 뒤틀려서인지 모르지만, 평점을 너무 적게 주네요. 엄연히 10점 만점이란 기준이 있는데,  뭐 하자는 건지 모르겠네요. 저희 부부는 재미있게 보았습니다. 쿵쾅거리고 떠들썩한 영화는 아니어서 오히려 조용히 몰입할 수 있었습니다. 사이비 교단의 악마성을 부각시킨 주제도 시의적절했다는 생각도 했습니다. 배우들의 연기도 훌륭했습니다. ",9,1
334,웃겨죽는줄 ㅎ 옆에서   코골고  자는데  빵 터졌음 평점  후하게 주는편인데 . 좀 아쉽네요,5,0
335,너무 엉성한 전개..보는내내 지루해서 죽는줄. 내 시간과 돈 어쩔겨? ,1,0
336,반전도 없고.... 마무리도 그저그렇고.... 딱 5점짜리 영화다!,5,0
337,"영화시작할때 스릴러장르가 15세이길래 불안했는데, 아니나 다를까 어디서 한방 터뜨려주나터뜨려주나 기대만하다가 허무하게 끝난다. 초반 전개가 지루하긴했지만 구성은 나쁘지않았는데, 후반부로 갈수록 이건 뭐 그냥 반전이라하기엔 너무 허접하고, 그렇다고 뭐 소름돋는 부분도 없고.... 참 코로나때매 긴 시간 영화즐기지못한 사람들 통해 지루해있던 관객들때매 그나마 좀 볼만하다고 느껴지는 영화지. 코로나 이전에 개봉했으면 폭망했을수준이다.",4,0
338,볼만합니다,10,1
339,",",10,1
340,볼만해요,8,1
341,믿거열...but...,7,1
342,ᆞ,7,1
343,"1시간 20분까지는 전개가 좋았는데, 나중에는 이상한 방향으로 전개시켜서 약간 실망. 그쪽 방향이 아니라 과학적 또는 심리적 방향으로 전개했으면 더 흡입력과 공감력이 살아났을 것이다. 스토리 전개와 사고의 수준을 우리가 과거에 봐왔던 익숙했던 것에서 벗어나야 한다. 왜 과거에 머물러 스토리를 그렇게 밖에 전개를 못할까 안타까웠다.",5,0
344,평이 안좋아 볼까말까 망설이다 봤는데 난 엄청 재밌게 봤음. 오랜만에 스릴 제대로 느껴 기분전환에 좋았다. ,9,1
345,막 보고 나왔는데 3/5까지 쫄깃쫏깃 잼나게 봤는데 마지막을 너무나. 생뚱맞는 흔한 소재로 연결해서 아쉬웠음.  근데 유전자결과 검사한거 친동생이야 아니야?,8,1
346,배우들 연기 훌륭합니다 그런데 시나리오 너무...뻔하고 결말도  식상해요...너무나 지루하고 답답하다 할까요 초반에서 중간은 볼만 했는데 끝으로 갈수록 너무 멀리 갔다는 것밖에는 ㅠㅠ 그래도 배우들의 연기는 너무 좋았습니다!,1,0
347,ㅠㅠ허술합니다,1,0
348,난 재밌게봤는대 평점이 다른사람들은 별루였나바 ㅠㅠ,8,1
349,김무열 캐릭터는 좀 갑갑하지면 영화보는 내내 콩딱콩딱 하며 잼나게 봤음~~,8,1
350,내용은 뻔한데.. 송지효님 연기가 은근 어울린 영화..,7,1
351,별로,6,1
352,이런 허접쓰레기같은 영화만든 감독은 정말 부끄러운줄 알기바란다 연극영화과학생들 실습작품보다 못한걸 영화랍시고 어이가없다 정말,1,0
353,기대없이 보면 괜츈 ㅋㅋㅋㅋㅋ,6,1
354,신선하게  시작해서  신천지가보이더니 엉덩이가 아파서   중간에  나왔다,1,0
355,느닷없이 나타나서 터무니없이 사라지는구나. (돈 시겔 감독의 영화처럼 차라리 외계인이면 싶었다.),5,0
356,"코로나땜에 오랫동안 극장못가다 간거라 ,  제발 잼있어라 기대하며 봤는데... 김무열 나 이제 너 나오는 영화는 극장에서 안 볼란다. 니 영화 다 극장에서 봤는데 이번엔 진짜 너무 했다! 송지효한텐 애당초 기대치없었고... 첨부터 사이비로 풀어가던가... 시간이 아깝다",5,0
357,딸하고  같이 봤는데  재밌게  잘 봤음.  배우들  연기  진짜  잘함.,8,1
358,기대많이하고 봤는데 처음부터 끝까지너무  지루하고 스릴러로 끝까지 풀어나가면 좋았을텐데  꼭 흔해빠진 이단종교로 마무리해야했는지,1,0
359,ㄴㅈ,0,0
360,뛰는 진실위에 나는 거짓,7,1
361,왜?,3,0
362,새삼 송지효 이런 분위기가 너무 잘어울리고 멋있다. 앞으로도 다양한 모습 많이 보여줬으면 좋겠다,10,1
363,ㅎㄷㄷ 무서웠다 ,10,1
364,ㅠ ᆢㅠ,6,1
365,개연성도 부족하고 뜬금없이 사이비로 결말을 맺어가니 참 어이가 없네. 너무 실망.,1,0
366,전반적으로 모호하고 헛점이 많다... 박평식 평론가가 제대로 봄,5,0
367,비혼 송지효 이미지가 영 한국영화 봐야 버닝썬 법인부동산 음주운전  프로포폴이나하지 김무열 한테는 미안,1,0
368,재밌게 봤지만 5~6점이 딱 어울리는 ,6,1
369,김무열 믿고 봤는데 음향효과만 요란하고 너무 허접하네요.,0,0
370,유쾌하지  않으려면 쫄깃하기라도 해야.   허접하다 주변 인물들의 감정변화를 모두 약물하나로 처리하다니. 약 안먹은 형사는 모냐,1,0
371,기대만큼은 아니지만 그런대로 볼만해요..,8,1
372,개실망,1,0
373,휴~ 후반에 어이없는 스토리 전개...분노 유발 ,2,0
374,그냥..,1,0
375,어제봤는데. 고만고만하다. 끝이 좀! 영화를 결말이 개연성이 부족해 보임,5,0
376,재밋어요 배우들 연기도 다 잘하구 시간가는 줄 모르고 봣습니다,8,1
377,쏭배우 진짜 너무 이뻐. 영화가 너무 좋다,10,1
378,난 10점을 준거다,0,0
379,시나리오 개판이고 개연성 1도 없고 헛점 개많고. 이영화 저영화 말도 안되게 짜집게 해놓은 코로나 사태로 상영 영화가 줄지 않았음 거들떠도 보지 않았을 영화. 아직도 부들부들 떨린다. 송지효는 그렇다 쳐도 김무열 너는 그러면 안됐어. 다음 평점은 믿었는데 여기도 알바가 생겼나보네. ,1,0
380,이거보다가 심장마비올까봐 조마조마하고있는데 형사가 송지효한테 넘어가는순간 그순간 코메디영화.... ㅎㅎㅎ,8,1
381,스릴러물로 잘 나아가다 기승전 사이비종교물... 아리에스터의 유전을 따라하고 싶었나?ㅋㅋ,3,0
382,아.. 배우들의 연기가 아깝다. 내가 감독해도 이거보단 잘만들겠다.,1,0
383,스릴러.. .. 모든 배우들의 연기에 빠져들다. 연기 너무 잘해서 가슴이 꽉찬 느낌이었습니다.,9,1
384,간만에 심장 쫄깃..가족들 연기 너무 잘 하셔서 무서웠어요.중반부까진 호기심 가득 스토리 전개되다가 후반부는 다른   영화인줄..조금 아쉬웠어요.,6,1
385,히치콕을 시작으로 폴란스키와 아리 애스터를 지나 전형적인 한국 사이비 드라마로 끝난 영화.,4,0
386,괜찮음,9,1
387,너무 심하잖아요.. 웬만해선 최소 3점이라도 주려고 했는데 처음부터 예상되는 반전내용. 각본이 제일 문제임. 스릴러인데 전혀 무섭지가 않아. 어디서 무서워해야하는지 알겠는데 전혀 안무서워,1,0
388,나름 괜찮은데?,9,1
389,결말부분의 허술함에도 불구하고 재미있게 봄  추첨함,7,1
390,중간까지 볼만하다가 후반부 부터 너무 날림임  ,5,0
391,외국의 스릴러물보다 훨씬 났네.,10,1
392,송지효의 연기는  조으나  사건의 전말이 밝혀지는 순간 급하락 하는 연출을 보여준다,6,1
393,몰입감도 쩔고 내용도 있구 좋아요,10,1
394,중반까지는 괜찮았는데 사이비종교나오면서부터 ㅋㅋ,5,0
395,이게 솔직한리뷰.. 초반 -중반까지는 나름 몰입감과 반전을 기대해서8점이었는데 사이비 나오면서 너무 억지 개연성.. 두배우님 연기는좋았어요,6,1
396,이젠 유진이가 돌아온거야랑 옵빠 하는 광고 소리를 안 들어도 되겠다. 그동안 이 소리를 너무 많이 들어서 귀에 못이 박혔어 영화는 색다르게 긴장되다 삼천포로 빠지는 느낌..,7,1
397,"이 영화보다는, 20대 국회의원 여상규 법사위원장이 박지원,이철희,표창원의원들이랑 법사위서 싸우는 영상이 10배는 재밌습니다..ㅋㅋ",4,0
398, 볼만했읍니다   지효 무열씨연기좋았읍니다,7,1
399,E급영화급 완성도. 성의없고 이딴 느낌의 영활 보느니 살인자의 기억법 다시 봅니다.,1,0
400,좃같다 ,0,0
401,이런 내용의 영화들은 암유발 상황과 저걸 어쩌나 하면서 조마조마 하게 보는 맛으로 보는 재미가 있는데 맥락이 부족한 뜬금포 진행으로 막판에 그동안 쌓은 것들을 다 무너뜨리지 않았나싶다  송지효는 쏘시오패스 역할을 해도 훌륭하게 잘해낼거라 생각이 드네   그리고 영화를 본 관객들만 평점을 올릴 수 있는 시스템이 구축되어야 할거같다  코로나 때문에 영화보기 어려운 상황에서 간만에 한국영화 괜찮게 나왔나 해서 보았다가 알바(?) 같은 10점 러쉬에 실망해서 6점 올린다 ,6,1
402,"김무열과 송지효,  이렇게 연기 잘하는 줄 몰랐는데, 몰입감 쩔더라",10,1
403,송지효  연기와 사이비로 이어지는 몰입감,8,1
404,왜  법으로  신천지를 깨지 못하는 이유를 알려주는 영화네요!   이유는 가족이란 명문으로 일까요?,8,1
405,와와와! 반전!!! 한번쯤 기다렸던 영화!,10,1
406,직접 보세요~^^,10,1
407,보고 왔는데 공교롭게도 내 위 평이 직접보세요 이네 마지막에 서진이 파쇄한 친자확인이 맞는지 안맞는지 왜 안보여 준거야 ㅜ  확인이라도 하지 확인도 안하고!!,10,1
408,시간 순삭하게 하는 여름에 관람하기 좋은 스릴러 영화 ,10,1
409,  하...참 증말... .... ..... .. 뭐라 말을 못하것음..;;;.. 어설픈 설정과.. 말도안되는 반전?~!.;;; 발연기..;;;;...   진짜ㅣ 감독아~~~... 감독아~~~~~///!!!! 야 이 노 무 .. ㅅ ㅑ 캬?~!... ,5,0
410,Love you Song Ji Hyo ssi . Fighting,10,1
411,송지효님 나오는 영화라 믿고 언능 보고싶네요  굿굿굿 송지효 홧팅!! ,10,1
412,배우자들의 연기 ,10,1
413,이번 영화 엄청 기대중!  지효언니는 확실히 이런 역이 잘 어울릴꺼 같아요 ㅎㅎ   예고편 보러 왔다가 아직 개봉도 안했는데 평점 0이 많길래 10점 주고 갑니다,10,1
414,아 코로나...,10,1
415,줄거리만으로도 지효님건 보고싶다~~.,9,1
416,예고 영상만으로도 어서 보고싶다.,10,1
417,드디어 개봉햇네 나혼자라도 보러가야겟다 내가제일사랑하는 사람이나오는거니까,10,1
418,송지효누나미모짱,10,1
419,기대된다,10,1
420,"유전자 검사 해보면 바로 아는데, 왜 의심만 할까. ",5,0
421,너무너무 보고싶었던 만큼 역시 좋았다. 아주 이상하고 사이비 종교단체. 근데 진짜 진실로 여동생이었을까? 아니었을까? 자신의 손을 놓아버린 오빠한테 복수하기 위해서 돌아온 건 아니었을까?,10,1
422,송지효의 변신이 기대되내요.,10,1
423,기대기대,10,1
424,.,0,0
425,최고의 미스터리 공포 스릴러!!!  ⟨ 침입자 ⟩ 진심으로 기대됩니다. 그리고 주인공으로 등장할  연기파 배우 김무열과  송지효가 정말 기다려집니다!!!,10,1
426,와 씨 줄거리만 읽었는데도 소름돋는다,10,1
427,오. 송지효가 은근 무서운 역할이 어울리는구나.,9,1
428,기대되는 스릴러~,10,1
429,ㅎㄷㄷ ㅎㄷㄷ 쉬웅.. 그래도 이정도면 볼만,10,1
430,영화가 궁금해지는 포스터...,10,1
431,송지효랑 김무열이라니..! ,10,1
432,"송지효, 김무열 색다른 조합인데 은근 케미가 있네요",10,1
433,기대 이상으로 더 쫀쫀하고 쫄깃했던 웰메이드 스릴러. 송지효 배우의 연기 변신 bb,10,1
434,아몬드 잘 읽었어요 소설만큼이나 독특한 시선을 공감가게 그려낼 수 있으리라 기대하고 있어요 언제 개봉하는지 궁금하네요,8,1
435,.연기 굿임 연출은..,10,1
436,최근 본 영화중에 제일 재미있네요~,10,1
437,송지효 빼고는 어찌 연기가 다 저모양이야 애 부터 노인네 까지        가장 큰 문제는  이 여감독  영화 찍으면 안되겠다 송지효도 그냥 런닝맨만 주력해야 되겠네,2,0
438,망한이유가 있네ㅠ 고구마 천개는 먹은듯,1,0
439,관객을 속이지 못하는 어거지 ,3,0
440,스릴러의 동력은 답답함,2,0
441,영화 내내 괜찮다가.. 마무리가 다 깎아먹네ㅠㅜ,6,1
442,허무한 스토리 추녀 송지효 오바 김무열  개판이네,1,0
443,"영화에서 남자가 돈밖에 몰라서 가정은 내팽개치고 일만 신경쓴다고 하는데, 아내가 사람은 제대로 본거 같아요. 진짜 동생이 의심스럽고 가족이 걱정되면 돈을 들여서 흥신소라도 찾았을텐데, 흥신소도 의심스러우면 여러군데 의뢰해서 교차검증을 했을꺼고요. 그러나 역시나 돈쓰기 싫어서 ♪♪처럼 직접 발로 뛰려고만 하네요. 아마 DNA 검사 다시 보낸것도 제일 싸구려로 해서 오래 걸려서 마지막까지 결과가 안나오는거 아닐까요? ㅋㅋ",2,0
444,이단에 빠지면 이케 됨 !,10,1
445,갑분싸이비라니.. 중반까지 긴장감에 몰입 좋았는데..,6,1
446,"이제서야 보았네요. 평점 낮은거에 비해서는 꽤나 긴장감 있고 집중있게 보았습니다. 가족의 중요성을 느끼기에는 충분했고, 종교.. 영화니까 그럴수도 있지 하고 넘겼지만 결말이 애매하다보니  괜찮았던 결말 전까지의 이야기 전체가 휘청거리는 느낌이 들었네요. 모든 배우분들의 연기력에 집중력을 유지하며 보기에 좋았지만, 특히나 송지효의 연기와 미모가 너무 돋보여서 더 좋았습니다.",7,1
447,다소 억지스러운 결말을 빼고는 전반적으로 쫄깃쫄깃하다.,6,1
448,음.....스릴도 없이 긴장감도 없이 궁금함도 없이 편하게 ?  잘 봤습니다.,1,0
449,.,8,1
450,이건 뭐....,1,0
451,감독 평범 또는 하류... 송지효만 돋보이는 영화,4,0
452,재미없다,1,0
453,스릴러  수작 전광후ㄴ    시ㄴ천지 부류의 사이비 종교에 대한  경각심 ,10,1
454,보지마,1,0
455,아... 평점알바들... ,2,0
456,연기 각본 배우 다 C급 아 증말,0,0
457,황당한 영화 영화사이비가 훨씬낫다 ,1,0
458,한국 영화 심각합니다. . . 좋은 시나리오 가뭄이라던데. 옛날   시나리오 작가들이 써놓은 걸로 충무로 근근이 버티더니ㅉ 작가들 대우라도 좀 해줬으면 안 떠났지. 그렇게 가격 후려쳤으니ㅉㅉ,3,0
459,별내용 없고 재미도 없었다 종교의 자유가 있는 나라이지만 우리나라 솔직히 사이비 종교 너무 많다  그런 사이비 종교때문에 가슴아파 하는 가족이 너무 많다  사이비 종교 다 사라졌으면 좋겠는데 어케 안되나???,3,0
460,황당한 설정 답답한  영화,3,0
461,정말 화가나는게 돈과 시간 전부 보상받고싶다 클레멘타인과 더불어 역대급이다 여주 연기력은 참... 중간에 나올까 몇번 고민하다 오기로 봤다,1,0
462,영화관에서 틀어주는 막장드라마 수준임. 그것도 시청률 안나오는.,0,0
463,난 어차피 송지효 나오는건 드라마나 영화 다 안보지만 티브이서 무료로해줘도 안봐야겄다 평보니,1,0
464,초반엔 괜찮았는데 뒤로 갈수록 힘이 빠짐,2,0
465,마지막에 송지효가 친동생였으면 좋았을텐데 아쉽~,6,1
466,초반은 괜찮고 어느정도 짐작하며 봤는데 뒤로 갈 수록 이야기가 점점 산으로 가네.. 스토리가 엉성하고 짜임세가 없어 사건의 흐름이 자연스럽지 못하네..,5,0
467,차라리 마지막에 송지효가 진짜 친동생이었다던가 소름돋는것 하나없고 반전도 없고 뭘 보여주고자 한건지...,1,0
468,김무열 소리 지르는거 땜에 자다가 깜짝깜짝 깨요.,1,0
469,"영화가 후반부로 넘어가면서 어이없는 전개에 ""대체 이게 뭐야?""라는 말밖에 나오지 않는다. ""대체 어떤 상황이고 어떤 반전이 있는 것일까""라는 의문따윈 사치에 불과했다.  뛰어나진 않아도 초중반 쌓아온 몰입감과 긴장감있던 연출이 한순간에 날아가 버리는 설정이었다. 김무열의 고군분투는 안타깝지만, 송지효에겐 버거운 캐릭터였고, 스토리와 구성은 이 영화의 가장 큰 패인이 아닐까 싶다. ",5,0
470,25년만에 등장한 동생의 합류가 가족에 미치는 이상한 영향이 잘 보이더니만 갑자기 너무나도 솔직담백한 고백들이 이어지며 사이비 종교로 가네... 밑도 끝도 없는 개연성은 억지로 결말에서 짜맞추려 하다니.  영화관에서 보면 허무할 걸~,5,0
471,2/3만 쓰여진 각본으로 촬영을 시작한 듯.,2,0
472,오랜만에. 1점도 아깝다고 느낀 영화,1,0
473,"뻔한 전개. 다만 송지효는 캐릭터를 기름처럼 영화와 분리하는 재능이 있는데, 그걸 사이비 종교의 이질감으로 채색하는 감독의 기발한 아이디어는 인정함.",1,0
474,초반에 보면 기생충이 보이드라 누가 먼저 일까? 작품과 별게로 궁금해지네 진심,2,0
475,잃어버린 동생이 돌아온다는 설정이 흥미로웠는데 하나둘씩 다른 가족들로 채워질때까지만해도 섬뜩하고 미스테리 맞네 했는데 갈수록 어? 갑자기 웬??????? 배우들이 아깝다,4,0
476,"송지효 한대 쥐어박고 싶을 정도로 연기 너무너무 좋았다. 이거말곤... 마지막 반전인가 했는데, 아닌거 같고. 중후반부가 너무 지루하고 당황스럽게 전개돼서 아쉽다.  이런 스토리라면 Ocn 구해줘가 훨씬 낫다고 본다.  요즘은 고구마 캐릭터 없으면 영화가 안만들어지나...형사뭔데... 브금 음향효과 진짜 못들어 주겠다. 90년대 공포영화도 아니고 더럽게 센스없어서 지루하게 하는데 크게 한몫했다.",5,0
477,"전도와 포교, 전단지살포좀 작작해라 이것들아~ 니네가 믿는 천국으로 어서 가버려라!~",1,0
478,손원평 대단하다 코로나를 등에 엎고 쓰레기 영화를 개봉해서  어쩔수없이보게 만들다니 대단하다,1,0
479,중반부까지 긴장하면서 잼나게보다가  갑자기 종교로 빠지네~뭥미 ㅜㅜ 종교가 아닌 다른 스토리였다면..... 그것이 쉽다면 다 예술인하겠죠..... 아뭏튼 아쉬움이 많이 남고 송지효 연기력이 후퇴한 느낌을 받았네요.어색한 표정 무엇???,5,0
480,첨부터 끝까지 뻔한 줄거리에.. 반전을 너무 넣다보니 스토리 전개도 안되고 돈안주고 봐서 다행이네,1,0
481,초반 스릴러 구성은 탄탄하게 잘 짜맞추었으나 후반부로 가면서 역시 억지설정이 문제이다. 주제를 가족에 맞춘건지 집에 맞춘건지 사이비 종교에 맞춘건지  감독조차 헷갈려 하면서 영화는 배분을 못 맞춘다 따라서 스릴러의 세밀함이 풀리면서 엉성한 범죄물을 따라가게 된다. 처음부터 범죄물을 그렸다면 이렇게 어눌하지는 않았을텐데. 여러가지 욕심을 부리면서 하나에 집중하지 못해 완성도가 부족하다,5,0
482,시간이 아깝다 마지막 유전자결과지는 왜 안보냐 끝까지 맥빠지네,1,0
483,"송지효 예능보다 연기에만 전념 하길 바라는 1인.... 연기를 못한건 아니지만 이런류의 영화에 웬지 이미지가... 이러다가 예능에서나 연기에서나 어정쩡한 캐릭터 된다... 런닝맨이 망쳐놓고 있는 배우 송지효, 이광수... 영화에서 감독의 연출력이 얼마나 중요한지 다시한번 깨닫게 되는 영화..",5,0
484,송지효의 정체를 밝힌 후에 이야기를 전개했더라면 어땠을까? 마지막에 정체를 밝힌 후  다른 전개없이 맥풀리게 끝나는 바람에 너무 아쉬운 영화가 됨,5,0
485,1점도 아깝다. 첨으로 로긴해서 평쓰는데 진짜 이따위로 밖에 못만드나 화가난다,1,0
486,그냥 킬링타임으로 볼만한데 마지막에 맥없이 풀어진다. 대부분 영화들이 초반엔 지루해도 마지막이 클라이막스라면 평가는 더 좋아지는법인데.. 아쉽네,6,1
487,잼 있는줄 알고 봤더니 넘 성의없이 만들었더라 곳곳에 구멍이~ 말도 안되고 이해를 할수도,3,0
488,경찰과 범죄자는 차에 브레이크가 달려있는지 모름 ㅋㅋㅋㅋㅋ 진짜 ㅋㅋㅋ마약이 유도탄처럼 졸라 편하게 타겟을 때리는데 이건 개발하면 세계정복감이다.,3,0
489,개고구마   쓰바  진짜 동치미땡기네?   어휴  시간아깝   미친사이비종교? 어휴ㅡㅡ,0,0
490,영화 자체가 .....내용보다....... 송지효가 이렇게 팜므파탈적인 배우인지 느꼇음 더 멋진 영화에 더 매력적인 역에 나오면  칸이든 뭐든 갈거 같다는 ,6,1
491,진짜 산으로 간 엔딩 ㅠㅠ 오메오메 감독한테 묻고싶다 '뭣이 중헌디'   그나마 열연한 송지효 김무열을 봐서 2점 준다.,2,0
492,재미있게 잘 봤습니다. 강추,10,1
493,나는 조앗는데,7,1
494,망해도 코로나 핑계되면 되니까... 그래도 정말 넘하네 관객수준을 뭘로 보시는지,1,0
495,나름 재밌게봤어요~,8,1
496,에휴.. 다음 영화 평점도 오염이 심하구나.. 네이버 썩은물보단 낫다고 생각했었는데. ㅎㅎ 영화사 직원 알바들 총출동이구만. ㅋㅋ 아무튼 점수는 4점,4,0
497,"간만에 개봉영화라고 보러갔는데 정말 그지같다  정말비추! 넉달만에 보러가서 짜증만 늘었다, 특별하게 어느부분이 않좋다고 지적할수없을만큼  전반적으로 골고루 형편없다",1,0
498,어설픈 '유전' 따라하기,5,0
499,",",4,0
500,개연성 떨어지는 스토리와 허무한 결말등으로 아쉬운 영화,4,0
501,경찰의 오해를 푸는 것도 보여줘야지 그냥 급하게 끝내버리네 ㅋ,5,0
502,너무 재미 없어서 나오고 싶던 영화   이건 다른 누구도 아니고 감독의 연출 각본 능력탓이다 ,2,0
503,초중반까지는 몰입되고 나름 재밌다가 사이비 종교나오면서 정말 종말로 치닫는 영화 딱 4점이 적당한 듯,4,0
504,.,0,0
505,영화 보지도 않고 평점 8.5는 좀??,1,0
506,진짜 그지같은 영화ㆍ김무열 악인전에선 연기 잘하드만ㆍ침입자 보는내내  쌍욕이 나온다 김무열 연기 고구마 만개ㆍ송지효연기 고구마 수천만개ㆍ작가는 쓰레기ㆍ감독은 맹인ㆍㆍ진짜 이런영활 찍다니 무열아ㆍㆍ니연기와 외모가 아깝다ㆍ송지효는 영화찍지말아ㆍ찍는것마다 니연기 참 뒤로간다ㆍㆍ연기력 늘지않고ㆍㆍ것두 재주냐? 찍을수록 발연기 심해지는거? 쓰레기 영화 시간낭비 스트래스 겁나 재미없고 다들 연기가 쓰레기!! 그냥 쓰레기야 ,1,0
507,"가족의 실종과 사망에 관한 드라마. 가족의 재해석으로 읽을 수도 있고 가족안으로 침입한 종교를 실체화한 이야기로도 읽을 수 있다. 꿈과 환상의 연출이나 사건의 연속을 자연스럽게 연결한 초반의 심리스릴러 연출은 훌륭하지만 중반 이후 관객이 느끼는 의심이 너무 쉽게 풀어진 부분이나 사건의 중요한 설명이 너무 가볍게 튀어나온 점, 후반 액션연출의 허술함은 아쉽다. 큰 사건들이 연결되어 있어서 스토리가 도약한다는 느낌이 있고 지나친 망상에 기반한 이야기라 설득력이 좀 모자라 보일 수 있다. 실종과 사망에 대한 성찰이 거의 없다시피하다. 못해도 2시간은 나와야 할 내용. 캐스팅은 발군. 성격파탄처럼 보이는 일 중독자에 김무열, 지저분한 인생으로 고귀함을 좇는 캐릭터에 송지효만한 연기자는 없을듯. 음악도 좋다.",5,0
508,볼만한 영화   추천도 합니다,8,1
509,감독은 자꾸 유명세있는 누구랑 엮여서 같이가려하지말고 본인 실력부터 높히시길,1,0
