﻿,document,score,label
0,업이 최고인줄 알았다.  인사이트 아웃이 최고인줄 알았다.  코코야말로 최고인줄 알았다.  이제는 소울이 최고다.,9,1
1,"가보지도 않은 목적지에 도달하기 위한 집착과 강박보다, 우연히 만나는 햇살과 나뭇잎 같은 시간을 누리는 소소한 일상이 얼마나 소중한지를 우리는 잊은 채로 살아간다. 어리석게도! (바다에 살면서 바다를 찾는!)",8,1
2,당신의 삶이 목적이 아닌 과정에 놓여 있기를,7,1
3,픽사는 진짜..날 착한어른으로 순화시켜줌..ㅠ.ㅠ,10,1
4,길거리를 걸을때도 피자를 먹을때도 재즈를 할때도 하늘을 볼때도  항상 순간마다 살아있음을 자각해야하는것,10,1
5,"주변, 그리고 같이 간 사람한테 우는 거 들키지 않으려고 고생했어요~ 이걸 보고 운 건 저 뿐인 거 같아요~",10,1
6,깊은 생각과 철학적 고찰이 되면서도 전혀 어렵지 않고 정서적인 따뜻함으로 충만해진다. 여운이 역대급..,10,1
7,지루하기까진 했던 우리들의 평범한 일상이 코로나로 인해 얼마나 중요하게 느끼게 해주는 것 처럼 이 영화 역시 삶은 본질적 즐거움과 지향하는 바를 알려준다.  어른이 보기에도 난해한 내용이 다소 있고 전체적으로 잔잔하게 흘려가지만 무엇을 말하는 지를 정확하게 이해할 수 있다.  디즈니의 상상력과 픽사의 실사 같은 그래픽에 또 한번 놀란다.,8,1
8,인생에 있어 삶은  그 자체로 축복 이고 아름 답다,9,1
9,감동적인 요소가 너무 많아서 지루하게느껴질수도있지만 그래픽은 겨울왕국2보다 훨씬 좋고 역시 픽사답게 그래픽이 ㄷㄷ진짜 모르고 본사람들은 그래픽보면 놀란다 그리고 스토리나 노래도 좋음,10,1
10,마지막에 왜 우는지 알수 없는 눈물이 한방울 나더군요. 왜 눈물이 났지?,9,1
11,어린이뿐만 어른들도 위한 영화인거 같아요~ 다른 어떤 영화들보다도 이 애니메이션을 보고 삶을 다시 돌아보게 되었어요.,10,1
12,어른이 볼만한 영화.. 눈물이 나서 옆을 봤더니 아이는  자고있었음..,8,1
13,나 마음이 따땃해졋어 행복쓰,10,1
14,여운이 남는 영화!,10,1
15,"첨엔 지루하다고 생각했다 하지만 결국 최고였다 주위에서 인정받는 것이 당연하게 느껴져 인정만을 받기 위해  그것을 목적으로 삼고 그것만 쫒아온 내 인생을, 내 영혼을 폭행했다 이렇게 살아온 내 인생이 허탈하게 까지 느껴진다 나도 다르게 살아보고 싶다",10,1
16,보는 내내 힐링 ㅠㅠ 요즘같은 시기에 보니 마음이 더 따듯해지는 느낌이였어요!,10,1
17,나도 모르게눈물 줄줄 흘리면서 본 영화 전 잔잔해서 더 좋았어용,10,1
18,여기가 바다다.,10,1
19,"마흔 넘어 애니메이션 영화보고 펑펑 울었다. 삶 자체가 너무 힘들었는데... 이 영화보고, 위로받았다.",10,1
20,정말 색감도 너무 예쁘고 22가 거리를 걸을때도 마치 제가 집적 걷는 것 처럼 너무 생생하고 아름답게 잘 만들었어요. 다시 예매해서 볼 생각 있어요!,10,1
21,삶을 다시 성찰해보게 만드는 영화 목표를 위해 사는 것 보단  현재를 느끼며 즐기며 감사하며 살게되길,9,1
22,아버지를 떠나보내고 슬픔이 일상이 되어버린 날들. 안타깝고 아프기만 했는데 당신의 인생도 그 자체로 아름다운 것이었음을.  영혼이 정화되는 느낌. 한 편의 영화가 그 누구의 어떤 말보다 큰 위로와 힘을 주었다.,10,1
23,문윈드처럼..간판을 그렇게 돌리는 사람이 있다는게 신기..ㅋㅋ 가드너는 새로운 삶을 22는 새로운 인생을 테리는 헷갈리는 카운트 다운을 제리들은 위대한 출발을.. 결말은 가공식품은 나쁜거다..ㅎㅎ,10,1
24,올해 최고의 영화로 손색이 없습니다.. 픽사는 어떻게 늘 이런 생각을 하는지 그저 대단할뿐,10,1
25,"어른들을 위한 영화 ,진짜 최고의 영화",10,1
26,♪♪♬♬♪♪들 영화도 안보고 평점 낮게 박네 이게 한국인가;;  영화 클라쓰 미쳤습니다 꼭보세요,10,1
27,삶을 돌아보는 영화! 내 삶에 대한 위로,9,1
28,내가 그렇게 원하던 자격증을 따고도 행복하지 않은 이유를 알았다...나는 바보같이 옆에 있던 행복을 무시하고 살았었다....,10,1
29,내 삶을 미워할 이유가 하나도 없었다.,10,1
30,픽사는 언제나 발전한 영화를 보여준다. 코코 때도 그랬고 이번에도 인사이드 아웃에서 한걸음 더 나아갔다,10,1
31,마지막 주인공 대사가 기억에 남는다 매 순간 재미있게 산다는 그 말에 뭔지 모르게 울컥해서 눈물이 나오더라 항상 같은 일상이 반복돼고 목표에 집착하는 그런 내 인생에 모토가 된 그런 영화인 것 같다 역ㄱ시 디즈니ㅠㅠㅠ,10,1
32,"바람 한점, 구름한점, 햇살한점...  밥한숟가락, 물한모금, 과자 한입...  그리고 내주변 사람들... 이정도면 행복한거죠?",10,1
33,이번에도 내 맘을 가져간 픽사 ㅠㅠ,10,1
34,영화를 한번본 나로서는 8점밖에 줄수 없었다. 영화의 메세지를 받아들이는 내 그릇이 이정도밖에 안되기에. 영화를 한번 더 본다면 아마 점수는 더 올라갈 것이다. 9점..10점... 하지만 지금 당장 서둘로 보지는 않을 것이다. 시간이 좀 흐른뒤에 이 영화를 잊을때쯤 다시한번 보련다. 내 일상의 소중함을 새삼 느끼면서.,8,1
35,집에서의 피아노 연주 장면에서 원인 모를 감동이... ㅡ.ㅡ,9,1
36,볼때마다 감탄하게 만드는 디즈니x픽사  특히 소울은 떼기 힘든 여운을 남긴다 두고 두고 꺼내보고싶은 영화,10,1
37,"갑작스런 사고로 영혼세계를 경험하면서, 줄곧 삶의 의미를 찾다가 결국 자신의 삶에 대한 태도를 터득한다. '모든 순간을 즐기며 살아가는 것 ~'   [ Intro '토끼굴' - 영화'소울' - 엔딩곡 'It's all right', 쉼표(이적&윤석철) - 쿠키'귀가종용멘트' ]",9,1
38,2020년에 개봉한 영화를 합쳐도 최고의 영화,10,1
39,인생 최고의 영화 학생이였거나 내가 10년뒤에 본다면 이런 느낌 아닐 것 같다 지금 이기에 완전하게 다가와준 영화 픽사에게 고마움 그냥 슬픈장면도 아닌 부분 부터 끝까지 계속 울었음,10,1
40,잔잔하고 나쁘지 않았어요  사춘기때 한번쯤 생각했던거랑 요즘은 어찌된게 인생의 화두를  서양  영화에서 다루는지,9,1
41,기대된다 과연 픽사라는 이름으로 이번에는 어떤 감동을관객에게 선사할지..,10,1
42,진심 명작,10,1
43,삶은 그냥 살아지는 것. 목적이 아님.,10,1
44,OMG!  2021 꼭 봐야할 영화 소울!!!,10,1
45,I will live every minute.,10,1
46,에크하르트 톨레의 지금이순간을 살아라~~ 를 보는듯.... 범사에 감사합니다,9,1
47,우리의 꿈이야기 인가? 그럴지도 모르지...나는 보면서 우리의 꿈이야기라기보다는... 우리 애들의 꿈이야기 인거 같다. 미리 안된다고 하는 어른들...그런걸 왜 하냐는 어른들... 그런 어른들에게 하는 교육방송 같다. 그냥 봤을 때 언제나 그랬듯이 어른들도 꿈을 꿀수 있다...대충 그런이야기 인거 같았는데... 코니(아시아계 여자애)가 나중에 그만두기?? 위해 주인공에게 나오면서부터는... 솔직히 계속 울었다...왜 나의 꿈은 삶에 대한 희망인것 처럼 가슴에 남겨두는데... 희망과 꿈에 제일 가까이에 있는 애들에게 그 꿈을 베었을까하는... 보면서 꿈을 꾸지 못하게 하는 내가 나쁜놈이가 싶다...에휴~ 오은영 선생님도 좋지만 꼭 애들이 있는 부모들이 봤을면 좋겠다.,10,1
48,여러분의 삶은 매순간이 소중합니다,10,1
49,아이들이 보기엔 어렵고 어른이 보기엔 정답을 정해놓은 설교식 주입식이라 좀 시끄러웠다고 할까? 너무 많은 것을 담으려는 시도가 아쉬웠다. 조금 절제해 보여줬더라면.,6,1
50,목적이란 올가미로 자신을 옥죄고 바다에 있으면서 바다를 보지 못하는 우리들에게 주는 선물.,8,1
51,정말 화가나네요 영화를 이따위로 만들어서.... 마스크를 다 젖게만드네,10,1
52,엔딩 크레딧 올라갈 때 눈물 나는 영화...,9,1
53,업 이후 최고의 픽사 영화!,10,1
54,"목표를 가지고 살아야 하지만, 그렇다고 목표에만 얽매어 살진 말고, 매순간을 즐겁게 살아라..  아마도 마지막 빈칸은 인간이 되고 싶은 의지 아닐까 싶네요..",10,1
55,정말 힘들고 삶이 무기력 했었는데 이영화 보고 다시  돌아보게 됐어요.감사합니다,10,1
56,또한번 픽사가 일냈다,10,1
57,재관람하러 갑니다,10,1
58,나이먹고 보면 더 감동적인 픽사 영화,10,1
59,정말 최고의 영화.. 영화 끝나고 박수치고 싶은 맘이 드는 영화는 처음이였다 그리고 속에서 울컥 하고 쏟아질것 같은 마음... ㅠㅠ,9,1
60,내 인생 영화가 되었다,10,1
61,디즈니x픽사 콜라보는 항상 내가 살아있음에 감사하게 만든다. 가장 중요한 것을 잊지 않게 다잡아 주는.  파란색이 따뜻하게 느껴지는 영상미가 인상적이다.   **쿠키영상 꼭 보시길!! 핵꿀잼,8,1
62,방금 보고 나옴. 나는 어떻게 살고 있을까? 지금 행복한가? 디즈니는 최고다,10,1
63,"마음 속 스파크도 필요하지만, 일상에서의 소울의 만족과 깨어있음의 중요함을 알려주는 명작.",10,1
64,목표를 이루었다고 좋아하는 순간 ㅋㅋ맨홀을 만날 수 있는 것이 인생. 소울에서 가장 인상적인 장면이었다! 소소한  일상의 행복에 대해 가치를 부여해 준 영화💕 열심히 해야 한다는 그 채찍을 이제 거두소서.,10,1
65,내 안의 어린아이에게 괜찮아라고 위로해주는 영화였다. 어른이를 위한 영화,10,1
66,작품이 던지는 메시지가 명확하고 공감이 간다.  전반적으로 지루하지 않고 몰입해서 보기 좋으나 기대 이상의 것은 없었다.,8,1
67,꼭 훌륭한 무언가가 되지 않아도 될 대부분의 평범한 사람들을 위한 응원가,10,1
68,"어렵고 무거운 주제를 가볍고 코믹하게 그린영화,,, 그러나 그 여운은 결코 가볍지 않은 ,,,,",9,1
69,픽사의 칼을 갈았다. 왜 다음은 평점이 낮은지 모르겠으나 이건 8점대에 머무를 영화가 아니다.,10,1
70,만화적 상상력은 정말 대단한거 같다. 실사였으면 표현 못할거 같은데... 슬프지 않지만 또르르 흐르는 눈물.,8,1
71,"처음에 두더지 애니 나오길래 영화관 잘 못들어온 줄...  애들보는 애니인 줄 알았는데, 삶을 한 번 되돌아보게끔 하는 내용이라, 어른용 애니로 봐야할 듯",9,1
72,"아이들을 위한 희망 동화. 청소년을 위한 정서교육 애니. 지친 어른들을 위한 힐링 만화. 나이든 흑인 캐릭터와 두리뭉실한 캐릭터가 이토록 훌륭한 감성과 여운을 남긴 다는 것. 연출, 더빙, 제작진 모두가 진정한 프로페셔널이기에 가능한 픽사만의 노하우. 어느 작품이 더 좋고 나은지는 이미 무의미한 논쟁. 그들이 만들면 모든게 명작이다.",9,1
73,재밌어요ㅠㅠ 보다가 울었네요 삶에 목적의 관한..이야기가 주 였는데 뒤통수 저릿할 만큼 신선했어요 21호 너무 귀엽고 전체적으로 스토리가 정말 좋았어요ㅠㅠ 오랜만에 몰입해서 본 영화입니다,10,1
74,너무 잘봤어,10,1
75,지금까지 본 픽사 영화중 제일 재밌는 영화...,10,1
76,애니매이션을 왜 돈주고봐 이 개념을 깨준 영화,10,1
77,디즈니는 정말 대단하구나 새삼 느꼈던 작품,9,1
78,정말 최고의 영화,9,1
79,재미있고 강력 추천 합니다!!!,10,1
80,와..... 역시 디즈니라는 말밖에.... 제 인생영화가 되고 말았습니다 ㅠㅠ,10,1
81,헤메는 이들과 몰입한 이들이 실상 다를것 없다. 즐거움이 집착이 되면 일탈하게 된다. 또 하나의 명작 탄생 !,10,1
82,인생 영화입니다.  찡한 감동이 있었어요. 눈물이 그냥 납니다 왠지 모르겠는데.... 두번 세번 보고 싶은 영화입니다.,10,1
83,마음이 뜨거워지고 눈물이 주르륵  소중하고 빛나는 모든 삶을 응원하며,10,1
84,가자,10,1
85,심오한 철학을 이렇게 창의적으로 표현하다니!,10,1
86,보고  울었어요  감동입니다,10,1
87,이런류의 영화로는 거의 완벽에 가깝지않나...,10,1
88,"인생은  늘 아름답다. 이런 좋은 영화가, 아름다운 영화가 계속 탄생 하는한.",10,1
89,픽사는 시각적 재미에 집중하는 쉬운 길 보다 삶에 대한 통찰을 주려는 어려운 길을 항상 가려한다. 소울에서도 해낸듯하다. 우리는 삶이라는 문제에 큰 정답을 찾지만 정답이 없다는 걸 알게 될 때 행복은 찾아온다. 재즈를 좋아하는 사람으로써도 행복한 경험이었다. 하지만 어른들을 위한 동화이니 만큼 어린이들이 이해할 만큼 쉬운 이야기는 아니다.,8,1
90,인생을 ㆍ 주변을 돌아보게 하는  영화,10,1
91,또 보고 싶다,8,1
92,그래 난 지금 바다에 있음에도 바다를 가려고 기를 쓰고 살았나 보다,10,1
93,역시 최고의 영화... 어른과 아이 모두 재밌게 봤어요.,10,1
94,"애니메이션 잘 안보는데,,,,, 이젠 찾아볼거 같네.  순간 순간 감사함을 느끼며 살 수 있는 사람이 행복한 사람...  내가 오늘 죽는다면 가장 아쉬울 것들을 곰곰히 생각해보고 하나 하나 실행에 옮겨야지",10,1
95,디즈니가 디즈니한 어른을 위한 애니. 삶의 목표나 꿈이 뚜렷하지 않아도 매순간을 즐겁게 살아간다면 그 인생은 성공한 인생..☆☆☆),10,1
96,진짜 최고다. 아이들 애니메이션 이 아닌 어른을 위한 영화네요.,10,1
97,진짜로 너무 재밌어요 회계사 테리 목소리에 반하고 감...ㅎㅎ,10,1
98,나만 눈물을 흘린것이 아니었군요.. 그리고 어느분 얘기처럼.. 이게 인생최고구나.. 했던것이 업..에서 코코로 갔었는데 기대없이 보고는 참.. 애니로 이렇게 만듵수 있는건 저들이 유일할듯.. 50넘어...이런 감정을 암튼 울컥하고 조용히 눈물 많이 흘렸네요...,10,1
99,어른들을 위한 동화 앞만 바라보지 말고 나와 함께 해주었던 주변의 모두를 둘러보자 항상 감사하며...,10,1
100,"나의 불꽃은 그냥 걷는거 하늘을 바라보는 거~~ 그 소소한 행복들, 평범한 일상의 소중함을 일깨워주는 따뜻한 영화",10,1
101,하염없이 이유없이 눈물이 흘러나왔던  영화,9,1
102,와우!,10,1
103,매 순간을 즐겁게라는 이 영화는 아이러니하게 점수를 낮게 주는 사람들의 공통점이 존재한다. 어른들을 위한 동화이자 전체이용관람가 라는 것에 동의한다.,9,1
104,"인생이 항상 계획대로 풀리는건 아니지만, 그럼에도 또 다른 길속에서 나름의 행복을 찾고, 거창하고 특별한 목적없이도, 삶은 그 자체만으로 충분히 살가치가 있다는것을....",10,1
105,"삶의 목적이 무엇인지, 삶의 의미에 너무 얽매이지 말아야겠다는 생각이 든다~매순간  지금  바로 여기에서 행복을 발견하고 즐기자! 요즘 코로나블루로 그랬는데,영혼이 맑아진 느낌이랄까? 피아노 선율도 넘 좋았구 , 기발한 상상~강추!!!",10,1
106,굿 강추합니다.,10,1
107,인생은 아름다워,10,1
108,피터 감독은 천재다,10,1
109,인생을 즐겨라는 진부한 스토리가 될수있었겠지만 지나가는 낙엽하나에. 스쳐가는 지하바람하나에도 진정으로 삶을 즐기는게 무엇인지 예쁘게 잘 가르쳐준듯. 잘봤습니다,10,1
110,나도 만점 준다.. 어디에서 와서 어디로 가는지 모르는 인생이기에... 평범한 일상에 감사하고 순간순간을 즐길 수 있어야 하는건 어쩌면 우리 인생의 처음과 끝... 아니 전부일지도 모른다...,10,1
111,"너무너무 좋았습니다 삶을 위로하는 영화,,, 40대 후반에 이런 위로라니,,,,, 참 감사하네요,,, 살만하다 행복하다 하는 생각이 절로 듭니다",10,1
112,먼저 재즈음악이 라라랜드 풍이라서 넘 좋았고 무거운 주제를 아주 즐겁게 풀어내줘서 넘 좋았다 픽사와 디즈니의 제대로 된 만남이 즐거웠던 영화 더빙판도 기대이상으로 아주 좋았어요,10,1
113,픽사의 성인들을 위한 동화. 과연 무엇을 위해 살고있는가.,9,1
114,위대현이 이거보고 펑펑 울었습니다..☆ 🤭🤭,10,1
115,"조 가드너가 느꼈던 감정이 참 나와 같아서 많이 와 닿았습니다. 반복되는 일상이지만 매일 매일 기쁨과 슬픔이 공존하기에 세상은, 인생은 아름답습니다  ㅠㅠ",10,1
116,이태훈이 이거보고 펑펑 울었습니다,10,1
117,어른들을 위한 애니메이션 영화 특별하지 않아도 된다 삶은 그 자체로 의미가 있다,10,1
118,"삶이란 무엇인가, 가볍지 않게 픽사와 디즈니의 방식으로 풀어낸 지금 우리가 봐야할 이야기..!!!",10,1
119,끝나고 페퍼로니피자머금..,10,1
120,까르페디엠!,9,1
121,준비되어 세상을 나왔으니 이 순간을 즐기며 잘 살아야겠다 너무 좋았네요~ 마지막에 느닷없이 눈물샘이 터져버림 ㅎ,10,1
122,완벽,10,1
123,잘봤어요!힘들고 지친 제 영혼에게 힐링을 주었네요! 짦은 인생! 매 순간을 즐길것!,10,1
124,"평범한 일상의 평안함이  꿈에 도달햇을때 보다 더 행복 햇다는걸 깨닫게 해준. 스쳐지나가는 영상들 중 한국어도 들리고 한글도 보여서   우리나라 문화의 성장을  간접적으로 느낄수있엇고, 고퀄의  재즈음악을 들을수도 있어좋앗음. 어쨋든 디테일과 상상의 무한한 재미난 애니영화였음 어른들도충분히 힐링할수있는 그런.",8,1
125,보자마자 인생 영화 등극,9,1
126,"모든 순간이 불꽃이었던 날들. 그리고 오늘, 또 하나의 불꽃을 보았다.",9,1
127,어른들을 위한 동화,10,1
128,감동 먹었다. 초등딸아이와의 데이트에 눈물을 한껏 뿜었다.,10,1
129,"목적, 의미 관계없이 영위하는 것 자체가 가치 있는 삶. 명백히 Pablo Picasso와 Trent Reznor의 시네마.",9,1
130,내용은 난해하고 조금은 어렵게 느껴지기도 하지만 정말 많은 것을 생각하게 하는 영화. 그림과 디자인은 정말 감탄을 만들어낸다.,8,1
131,오랜만에 힐링영화,9,1
132,머리속이 띵... 그 느낌을 말로 다 표현할 수 없지만...  그냥 살아 있음에 감사했어요. 살고 있음에 감사했습니다.  울었어요. 바로 지금 이 순간의 살아있는 나를 느낄 수 있어서...,10,1
133,정말 .. 감동적이다. 좋은 영화,9,1
134,모든사람이 목적과  결과를 달성하기위해 살아가지만 그와중에도 오늘하루의 소소한일상이 기적임을  곱십게하는 띵작!,9,1
135,오늘 저녁 메뉴는 피자다!!  ㅋ 항상 감사한 하루입니다!,10,1
136,감동입니다,10,1
137,대단한 상상력!!,10,1
138,"너무 재밌고 감동적 이에요ㅠㅠ 진짜 매일 보고 싶은 영화 입니다..ㅠㅠ 자막, 더빙 다 재밌어요! 캐릭터도 특색있고 귀엽습니다..",10,1
139,역시는 역시다,10,1
140,명불허전 픽사네요!,10,1
141,왜 픽사인지 본인들이 증명했네 처음부터 끝까지 뭔가 뭉클하고 감동이고 재미가 있던데 왜 고양이가 보였는지 몰랐는데 영화를 보니까 이해가 되네 그냥 좋았고 그냥 멋지고 그냥 즐겼다 특히 처음에 나왔던 단편애니를 보니까 현시국이랑 비교하니까 뭔지 뭉클했는데 혼자서 못하는 것들을 다같이 하니까 결국 해결이 되던데 이코로나도 마찬가지로 모두가 힘을 모으면 어느정도 진정이 될 것같은데나만의 생각인지 모르지만 그러한 느낌이였는데,10,1
142,잘 만들었다..,9,1
143,항상 픽사는 아이들보다 어른들이 보기 좋은 작품을 만드는 것 같다... 삶의 의미에 대해서 한 번 더 생각하게 해줬던ㅠ 낙엽 떨어지는 장면은 정말 아름답다,10,1
144,슬픈 장면이 없는데 이상하게 눈물이 줄줄 나네요 꿈이나 목적이 있어야 한다는 강요를 받으며 팍팍한 경쟁 사회 살고 있는 어른이들에게 위로 같은 영화 였습니다,10,1
145,역시 픽사 라는 생각만 든다 재즈 좋아하는 분들은 블루노트 부터 이것저것 보이고 듣는 것들만 해도 즐거울것이고 양영순 덴마의 지로가 각성하는 부분을 연상시키는 22의 길잃은 영혼의 내부 장면도 인상적으로 기억에 남음 그래픽은 정말 끝판왕이 이런게 아닐까 싶네요,9,1
146,함더볼거임 ㅎ,9,1
147,쵝옹,10,1
148,"개연성이 부족하고, 몇몇대사는 굳이 넣을필요가 있나 싶을정도로 보는 동안 불편했다 십년전에 나왔으면 재밌었을것 같은 너무 뻔하고 지루한 전개에 당황했다 너무 늦은 개봉이 아니었나 싶다",1,0
149,그래픽은 진짜 뛰어났는데요 스토리가 그렇게 와닿진 않았어요 나쁘진 않지만 뛰어나게 좋은편은 아니었어요,7,1
150,역시 믿고 보는 픽사,10,1
151,한줄평 개똥밭에 굴러도 이승이 좋다,8,1
152,진짜 갓임 중간중간 보이는 한국어도 국뽕 차게 만들었고 이 영화가 픽사 최고의  인생영화로  기록한다 해도 과언이 아니고  나는  솔직히 인생 영화 탑 투는  먹고 감 ㅇㅇ 꼭 보세요 진짜  극장에서다시 보는건 해리포터도 안봤는데  아 다시보기 마렵네 처음엔 진짜 별거있겠어 했는데 와 ㄹㅇ 개잼 존잼 아 이거보고  개많이 기대해서  자기 스타일  잘  안맞는대도 별점 낮추지 마 제작사 상처야 ㄹㅇㅜㅜㅠㅠㅠㅠㅠ,10,1
153,엔딩크레딧 마지막 애니메이션을 꼭 보고나와야 함...  강추,10,1
154,"영화 초반은 정말 좋았는데, 중반부터는 뭔가 너무 뻔하게 흐르고, 결말 또한 진부해서 아쉽다. 아주 짧은 쿠키 있고, 단편 ⟨토끼굴⟩에 나오는 캐릭터들이 귀엽다.",8,1
155,신기한 상상력과 감동적인 스토리,10,1
156,보고싶어요~~~,10,1
157,.,10,1
158,제 인생을 되돌아보았습니다 그리고 눈가가 촉촉해졌어요. 귀여운 코믹스런 캐릭터와 선으로 표현한 캐릭도 창의력이 돋보입니다.     앞으로의 인생 매순간 즐겨볼게요. 😄,10,1
159,너무 아름답다..매순간이 아름답다 나는 이미 바다에 있었고  이미 내 삶을 살아가고 있었다 어른을 위한 애니메이션..,9,1
160,"극장에서 돈 주고 영화보고 아깝지 않았던  유일한 영화,  일상이라는 축복의 불빛에  나도 왜 우는지 모르고 울다 나옴",10,1
161,"좋은 부모, 좋은 마눌,  좋은 자식, 좋은 친구들이 있음에도 내 삶에 만족하지 못하고 무언가를 찾았다~ 주어진 삶을 감사하게 받아들이고 하루하루를 충실하게 사는게 나의 소명이다",9,1
162,누군가 인생영화가 뭐냐 묻는다면 소울이라 말할수 있다!! 삶의 목적과 의미를 찾을 수 있는 열쇠같은 영화!!!,10,1
163,와....  시간가는줄 모르고 봤다. 역시 픽사 !!!!!  보고 나오자 마자 한번 더 봐야겠다라는 생각이 든 첫영화 후반부에서 조가 눈물흘릴때 나도 저절로 눈물이 펑난다 신파적인 부분이 전혀 없는데 그냥 눈물이 줄줄 참 신기한 경험이엿다,10,1
164,아이들보다는 어른들을 위한 영화.  이 나이에  울컥울컥.,10,1
165,감동받아서계속눈물이..ㅠ,10,1
166,어른을 위한 애니매이션. 디즈니는 항상 옳다.,10,1
167,어떻게 살아가야할지  잠시 길을 잃을때... 용기와 영감 그리고 감동을 줄 수 있는 감명 깊은 영화.,10,1
168,진짜 최고....,10,1
169,"""다시 돌아가면 앞으로 인생을 어떻게 살 건가요?"" ""그건 모르죠. 분명한 건 매 순간 즐기며 살 거라는 거죠.""  영화 ⟨소울⟩이 전하는 마지막 대사는 이 영화가 제시하는 삶에 대한 단순하지만 확고한 해답이다.  우리는 삶이란 복잡한 세계 속에서 여러 관계를 맺으며 웃고, 울고, 고민하고, 사랑하며 하루를 살아가지만 늘 잊고 사는 건 나의 꿈, 삶의 즐거움, 소중한 사람, 그리고 아주 사소한 것으로부터 오는 작은 기쁨이 아닌가 싶다. 이 영화를 통해 오랜 세월 자신이 잊고 지냈던 수많은 것들을 일깨우고 깨달으며 따뜻한 눈과 마음으로 세상을 바라볼 수 있다면 단지 그것만으로도 두 시간의 가치는 충분하다.",9,1
170,항상 기대를 뛰어넘는 픽사. 이런 스토리를 상상하고 재현하는 사람들은 평소에 뭘 먹고 살까?,10,1
171,내 삶의 최고의 영화.,10,1
172,맨처음 조금 졸긴 했는데 주인공이 죽은 뒤 벌어지는 사건부터 진짜 장면 하나하나가 재밌었음. 내가 사는 목적이 무엇인지 왜 살아가야하는지 알려주는것 같았고 뭔가 감동적이었고 눈물이 나올것 같았음.인사이드아웃 볼때 되게 감명있게 봤는데 소울은 또 다른 느낌으로 감명을줌.  애니메이션이라고 애들이 봐야할게 아니라 세상의 갑갑함과 어렵게 삶을 살고 있는 어른이 오히려 더 봐야할것 같은 생각도 듦..,9,1
173,믿고보는 디즈니의 감동,9,1
174,너무 멋진 영화네요! 삶에 의미를 주는!,10,1
175,표현하기 힘든 정신세계를 잘 표현한것 같음,8,1
176,포토 사진만 보고 재미가 없어 보였는데 막상 보니 매우 재미있네요 일단 디즈니만화같은 노래가 나오지 않는 점이 좋네요,10,1
177,카페르 디엠과 스파크는 다른 것이었다.,7,1
178,나는 왜 이걸 보고 죽고 싶지,8,1
179,"인생은 보너스같은거다. 그 보너스를 어떻게 쓰느냐는 내 몫이다. 남을 위해 쓸수도 있고, 순전히 나를 위해 쓸수도 있다. 치열하게 보너스를 불려 커다란 업적을 만들고자 할수도있고, 계획적으로 소비할수도있고, 흥청망청 쓸수도있다. 중요한건 ⟨후회없이 보너스를 즐겨라⟩라는것.",9,1
180,전체관람가?  폭력적이고  선정성에 따라 등급이 나눠지는것도 이 영화를 보면서 의문이 가진다.  과연....,7,1
181,영혼을 울리는 올해 최고의 영화! 역대 최고의 애니메이션 중의 한 편! 이미 올해 개봉작 1위는 확정적이다. 내년이 2022년이 될지라도 ⟨소울⟩을 본 것만으로도 올해가 의미가 있다는 생각이 들 정도로 깊은 감동을 받았다. 개인적으로 ‘범사에 감사하라’는 성경 말씀을 ⟨소울⟩만큼 설득력있게 보여준 영화가 이전에는 없었기 때문에 크리스천으로서 더 감동을 받은 부분도 있다. 그런 의미에서 이 영화를 모든 크리스천들에게 강추한다. 이 땅에 태어난 삶 자체로 감사하자는 이 영화의 메시지가 코로나 시국에 모든 사람들에게 위로와 희망이 되기를!,10,1
182,코로나 시대 이런 영화가 또 있을까요? 인생영화 낙점! 어여 보러들 가셔요~~,10,1
183,인생 최고의 역작. 영혼을 울리는 에니메이션.,10,1
184,"""It's all right."" 일상적인 삶 가운데 언제나 발생할 가능성이 존재하는 우리의 실제를 무겁지않게 ""재즈""음악의 즉흥성처럼 매일내일의 경쾌한 삶을 돌아보고 생각케해준 감사하고도 ""소울""적 영화였다.",10,1
185,개인적으론 인사이드 아웃이나 코코 보다는 좀 지루했어요. 감동은 당연 보증인데..... 픽사  팬이 아닌 이들까지 끌어이기엔 좀 아쉬운듯.  저는 픽사팬이지만 냉정하게...,7,1
186,최고에요,10,1
187,모두가 한번 봣으면.....,10,1
188,20대중후반(울나라기준)사회 진입세대와 40대중후반은 꼭 봐라. 울뻔했다.,10,1
189,"픽사의 상상력! ""오늘을 즐겨라""라는 메시지인 듯한데, 그걸 담는 그릇이 매우 흥미로웠다. '태어남 이전'과 '몰입/도취' 그리고 '사후'. 그것들을 엮어내는 방식이 특히 그러했다. 음악을 좋아하는 사람이라면 더 경쾌하게 관람할 수 있을 영화.",8,1
190,픽사가 다시 확인시켜준 애니메이션의 '가치',9,1
191,"틀린 삶은 없다, 다른 삶만이 있을 뿐",7,1
192,개봉일 확정된겁니까?,10,1
193,부국제 피켓팅 뚫고 봤었는데 진짜 비주얼이며 음악이며 모든 장면 모든 순간이 감탄 그 자체! 개봉하면 또 봐야지~~,10,1
194,중간 중간 삶의 무게가 나를 누를 때 들춰 볼 여유를 주는 영화 피자 크러스트에 몇번이나 공감했던가,9,1
195,우린  너무  경쟁에  내몰려  살고  있어 정말  내가  좋아하는게  뭔지   생각하고  자신에게  선물하며 살아 단  내밥그릇은  내가  만들면서,9,1
196,현재를 즐겨라. 제일 소중한건 지금이다. 살면서 놓치는 소소한 행복을 감사히 여기자 . 이 영화가 주는 교훈은 단순하면서도 명확하다.,10,1
197,재즈 영화인줄알았네. 오해했잖아요. 인생에 대해 다시한번 생각해보라는 디즈니의 조언,9,1
198,"한 순간 타오르다 사라지기에 아름다운 불꽃이 아니라, 꺼질 때 까지 타오르기에 아름다운 불꽃. 이것이 우리의 인생.",10,1
199,여기가 바다야…,10,1
200,픽사 영화들은 꼭 인생을 한번 돌아보게 만든다.,10,1
201,역시 디지니 답다,10,1
202,.,7,1
203,난 up이후로 감명받은 애니가 없었다.사람들이  감동받앗다는 코코나 인사이드아웃조차  감동을 억지로 쥐어짜게하는것 같아서 사실 실망했었으니까. .  그리고 같은제작진에  또 영혼얘기라니. ..코코나 인아랑  뭐 비슷하겠지라고  기대도 안하고 우연히  봤던 영화였다 근데 이영화는  up에서 마지막장면. . 집이 살포시 절벽근처에 안착되는장면에서 뜨거운 눈물  한방울  뚝 떨꿨던   10년전 내모습을 다시한번  볼수있었다고나 할까....  그래픽에 감동받고  철학에   감동받은. ..나에게 몇안되는 보물같은 애니였음.,10,1
204,그래!! 그.거지!! 하고 봤습미다. 그래요 인생은....^^...힘들고 외로울때 위안 받고 싶을 때 마다 봐야겠어요. 재즈믄 언제나 굿입니다.,10,1
205,굿,9,1
206,한국의 교육과정에 꼭 필요한 영상이다 한국의 정치인들은  너무 국민들을 빠른 경제발전에   아직도 갈아넣고 있다 개인을 위해서 살수도 있게 교육할 필요가 있다,9,1
207,"뻔한 내용을  복잡 지루하고 재미없게 만든 애니메이션.  색감 빼고 볼게 없는 애니메이션.  단순한 캐릭터를 갖고 너무 감동을 쥐어 짤려고 한게 아닌가 싶다.  범선 타고, 22를 쫒는 장면은 게임 화면처럼 성의 없었음.",1,0
208,삶의 목적에 대해 다시 한번 생각하게 되는 좋은 영화네요👍👍👍👍 추천해요!!,10,1
209,좋아요,8,1
210,이 영화를 보고 인생이 달라졌습니다,10,1
211,"인사이드 아웃보단 소울이 더 좋고, 그래도 업은 못이기지ㅋㅋ",10,1
212,최고의 영화,10,1
213,참 재미나네요 굿!!,10,1
214,...,7,1
215,애들은 공감을 잘 못할듯,8,1
216,"사실 인사이드 아웃이 최고이긴 합니다. 하핳  제게는 저런 삶이 너무 당연한 삶이었고, 그와 반대되는 이들도 주위에 많기 때문에.  제 입장에서는 너무 당연한 얘기만 해서 영화가 좀 지루했는데...  생각해보니 2년전의 나였다면 아주 펑펑울었을 것 같네요.   언젠가 지금의 이런 나를 이해 못 할 사람이 생긴다면 추천해줄 만한 영화라는 생각이 들었습니다.  가장 인상깊었던 장면은 (마지막 장면에서는 순간 울컥해서 울긴 했는데) 맨 앞부분의 '토끼이야기'였습니다. 미칠듯한 귀여움속에 또하나의 삶의 이야기가 담겨 있더라고요.",8,1
217,어른들을 위한 무비! 인생뭐 있어...~^^,9,1
218,애니메이션 랭킹 1 위는 업. 2위는 소울. 고민했음. 그러나 소울을 보기 전과 본 후로 인생을 살아가는 시야가 바뀔수 있을정도로 좋은 영화이다. 그리고 재미있다.,10,1
219,"픽사의 최고걸작은 아직까지는 up! 하지만,소울의 긍정적이고 따뜻한 감성도 가끔은 괜찮다",7,1
220,와...디즈니에 실망하고 픽사로 힐링하네...,10,1
221,Grace,10,1
222,우리가 헛되이 보낸 오늘은 어제 죽은이가 그토록 바라던 내일이라는 말이 생각나네요.,8,1
223,참신한 사전( ?)세계/아름다운 영상 담담한 흐름/익숙한 주제 초등 저학년 이하는 재미있어하지는 않을거같네요.,6,1
224,좋은 교훈을 새로운 캐릭터들로 러닝타임을 맞추려니 너무 군더더기에 불필요한 내용들이 많았음. 별로였음.,5,0
225,어른 만화 입니다. 아이들이 보기엔 이야기가 많아요. 특히 저학년 포함 유치원 아이들은 전혀 못알아 들을것 같아요. 저는 그냥 볼만한 정도였어요.,8,1
226,와,10,1
227,꿈에 대한 집착에 대해서 되돌아 볼 수 있었다. 이젠 오늘이 가장 행복하고 싶어진다.,10,1
228,다시 한번 살아있음에 내가 이영화를 딸과 함께 보는 이시간이 너무 소중해졌고 행복하다,9,1
229,보다가 잤다,1,0
230,쉬운듯 어려웠다..,6,1
231,나는 왜 살아가는가에 대한 해답?,9,1
232,특별함은 수많은 평범한 일상에서 온다는 진리를.....평범한 일상이 너무너무 그립다.....,8,1
233,코로나 시국에 뭔가 힐링이 되는 영화였다.,9,1
234,위인보단  '나'로 살아가기,10,1
235,교훈적,6,1
236,꼭 보세요~! 인생은 살아 숨쉬고 있는 것 만으로도 의미가 있다는 걸 알게 해 준 영화 ^^ 정말 감사한 영화!!,10,1
237,모두가 위대한 삶을 살 순 없지만 모두가 행복한 삶을  살수 있어,8,1
238,...,8,1
239,잘하고 있어,9,1
240,목적이 있어서  인생을 사는게  아니라는것  너무 괜찮다..구러나 현실은,8,1
241,"철저하게 어른들을 위한 동화. 귀엽고 깜찍한 캐릭터들도 좋지만, 역시나 픽사의 작품들은 그 스토리가 매력적. 겉보기에는 귀염뽀짝한 애니메이션 같지만, 철학적인 이야기. 그 이야기를 받치는 소재로 사용한 재즈의 매력도 볼 수 있는 것은 보너스. 영화를 다 보고 난 뒤 아직도 문득문득 스스로에게 질문을 던지고 있다. 내 삶은 무엇일까?",8,1
242,목표를 향해 달리는 것만이 가치있는 삶이 아니라 인생의 과정속에서 주위의 아름다움과 순간 순간의 소소한 행복을 즐기며 산다면 행복한 삶이라는 메시지를 담은 =어린이들만이 아닌- 어른들을 위한 재미있는 만화영화.,8,1
243,행복이란 무엇일까를 고민하게 해 주는 애니메이션!,10,1
244,철학적. 아쉬운 점은 cgv 음료 가지고 입장시키니 관리가 안돼서 턱스크하고 먹는 사람이 너무 많음 ㅠ 관리가 필요.,7,1
245,재미있어요 꼭보세요,10,1
246,모든 사람이 보면서 삶에 대한 의미를 깨달을수 있을것 같다,10,1
247,일상의 소중함을 잊지말자.,10,1
248,진짜 최고예요  너무 잼잇고 감도잇네요~~,10,1
249,디즈니 주식 사야징,10,1
250,그냥 살아가는거지 즐겁게를 다시 깨닫게 해주는 영화,10,1
251,힐링 그 자체,10,1
252,한번은 돌아봅니다,10,1
253,이영화 강추다  믿고 보는 디즈니 믿고 보는 픽사  한마디로 말해서 잘만들어진 애니메이션 이었다  다 큰 성인어른이 봐도 한번 돌아보게 만드는 생각하게 만드는 스토리 였으며   당연히 아이들과 함께 보면 더좋은 그런 영화였다  음악도 좋고 재즈와 뉴욕 특별히 이발소씬에서 너무너무 코믹하고 좋았다  흑인들은 일상대화할 때도 마치 서로 랩인지 노래인지 느낌 비슷하게 잘 표현했고 표정도 유머도 다 좋았다  비정규직이니 뭐니 자식들은 아빠처럼 힘들게 살지 않고 4대보험 적용받는 안정된 직장생활 하길 바라나  결국 엄마들은 자식들이 지가 좋아서 하고싶은 것 하고 행복하게 보이면 서럽게 눈물 흘린다,9,1
254,살다보면 살아진다 그 노래가 생각났음.  좋은 영화에요.,10,1
255,인생은 아름다워~,10,1
256,생각이많아지는 영화,10,1
257,지금 여기의 삶을 살기를...,10,1
258,훌륭함,10,1
259,"딱 픽사, 디즈니 다운 영화,열린 결말이라 왜라는 질문이 계속 맴돈다",7,1
260,픽사가 픽사해서 이상하지 않음,8,1
261,볼만은 한영호ㅓ,7,1
262,오랜만에 좋은영화,9,1
263,아이들과 재미있게 봤어요..인생영화로 꼽을듯...,10,1
264,우리 이미 바다 위에 있다고. 도착해있으니 마음껏 즐기라고 토닥토닥 위로해주었다.,10,1
265,마침내 정규직이 된 음악교사가 무기력하기 그지없는 영혼에게 삶의 희망을 불어넣는 이야기 (분명 스포인데 관람한 분들에겐 스포가 아닐듯ㅋ),8,1
266,이 영화기달려진다,10,1
267,"삶의 의미에 대해 뭉클한 맘으로 돌이켜보게 만든 아름다운 영화,",10,1
268,삶을 되돌려 엿 보게되는  인생,8,1
269,재밎음니다,9,1
270,"'삶의 매 순간을 소중히, 즐기면서 살기' 이 단순하지만 실제로 매 순간을 즐기기 어렵게 된  어린이들을 위한 영화. 오히려 아이들에게 어려울 수도 있을거 같음",8,1
271,좋은영화,9,1
272,그래 매 순간 즐기면서 살아야 하는 인생. 이것이 원초적 목표지.,8,1
273,굿,10,1
274,또 보고싶은 영화,10,1
275,눈물 한 방울 또르르르 쿠키에 낚임 ㅠ,10,1
276,그냥 인생을 즐겨라! 감동적이네요 어른들을 위한 애니~ 아이들은 이해하기 힘들거나 지루 할 수도!,8,1
277,애니메이션영화여서애들이많이보는영화인줄 알았는데코로나19때문에보는사람이적어서 좋았다.조용하고.내용도괜찮았다. 마음도따뜻해진것같았다.,7,1
278,약간 지루할 수도 있는데 나름대로 엄청 재밌음 !!,9,1
279,좋아요,10,1
280,삶은 너무도 소중하다.,10,1
281,👍💛💛,10,1
282,감동입니다,10,1
283,삶에대해 다시한번 느끼게 해준영화네요,10,1
284,좋아요,10,1
285,마음이 따뜻해지고 인생을 소중히  그리고 즐겁게 살아야겠다는 다짐을 하게 만들어주는 영화다,10,1
286,어른을 위한영화이며 인생에 대해서 정말 많은 의미와 질문을 찾을 수 있었어요. (늘 명확한듯한 디즈니 스럽지 않은 결말 그 후가 어떤지 궁금),9,1
287,"하늘색 바탕에 투명한 물방울(영혼)이 떠나니는게 약40~50%로 시각적 자극이 적고, 주제는 명확하나 유소년들이 캐치하기엔 무리라서 10대이하의 애니는 아닌듯. 재미적인 측면에서도 유모어 포인트가 많은 UP이 10점이라면 6~7점정도. 한번 봤으니 됐음",6,1
288,모두 다 느끼는 바가 다르겠지만 꿈만 쫓으며 매일 힘들 게 살고 있던 나는  이 영화를 보고 진짜 행복의 가치가 무엇인지 깨달았다 난 지금 충분히 행복하고 그 행복은 멀리있지 않다,10,1
289,좀 졸았지만  그래도 그냥   괜찮았어요...!,8,1
290,⠀⠀⠀⠀⠀⠀⠀⠀⠀⠀⠀⠀⠀⠀,10,1
291,.,6,1
292,소문난 잔치였음. 별로 재미없었음.,2,0
293,알바? 평점이 다들 후하네.. 그냥 모든게 투머치. 기대이하!,2,0
294,처음 저세상 가는 개연성이 너무 부실..;;  풀어가는 과정은 나쁘지 않았지만..  코코나 인사이드 아웃처럼 몇번이고  보게 만드는 느낌은 아님.  그러나.. 암만 못해도 픽사는 픽사.. 평타 이상은 됨.,7,1
295,"탄생 과정과 일상 삶의 소중함을 다룬 (소울), 사망 이후의 세계를 다루었던 (코코). 나로선 코코가 훨씬 감동적이었음.   소울은 좀 심심함. 더구나 결정론적으로 아기들이 성격을 규정(어두운 아이, 밝은 아이, 소심한 아이 등등)받고 무우자르듯 지구로 던져지는 장면은 논란거리될 소지가 큼. 재즈음악도 한국인 정서상 썩 다가오지는 않았고, 뉴요 거리가 실제처럼 구현된 솜씨는 감탄스럽지만 지나치게 흑인,히스페닉으로 넘침. 오히려 백인이 차별받은 듯 의도적으로 백인은 안보임. 피아노 연주와 재즈음악과의 일치된 애니 촬영(건반을 누르는 현란한 손가락들과 사운드 음악과의 행복한 일치 등)은 수준이 매우 감탄스러움. 피카소 화풍의 관리자들 묘사도 놀랍고... 하지만 전반적으로 상식적이며 단순 계도성 영화라 많이 졸림",7,1
296,뭔가 마케팅에 속은 느낌................,3,0
297,픽사...끝인가?? 이렇게 재미없게 만들기 있나??,1,0
298,픽사 영화중 제일 기다했는데 그에 못미침,5,0
299,개인적으로 역대 픽사 작품 중 가장 몰입이 안 되는 작품. 목표에 과도하게 집착하는 것도 안 되지만 평범한 일상을 너무 미화시킨 것도 이상하다. 되지도 않는 자기긍정은 3류 자기개발서와 다를게 없다.,1,0
300,"인사이드아웃하고 코코를 섞은듯 느낌이 강하고 메세지는 알겠는데,,,, 많이 지루함,,,  오늘을 즐기자 하루하루에 감사하자^^",5,0
301,진짜 가슴이 따뜻해진다....!!!  쿠키 영상 꼭 보세요^^  이 영화는 쿠키영상까지  봐야 함!!,10,1
302,믿고 보는 픽사!,10,1
303,꼭 머가 되려고 하지않고 평범하게 살아도 괜찮아. 매순간순간을 소중히 여기고 즐기고 살라는 메세지. 감동적이었어요ㅠㅠㅠㅠㅠㅠㅠㅠㅠㅠㅠㅠㅠㅠㅠ,10,1
304,주인공 흑인 남자 넘 못생겼음,8,1
305,"또 나를 울렸어 픽사 업, 인사이트아웃",9,1
306,기대가 큰 만큼 아쉬움이 컸다...,1,0
307,어제 세식구가 같이 관람.음 글쎄.........,6,1
308,현재를 담보로 맡기고  빚쟁이처럼 살지말고 일상에 감사하라,8,1
309,진짜 재밌네요 역시 픽사 시각적 효과 개쩔고 슬프고 감동있고 재미있고 꼭 보세요 강추!,10,1
310,오랜만에 감동적인 영화를 보내요. 초4랑 봤는데 의미있고  내용 좋았어요.,10,1
311,너무 따스한 영화.  인생을 어떻게 살아갈 지에 대한 조언과 살아갈 이유에 대해 말해주는 영화.  엄마에 대한 사랑과 진심을 다한 충고가 느껴지는 영화.  재즈스럽게 따스하게 가슴을 울린다,10,1
312,이히히 너무재밌다,10,1
313,재밌을까?,1,0
314,난해하고 산만하다. 후반부에 감동과 여운은 있다. 재미는 글쎄..사실 코코도 중반까지는 산만하다가 후반부에 감동주는 구성인데 이 영화도 그걸 노린 듯 하지만..좀 약하지 않나 싶다.,7,1
315,소울 재밌게다,10,1
316,궁금하다,10,1
317,처음엔 진부한 영화인줄 알았는데 중요한 교훈을 주는 영화였다.,10,1
318,재즈연주자가 사고로 죽은후 그 영혼이 자아를 찾아가는 과정.. 좀 어렵던데 그래도 위트가 좋았고 지금 이순간을 즐기고 최선을 다하라는 메세지는 얻었어요,9,1
319,해피엔딩이 마음에 안 든 유일한 픽사 영화.  과정과 현재의 결정이 이 영화의 중요 주제 의식인데 동화적 해피 엔딩에 집착하면서  영화의 핵심 주제를 망가뜨려 버렸다.,8,1
320,볼만함,7,1
321,잘 봤어요~,10,1
322,자칫 감독의 자기복제라 할만한 소재이지만 뻔한 진부함을 씻어내는 또다른 접근,8,1
323,"마이클  뉴턴의  영혼들의 여행 이라는 책이 있는데,  그 책에서 우리가 영혼으로서 이 세상에  태어나기 전에  어떠한  과정을  거치는 가를  상세히 묘사하고 있습니다.  이 애니메이션은  이런  배경을  바탕으로  이야기를 진행하고 있습니다.  영적인 내용을  이렇게  쉽고 따뜻한  내용으로 풀어낼 수 있다는 것이 놀랍네요..  감독이나  작가가  구루(영적스승)일수도 있겠네요..  놀라운 작품입니다!!  그냥  울면서 봤습니다...",10,1
324,나의 불꽃은 무엇일까 궁금해지는 영화,9,1
325,"현실의 삶에 감사하라..는 매세지는 좀 진부하고 스토리도 극적 반전이나 긴장감은 떨어지지만, 픽사와 디즈니 장단점은 잘 결합시킨 듯.",7,1
326,내일 당장 죽는다면. 당신은 뭘 하시겠습니까.,10,1
327,이후 조가드너의 삶은 어떻게 달라졌을까?,8,1
328,이게 그 정도여?,10,1
329,오늘까지도 나 이제 뭐하지. 뭐해야되지. 그러다 펑펑 울다 나왔네요.,10,1
330,픽사 애니메이션 영화는 여전히 훌륭하구나,10,1
331,"감동도 있고 재미도 있네요! 추천합니다,,🥲  하지만 코코가 아직 최애:)",9,1
332,""" I'm going to live every minute of it. "" 평범한 일상의 행복...",9,1
333,기대,10,1
334,너무 보고싶다,10,1
335,...,7,1
336,진심으로 멋진 뮤직 영화!!   진심으로 즐기고 싶은 뮤직이 많습니다 ㅎㅎ,10,1
337,괜찮은거 같기도 아닌거 같기도 하네요 ㅎ,9,1
338,살아있음에 감사하라,8,1
339,"늘 높은 곳을 바라봤으나 평범한 일상이 가장 소중했고, 한순간 한순간을 소중히 살라고 알려주는 영화.",9,1
340,어른들을 위한 꿈결같은 동화,8,1
341,올해 최고 기대작,10,1
342,나는 내 삶을 잘 살고 있는가? 내가 내 사람을 즐기고 있는 지 자문해 본다.,8,1
343,여기에서 전체 동영상보기 ⟩⟩⟩ www.Playmovi21 .com ....나는 거기 사이트를 보았다,10,1
344,인사이드아웃 느낌난당 기대돼,10,1
345,믿고보는 픽사 영화 빨리 보고싶어요,10,1
346,짧은 예고편만 봐도 심장이 나댄다,10,1
347,코코X인사이드 아웃X업 제작진이라니.. 이번 겨울에 또 어떤 낭만적인 음악을 들려줄지 기대됩니다!,10,1
348,"나만 재미없게 본게 아니었구나. 나중에야 당연히 소소하게나마 감동이 있고, 교훈이 있지만 이렇게 뒷얘기를 기대안하면서 보기는 또 오랜만... 잔잔해도 너무 잔잔하고, 유머도 어디로 다 사라지고, 클라이맥스가 어디였는지 기억도 안남. 픽사도 이제 한물 갔구나. 예전의 명성은 어디로...",6,1
349,지루하고 그닥....,1,0
350,"코코, 인사이드 아웃보다 못한듯",5,0
351,"미안하다. 솔직히 너무 철학적이란 생각에 그닥 몰입이 안된다. 뭔소리 하는지 초반에는 이해하려고 하다가 지루함을 느꼈다. 중반 이후 재미도를 느껴 갔지만 애니를 통해서 너무 무거운 주제를 다루지 않았나 싶다. 그냥 즐겁게 보는 그런 류의 애니메이션은 절대 아닌 듯 하고, 생각하게 하는 그런 영화이다.",6,1
352,...  감동적인데  ★★★       소울이 없어....ㅋ,6,1
353,오히려 영혼이 답답해진다.,3,0
354,화공 열역학2 기말 시험 보다 어렵다,7,1
355,.,1,0
356,꼴같잖은 얘기,1,0
357,그래도 업이랑 코코가 더 재미있음,9,1
358,뜻은 좋은데 과정이 지루함.,7,1
359,픽사 애니 다 봤는데  상위권은 아님,7,1
360,여기 평점이 넘 좋아서 바쁜 시간 쪼개서 보긴 했는데.... 내가 본 애니 중에 제일 지루한 편이네요.. 그림은 예쁩니다.,6,1
361,최면걸린것처럼 졸았네요 밥을 먹지 말고 볼걸,3,0
362,코로나때문인가 왜 난  아무것도 느껴지지 않을까..... 잼있게는 봤어요.,6,1
363,이런 재즈 감성 찰떡...,10,1
364,솔직한 평입니다 정말 별루에요  재즈 들으면서 애니 화면으로 힐링하러 갔는데 음악이 제대로 나오는 것도 없고  재미와 감동도 없어요 캐릭터가 귀여운 것도 아니에요 그냥 웹툰이 훨씬 나아요 10점은 전부 알바입니다,3,0
365,"저만, 어려웠던거일까요? 디즈니 영화 늘 재밌게 보았는데~ 이번에 소울보면서 많이 실망이 되었습니다. 지루하고, 난해하고.. 마지막 감동이 있긴하였느나~ 아이들이 보기에는 너무 지루하고 난해해서 이해하기가 쉽지 않을것같습니다.",4,0
366,이건먼데 이러캐  많이  밧누   간만에  극장  나들이  가야겟다,5,0
367,넘좋아요,1,0
368,.,10,1
369,재미있음,10,1
370,"왜 자꾸 메세지를 줄려고 하지? 애들 영화답게 그냥 좀 신나고 재미나게 못만드나  언젠가부터 픽사 애니 메세지에 너무 집중하다 보니 재미가 없다.  애들 다 지루하다고 하네 그렇다고 어른 눈높이에 맞냐 그것도 아니고. 애들 보기에는 재미없고, 어른 보기에는 뻔한 어정쩡한 애니로다.",5,0
371,최근 한국의 엄청난 스토리텔링의 발전의 눈으로 보면 좀 아쉽다는 생각이 든다.  나는 한국 컨텐츠의 비약적 발전을 보면서 서양의 스토리가 그들의 포스트모던 프레임에 갇혀간다는 느낌을 받는다.  기독교국가의 미국의 작가들을 스스로 진부하다고 생각하다고 해서 포스트모던화된 스토리텔링 기법을 사용한다. 선과 악이 바뀌고 삶과 죽음이 모호해진다. 젠더또한 헤깔리게 만든다. 대한민국의 막장드라마를 흉보기도 하지만 그들이 모르는게 있다. 한국은 5000년의 문화안에서 흔들리지 않는 문화윤리의식이 있다. 시청자들은 어쨋든 약자가 승리하고 선이 악을 이기는걸 아직까지 보고싶어한다. 인사이드아웃은 괜찮다 싶었는데 결론은 외계인이나 동양사상을 믹스한 이상한 형태의 요리가 나온다. 미국은 전통요리라는게 없어서일까?,1,0
372,애니메이션이 이렇게까지 표현해낼 수 있다니 대단하다,9,1
373,.,0,0
374,생략,1,0
375,시나리오를 누가 썼는지는 모르지만 사후세계에 대해 공감이 안되는 장면과 뻔한 내용이라서 영화보다가 중간에 나왔다. 사후세계를 체험한 사람들의 서적과 이 분야를 조금이라도 관심있게 공부한 사람들은 알겠지만 일단 죽음너머의 세계에서는 존재하는 기쁨만 있을뿐 인간세계처럼 저렇게 들떠있고 감정적 변동이 심하지가 않다. 하지만 영화에서는 너무 영혼들 자체가 오르락 내리락 하는 감정상태에 이질감이 느껴졌다. 그리고 갑자기 고양이하고 영혼이 바뀌는건 무슨 전개인지? 그리고 제일 어이가 없었던 장면은 영혼관리자가 서류를 일일히 다 열어보면서 주먹구구식으로 빠져나간 영혼의 명단을 찾는 장면이었다. 인간세계처럼 사후세계 시스템이 과연 그렇게 허술할까? 중간에 한국어 대사로 추측건데 한국 겨냥용으로 만든 영화인것 같은데 아쉽다,1,0
376,픽사 최악의 영화,1,0
