﻿,document,score,label
0,.,8,1
1,잘만든 영화에요. 한편의 멋진 뮤지컬을 본것 같네요,9,1
2,외면만 보고 좋아하는게 아니고 내면이 제일 중요시 하는게 느낀다 ㅜㅜ,10,1
3,겨울에 어울리는 사랑 이야기~♡ 힐링하고 갑니다 평점에 너무 놀람;;,10,1
4,Good,10,1
5,헐ㅋㅋ엠마왓슨이라니ㅋㅋ완전 기대됩니다 ㅋㅋ 미녀와야수 빨리 개봉하면 좋겠네용,10,1
6,엠마 언니 영화 기대할게요~!!,10,1
7,미녀와 야수 실사판이니 재미있을것 같은 느낌,10,1
8,"첫인상은 생각보다 강렬하고 오랜기간 영향을 미친다. 흔히 3초 만에 첫인상이 결정된다는데, 이렇게 속전속결로 결정된 첫인상은 쉽게 바뀌지 않는다. 첫인상이 좋다는 이유만으로 쉽게 친해지는 경우도 있고, 반대로 첫인상이 좋지 않았다는 이유로 상대와 교류를 차단하기도 한다. 상황이 이렇다보니 소개팅에서든, 면접에서든 좋은 인상을 남기고 싶다. 그래서 남에게 보이는 첫인상에 신경을 많이 쓰게 된다. 하지만 아이러니하게도 나의 첫인상을 스스로 알 수 없다.",5,0
9,몇번을봐도 판타스틱,10,1
10,난 재밌게 봤는데 평점이 왜그러나 연기력때문에 말이많네 더빙판 봐서 그런가 연기력이 문제되진 않던데 성우가 넘 잘해서 ㅎㅎ  엠마왓슨 식사할때 그래픽 보고 감탄함 진짜 애니메이션느낌나서,8,1
11,스토리는 원작을 따랐으니 문제가 없는데 엠마왓슨이 벨 캐릭터에 안어울림 어렸을때부터 디즈니 애니메이션으로 많이 봐서아는데 원래 벨은 선하고 천진난만하면서도 여성스러워야 하는데 엠마왓슨은 눈매가 뭔가 어둡고 표정도 다양하지 못하고 계속 같은 표정이고 외모적으로 비율도 미성숙한 어린애 같음,1,0
12,미녀와 골동품들,5,0
13,악당이.이렇게 멋지다니 . . ,10,1
14,볼거리는 풍족하지만 ‘엠마왓슨’과 ‘벨’의 싱크로율은 글쎄,6,1
15,Well made movie and captured every minute and second while watching this film! ♥,9,1
16,옛날 그대로 리메이크 실사판으로 정말 깔끔하고 잘만듬.,9,1
17,나름대로 잘 해석한 영화  다만 디즈니 특유의 느낌이 불쾌하다,7,1
18,아직 안봤는데 너무 아름다운영화인것 같아서 미리 10점 드립니다!!!,10,1
19,완성도높은영화,10,1
20,엠마왓슨 벨 캐릭터 소화를 잘 못함... 연기 원래 이렇게 못하는 배우였나 ,1,0
21,야수치고는 꽤나 잘생겻음..여자들 좋아할 야수임.ㅎ,9,1
22,너무 재밌게 잘봤어요~~,10,1
23,엠마왓슨 이쁘다,10,1
24,넘 예뻐요 영화가,8,1
25,구식의 디즈니 스타일,0,0
26,너무 스탠다드했음...뻔하더라,6,1
27,미녀와 야수는 사랑입니다 ,9,1
28,❤️,10,1
29,Good,10,1
30,젠틀하고 매력있는 촛대에게 맘이 뺏겼는데 마지막 이완 맥그리거인거 보고 완전 심쿵,9,1
31,에니랑 다른 감동이 있네요~ ^^,9,1
32,엠마왓슨 연기 어쩔...과장된 표정 연기 보는 내내 거슬림 엠마스톤이랑 너무 비교된다 ㅠㅠ,1,0
33,좋아요,9,1
34,"한번보고 두번봐도 엠마왓슨이 벨이랑 안어울림, 야수역도 안어울리는 느낌",7,1
35,매우 좋은 영화,10,1
36,넘 재밌고 영상이 넘 아름다워요.,10,1
37,에니메이션에 비한다면,1,0
38,미안하지만 엠마왓슨 연기에 몰입이 되지 않고 어울리지 않은 옷을 입은 느낌.,5,0
39,이런 영화를 이제 보나디..넘 감동있고 재밌어요. ,10,1
40,주인공 둘 사이에 케미가 없음.. 엠마 왓슨보는데 엠마 스톤이었으면 더 생기발랄하지 않았을까 생각.,5,0
41,호우 재밌음,10,1
42,영화가 전체적으로 넘 예쁘고 엠마 왓슨의 연기력이 돋보이는 영화입니다~~!!,10,1
43,재밌음,10,1
44,연말이면 보고싶어지는 미녀와 야수. 실사판 별로 기대하지 않았는데 너무 좋네요.  재개봉하면 극장가서 보고싶어요. ,10,1
45,"스톡홀름 증후군이라는 비난을 받은 원작을 보완할 에피소드를 많이 넣었으며 캐릭터의 성격을 형성하게 된 에피소드도 추가하여 개연성을 부여하고 있습니다. 벨이 단지 책만 좋아하는 딸이 아닌 아버지의 오르골 조립 일도 보조하는 공학적 소양을 갖춘 능동적 STEM 인재임을 보여주고 있습니다. 여자를 밝히고 갈아치우던 왕자가 야수가 된 경위도, 가스통이 제대 후 전쟁터를 그리워하는 일종의 후유증으로 성격이 공격적이고 개차반이 된 것도 말입니다.  엠마 왓슨의 연기는 대체 불가능한 벨의 모습을 보여줍니다. 빵빵한 조연들의 멋진 연기도 좋습니다. 컴퓨터 그래픽의 발전과 정점에 다다른 뮤지컬 연출은 벨의 마을 장면, 벨과 야수의 무도회 장면, 가스통의 술집 장면, 마지막 전투 장면 등에서 눈을 뗄 수 없게 만듭니다. ",7,1
46,"애니보다 재밌네, 헤르미온느도 이쁘게 잘컸고. 개봉당시 극장서 볼걸 그랬구만 아쉽다.",8,1
47,개봉시 영화관에서 관람하고 오랫만에 다시 봤지만 여전히 좋은 기분이다. 어른아이인 내겐 감성을 건드 리는 행복감과 즐거움을 선사한다.  엠마왓슨은 사랑이다. 특히 웃을때가 가장 매력적이고 예쁘다. 해리포터부터 역주행으로 그녀의 영화를 다 보면서 너무 예쁘게 잘 커가는 성장의 시간이 즐겁다.,9,1
48,유치할줄 알았는데 전혀 그렇지않았다.  스토리도 탄탄하고 색채도 예뻤다,6,1
49,여주님 너무 예뻐요.. 전체적으로 영상 분위기도 예쁘고.. 의상도 열심히 준비한 느낌이 물씬..,9,1
50,댄 스티븐스.....,10,1
51,영화연출이나 그래픽 음악 대체로 좋았으나 엠마왓슨의 연기가 넘 아쉽 ㅠ 특히 야수붙잡고 오열하는 장면....로봇이 연기하는 느낌..,6,1
52,애니보다 더 좋네요 ost도 훌륭합니다 21세기 명작 뮤지컬의 반열에 올립니다,10,1
53,엠마와썹 평맛연기!! 병맛감독이 만들면 명작도 병맛이 된다는 깨우침의 영화,1,0
54,재밌고 감동적이다,7,1
55,디즈니 만화에비해 먼가부족해..,7,1
56,저는 실망 벨이 나와 서점 가며 노래 부르던 씬은 발랄하고 사랑스러운 벨을 한개도 느낄수 없었음 몰입감 없는 뮤지컬 씬 사랑 감정 일도 전달해 주지 못하고 야수 등치 따라 가느라 쫑쫑 거리던 댄스 씬 마음 아픔,1,0
57,너무 감동적이었어요~ 엠마왓슨이랑 연기도 좋고 노래도 좋은데 왜 이렇게 사람들이 까다로운지 모르겠네요. 재밌게봤습니다,10,1
58,그래픽이 좋아요,8,1
59,그냥 전체적으로 2% 부족했다. 다만 이완 맥그리거의 루미에르는 원작 싱크로 100%였다..,5,0
60,아름답다. 언제봐도 명작은  감동을 준다. 크리스마스 기분이 드는 영화.,10,1
61,엠마왓슨 연기 부족.. 노래도 부족.. 마지막 왕자 임팩트도 부족..   이 영화 덕에 다시 애니메이션 보러감 ㅠ,4,0
62,최고,10,1
63,감동적입니다.,10,1
64,85/1,9,1
65,제일 중요한 음악이 왜 빠졌나요ㅠㅠ.. 배우도그렇고 감독도 애니메이션을 좀 더 디테일하게 봤음 좋았을텐데...... ,3,0
66,.,10,1
67,휴...~ 엠마 왓슨. .. 제 점수는요...,4,0
68,애니를 그냥 기술이 발전으로 cg기술이 발전한것 뿐이 모르겠다 특히 엠마왓슨의 노래실력이나 표정은 참담하다 해리포터의 후광일뿐 연기는 더 배워야할듯 싶다 아역출신이지만 나탈리 포트만과 너무 비교된다,5,0
69,실사화하여도 애니메이션 미녀와 야수에서 받았던 감동만큼은 못 미치더라. 오히려 계속 애니메이션 장면이 떠올라서는 그리워졌다.   ,7,1
70,기대이상. 눈물 많이 났습니다. 볼만했어요!,8,1
71,울었음,10,1
72,가장 애니메이션을 잘 표현했다는 생각입니다. 스토리를 알고 봐도 동화속 이야기 같은 아름다움을 받은것 같습니다.,10,1
73,미녀와 야수에 대한 새로운 해석/ ,7,1
74,영화 자체는 즐겁게 봤는데..딱히 할말은 없다. 만화 원작다웠다 정도?,6,1
75,ㅎㅎㅎㅎ,10,1
76,영화관에서 두번봤다. 처음봤을때는 내내 졸았다. 근데 어쩌다보니 두번을 보게 되었는데 뜻밖에(?) 재밌었다.,8,1
77,애니에서 봐서 익숙한 ost와 장면들을 실사와 CG로 잘 표현했다.,7,1
78,.,8,1
79,감동적임,8,1
80,화면이 예뻐서 의외로 지루하지 않았음. 스토리는 뭐...,6,1
81,할리우드 애니같은말 그대로의 느낌,7,1
82,한 편의 이솝우화  잘생긴 사람은 어디서나 대우받음,6,1
83,애니와 코드 하나까지 똑같다면 그냥 애니만 봐도 충분했는데.. ,6,1
84,.,7,1
85,하고싶어요제발보내드립니다!,10,1
86,애니메이션 장면들이 생각나 몰입을 방해하지만.... CG가 가미된 멋진 실사 영화로 재탄생!,8,1
87,엄청 재밌게 본 영화,10,1
88,옛날 추억이 새록새록 생각나게 해주는 좋은 영화!,10,1
89,"나의 소임, 신념, 사랑, 명예, 희열, 양심, 연민, 진실과 진심. 감정의 희노애락 속에서 2시간 동안 충만하게 파묻혔다. 행복한 영화야.",8,1
90,1991년작 미녀와 야수를 충실히 재현하면서도 91년작에 없던 양념도 새롭게 쳐서 재탄생한 2017년작 미녀와 야수.,8,1
91,"더이상 말이 필요없다!!!!! 그 아름다운 명작인 미녀와야수를 실사영화로 만든것도 최고인데, 거기다가 벨 역활이 나의 영원한 헤르미온느 여신 우리 엠마 왓슨 인데 도저히 그 감동을 어찌 표현하리요!!!!! ",10,1
92,재미없는거도 아니고 억수로 재밌는것도 아니고 그저 그랬슴,5,0
93,디즈니의 모든 것을 담아 최대한 잘 살려낸 리메이크. 원래 디즈니 애니메이션의 상징이었던 뮤지컬 느낌 그대로 생생하게 표현.,9,1
94,엠마 왓슨을 쓴것이 신의 한수 스토리는 다 알고 있지만 여주인공으로 인해서 볼만한 영화,8,1
95,정말  재미있었음. 최고!,10,1
96,흥행에 대한 관심이 없다,9,1
97,전체가 아니라 12세로 만들었으면 인기를 더 끌었을텐데...,9,1
98,영화도 재미있다 그런데 에니메이션이 더 재미있다.,6,1
99,너무감동적인영화요~~ 너무재미있써요,10,1
100,시간 가는줄 모르고 아주 잘 봤습니다. 원작 애니와 비교해도 손색없을정도록 잘살렸네요,10,1
101,여주 캐스팅만 좀 더 완벽했어도.... 그 와중에 가스통 연기 보소 워낙 능글능글 잘해서 혼자 하드 캐리하네,6,1
102,'Beauty and the Beast & Baby',7,1
103,황홀하고 감동적인  이 시대의 어른아이들을 위한 영화.,7,1
104,디즈니와 평생 비교되겠지만...,8,1
105,야수 얼굴이 좀 어색했다. 좀 더 곰같은 푸근한 느낌이었으면했는데 엠마왓슨은 똑부러지고 좀 차가운 느낌이라서 벨 역에는 조금 안맞는 느낌이었다. 파리로 가본다거나 하는 불필요한 장면도 별로였다. 좀더 미묘한 로맨스나 노래에 할애하는게 나았을지 모른다. 그래도 뭐 그런데로 볼만한 영화니 안심해도 좋다.,7,1
106,개스톤 완전 귀여움. 마지막엔 좀 짠하더라,9,1
107,별다른 매력이 없는 영화,6,1
108,만화가 원작이라서 별로 기대 안하고 갔는데 생각보다 괜챦은 영화네요.,8,1
109,동심의 세계로ㅎㅎ 넘나 영상미와 음악이 이쁜 영화였다,9,1
110,디즈니....역시...,9,1
111,만화와 어쩜 이리도 똑같이 만들수 있었을까.....? 아름답고 이쁜 영화.... 아쉬운건 미녀가 노래하는 부분이 생각보다 적었다,9,1
112,기대말고 그냥 보면볼만함,5,0
113,여주미스캐스팅,7,1
114,"야수의 눈빛연기가 너무 인상깊었습니다. 엠마왓슨도 너무나 사랑스럽게 연기 잘했고, 의외로 너무 쟁쟁한 캐스팅에서 한번 더 놀랐네요. 하지만 좀 더 유머러스한 코드도 가미했다면 더 좋았을걸 그랬네요. 많이 웃을 수 있었던 장면은 기억에 남지 않네요. 그래도 웰메이드 영화라는건 인정!!",9,1
115,별 의미없이 시간 때우기 용으로 시작한  너무나도 익숙한 줄거리의 미녀와 야수 대수롭지 않게 컴퓨터로 다운받아 보았지.. 헌데..이게 뭔지...내 감성을 이렇게 흔들어 놓은 영화는 5년 이상 단 한편도 없었다.. 그것도 뻔한 줄거리인데.. 40대에 이런 느낌을 들게 하다니.. 행복했습니다. 감사했구요..^^,10,1
116,예상한것 그 이상은 없네요,7,1
117,"아름다운 영상과 노래,  섬세함을 잃지 않은 줄거리   식탁위 CG가 조금 과했지만  즐거웠어요.  ",8,1
118,"CG와 뮤지컬 적인 면은 괜찮았다...특히 식당에서 뮤지컬이 제일 좋았다고 본다. 근데, 그 외엔 그냥 임팩트 있는 곳이 그닥 없는게 아쉽네... 좀더 음악적인 부분이 신나거나 감동적이거나 했으면 좋았을텐데....  겨울왕국도 이것도 성인이 되서 보니 그렇게 큰 감동은 못 느끼겠다. 동심이 필요해. ",7,1
119,"누구나 아는 스토리라 자칫 지루하거나 고루할 수 있을 법 한데 미녀와 야수의 기본 골격을 잘 유지하면서도 멋진 음악과 디테일한  CG, 거기에 엠마 왓슨의 이쁜 연기가 더해져 재미있게 잘 각색했다.",8,1
120,너무 예쁜 엠마,10,1
121,엠마 왓슨의 아름다움만 핥고 있는 영화...,6,1
122,한편의 잘만든 뮤지컬 같았지만 취향이 맞지 않으면 매우 졸린 영화,7,1
123,진짜 꿀잼~~~ 디지니의 뮤지컬 같은 영화 너무 좋다,9,1
124,상당히 과거 애니메이션과 비슷하게 만들... 근데 왕자가 에러,10,1
125,연기좋아여~,8,1
126,노래와 비주얼 굳. 세상을 나가고 싶던 벨이 성에 갇힌 건 아쉬움,8,1
127,"월래 디즈니의 영화를 좋아하는데.. 원작 애니메이션을 거의 톡같이 흡사하게 만들어서 나로선 원작의 내용과 분위기를 잘 살린것같아 너무 맘에 들었다!노래도 좋고, 엠마왓슨도 너무 이쁘다!",9,1
128,올해 상반기 통틀어 제일 좋았다,10,1
129,동화책을 그대로 옮겨놓은듯한,6,1
130,지루하지않고 잼썼음,8,1
131,쓰레기 연출,2,0
132,꿀잼꿀잼,10,1
133,보고 듣는데 기분좋았던영화,9,1
134,다시 보고싶운...,9,1
135,생각보다 기대엔 미치지 못했다,6,1
136,"스토리도, 노래도 영상미도 모두 좋았어요.",8,1
137,실망시키지 않는 디지니!!!! 영상미가 너무 좋았다,9,1
138,디비디 사고싶어요 ㅠㅠ,9,1
139,미스 캐스팅 아닌가싶다. 마스크도 연기도,4,0
140,애니메이션 실사판이라 해서 약간 우려는 했지만 좋았습니다. 애니메이션 덕에 너무나 익숙한 노래들이 다시금 흘러나오고.. 근데 엠마왓슨의 작품 선정 과정을 넘 익숙히 들어서 그런가 보는 내내 개봉 후 얼마나 원통해했을까... 하는 생각은 들더라구요. 역시 배우는 연기도 잘 해야 하지만 작품선정 능력도 중요한 듯.. 재미나요~ 추억 돋습니다^^,7,1
141,♥,10,1
142,♡,9,1
143,.,8,1
144,뮤지컬 장르라는 사실을 잊고 있었다...하... 익숙한 소재와 좀 루스한 스토리 전개... 매력적인 배우 엠마왓슨과 소품들...  그리고...영상들만은 블리블링...,6,1
145,영화에서는 개스톤 하고 그 친구 르푸 가 제일 재밌고 벨 하고 야수 얘기는 익숙해서 그런지 그려러니. 차라리 영화 메이킹 보면서 빵 터짐. CG  를 위한  댄 스티븐스의 실제 촬영 때 모습을 보고 웃음이 나옴.  조연으로 나온 다른 배우들도 볼거리.,8,1
146,프랑스 영화 미녀와 야수도 재미 있었지만 역시 허리웃 영화 미녀와 야수도 재미 있었습니다. ^&^,9,1
147,늙어서 그런가 남잔데도 너무 재밌네,9,1
148,뮤지컬영화는 노래부르는부분이 쪼꼼 지루하긴함 그래도 잘봤어요 ,9,1
149,환타지를 현실로 내려버린 여배우의 선택.  연기파 배우가 미녀인척 하고 있다. 디즈니 정도의 마케팅 능력에 꼭 엠마왓슨 이어야 했을까?,7,1
150,이미 아는 내용의 스토리지만 가족과 함께 부담없이 볼수 있는 영화....딸아이가 참좋아하는.....^^,7,1
151,웬지 나이들어 가면서 가족이 다 같이 볼수 있는 이런 아름다운 영화가 좋다..,8,1
152,누구나 다 아는 이야기지만 아름답다. 엠마왓슨의 영화 속 비주얼은 정말 최고다..,8,1
153,미녀와 야수 몇번이나 리메이크 되었던가~~ 내용 모르는 사람있음?? 아는 내용에도 충분히 볼만하다~  노래 좋은건 덤~,8,1
154,"개봉 초반 좋지 않은 반응에 비해 의외로 볼만한 작품. 실제로 많은 분들이 그렇게 느낀다는걸 평을 보며 확인했다.  비록 연기는 루크에반스와 조시게드가 가장 눈에 띄는듯 싶지만, 동화 원작이니 연기보단 분위기에 매료되어도 괜찮을듯 싶다. 가족, 아이들과 함께 보기에 좋은 작품.",7,1
155,예뻐서 자꾸 보고 싶게 하는 영화... 봐도봐도 보고싶다. 노래는 또 왜이렇게 다 좋으냐~,10,1
156,재현 잘하는 건 알겠는데 엠마왓슨은 욕나오네.,4,0
157,꽃잎 떨어지고 야수팀 죽어갈 때 나도 모르게 눈물이 주르륵 흘러내리고 있었다,10,1
158,이정도면뭐어어,8,1
159,기다림이 절대 헛되지 않았다!! 그 아름다운 스토리인 미녀와야수 에니메이션에 장면하나하나를 CG로만이 가능한 실사로 완벽하게 묘사한것만도 최고인데 전세계 수백명의 미녀배우들중에 우리 헤느님 엠마가 벨의 역활을 맡게되어서 볼때마다 정말 눈물이 날 정도로 장면하나하나가 감동이었다!!!! ,10,1
160,"몇달이라는 긴 시간을 기다리고 또 기다린끝에 마침내 그저깨 극적으로 다운로드에 성공하여 드디어 보게되었는데, 역시 기대를 저버리지않았다! 더욱이 영원한 우리들의 마법여신 엠마왓슨이 벨역활을 맡았으니 그 감동과 아름다움을 어찌말로 표현하리요!!",10,1
161,슬픈동화 야수는 되었으나 돈많은 야수가 아니라 벨은 오지 않는구나.. ㅎㅎㅎ 뻔한 스토리지만 누구나 다르게 행복을 느낄수 있는 영화,7,1
162,디즈니 애니메이션의 특징이자 장점이 OST이기 때문에 뮤지컬영화로 만들 수밖에 없었겠지만... 오히려 그 부분이 조금 아쉬움으로 남는다... 엠마 왓슨의 벨도 잘 어울리지만 2014년에 제작되었던 레아 세이두 주연의 미녀와 야수도 괜찮은 작품...,9,1
163,...,8,1
164,"멋진 실사화란 점에는 동의하지만 고전의 정취도, 현대적인 감각도 그리 뛰어난 수준은 아니다.",6,1
165,다 아는 스토리지만 98년 타이타닉 이후 느껴보는 감동,8,1
166,뮤지컬 만큼은 아니지만 비쥬얼 만큼은 최상인듯.  음악도 좋고 전체적인 완성도가 뛰어나다.  부수적인 캐릭터를 완벽하게 재현해서 좋았다,8,1
167,동화는 동화일뿐 오해하지 말자,6,1
168,"애들이나 좋아할 영화, 어른이 보기엔 너무 유치(돈이 아까와)",4,0
169,재미없음. 유치함. 극혐 뮤지컬까지...,3,0
170,동화장르는 애니메이션이 어울리는것 같다. 잘 만들어지긴 했지만 애니로 만들어진 작품이 표현력이 더 뛰어난 것 같다. 비교 대상이 더 뛰어나다면 상대적으로 부족해보이는 것이 잘 만들어졌다고 해도 부족해 보이는 법.,7,1
171,.,10,1
172,..,7,1
173,"예전 애니메이션을 거의 그대로 실사로 옮긴 듯한데, 예전 애니메이션을 봤던 분들이라면 실망하실 수도 있겠네요. 어른들이 보기엔 레아 세이두가 주연한 프랑스판 미녀와 야수가 더 좋았던 듯합니다. ",7,1
174,"아름다운 이야기는 지루함도 휴식으로 남긴다. 불행하게도 우린 늘 ""향기""와 ""냄새""의  의미가 다름에도 불구하고 겉으로 드러난  사실만 집착하지. 현실에서 과연 진실의 가치를 이해하는 사람은 얼마나 되고,   또 그걸 아는 사람은 얼마나 행복할까? ",10,1
175,이게 에니가 91년도에 나온거였나?? 어릴적 에니보면서 환상에 젓어있었는데 이 영화보고 확깨졌다 괜히본듯....내 추억 돌려줘... OST도 셀린디온과 피보 브라이슨이 부른것을 가져다 섰음 더 감동이였을건데 웬 R&B... 노래도 베렸어,5,0
176,노래도 좋았고 스토리도 재미있었다 여주인공의 연기가 약간 어색했고 다른 너무 유명한 사람들에 비해 빛을 발하지 못한 것 같아 아쉬웠다,8,1
177,몇주동안 헤어나오질못함,10,1
178,딱 그만큼...영화평이 좋아... 딸냄대리고 영화 감상...울딸 좋아좋아 외쳤지만...기냥 애니가 더 낳은 듯..그림을 실사로 옮기는 것이 쉽지 않음을 생각하면 그부분은 인정...,7,1
179,극장에서 가족들하고 봤는데  엠마왓슨이 이쁘네요 내용은 그냥 우리가 아는 내용 ㅎㅎ,7,1
180,별점:★★★ 6.8 다시 한번 느끼는 디즈니의 위대한 유산,6,1
181,레아 세아두가 나온 미녀와 야수 프랑스편이 더 볼거리가 많아요,7,1
182,하... 두번보고 세번보자,9,1
183,"간만에 정말 감동적인 따뜻한 영화를 봤습니다. 알고 있던 내용이라 기대를 안했던지라, 감동이 더 컸던 것 같습니다^^ 같이 본 엄마도 너무나 좋다고 하시네요~ 가족끼리 보기 아주 좋은 영화입니다. 한번 더 보고 싶습니다!",10,1
184,뮤지컬을 별로 안좋아해서 다소 지루했음. 그러나 재미짐 흐흐,7,1
185,인생작이닷!10점보다 더주고 싶으댜..,10,1
186,초등 2년 우리딸은 너무 재미없다고...노래만 엄청크게 부르고..졸립다고...ㅜ.ㅜ ,5,0
187,나쁘진 않은데 전개가 느려서 졸리다. 그리고 beauty and the beast 노래를 망쳐놨다ㅜㅜ,5,0
188,"현란한 무대장식미술과 의상을 보여준다.  노래도 춤도 다 좋다.  하지만, 어딘가 허전한 감이 들어서 좀 아쉽다.  아마, 원작 에니메이션이나 브로드웨이 뮤지컬 공연에 익숙해져서 그럴 수 도 있겠지... (보통(5.0) 이상)",6,1
189,너무 재밌어요. 다시 한번 보고 싶어요!,10,1
190,예전 디즈니 만화때만큼이나 기분 좋은 영화네요^^ 간만에 순수한 사랑에 대한 감정을 느껴보게 되었네요. 메인 주제곡 나오면서 춤을 추는 장면에서는  미녀와 야수가 눈에 들어오기보다는 그냥 음악만 제대로 감동 받고 배우들은 뭔가 인위적으로 만들어내는다는 느낌이 들어서 아쉽긴 했습니다. 그래도 간만에 잼있게 본 좋은 영화였습니다. ,9,1
191,뭔가 아쉬워요~ 그러나 찡한 감동이 있네여 ㅎㅎ,7,1
192,정말 좋은 영화에요.. 덕분에 삶의 의미를 찾아가요,10,1
193,내면적 아름다움과 사랑의 중요성을 가르쳐주는 너무나 감동적인 영화에요 현대인들이 꼭 봐야할 영화라고 생각해요,10,1
194,너무 재밌구요! 엠마 왓슨 해리포터 때부터 좋아해서 쭉 봐왔었는데 넘나 이쁘게 잘 큰것 같아요! 동안이구요~~ 같은 여자가 봐도 이쁘더라구요~부럽습니다!! 분명 영화를 보았는데 한편의 뮤지컬을 보는듯 했어요~보는 내내 눈호강 귀호강 했네요~진심으로 강추드립니당!!! 절대 볼까 말까 고민하지마시고 꼭 보세여!!!!,10,1
195,너무 감동적이예요 엠마 왓슨 넘 이뿌고요^^,10,1
196,눈이 즐겁고 눈물 잠깐 났어요,10,1
197,너무 재미있었던 영화. 아직도 여운이 남아있다.,10,1
198,지루,3,0
199,애니메이션으로 보는것과 달라서 재미있어서 좋아요.,7,1
200,"누구나 같이 보면 좋을 것 같습니다. 사람의 판단기준은 다르겠지만 전 재미 있었고, 감동적이네요.",10,1
201,엠마 왓슨만 보여~,8,1
202,초딩 1학년이랑.봤는데 전 좀 울었어요 중간중간 ㅋㅋ 애는 오히려 안우네요 ㅎㅎ  잼있게 잘봤습니다.,9,1
203,재밌어요,10,1
204,"2000년 디즈니에서 만화 영화로 미녀와 야수가 나왔을 때 내용과 빠른 화면 전환에 정신없이 보다가 이렇다 할 감동도 없이 OST에 빠져 있었지만, 이번 영화는 현실과 상상을 이어주는 실사판 또는 완성판이라고 할 수 있다. 영화를 보기 전, Beauty And The Beast외 Belle, Gaston, Be Our Guest OST는 미리 듣고 가시길~",10,1
205,최고의 '벨' 완벽한 영화!,10,1
206,"벨 역할 진짜 미스 캐스팅 아닌가..??? 사랑에 빠진것 같지도 않고, 감정표현도 잘 안보이고, 어둡고, 명랑하고 밝은 그런 벨을 디즈니에서 엠마왓슨으로 망가뜨렸다. 엠마왓슨 결정당시 진짜 이건 아니야 아니야..영화봐도 역시 정말아니야. 김규리가 어울리는 벨의 얼굴이다. 내용은사랑의기적이 정말 감동적이고 충만.",5,0
207,"아는 얘기,  이쁜 벨, 눈동자가 아름다운 야수  행복하게살아라~~~~~",7,1
208,그냥 추억의 영화정도 고전애니메이션을 실사판으로 잘만들어논 영화정도....어린이 관객들에게는 나름 환타지영화겠네여,6,1
209,왕자에서 다시 야수로 변해랏~ 얍~!! ,10,1
210,"벨~ 나도 좀 구해주오, 마누라의 저주에서..",10,1
211,재밌어요 근데 아직못봐서 모르겠어요,9,1
212,즐겁고 유쾌한... 결말을 알지만 모르고 보더라도 재밌는 영화.  엠마의 특유의 청순미가 돋보였음.  ,8,1
213,내용은 다 아는거라...엠마왓슨과 벨이 참 잘어울립니다. 넘 예뻐요~,9,1
214,눈과 귀가 즐거웠어요. 미녀와 야수 넘버는 언제 들어도 좋네요.,10,1
215,전 좋았어요~ 중간중간 유머도 있고 살짝살짝 눈물도 나고 ㅜ 좋아요,9,1
216,엠마왓슨 예쁜 얼굴 외엔 그다지 ᆢ 중간중간 넘 지루하더이다 아이들 보기에도 어른 보기에도 어정쩡한 영화에요 굳이 실사를 만든 까닭은 뭘까 ᆢ,3,0
217,재밌던데..,10,1
218,드럽게 재미없네 ,1,0
219,영상미와 재미있는 캐릭터가 좋았음,7,1
220,노래는 좋아요 근데 초반에 졸려서 잤어요 쿨....그리고 중간 중간도 지루한 느낌?,7,1
221,좀 더 밝은 벨이 나왔으면 하는데 엠마왓슨은 너무 어두워..,7,1
222,그냥 와이프가 보자고 조르면 한숨 푹자고 나올만하다. 이게 왜 예매율 1위일까? 한심스럽다,1,0
223,스토리를 알고있어서 1점 뺀다 ㅋㅋ  스토리를 알아도 미녀와 야수에서 상상할수 있는 그 모든것을 현실 반영해서 흥미롭게 향수를 불러일으키는 영화. 영상미는 정말 압권,9,1
224,"주인공들의 로맨스와 개스톤,르미에의 연기가 너무 좋았습니다. 화려한 시각적 효과와 능청스런 르미에 진짜 기억나요~ 그리고 마을에서 마을사람들 다같이 노래 부르는 장면도 너무 좋았습니다. 두번째 봤는데 재밋게 즐겁게 봤던것 같아요^^ ",8,1
225,헐리우드는 반성 좀 해라.. 다음편엔 야수와 만들래? 요즘 나오는 영화들은 죄다 과거의 영광을 재탕하고 있다. 더이상 새로운 것을 만들 만한 작가가 없는거냐? ,5,0
226,"음악도  좋고 아름다운 영상, 예전 기억도 그립습니다 ",8,1
227,30대 남자인 내가 보기엔 너무 순수한영화인가....ㅜㅜ,5,0
228,재미있게 봤어요. 눈은 호강합니다. 그래픽은 화려해요.  다만 연기는 아쉬워서 평점을 많이 주진 못하겠어요.,6,1
229,별 기대 없이 본 영화였지만 참 아름다운 영화였다.,9,1
230,"펑펑 울면서 봤다. 영화관 나와서 잠시, 시공차 적응 안됐음... ",10,1
231,너무나  아름다운 영화  보는동안  새로운 세계로간듯했습니다  왜  오랫동안  사랑받는영화인지  알것같았습니다,10,1
232,저 유명한 배우를 가져다 저런 영화를 만들다니 개졸작 평점 1.5점,1,0
233,이해할수 없다...이런걸 만들었다니......지루하고...잼없고....야수가 왕자보다 훨 멋있는...웃픈 영화...돈 아깝다,0,0
234,아주 완벽하게 아름답고 감동적임 영화. 어렸을때 그림 동화책을 열면서 느끼던 설레임을 느꼈다..,10,1
235,힝 ㅜㅜ  ,1,0
236,풍성하고  분명  좋은 영환데... 겨울 왕국을 본 느낌이랑 비슷 ㅋ,8,1
237,노래도 좋고 출연진도 예쁘고  스토리도 좋고 굿즈도 이쁘고 완벽한 영화 진짜 인생작ㅇㅇ 개좋음,10,1
238,명작은 시간이 지나도 명작.,8,1
239,그놈의 노래만 안 나왔다면 더 좋았을건데...,8,1
240,무슨 전문가들은 지루하면 평점이 높냐ㅡㅡ 원작이고 나발이고 그냥 지루하고 재미읍따 볼 거라곤 엠마왓슨 얼굴 뿐ㅋ 다른 사람들 위해서 리뷰 남긴다,3,0
241,어린이들에게는 충분히 괜찮은 영화겠지만 성인이 보기에는 너무 단순한 스토리입니다. 원작에 약간의 양념이 쳐지긴 했지만 그래도 원작을 크게 벗어날 순 없으니.. 보고 나서 별로 머리속에 기억에 남는게 없어용,7,1
242,지루해,1,0
243,"초등생 아이랑 같이 가서 봤어요. 기대를 별로 안 하고 갔다가 저는 아주 재미있게 보고 왔어요. 아직 저학년이라 딸애는 조금 지루해서 몸을 비틀곤 했는데, 나중에 물어보니 재미있었다고는 하네요.",9,1
244,"의상,분장,도구...연출,가스똥 등의 유치한 연기(디즈니 만화가 훨씬 좋았음)..외모 지상주의라고 할까 현실감이 전혀 없는(환상을 그린 영화라고 할지라도)새 옷감으로 금방 완성하여 막 다림질하며 등장한 듯한 옷차림새에도 조금도 이상함을 못 느끼는 무개념 관객들의 허영심을 충족시켜 준 듯!",6,1
245,최선의 재연은 최선의 창조.,10,1
246,예매율1위인 이유를 모르겠음. ,3,0
247,영상미말고는 아무것도 없는거 같은데   돈이 조금 아까웠어요,2,0
248,영화라기보단 뮤지컬이네요  그래서 더좋았습니다 또보고싶지만 돈없는 대학생이라...,10,1
249,정신없는 뮤지컬(발리우드 삘 충만). 야수와 사랑에 빠진 까닭을 모르겠음.,5,0
250,엠마 왓슨인듯 엠마 왓슨아닌 엠마 왓슨 같은 벨...,6,1
251,영화 보는 내내 즐거웠어요~~~ 브금도 마음에 쏙 들고~ 지루할 틈이 없었어요,10,1
252,지루해서 20~30분 잤어요 야수 캐릭터가 매력이 전혀 없고 다른 cg는 좋던데 야수 얼굴 cg가 왤케 별론지.... 둘이 춤추는 장면은 정말 좋았으나 나머지는 너무 지루했어요,6,1
253, 이쁜영화 잘~봤습니다. 이런영화를 안보면 자기만 손해죠~^^,9,1
254,사랑한다는것.다시는볼수없다는것.에대한 돌아봄,10,1
255,솔직히. 졸려서 20분잤음~~~,5,0
256,엠마 왓슨을 빼면 대부분 좋았던 영화. ,8,1
257,다 아는 이야기니만큼  이맘큼 만들기는 힘들듯....  그게 싫다면  집에서  그림 동화책 보길!!!,9,1
258,막내는 야수 무섭다고 울다 자고 초등생 딸은 재밌었다고 하지만 어른들 보기에 재미 없었다. 겨울왕국이나 모아나는 더빙이어도 재밌었는데.. ost도 눈에 띄게 좋은 곡도 없고 게스톤 나오는 부분은 지루하기도했다 야수에서 왕자로 변하는 부분이 하이라이트 인데 왕자가 더 멋진 모습이었으로 변했음 좋았을텐데..,6,1
259,아름답고 재미있고 감동도 있는 뮤지컬 영화. 흥행 성공 할수 밖에 앖는 영화다. ,8,1
260,레아 세이두가 나오는 미녀와 야수가  더 예술적이에요 영상 색감 반전  낭만  동화  야수의 섹시함과  능력 표현이  훌륭해요 역시 프랑스다운 영화인것 같아요  엠마 왓슨 헤리포트 이미지가 너무 강해서인지 가녀리고 청순하고 프랑스적인 미녀의 이미지가  부족한듯 합니다    전반부 지나면서 지루했어요,4,0
261,음...기대보단.. 쫌 지루...,7,1
262,지루함..  어른도 하품하고..  우리애는 재밌다고는 했지만.. 다른 자리에 숙면하는 아이들도 있었음 나도 잠와서 나가고 싶었음 거의 마지막에 주민들과 싸우는 장면 정도가 잠깨는 장면이었음,1,0
263,좀 지루함.,6,1
264,정말 옛날 만화가 더 좋음~,3,0
265,나 영화에 그리 박한 사람 아닌데 벨의 첫등장 노래의 쉬크함 빼고는  지루해서 배배 꼬다 잠만 자고 나온... 만화의 감동과 사랑스러움은 사치라 쳐도 배경은 또 왜 그렇게 칙칙한가요?? 담날 본 '히든 피겨스'가 훨씬 날 붙들어요..,4,0
266,너무 잘 아는 이야기보다 디즈니의 PC(Political Correctness)에 대한 강박이 더 눈에 띄는 걸,6,1
267,"원작에 비해 밋밋하고,  감동도 그다지.... 엠마왓슨 예쁜거하고 색감 좋은거 그정도? 어렷을때 봤던 원작만화가 훨씬 나았을거란 생각은 왜드는지..",7,1
268,아들 때문에 더빙으로 봤지만 그래도 감동적이었던 영화....왠지 가슴 찡한...,9,1
269,색감도 최고!! 엠마왓슨도 최고!!!!!! 진짜 알고 있었던 줄거리지만 정말 최고였어요!!! 정말 추천합니다!!,10,1
270,밋밋하네요 ,6,1
271,제목과 여배우의 이름만으로 보는영화  미녀역의 엠마왓슨이 무명 여배우라면 상영조차 할수없는 영화인듯  그냥 엠마왓슨 보는영화인듯  감동? 재미? 내용? 왕자? 재미 있다고 하신분들  정말이세요??? 묻고싶네요 ,1,0
272,너무 사랑스럽고 행복한 영화! 최고!!,10,1
273,사랑에  대한 최고의 영화입니다 꼭 보세요  후회하지 않으실겁니다,10,1
274,뮤직컬 영화라고 말했어야지~  졸라단순하고 재미없음.  처음부터~ 뮤직컬로  시작,1,0
275,재밌다,6,1
276,엠마왓슨 너무 이쁘고 감동적 굿굿 ,10,1
277,진짜 너무 재밌고 감동도 있어요.. 노래도 좋고.. 꼭 자막으로 보세요.. 인생 최고의 영화..!,10,1
278,제발영화같은영화좀만들어라,5,0
279,눈물 나게 아름다운 영화  입니다 40대인 저도  너무 이쁘고 아름답고  멋있어서  눈물이 나더라고요  ~~~저는  간만에  아주 좋은 영화로  여운이 아직도,10,1
280,잘봤어요!!! 역시 엠마왓슨이네요!!! 영화 자체가 너무예뻐요,10,1
281,사랑을 믿고싶어지는 영화,10,1
282,디즈니치고 참 못만든 영화.. 노래나올때만 몰입돼요,4,0
283,요즘 개나소나 리메이크  소재냐?  ㅅㅂ..  에라이~~  퉷퉷~  영 아니올시다.  닭그네같은 영화는 꺼져;;;,0,0
284,"어이없는 각색, 따로노는 음악, 억지로 끼워놓은 웃음포인트. 아무도 웃지 않아서 민망할정도",2,0
285,제가 본 영화중에서 제일 재미있었습니다! 웃음으로 시작해서 감동으로 끝났습니다. 강      추!!!!!!,10,1
286,전 지루했어요;;  ,5,0
287,야수일 때가 훨씬 멋집니다!!!  내용은 그닥 구성도 미흡힌고~ㅋ  추억으로 본것뿐,7,1
288,모두들 좋은 영화라니 이정도 영화는 좋은거야...좋아해야해...최면 걸듯 다잡으며 억지로 끝까지 봤고 남편은 결국 못 견디고 중간에 튀어 나갔다ㅠ,2,0
289,디즈니가 잘 만들긴 하는데 이 영화는 영상미 빼고는 전반적으로 평범한 영화라고 봅니다. 겨울왕국과 모아나와 비교하자면 그 절반 정도되는 거같습니다.  미녀와 야수가 사랑에 빠지게되는 과정이 짧아 몰입도 빈약. 더불어 중간중간 터져나오는 노래 ㅠㅠ 역시나 몰입도 저하. 공각기동대랑 비교해도 그나마 공각기동대,5,0
290,야수가 더 잘생김,7,1
291,조조로 봤기에 망정이지.,6,1
292,개스통  연기 외는 그냥  ...  에니메이션 만 못했음. 하지만  킬리타임으론 그런데로..,4,0
293,정말 재미있음,9,1
294,짱이야,10,1
295,내 인생 영화 한 순간도 눈을 뗄 수 없었고  한 순간도 행복하지 않다고 느낀 순간이 없었다 벅차고 또 벅차다 어딘가에 있을 벨과 왕자 그리고 그들의 성 . 아주 오래된 사랑이야기가 속삭여주는 달콤함. 어린 날 어른이 된 나를 꿈꾸며 설렜던 그날들 . 다시 설렌다 내 꿈을 향해 갈 앞으로의 시간들 ,10,1
296,어릴 적 추억과 함께 돌아온 미녀와야수. 넘 만족스럽게 봣어요,10,1
297,추천합니다 ,8,1
298,엠마왓슨  어릴 때도 예쁘더니 지금도  예쁘당~~ 노래도  굿!!!,10,1
299,엠마왓슨 미모만으로도 10점 만점. cg 음악 다 맘에 든다,10,1
300,"배경은  프랑스인데 봉쥬르 한마디 빼고 영어에 영어도 영국식 발음, 액센트가 들린 것은 기분이었나? 착각이었나?  재미있기는 했음",8,1
301,2D 에니메이션영화를 안 봐서 그런지 재미있었습니다    ,7,1
302,지나치게 화려해서 오글거림,7,1
303,"야수역인 댄 스티븐스....  에이... 말도 안돼!!!  그렇게 눈 빛이 아름답고 목소리가 고운 야수가 어디 있나요?  이건 영화 내용과는 상관 없는 말이지만.. 마법에서 회복 될때 존슨도 회복된다면 상실감도 컸을 듯...  영화 끝나고 와이프가 ""그냥 야수가 더 좋은데.. "" 하면서 한 말임.",9,1
304,너무 잼나게 봤어요,10,1
305,에니메이션으로 볼때와 비슷하지만 순간 순간 느낌이 너무 좋았다. 나두 미녀가 되고 싶다. 그 속에서 살아보고 싶다라는 충동감도 가져보았다.,9,1
306,딱   에니메이션 실사로 볼만 합니다,7,1
307,뮤지컬같이 재미있었지만 역시 아는내용이라서 ㅎㅎ,6,1
308,넘 좋았음 재밌고 노래도 좋고 영상미도 좋고  근데 엠마왓슨 벨이랑 안어울려요 ㅠㅠ 엄청 아름답고 이쁜 엠마왓슨이지만 너무 도시적인 이미지라.. ,6,1
309,실사영화치고 잘 만든듯...,8,1
310,행복한  시간.... 내용  뻔히   알지만.... 그래도   즐거움에  젖어 본    영화.... 음악 좋고... 두어시간  동안의  힐링....,8,1
311,"자사 에니메이션을 실사로 옮겨 놓은 것에는 의의를 줄 수 있지만 급박한 전개와 산만한 구성과 음악, 여백의 미가 부족한 화면의 압박, 무엇 보다도 미녀와 야수가 사랑에 빠지는 감정선이 변해가는 과정이 한마디로 억지스럽다.  그로 인해 관객들을 몰입하게 만드는 감정적 공감을 주지 못한다. ",5,0
312,정말 좋았어요 어린시절로 돌아간 기분 음악도 좋고 또 볼 예정입니다,10,1
313,아.. 정말 지루하고 재미가 없었어요. 내용도 재미가 없었고 너무 식상해서 졸립고  차라리 빨리 끝나길 바라는 마음이였어요. T.T,4,0
314,눈싸움씬이 제일 3d스러웠음. 코엑스메가박스 M2관 3d로 봤는데 화면이 너무 어두워서 영화적 감상이 반감됨.,6,1
315,영상미만 있음  화면 이쁜데 내용 식상 재미없어요,6,1
316,너무 재밌었어요. 어렸을때 추억이 새록새록 하네요.,10,1
317,나만느끼는건지...엠마왓슨연기못해 벨은 훨씬 더 사랑스러워야되는데..,7,1
318,ㄱㄷᆞㅅ,9,1
319,"아 씨 평점 알바들한테 낚엿네;;; 누구냐 평점 높게 준놈들  대사 좋나 유치해서 헛웃음이 나오고, cg도 눈꼽만큼 들어가서 볼것도 없고, 미녀는 개뿔 주름만 자글자글, 야수는 털난 천사고;; 자기가 뮤지컬만 보면 질질싼다는 사람들만 보길 추천한다..  아니면 나처럼 닭살에 헛웃음만 짓다가 나올듯,,  평점 4점도 아깝",4,0
320,"왜그랬어ㅠ 엠마왓슨 결국 라라랜드 걷어차고 이거라니... 진심 개취이겠지만, 별로였음. 결국 엠마왓슨 빼고 모두 그래픽... ㅠ",4,0
321,또 보러 가고 싶네요..   노래들이랑 영화 장면들이 눈에 아른  거려요ㅠ ♡,10,1
322,"아이땜에 봄. 마지막 10분은 잼났고 그 전 시간은 졸면서 봄..ㅠ.,ㅠ만4세 딸도 마지막 10분은 빠져들던데 그 전 시간은 딴 짓만 함. 솔직히 딸땜에 만화만 골라보는데 원래도 만화를 좋아하는데 미녀와 야수 실사판은 발레리나와 더불어 젤 재미없었음. ",5,0
323,원작을 5번 넘게 봤는데  원작에 충실했음.20년 전에봤었지만 한장면.한장면 나올때마다. 원작장면들이 펼쳐지면서 무한감동. 빠른장면.부분이 있었지막 영화 다시한번더볼것임,10,1
324,정말 뮤지컬 한편을 보는듯한  느낌 ,8,1
325,엠마왓슨 원맨쇼에 씨지는 용가리팀이 한줄. . . ,1,0
326,화면은 cg의 힘 원작 ost를 잘 편곡하여 아름다운선율 무대의상의 화려함 잘만들어진 뮤지컬을 한편 본듯 ,9,1
327,원작보다 더 나았음.  원작 ost도 매우 잘 살렸음. 생각보다 기대 이상이었어요.  엠마 왓슨의 작품 선택에 늘 감탄. 연인들에게 추천합니다.,9,1
328,난재미있었음,10,1
329,원작에 많이 못 미친다....안타깝다. 차라리 원작을 한번 더 시청하라.,0,0
330,스토리 - 조연들의 비중이 커져서 더 풍부해짐 유치하다거나 정신없다거나 하는건 호불호. 성인용 판타지영화가 아닌데 그럼 뭘 바라는 건데? 벨 - 엠마왓슨땜에 본 영환데 생각보다 연기가 좀 떨어져서 아쉬웠다.  야수 - 애니는 짐승같은 반면 영화에선 멋있다. 그래픽 티가 좀 나서 아쉬웠다.,8,1
331,엠마 예쁜영화.   아쉽게도 뭔가 좀 산만한 느낌ㅜ,6,1
332,애니를 능가하는 감동이었어요..,10,1
333,보는내내 즐거웠어요 신나기도하고,8,1
334,스토리가 너무 좋았어요~ 모지리 마초 개스통도 재밌었고 다들 발성이 좋아서 귀가 즐거웠습니다,9,1
335,헤르미온느 이쁘지만 연기는 좀 연극같은 느낌이고 나머지영상이나 스토리 배우들 노래 정말 좋았습니다.특히 주전자아줌 마 너무좋아요~,8,1
336,노래가 반차지하고 집중할만하면 배우들이 뮤지컬처럼 노래를불러 딥중을못하겠더군요 마지막부분에만 집중할수었지만 전반적으로 재미있었습니다 ,6,1
337,긋잡,9,1
338,그냥 아는이야기,1,0
339,디즈니의 선물같은 영화... 가슴 설렘... 내 나이 삼십구살...,10,1
340,엠마 왓슨 아니었으면 6점. ,7,1
341,영화값 미국으로 유출 그이상 그이하도 아닌작품,1,0
342,동화같은 이야기 ..볼만하네요...근데..나이먹어서 보니..좀  ...,6,1
343,만화가 실사가 되어 돌아오니 감동도 웃음도 2배^^,8,1
344,기대를 너무 했나... 생각보단 별로였음 특히 야수에서 왕자로 변한 후 부턴 전혀 몰입이 안됌,6,1
345,내가 잘못된 걸까?? 고등학교따 재밌게봐서 기대 하지만 지루하고 엠마왓슨은 예쁘지만 표정연기 별로고 영상미 영상미 하는데 기대치가 너무 높아서인가 영상미가 압도적이란건 못느끼겠고 오히려 우중충한 분위기 ??? 첫째딸과 본 첫 영화라 좋게 보고 싶어도 별로 집에 와서 에니메이션을 봤는데 이게 더 재밌음,4,0
346,3D MAX에서 보니 한편의 뮤지컬을 보는것 같았습니다. 주말에 정말 힐링 됬습니다.. 천만관객 한번 터지면 싸구려 범죄영화만 만들어 대는 한국영화 안보고 이거 선택한거 최고의 선택이었습니다.,9,1
347,정말 잼있게 봤네요 아는 스토리 이지만 지루하지 않고  ,9,1
348,노래가 너무 많아.. 많아도 너무 많아.. 그 반정도를 내용에 힘썼으면..,6,1
349,너무 잼있어요~~~~ 중학교때 애니로 보고 넘 잼있게봤었는데 이렇게 영화로 나오고 cg도 어색하지않고 내용 노래 넘 감동적이네요~~~^^ 최고예요~~  추천합니당~~~^^,10,1
350,만화영화가 훨씬 낫다  뭔가 화려하긴한데  정신없어 집중이 안됨  만화영화로 다시 보고 싶다,0,0
351,"원작애니를 실사화 하려고 노력한 점에 박수를 보낸다. 그러나 원작에 비해 특별한 감동과 여운은 없었다. 더구나 놀라운 사실은...... '엠마 스톤이 연기를 못하는 구나'를 깨닫게 하고(좀 더 노력이...), 그에 반해 루크 에반스의 연기가 눈에 띄었던 영화.",5,0
352,"내 인생 최고의 영화라고 말하고 싶습니다.. 역대 최고의 영화입니다 아바타,인터스텔라,겨울왕국을 능가합니다...",10,1
353,"내용은 알고 있지만 뮤지컬,CG 아주 좋았습니다",9,1
354,너무 식상.. 똑같은 내용이라 재미가 없었네요,7,1
355,그닥,4,0
356,솔직히 너무 재미없습니다. 미녀와 야수 흔한 내용인데 배우가 유명하고 광고잘한덕으로 관객수만 많은것 같습니다.,0,0
357,만화의완벽한실사에 배우들의혼신의연기가 더해진  더 풍부하고아름다운  디즈니의 세계에다녀왔다.   야수역할 댄스티븐스의 잘생긴 얼굴을 조금밖에 못봤다는게 아쉬움 ᆢ 인간의탈을쓴 짐승이 천지인 현실에서   미녀와야수는 여전이  시사하는  바가 크다.  외면뿐아니라 내면이 아름다와야  진정한 인간이란거,10,1
358,"남자감독이라 그런지 정말 실망스러웠어요.  애니에서는 감동적인 장면들에선 제대로 감동을 보여줬거든요.  도서관, 연회홀, 야수가 왕자로 변할 때. 특히 왕자로 변하고 더 좋아야 하는데 더벅 단발머리에 무도회에선 뽀글머리에 파란 리본에 떼샷춤 뭔가요.  그런거 애니에도 없는데 굳이 재현하고 감동반감. 특히 음악",6,1
359,눈이 호화롭다!!!!!,10,1
360,잘 만든 어린이영화가 맞다! ㅋㄷ 역시 라라랜드는  엠마스톤이 정답이다.,6,1
361,사랑해,10,1
362,본격적인 디즈니 실사화의 사실상 시발점으로 볼수있는 영화.  그 스타트를 훌륭하게 잘 이루었다.   하지만 정작 왕자보다 가스통이 더 매력적인것은 어찌할수 없는것인가.,7,1
363,서양의 고전문화 를 알고  감수성  풍부한 여성(남성)들에   강력 추천.  때려부수고.터지고.폭발하고 . 피가  퍼붓는? 이런 계통의  액션 스릴러만  고집하는  감수성 없는  사람들에겐   별로 일거임..  남녀 조카들 데리고 가서  정말 재밌게 봤음.. 정말  미국의 디즈니 랜드 가보고  싶다,10,1
364,"방금 보고왓는데 역시 기대만큼,,, 최고다 어떻게 사람이 만든영화야 이게 진짜 넘 멋있단말론 표현이 다 안되고 ,, 역시 디즈니 영상이든 음악이든 다 ,,, 넘 최고,,, 다운받아서 맨날 보고싶다 진짜 너무 멋잇고 황홀 그 자체 뷰티앤더 비스트,,,,휴ㅠㅠㅠㅠ 노래도 넘 좋다ㅠㅠㅠㅠ",10,1
365,다 아는 스토리지만 따뜻한 사랑과 감동의 여운이 남는  격있는 영화를  본거 같아요^^,10,1
366,유치해요..ㅠㅠ,6,1
367,90년대 애니메이션의 감동 그대로네요. 재밌게 정말 잘 봤습니다.,10,1
368,30중반ᆢ기대안하고봤다가 감동먹었음 혼자보러오신여자분들 많았음  이쁜영상과 멋진노래 뮤지컬같은데 유치하지않고 끝나고  나오는 노래 너무좋고 ᆢ 기분좋은봄날에 기분좋아지는영화,10,1
369,만화와 조화를 이루며 엠마왓슨의 노래와 다른 사람의 노래가 귀를 호강시켜주고 그 와중에 스토리 진행이 좋다. 마지막에는 굉장히 슬픈감정을 잘 전달해주었다. 굿~,10,1
370,엠마왓슨 넘넘 예뻐요,10,1
371,해리포터 팬이라  엠마왓슨때문에  영활봤는데 중간에  나뭇가질 들고 문앞으로 갔을때 알로호모라라고 외치길 바랬어요ㅎㅎ,9,1
372,Cg가 어색하지 않다,8,1
373,환상은 이렇게 깨는 것이다?!,4,0
374,넘 재미있었어요~,10,1
375,"어색한 엥글, 어색한 연기, 상황과 맞지 않는 음악과 무대연출, 어색한 개연성. 총체적 난국",3,0
376,노래도 좋고 영상도 좋고 재미도 있고! 어른이지만 너무 행복하게 영화를 봤네요. 다만 엠마왓슨 연기가 좀 과장된 느낌이랄까.. 그게 아쉬워서 1점 뺐어요~,9,1
377,조조로 보고 왔음. 재미있었고 엠마왓슨 예쁘네 ,9,1
378,"스토리는 이미 알고 있고,  한편의 뮤지컬 보는 듯한 웅장함은 있으나 지루하다.  아이들은 좋아 할 듯 싶다 .",3,0
379,내 인생에서 가장 영상이 아름다웠던 영화,9,1
380,아름답고 사랑스러운 영화.. 행복한 기운 가득 받고 왔어요 ,10,1
381,음.. 오늘  보고왔는데 기대치가 넘 컸었나하는 생각이^^ 엠마왓슨이 여주인공 역활에 그닥 잘 맞지않는듯한  여하튼 난 중간에 조금 지루했다눙^^,5,0
382,애들이랑   그냥 보면 되요 저렴하게 표구입해서  웅장한 뮤직컬 한편  보았네요 굿~~^^,8,1
383,"지금껏 환타지 영화를 봐오면서 순수한 마음을 표현해주는 영화들 중에 최고의 영화 였습니다. ^^  영화 중간 중간에 한편의 뮤지컬 을 보았어요. ^^모든 주인공 들의 아름다운 노래와 표현 그리고, 재미와 감동적인 장면들.  어른들이 보아도 지루할틈이 없는 정말 아름다운 영화입니다. ^^ 정말 최고의 영화 입니다. ^^",10,1
384,아저씨.아줌마가 봐도 재미있습니다.,10,1
385,난 너무 재밌었음 여주 넘 예쁘고 가스통 야비한 자뻑남 그래도 매력적으로  생겨서 좋았고 특히 야수가 넘 멋짐   왕자로 바뀐 게  아쉬었어 ㅎ 뮤지컬 형식 연출도 재밌었고 소장하고싶다,9,1
386,더빙이랑  2번봤는데 너무 재미었음 뮤지컬보는느낌이더라 노래도 너무좋고 울나라뮤지컬분들이 더빙했다더만 너무 노래잘하더라 ㅎㅎ,10,1
387,휴....,1,0
388,조카와같이 더빙봤어요~ 외쿡인이 우리말하니까 이상해요. 입이안맞아요. 저렇게말할거같지않은데하는생각이계속들어요. 노래가 가사만들려요..,7,1
389,노래도 좋고 영상도 화려해서 눈이 즐거움,9,1
390,소문난잔치 졸았다 ,1,0
391,진심 이거 ㄹㅇ추천 인생 영화다  약간 뮤지컬 같은 느낌도 있고 노래가 넘 좋다♥ 여주도 이쁘공 이 영화 안보면 후회함ㅡ3ㅡ,10,1
392,잘만들어진 실사 화려한 영상 귀가즐거운 ost 단점은 특별할게 없다는것 보고나오면 기분은 좋아짐,8,1
393,졸림. 웬만해서 영화 좋아하는데..요새 영화치고 진부.,6,1
394,순전히 엠마왓슨이 살린 영화 아름답고 찬란하군,10,1
395,좋은데 먼가 부족함.... 실사 영화중 역대급?? 이건 과대평가인듯하고.. 일단 왕자님이.. 야수일떄 더 멋졌다능? ㅎㅎ 왕자는 꼭 잘생기고 멋질꺼란 개념을 깬건가? 좀.. 안어울렸어요.. 모든 대사를 노래로 쳐냈는데 레미제라블보다 훨신 노래들 잘했음~,5,0
396,원작보다 30분이나 긴데도 불구하고 진부함... ,1,0
397,"원작의 실사화와 추억의 OST 소환. 하지만 워킹타이틀을 모방하려한 꼼수만 보임. 비스트가 왕자로 돌아올 때 환호성보단 의아함에 빠진다거나, 벨에 이입할 수 없는 어쩔 수 없는 헤르미온느의 그림자가 보인다는 것이 발목을 잡고 있음.",7,1
398,스토리나 장면은 원작과 다른게 별로없다. 그래서 몰입감은 조금 떨어졌다. 그러나 실사판이다보니 영상이 원작보다 더 아름답고 풍부하며 퀄리티가 높다. 원작못지않게 좋다. 캐릭터와 어쩜 그리도 사랑스럽게 잘 소화했나 감탄하게되고  거의내내 행복해서 미소를  안지을수 없다. 원작을 재밌게봤다면 꼭 봐야하는 영화!,10,1
399,Beauty and the beast  어릴적 애니매이션을 통해 들었던 아름다운선율~~ 실사로보니  뭔가 뭉클했다.야수와 벨이 손잡고 춤추러나올때 시작되던 전주만으로도~~눈물이 날것같았다.. 뭐랄까 추억 과 음악이 주는 감동이이런게 아닐까? 여러 리메이크작에 실망했었는데  헤르미온느의 벨은 최고였다,10,1
400,최ㅣ고,10,1
401,"초반 : 애니메이션하고 너무 똑같은데? 이럴 거면 왜 실사로 만들었지? 벨이 너무 이상하고, 매력 없게 나오네 / Be Our Guest 이후 : 우와! 실사화는 이렇게 하는 거야!(보고 배워라, 일본아) 개스톤이 진짜 주인공이었군!",8,1
402,정말 몰입감 대박이고 감성 넘치는 최고의 작품입니다.,10,1
403,클래식의 힘,6,1
404,진짜 실사판으로 짱 과거회상 제대로 하고왔어요,10,1
405,고딩때 본 미녀와 야수를 다시 보니 푸르른 내 청춘도 생각나는 아름다운 영화임..  그리고 간달프가  시계로 출연합니다.,9,1
406,뻔하고 뻔한 영화 인제 지겹다,1,0
407,노래좋고 그림좋고 다좋은데 왜 야수에서  변한 남자배우 확깨냐...ㅋㅋㅋㅋ ,8,1
408,살짝 처지는. 엠마 왓슨 때문에 보러간 영화. 살짝 급전개 된다. 나쁘지는 않음.,7,1
409,너무 감동적이었어요 기회가 된다면 다시 보러가고싶을 정도에요ㅠㅠ!!,10,1
410,해리포터 보고  등장인물중에서 엠마  왓슨이 나오는 최신영화를 보니까 이 영화가 나와서 관심이 쏠려서 이 영화를 보게 되었다. ㅋㅋㅋ,10,1
411,야수가 너무 잘생김,7,1
412,애니메이션이 나아요.  무대만 화려하지 감정 몰입 안 됨.  요샌 극장에서 미는 영화가 흥행하는 듯. ,6,1
413,지금보고 왔음 호불호가 갈리는 영화이고 남자들은 그닥 재미와 감동 없을꺼라 생각함  뻔한 스토리와  연기들도  평범하고 계속 노래만 나오다 끝난 느낌? 그나마 마지막에 사람으로 변신한 특별게스트들만 시선함.  한마디로 겨울왕국보도 긴장감이 훨씬 떨어지고 내용이 빈약함,5,0
414,음악.영상 다좋아요 댄스티븐스의 노래에  반했다는...,9,1
415,요근래에 본영화중최고다  엠마왓슨의 연기력 더좋아졋다,8,1
416,영상이 넘아름답고 노래도 넘 좋았어요...엠마왓슨 정말 이쁘네요...노래도 잘하고..^^어릴적 감성이 살아나네요^^,8,1
417,"관람했는데~^^ 엠마왓슨의 연기 괜찮았구요~♡ 다만, 무개념 관객 때문에 조금 피를 본게 흠이라면 흠~ㅜㅜ 기본 에티켓 지킵시다~!!",9,1
418,우와 옛날생각난다 ㅜㅜ,10,1
419,동심~ 넘 행복하게 봤습니다^^힝,10,1
420,노래 영상미는 모두 훌륭한 영화였는데 엠마왓슨의 야수 사랑은 기계적인듯한 느낌...,9,1
421,아름다운 내용인거같아욯,9,1
422,굿,9,1
423,이쁜영화 ㅎㅎ노래도 좋고 옛날 어릴적에 보던 만화랑 너무 똑같다,6,1
424,애니매이션 싱크로율 100% 추억돋고 아련하네요,10,1
425,영상미?빼곤 볼만한게 없다 그냥 알던 그내용,2,0
426,진정한 사랑이 무엇인지 다시한번 생각해 보게 되는 영화!,10,1
427,두 주인공의 연기가 아쉽다 ..,8,1
428,감동적인 영화 였어요 재미있게 봤네요,10,1
429,왕자보단 야수,7,1
430,전반적으로 다 재밌고 좋았지만 요정의 뜬금포와 야수의 약함이 걸림,7,1
431,"모든게 완벽한 영화,  너무나 아름다운 영화, 음악도 꿈의 세계로 달려가고 싶다. 아직까지 영화의 잔상이 남아있다.",10,1
432,"어릴적보왔을때 재밌게만 봤는데, 영화로 다시보니 애니를 그대로 옮겨온 그래픽이며, 색감이며, 거기다 달달한 로맨스까지 생각보다 뮤지컬적 부분이 많아서 놀랍기도.. 지루함없이 볼수있는 영화임",8,1
433,"원작 에니메이션에 뮤지컬적 내용보완, 그리고 영상미와 음악엔 후한 점수. 특히 개스통을 비롯한 조연들의 찰진 연기 좋았습니다. 그러나 엠마는 앞으로 뮤지컬은 절대 하지 않았으면 하는 ... 그녀의 어색한 뮤지컬 연기가 극의 재미를 한참 깍아 먹네요",6,1
434,진취적이고 특별한 캐릭터를 소화하기엔 여주인공이 너무 애기같음 나머지 뮤지컬은 좋아요 남주 여주가 영화를 깎아먹는 양상. 개스통이 주인공임,7,1
435,지루하려던 찰나마다 등장하는 뮤지컬씬들로 위안을 삼으며.,6,1
436,이영화를 보면서 어를 때 많이 봤던 미녀와야수 애니메이션이 많이 생각이 났고 애니메이션과 다른부분도 생각해보면서 재미있게봤던 것 같습니다.,9,1
437,너무 아름답고 감동스러운 영화였습니다^^ 엠마 왓슨의 연기도 너무 좋았어요~^^ 믿고 보는 디즈니 애니메이션과 실사 영화네요!!!^^ 완전 아름답고 행복하고 따뜻하고 매력적인 영화였습니다~~~ 꼭꼭 모두 보세요~~~!!!^^,10,1
438,뛰어난 영상미가 단연 돋보이나 주요 신들에 대한 시간 배분이 많이 아쉽다 그 짧은 시간안에 깊은 감정들을 표현하기에는  두 배우의 경험이 아직 부족한듯,7,1
439,싼값에 뮤지컬 한편 봤네요,10,1
440,"음 영상과 음악은 좋았지만 엠마왓슨의 연기가 겉도는 느낌.. 표정이나 연기에서 감정이입이 안됨,,,",1,0
441,아는 내용인데도...나름 적당한 선을 유지함 역시 디즈니 ^^,10,1
442,엠마의 발연기와  전체적으로 재미없는 전개로 높은 점수 주기 힘드네요. 애들도 별로 안좋아 하더라구요. 모아나때는 그리 재미있어하던 애들이.,6,1
443,화면에 빠져들다 노래에 감동받았습니다. 다들 대단하세요!,9,1
444,흑흑 너무 아름다워,9,1
445,재밌어요!,8,1
446,"원작이랑 비교 많이들 하시던데, 원작안본사람으로 재밌었어요",8,1
447,미녀와야수하는 독특한이야기 ,10,1
448,감성적이고 마음이 몽글몽글해지는 영화예요,9,1
449,다소 지루했지만 여주인공의 노래와 연기가 보기좋았고 화면도 너무예뻤다. 마법에걸린 집사.악사...티포트와아들까지 귀엽고 생동감있었다.,8,1
450,동심!,10,1
451,실사판 미녀와 야수 완전 재미있어요,9,1
452,아름다운 음악과 젊은날의  추억. 야수의 안타까움과 사랑이 느껴지는  Evermore  라는 신곡도  좋았다.  ,9,1
453,실사판이라는게 만화랑 똑같이 만드는것인지..그래서그런지 좀 지루하게 느껴졌고  초중반에  졸기까지 했음...오랫만에 보는  영화라  열심히 보려했지만 보면서 이상하게 실망스러웠음.왜 그냥 뻔한 영화인거ㅜ처럼 .반복되는 주제곡..3D영화라 어지럽고 졸립기까지.. 막판에 조금의  감동은 있었지만  ..그닥,6,1
454,명작오브 명작 ㄹㅇ 이건 봐야됨,10,1
455,나이들구 디즈니는 잘 안봤었는데... 너무너무 재밋네요 영상미가 너무 충격적이어서 빨려들어가듯이 봤네요 ㅠㅠ 또 보고싶어요 ㅋㅋ  극장에서 꼭 보세요,10,1
456,역시 같은 애니메이션 실사판 영화라도 일본영화랑 헐리우드 영화의 퀄리티 차이는 하늘과 땅차이구나  ,9,1
457,"26년 애니매이션하고 스토리 , 전개 달라진게 하나도 없냐?~ 디즈니는 창의성 발전성도 없이 뻔한 퇴보되는 스토리 넘 식상하고 재미없다.. 차라리 레아 나온 미녀와 야수는 새로운 시도로 신선하기라도 했지,.. 디즈니 말이 실사지 창작력 없는  변명에 지나지 않는다.. 이런걸 물고  빠는 사람들도 수준이하.. 한심하다..",0,0
458,재미있었어요|,10,1
459,영화+뮤지컬+에니메이션,8,1
460,뮤지컬을 보고 나온듯해요. 스토리를 다 알고 보니 더 큰 감동은 없는것 같아요.,6,1
461,뭔가 감동을 받기위해 노력해봤으나 원작애니의 감동을 못쫓아가는듯... 야수 cg가 몰입 방해하고 뜯금없는 흑인들은 그시대의 시대상과 상관없이 백인일색인 영화에 억지로 껴맞춘듯..... 애니메이션 ost가 훨씬더 감동적... 나쁘진 않았으나  뭔가 허전한... 어쨌든 어릴때 느껴던감동을 다시 받아보려 무진장 노력해봄,3,0
462,정말 아름다운 영화였습니다. 끝날때까지 앉아 음악을 들으며 마음이 행복해짐을  느꼈습니다,10,1
463,지루하고 유치한 전개에  영상미에 비해  본  주제곡을 제외한 사운드 트렉들이 관객들의  귀를 즐겁게  하기엔 너무나 버거워  보인다.오히려  2014 프랑스판  미녀와  야수 버젼 보다  못 한듯.....,5,0
464,재밌음,10,1
465,소재의 고갈 사골곰탕,1,0
466,알바 쩐다.  재미? 감동? ㅋㅋㅋ 이 영화를 보는 자신을 짐승만도 못한 놈이라고 생각 안하면 다행 ㅋ 실제 평점은 3~3.5점,1,0
467,넘나 실망. ...연기못하는엠마왓슨  이 애니에 어울리지않는  비주얼. 자막해석도 넘나 유치하고 재미없었음  왕자 못났음 작품성 너무나 떨어짐  보는내내 안타까움   도대체 어딜봐서 환상적이였단걸까...,1,0
468,헤르미온느,10,1
469,이 영화는 무조건 봐야하는ㅋㅋㅋ ,10,1
470,아름답다는 말이 그냥 절로 나옴.. ,10,1
471,미녀와 야수 덕분에 힐링되는 시간이였어요ㅎㅎ ,10,1
472,꼭 보세요~,10,1
473,재밌게잘봤습니다.  어른들이 이렇게 재밌게 즐겁게 보다니!  하고 놀랐어요.  엊그제 두번보고  오늘저녁 또봐요.   이게 그렇게 좋았나?  싶으면서도  또보고싶은 나.  재미보다  참 ~ 좋았던 영화.  후회안함.     랄랄라~  조금이따 또 본다~   내나이가 몇인데 ㅎ ㅡㅡ,9,1
474,재미와 아름다움과 감동을 모두 누릴 수 있는 영화였습니다.,10,1
475,엠마왓슨 좋고 영상 좋고 노래도 좋고~ ,10,1
476,미녀와 야수 실사판을 보게 되다닠ㅋㅋㅋㅋ 비쥬얼이 거의 깡패 수준이고만 ,10,1
477,눈이 즐거워요 귀도 즐거워요 보는 내내 맘이 즐거워요,9,1
478,재미없음 진심 너무 완전 콩이 더 잼있음,0,0
479,엠마왓슨 이쁘게 나오고 노래도 잘함. 이 영화는 아이들은 좋아 할 것임. 엠마왓슨팬이라면 무조건 보는 게 맞음 ,8,1
480,사람마다 기준은 다르겠지만 영상미빼고는 정말 재미없었어요 진심으로.. 보다가 얼마나 잠이오는지...아 끝부분에 살짝 감동이라고해야하나?그런건있었는데 평점이 왜이리들 좋은지 모르겠네요...정말 진짜로 재미없었습니다..,2,0
481,영상이나 그래픽이 진짜 좋았음 덕분에 보는 재미가 쏠쏠ㅋㅋ ,10,1
482,원작에 충실해서 더 좋았던ㅋㅋㅋ 돈과 시간이 전혀 아깝지 않아요~! ,10,1
483,배우들도 좋았고 다 좋았지만 무엇보다 영상미가 끝내줌ㅠ ,10,1
484,원작의 노래와 분위기를 잘 살려서 추억에 잠길 수 밖에 없었네요,10,1
485,영상미에 눈 호강! 음악에 귀 호강! ,10,1
486,미녀와 야수가 주는 즐거움과 감동 잊지 못할거에요ㅎㅎ,10,1
487,완벽한 감동,10,1
488,완벽하게 애니를 실사로 만들어냈네요 ,10,1
489,난 2시간동안   완전히   푹 빠져 서   노래 흥얼거리면서봤다  엠마왓슨도 너무 예쁘고 귀엽고 다른  캐릭터도  난  너무좋았다  신나게  잼나게 볼 수있는 영화  한번 더보고싶다 ^♡^  ,10,1
490,뮤지컬 영화 굿..^^ 영화인지 뮤지컬인지 헷갈릴 정도임 ,10,1
491,보는내내 감탄을 얼마나 했는지 모름,10,1
492,진짜 우리나라에서는 볼 수 없는 비쥬얼이다 간만에 눈호강 제대로~~,10,1
493,아름다운영화!,10,1
494,40살인 나도 울려 버린 미녀와 야수.. ,10,1
495,이게 영화가 뮤지컬이야ㅋㅋㅋ아름다운 영상미에 엄지 척! ,10,1
496,어렸을때 생각도 나고 동심의 세계로 돌아간 기분ㅋ 나만그래? ,10,1
497,애니를 실사로 풀어낸 완벽한 작품 ,10,1
498,눈과 귀가 즐거워지는 작품! 덕분에 눈이랑 귀 호강했구만ㅎㅎ,10,1
499,극장에서 안보면 후회하는 영화,10,1
500,보고 있으면 동화 속을 걷고 있는 기분이랄까? ,10,1
501,아이와 함께 보기에 너무 좋아요,10,1
502,2시간짜리 동화책을 보는 듯 했다,9,1
503,"애니메이션과 비슷한 줄거리와 동일한 음악이지만, 그래도 재미있어서 2시간이 잘 가더라  줄거리를 다른 사람에게 설명하자만 단순하고 지루하지만 뭐랄까 영화로 만드니 재미있는 감독, 스태프, 연기자 다 제역할을 잘 한 영화",9,1
504,다 아는이야기지만 영상미와 감동이밀려와요!!넘좋았움요,10,1
505,애니메이션을 그대로 스크린으로 옴겨 놓은 듯한 느낌…최곤데? ,10,1
506,그냥 아름답다는 말 밖에 안나오는 영화… 너무 멋있고 예쁘다 ,10,1
507,오랜만에 마음이 포근해지는 영화를 봤습니다 ,10,1
508,아는 이야기였는데도 감동적이야..ㅠ ,10,1
509,와 이건 두번 아니 세번 더 봐야겠어 ,10,1
510,아름다우면서 따뜻하고 행복한 영화♥,10,1
511,연기 연출 스토리 음악 등 모든게 만족스러웠던 영화 ,10,1
512,디즈니 실사판 영화 중 제일 싱크로율이 높은 영화가 아닐까 싶어요 보는내내 감탄을ㅎㅎ.. ,10,1
513,최고다..  무슨 말이 더 필요해ㅜ ,10,1
514,얼릴적 받았던 추억의 감동을 그대로 느낄 수 있었습니다 ,10,1
515,동심의 세계로 돌아 갈 수 있었던 시간!! ,10,1
516,너무 아름답고 가슴 따뜻한 영화였다 아이맥스로 봐서 그런지 더 재밌게 멋지게 볼 수 있었음,10,1
517,한동안 ost 흥얼 흥얼 거릴거 같음ㅎㅎ,10,1
518,진부할 수도 있을 스토리를 뛰어난 영상과 음악으로 풀어낸^^ 역시라는 말이 절로! ,10,1
519,영상 외에는 별로 볼게 없엇던것 같음. 음악도 생각나는 음악도 하나도 없고..,6,1
520,확실히 디즈니 영화만의 매력이 있습니다 ,10,1
521,영상이 너무나 예뻤던 뮤지컬 영화 ,10,1
522,역시 실망 따윈 없었음 극찬을 받는 이유를 알겠다 ,10,1
523,주말에 보고 영화에 완전 빠져버렸다잉.... n차각..,10,1
524,디즈니는 미녀와 야수를 위해 이렇게 기술을 발전시켰나보다!! 넘나 아름다움 애니 감동의 두배 ,10,1
525,작정하고 실사화 ㄷㄷ 진짜 보는내내 너무 영화가 아름다움,10,1
526,"실사영화 중 최고인듯합니다ㅠㅠ 노래 , 영상미 둘 다 대박이고 ㅠㅠ진짜 마음이 벅차서 울컥하게 만드는 영화네요ㅜㅜ",10,1
527,역시 디즈니... 추억 소환 당해서 완전 뭉클하고 행복했음 ㅠㅠ ,10,1
528,감동이나 완성도가 애니를 못따라가네요 강풀의 바보나 이웃사람도 애니로 볼때의 감동이 영화로는 제대로 표현이 안되더라구요 당연히 몰입이 떨어질 수 밖에요 그리고 왕자님 외모로는 개스통한테 많이 밀리네요 단발은 아무나 하나 어느누가 쉽다고 했나~~~~,0,0
529,애니메이션 보다 화려한 마법의 향연과 익숙하지만 아름다운 음악만으로도  충분한 작품.,8,1
530,엠마왓슨이 라라랜드에 캐스팅되지않은게 무척다행스러움. 연기너무못함. 연기가 너무 어색해 영화에 몰입이 되지않음. 음악도  기억되는게 없음. 원작 애니메이션을 망쳐놓음.,5,0
531,"가스톤을 응원하게 되는 영화.. .. 가스톤은 역시 뮤지컬 배우 출신이라 좋았고. 에마왓슨의 발연기, 발대사, 오토튠 노래실력때문에 화가나는 영화. 디즈니의 철저히 상업적인 미스캐스팅. 실력으로 뽑았어야지. 외모도 애니하고 안맞고. 구성도 엉성하고. 결말이 가장중요한데 다른곳으로 계속 새고 집중안됨.원작은10점",3,0
532,정말 웃고 울고 다한영화 결말을 알고도 울었고 결말을 알고도 재밌었다^^난 갠적으로 또보고싶은 영화,10,1
533,알고 있는 내용이고 애니메이션과 비슷하지만 아름답고 오래도록 여운이 남는 작품이었습니다. ,10,1
534,재밌었어요. 음악이 귀에 익어서 더욱 흥미를 돋구어 주었어요.,8,1
535,너무 무난한 동화이지 않았을까,7,1
536,전혀 지루하지 않고 재밌게 보고왔어요!!! ,10,1
537,옛날 미녀와야수 에니메이션보다 나은게 하나도 없었다.  엠마왓슨 연기는먼가 모자른느낌이고 노래가 중요한 영화인데 너무 부자연스러웠다.  디즈니가 전통의 보수적 세계관을 바꿨다고하는데 그래봤자 여자가 백마탄왕자님 만나는 전형적인 신데렐라이야기로 전혀 공감가지 않고 지루했다. 기대했는데 굉장히 실망함.,5,0
538,오늘 보고왔어요 다아는애기인데도   감동이  ㅋ 무대회에서 춤추면서 나오는 그 대표곡 그장면이  넘아름다웠어요  그리고 난 왕자보다 야수일때가  오히려 더멋있었어요 특이한가 내가?? ㅋㅋ,9,1
539,노래가 중요한 영화인데... 주인공 목소리를 오토튠으로 가려버린게 아쉬웠고 새로 추가된 노래나 가정사는 리메이크된 신데렐라에 비해 개연성도 적고 불필요한 느낌 차라리 그 시간을 벨과 야수의 감정선에 더 투자했더라면 이렇게까지 식상하지 않았을듯,5,0
540,아름다운 동화를 상업적인 재해석으로 망쳐놨다.,0,0
541,기대도 안하고 밨는데 재밌어요,10,1
542,마음 따뜻한 이야기가 필요할 때,10,1
543,실사영화중엔 정글북 다음으로 잘 만들었으나 만화에서 야수의 거칠지만 친절하고 부끄럼쟁이라 미녀가 맘이 가게 된것이 노래로 해석되었을뿐 좀 매력이 덜함  동성애?는  굳이 그게 동성애 코드인지 모르겠고  눈이 침침할 나이라 CG로 어두운 화면이 이제 잘 안보임 ㅠ ㅠ 즉 애들용이었음 ㅠ,7,1
544,가슴따뜻한영화잘보았습니다.ㅎ 노래가귓가에아직도맴도네요.ㅎ,9,1
545,야수가 되도 멋있네 젠장 ㅎ 실사 영화치곤 잘 만듬 동심을 잃은 어른들에겐 비추천 ㅎ,7,1
546,별로에요~~~!!! 생각보다 지루하고 너무 애기들같은 영화라고나 할까???,1,0
547,뻔한 생각보다 재미있게 봤다. 뮤지컬 영화인데 겨울왕국처럼 뭔가 강력한 한방을 보여준 노래가 없었다는 게 좀 아쉬웠던...,8,1
548,난 이런 종류영화 너무좋아하는데 너무지루해서 엄청 졸다나왔네요~~  바로전에 나왔던 미녀와야수는 우연히TV에서 보고  또봐도 지루한줄 모르겠던데..  어쨌든 난 너무지루했는데 나같은 생각을가지고 극장에간사람들이 많을듯요~ 재밌고 환상적일줄알고요~~,5,0
549,너무이뻐요...,10,1
550,너무 이쁘고 잘생겼어요~~  보다가 중간중간 울었어요..,10,1
551,재미있는 뮤지컬 영화~~예전보았던 미녀와 야수보다  재미있었어요,10,1
552,시끄럽고 조잡하기만 하다.,0,0
553,동화같은거  뮤지컬 종류는 싫어하는데 남편땜에 보러갔다가 의외로 재밌게 봤네요  ,8,1
554,엠마 입장에선  아니지 관객입장에선 라라랜드!,8,1
555,조아용,10,1
556,익숙함에서 오는 가볍고 즐거운 감동.,9,1
557,'정글북'에 이어 꽤 괜찮은 디즈니 실사 영화,8,1
558,원작과 다른 몇몇 전개들과 실사화된 모습들은 흥미로웠으나 보고나면 원작을 다시 보고싶어지는 아쉬움,7,1
559,완전 유아용 영화  드럽게 재미없다 진심,4,0
560,알바진짜  아닌데 아이들이랑 더빙판으로 봣는데 넘 잼납니다 한번더 보고싶어요 감동적 넘멋졋어요,9,1
561,훌륭합니다. 좋았어요 ~,9,1
562,"조금 세련된 리메이크,  라라랜드 거절하고 촬영하기엔 좀~~",6,1
563,야수는 잘생겼고 엠마 왓슨은 10존예고  촛불은 내 스타일이였다.  저렇게 생긴 야수라면 결혼할수있을꺼같다. 근데  말그대로  디즈니만화를 사람으로  재표현한것뿐이라 지루함이  조금은 있었다,4,0
564,재미있고 좋음,10,1
565,뮤지컬 집중안되고 연출 매우 졸작  야수 CG가 전부인듯...엠마 연기도 ...,1,0
566,노래도 좋고 영상도 좋았다,10,1
567,뮤지컬 보는 줄 알았슴.노래 장면이 너무 많아서 집중안됨. 지루해서 반은 졸다 나왔슴. 재미없어..,2,0
568,원작은 못따라감  루미에랑 콕스웍스도 큰비중차지하는데 기왕에 컴터로 할거면 더 재밌게 살리지 집에가서 원작다시봄  원작이 더재밌음,3,0
569,디즈니 영화 중 가장 싱크가 높은 작품,9,1
570,내용을 뻔히 알고 싶음에도 영화를 보는 내내 함께 마법에 빠져있었어요~~ㅎㅎ역쉬 디즈니!!  이것저것 따지지말고  동심에 빠져보는 시간만으로도 행복하지 않을까 싶네요,8,1
571,원작을 재구성하였으나 엠마왓슨과 벨의 캐릭터가 따로 노는 느낌. 뮤지컬식으로 스토리 재구성하였으나 원작 이상도 이하도 아닌... 엠마왓슨 팬이지만 오히려 다른 여주인공 캐스팅했으면 더 좋았을듯..,6,1
572,엠마왓슨은 판타지 영화전문 배우인듯. 엠마왓슨이 출연을 고사한 라라랜드. 미녀와 야수와 라라랜드 가운데 전자 출연을 선택한 이유가 있는 듯한 해리포터 시리즈의 대명사격인 판타지 전문배우. 만일 라라랜드에 출연했더라면 과연 아카데미 여우주연상을 받을 수 있었을까? 냉정히 판단해볼때 힘들었을 것으로 본다. ,3,0
573,마지막쯤 왕자역 댄 스티븐스가 좀 더 나 왔으면 매력 있고 잘 생겼음!!!  엠마 왓슨도 너무 예쁘고 용감해서 2번 봤어요~^^  1번 더 볼 생각임~ 화려한 영상  좋았어요~^^ 미녀와 야수 인형도 구입했음^^,10,1
574,"색감이나 동화적인 묘사가 좋고, 중반부터 확실히 전개에 힘이 붙는다. 전반적으로 연출부분에서 아쉬운감이 있다.",7,1
575,엠마 왓슨만 돋보인 영화  그러나 그것만으로 충분히 잼있었던 영화임.,8,1
576,Oldies but goodies.,7,1
577,완전 재밌어요!!!!!,10,1
578,너무 너무 재밌어요오ㅠㅜ,10,1
579,10점이 마지막이여서 아까운 영화! 1년간 본 영화 중 최고!!,10,1
580,이렇게 예쁜 사람이 있구나  정말 신기했음 ,9,1
581,오늘 아이액스로 보고옴~조금 늘어질것 같으면 음악과노래가 나와 빵빵 터트려줌  충분히 볼만한 가치가 있었음~ 엠마 왓슨보면서 이상하게 느끼지 못한거 보면 연기를 못한것 같짐 않음~  요약! 충분히 볼만하니 보세요~!,10,1
582,기대  안하고 봤는데 생각보다 잘 만들어진거 같아 잼나게 잘봤어요 강추,10,1
583,왜 감독이 엠마왓슨을 선택했는지 알것같다 고지식함과 자유분방한 공주의 성격이  엠마왓슨과 도플갱어 같았음~ 진짜 너무 연기를 잘하네요~ 감동적이였습니다♥♥♥♥,10,1
584,"영상미는 정말 애니의 업그레이드 버전으로 굉장히 고퀄이었고 기대이상이었습니다. 또한, 음악 및 배경도 저는 굉장히 만족했어요.  아쉬웠던 건 엠마... 저 또한 해리포터 홀릭으로 그녀를 너무 좋아하지만. 원작과 달리 수줍음있고 현명한 이미지가 아니라 그냥 똑똑하고 살짝 거만한 느낌의 벨이었던게 아쉬웠어요",9,1
585,"야수가 왕자보다 더 멋있는 것 까지 디즈니 애니메이션과 똑같은...그래서 완성도와 음악, 재미는 확실히 보장한다",8,1
586,헤르미온느 팬이면 무조건 보고 애니 좋아했으면 보고 나름 잘 뽑아냄. 실사,9,1
587,테이블웨어로  마련하는  상차림~그곳에  있었으며는   시식평을  적을수  있을텐데~! 만한전석을   보여주는듯~! 현란한   장식들~ 헌헌장부가   되는   마법의  castle~! 주제가도    따스하네요... ,10,1
588,만화와 똑같아 더 재밌는 영화입니다. 한번더 보고싶네요. 벨 정말 예뻐요 ,9,1
589,원작이 더좋았어요  엠마왓슨연기 전 잘하는지 모르겧던데  영국식영어가 난  거슬리게  느껴졌공. . 오히려 조연들이 더잘한거같고  그냥그랬는데 평점높은거 보고의외 . . ,6,1
590,시간가는줄 몰랐습니다^^♡,10,1
591,향수를 불러일으켜 왠지 감동이었음..영상미 좋고 엠마왓슨도 이쁘고 야수도 꽃미남이었다는^^,10,1
592,"하품이 쏟아지는 똑같은 컨샙. 조금의 변화도 없다. 잠이 쏟아지는 영화이며 엠마왓슨은 치명적인 오버눈빛, 목소리 연기로 영화를 매우 지루하게 만든다. 오리지널 음악 자체가 좋아서 그나마 점수를 준다. 아무리 봐도 망필. 정말 매력없는 엠마왓슨",6,1
593,"말레이, '미녀와 야수' 동성애 코드 삭제 요구…디즈니 ""NO"" 출처 : SBS 뉴스  원본 링크 : http://news.sbs.co.kr/news/endPage.do?news_id=N1004094222&plink=ORI&cooper=DAUM&plink=COPYPASTE&cooper",0,0
594,그냥  그럭저럭.....  만화도 극장에서 실사도 극장에서 추억이 새록새록 ㅋㅋ,7,1
595,"2번이나 봣어용! 또 볼까 생각중 ㅠㅠㅠ볼때마다 너무 감동적이고 연출,스토리,노래 다 너무 좋아요 ㅠㅠㅠ최고입니당",10,1
596,애들 영화,0,0
597,명불허전 !고전이란 이런 것! 한번 더 볼려했는데 더빙판을 한국 뮤지컬배우들이 참여했대서 더빙을 봐야하나 싶네요 ㅎㅎ,10,1
598,역대 뮤지컬 영화 중엔 제일 아닌듯~~ 왕자가 사람으로 변했을때 야수였을때 모습이 더 멋있어서 실망 ㅎ,6,1
599,뮤지컬처럼 진행되는지 몰랐네 평점이 너무 높은듯 여주의 연기력이 많이 아쉽고...,7,1
600,간만에 뮤지컬다운 영화네요. 노래 너무 좋아요.그리고 개스톤은 정말 원작 그대로네요. 눈여겨 보세요. 보고나면 행복한 영화.^^,8,1
601,완전짱. 엠마왓슨 넘나 이쁨요^^,10,1
602,미녀가 이뻐야지 - 소녀 같은 이미지는 좀 영화가 깬다 ㅎㅎㅎ 섹시한 여자야 되지 않을까?,5,0
603,재미있고 감동적이예요.,10,1
604,https://goo.gl/QQVMWz,9,1
605,"원작에 수정, 보완을 거친 디즈니 실사화 답게 볼거리는 당연히 화려하고 내용은 좀더 구체적인 이야기들을 담아 로맨스의 이유가 더 명확해 졌어요..추가된 뮤지컬 넘버 덕분에 더욱더 뮤지컬다워 졌구요..지난 세월 만큼 원작의 순수한 감동은 좀 떨어지지만..이정도면 훌륭하게 업그레이드 되었다 생각해요",8,1
606,원작의 재연이니만큼 기대하고봤으나 생각보다는 고개가 갸우뚱해지는 작품. 엠마 왓슨의 일관된 표정에 감정이입이 잘 되지 않았고 음악의 재구성도 뭔가  2%부족한듯한 느낌을 받음. 2D를 재현했다는거에  의의가 있는듯. 동성애는 그리 논란이될정도는 아닌듯함.,6,1
607,별로 기대 안했는데 그럭저럭 볼만했어요 ,7,1
608,ost도 그렇고  25년전  애니메이션이 훨씬 괜찮음,5,0
609,인상깊은 장면이 단 한개도 없다. 지겨워서 혼났다.,3,0
610,10점 만점에 10점,10,1
611,"엠마왓슨 미스캐스팅 부터 시작된 총체적 난국. 주걱턱과 구부정한 어깨, 전혀 캐릭터를 소화하지 못하며 카메라를 인식하는 아마추어 연기. 왓슨이 미녀와 야수 팬이라고 인터뷰 한 것 같은데 연기자가 아닌 팬이 연기한 수준. 드라마 또한 사랑이 쌓여가는 개연성 부터 감정의 몰입은 커녕 원작 해석이나 미술, 연출부터 전체적 밸런스까지 모든 것이 함량미달. ",1,0
612,넘좋고 재밌어요,10,1
613,딸들이 겨울왕국 보다 더 재미있다고 극찬~ 지금까지 본 영화중 쵝오였다고~ 또 보자고 하는데~ 저두 재미있었음~ 또 볼거임,10,1
614,"음악이 좋고 사물들의 목소리 연기가 재미있었으나, 몰입도가 떨어지는 감정선이 아쉬웠다. 특히 마지막 야수가 죽었을때 벨의 슬픔은 공감이 되지 않아 어른에게까지는 감정이입을 기대할 수 없었다. 엠마에 대한 기대감이 너무 컸던듯 ㅠ",7,1
615,녕화볼 때마다 항상 아 쉬움이 남았었는데 미녀와야수만큼 후련하게 본 영화는 없었어요 또 보러가고싶네요,10,1
616,음악 영화를 좋아하고  미녀와 야수 애니버전을 거의 원어로 외우다시피 하는 나로서는 굿~.원 버전을 충실히 재현해놓고 새 곡들까지 들어간 이번 실사 버전은 볼만했음. 악역의 개스통도 좋고 여주인공 엠마는 그냥...좋음. 명곡 많던데 찾아서 다시 들어봐야지.잠실 월드타워 슈퍼플렉스g 강추!,9,1
617,정말 너무재밌고감동깊게 봤네요 애니메이션한편본듯한 역시 아름다운동화 엠마는 넘이쁘고 야수눈동자아름다워라~~ 또보고싶네요,10,1
618,너무  재미있었어요~한번더  애들과  함께봐야할듯~~♡,10,1
619,몇년만에  완전감성에 젖어 봣네요. 너무 황홀햇음♡,10,1
620,좋은영화 잘보았습니다 특히 노래가 좋습니다 목소리가 감미롭고 좋습니다,10,1
621,중간에  나가고 싶었는데 중간에  앉아서  억지로   봄.,5,0
622,정말 재밌게 봣는데!! 영상미 최고!,10,1
623,"14년도 미녀와야수 보다 더 좋네요. 스토리는 원작만큼 탄탄하고, 노래가 많아서 귀가 호강되는 느낌을 받았어요!! 막 배경 어느부분에 살짝 cg티가 나긴하지만 동화니까 이해가 쏙쏙!! 런닝타임이 쪼오금 길지만 시간가는줄 모르게 되어요!!",9,1
624,다시 동심으로 돌아갔어요,10,1
625,엠마 왓슨 = 벨  가창력 좀 모자라도··· 영국식 억양 좀 강해도··· 연기 좀 못해도···  엠마 왓슨 나올 때마다 온몸에 소름이 돋는다.  최고의 노래와 아름다운 영상미는 거들 뿐.,10,1
626,초반 쬐금더 이야기를 ㅎㅎ 잼 났음 .신나기도하고.,8,1
627,취향차이.  음악과 아름다운 영상들 다 맘에들었어요 . 나이가 있어도 동심은 어쩔수 없다는 . 저는 감동이었는데 아닌 분들도 있네여 . 아름다운 영화로 기억에 남을듯해요 . ,10,1
628,배경이 너무 예쁘고 미녀도 정말 미녀네요~~머리가 맑아지는 느낌이 드는 아름다운 영화예요~~노래가 좀 많이 나오긴 하지만 나름 재밌게 봤네요~~,8,1
629,이쁜 그림 동화책을 스크린으로 고스란히 옮겨놓은 느낌! 뮤지컬영화로서는 많이 부족하고 성인 관객들의 눈높이에도 못미치기 때문에 지루할수 밖에 없는 것 역시 사실이다!,5,0
630,진짜 진쯔 완전 재미있었어요~~ 그냥 왕자님 얼굴이 반지의 제왕 올랜도 볼룸이라면 어땠을까 생각도 해봤네여 ㅎ 오랜만에 가슴 설레였습니다^^,10,1
631,좋았어요~OST도 좋고,8,1
632,지겹다느니 1점준평점들은이해가안되네요 짜증나는거하나없이그냥재밌고아름다운영화입니다,8,1
633,뮤지컬이라고해서 기대했는데.... 초중반까지 나른하고 재미없어서 졸립기까지했습니다. 중반 지나가서 소품들이 노래부르면서 좀 잠이 깨긴했는데 글쎄요. 전 이거 영화채널에서 해줘도 중간에 틀어버릴것같아요. 레미제라블에 비하면 진짜 너무 재미없고 사람 처지게 만드네요. so so 라는 표현도 높게 처준거임,3,0
634,엠마왓슨 주연.. 굉장히 기대하고 봤는데 엠마왓슨이 아니였더라도 힐링되는 좋은 작품입니다. 엠마왓슨이라 더욱 힐링 되었어요,10,1
635,원작에 충실하며 애니로 표현못했던 것들을 실사에서 거듭난 명작,8,1
636,만화를 영화로 그대로 옮긴 걸작이네 엠마왓슨 라라랜드 거절한거 후회안해도 되겠어요 시계역맡은분의 대사가 젤 기억남네  다시 시계가되라 다시 시계가되라,10,1
637,"음.. 관객분들마다 평이 많이 다른 케바케 영화라고 생각하는데요,  저는 엠마왓슨이라는 배우도 어릴적 부터 봐와서 좋아하고 정말 기대를 많이 하고 보러 갔던 작품이었는데  영상미와 음악은 풍성하고 좋았으나 스토리자체가 너무좀.... 이해깊이들어가면 감동적이지만 지루하달까.. 나도모르게 잠오는영화였어요",5,0
638,뭔가 부족한 상업적인 냄새가....,7,1
639,애들보기도 그렇고 어른들보기도 그러네,1,0
640,어른이봐도  넘나잼나는 ~  미소지며 보게  됨,9,1
641,넘나 취향인 것,10,1
642,보는 내내 목이 메인 상태로 봤다 아마 토토가 때와 비슷한 심리에서 그런거 같다 그저 눈물만.. 완벽하다란 말 밖에는..,10,1
643,방금  봤어요 . 굿!!!!,10,1
644,금방보고 나왔습니다. 객관적으로 스토리가 뭉텅날아갔으나 디즈니의 영상미와 노래만 들어도 충분히 만점입니다. 원작 스토리를 못채워 아쉬우나 두번은 볼 영상미입니닺 아이맥스보세요 두번보세요 ,10,1
645,역시 미국 로튼 토마토 다음 네이버 평점 골고루 봐야함 ㅋ 그저그런 영화가 초반에만 초대작으로 ㅋㅋㅋ,0,0
646,최고 ,7,1
647,좀전에 보고나왔는데. 너무재밌게봤어요. 스토리야 아는쉬운내용이지만  아름다운영상.노래 그리고 엠마왓슨 너무너무좋았어요. 대박나라!,10,1
648,90년대 원작 그대로 재현한 거 같은느낌이지만 즐겁게 봤어요 ~ ~ ~ 갠적으로 춤추는 장면은 원작이 더 감동적,9,1
649,⟨관전꿀팁⟩   1. 영화엔딩곡  3곡나옴.  마지막evermore젤좋음  2.야수역  댄스티븐스  영화에서 못살려으나  실제미모끝내줌   . 왕자로 바꿧을때  자세히보기 3.개스톤역  루크에반스  원래뮤지컬가수라서  노래 엄청잘함. 새겨듣기   4.꼭 아이맥스로 볼것.차원이 틀림.,9,1
650,또 보러갈거예요!!,10,1
651,엠마왓슨 존예...자막도 안보고 엠마 왓슨만 보고있더라고요... 스토리는 뭐 그냥 그렀지만 음악이랑 영상미는 최고!!! 겨울왕국의 올라프 성우님을 보는 재미도 있고 ㅋㅋㅋ,10,1
652,재미? 0점. 딸이 잠들뻔함.  스토리? 0점 엉망이었음.  색감같은화면? 8점. 오글거리고 재미 디지게 없었음. 10점준사람은 머야? 6살인가? 6살딸은 괜찮았다 하드라구요   ,1,0
653,기대이상의 작품이였습니다!!!!  영상 음악 스토리 뭐 하나 빠질게없고  또보러 갈거예요#~  4d. 아이맥스 모두 섭렵하고픈,10,1
654,향수를 불러일으키기에 충분함,10,1
655,굿굿굿 너무예쁨 남자랑 이거 보러 가시는 여자분들 오징어됨주의,10,1
656,화면은 예쁘나 진부하고 지루하다..주인공의 매력도 찾아볼 수 없고 그냥 디즈니 실사영화  공식 그대로  붙여놓은 마치  영화속 유리 안 장이꽃같음,6,1
657,뷰티 앤 비스트 나올땐 눈물한방울 흘렸네요 최고,10,1
658,턱주가리 개패미의 설레발.파이팅 턱주가리.트럼프가 시러요.함봐주떼요.,0,0
659,"디즈니는 내 동심을 지켜줬고, 더 아름다운 화면과 음악으로 가득 채워줬다. 내게 올해의 영화임 ㅇㅇ",10,1
660,오늘 개봉하자마자 보았는데 정말 배경 배우 내용 다 이쁘고 잼있게 보았습니다 모처럼 동심으로 돌아간기분도 들었습니다~^^,8,1
661,"미녀와 야수 ..  어울림을 가능하게 하는 신비감과 사랑의 소중함, 그리고 유쾌한 춤과 노래가 함께한 멋진 영화 !",8,1
662,어릴때 애니로 봤을땐 진짜 잼있었는데...하.....걍 내 동심이 썪었구나 할랜다;;,4,0
663,알고있는 내용이었는데도 재밌었음. 오늘은 더빙봤으니 내일은 자막버전 볼 예정,8,1
664,91년에 나온 애니를 안 봤다면 더 재밌게 즐겼을 수도. 실사로 꽤 구현한 편이지만 자꾸 비교하게 된다. 스토리 상에서 차별점을 두려고 노력한 흔적이 보이지만 그닥 두드러지지 않고 개연성은 더 떨어진다. 전반적으로 예쁘고 사랑스러운 분위기로 추억에 젖으며 가볍게 감상하기 좋다. 야수가 너무 인간적이고 벨은 무난,7,1
665,"지금 보구와서 씁니다. 화려한 그래픽과 엠마왓슨을 좋아하는 팬이라면 필수고요. 그렇지 않더라도 정말 추천합니다~ 다아는 뻔한 얘기지만, 만족도는 충분하네요~",10,1
666,진짜 뮤지컬 한편 본 느낌이다 영상도 너무 예쁘고 ㅠㅠㅠ 아이맥스로 다시보고싶다,10,1
667,조조로 8시 되기도 전에 보고옴ㅋㅋㅋ 진짜 내 인생영화 됨,10,1
668,꼭보러갑니당~~~,10,1
669,그래픽도 환상적이고 엔틱가구들 표현한거 너무보고싶어요,10,1
670,엠마왓슨  믿고본다   그리고 동성애가 무슨 상관ㅋㅋ 난 오히려 어떻게 그러한것들을 넣었는지 궁금하기도하다 만화에서 없던것을 추가하면 어떤 느낌일까,10,1
671,아이들과 멋진 데이트를 했다. 인생의 영화가 될 것 같다는 아이들.. 잊지못할 추억을 만든 것 같아서 너무 좋다.  야수가 계속 생각나는 밤이다. ,10,1
672,예고편만 봐도  감동적이다.  엠마왓슨은  사랑이다,10,1
673,안구가 너무나 아름답게 정화되는 느낌이야..,10,1
674,엠마왓슨이라면 무조건 봐야지 후후,10,1
675,정말 디즈니 실사판은 사랑입니다...ㅠ,10,1
676,작년부터 기다렸던 영화! 개봉하면 당장 극장으로 날라간다,10,1
677,엠마 왓슨 너무 이쁘다 ㅠㅠ 추억 뿜뿜이고 개봉 하자마자 달려가서 볼거임 ㅠㅠ 나의 벨 ㅠㅠ ,10,1
678,미녀와 야수 실사판이라니.. 영상이 넘나 예쁨!!!,10,1
679,엠마왓슨 그냥 벨이네.. 너무이뻐ㅠㅠ 빨리 개봉만해라..,10,1
680,완전기대중ㅠㅠ,10,1
681,넘나 기대중인 영화에요 ㅠㅠ 엠마왓슨 짱! 디즈니 짱!,10,1
682,예고편보니 만화랑 똑같네..색도 넘 예쁘고 .,10,1
683,재미있을것같고 진실하고 소중한 사랑이야기를 느낄것 같아요,10,1
684,엄청나게 재미있을것 같당~~ㅎㅎ 빨리 개봉되라~,10,1
685,음,0,0
686,미녀가 오신다,7,1
687,시대가 어떤데 이런 후진. 총맞은 야수가 이제 내가 죽겠다는데 제가 왔잖아요는 뭐야. 아오. 배우들 고생에만 점수.,4,0
688,약간의 아쉬움.,8,1
689,노래도 매우 아름답고 화면 재현도도 높으면서 클래식한 분위기를 잘살린 디즈니식 뮤지컬 영화,10,1
690,2시간여동안 동화속에서 있다나온 느낌이네요 환상적입니다,10,1
691,소녀들이여 극장으로 가라~~ 옛추억이 아른 / 엠마 왔슨 / 그리고 빼어난 조연들 대단하였다 ~,9,1
692,"30년전인가...어렸을때 봤던 미녀와 야수를 본 후의 감동이랑 너무 다르다.  원작을 그대로 실사로 옮기고 화려한 cg와 의상, 배경만 보이는  영화. ",6,1
693, 나쁘지 않았다!,9,1
694,좋았다.추천,8,1
695,꼴페미 영화. ,0,0
696,"속지마라 , 별로임",1,0
697,동성애영화~ 별로임 청소년들 아이들에게 선한 영향력주는 영화좀 만들었으면,4,0
698,원작이랑 다를바 없는거 보니깐 별 특별할게 없고 신선도도 떨어지는것 가틈....별로 내취향은 아닌가보다,1,0
699,캐스팅에 이의없음,7,1
