﻿,document,score,label
0,귀엽고 재밌고 감동적이에요.. 보스베이비한테 정들어서 몇 번을 다시봤는지 몰라요.. 보스베이비2 도 나온다고 하는데 나오면 집에서 보려구요.. 진짜 귀엽고 감동적이에요.. UP(업)이라는 애니메이션도 재밌게 봤는데 이것도 재밌네요..ㅎㅎ,10,1
1,다시봐도 명작..,10,1
2,전혀 기대안하고 보다보니 끝까지 다보게 되는 영화. 알렉볼드윈 목소리 역쉬 매력만점. 스토리도 기발하고 너무 재미있었음. 이렇게 재미있는 애니매이션 정말 오랫만.,10,1
3,다시 과거로 돌아간다면 동생들에게 좋은 오빠 형님이 되고 싶다.,10,1
4,혼자 보려고 틀었지만 가족 모두 마지막까지 보게 된.. 재밌고 따뜻한 영화!,10,1
5,넘나 귀여운 보스 베이비 마음이 힘들때 위로받는 애니메이션~~♡,9,1
6,세번을 봤는데도..너무 재밌다..ㅠㅠ,10,1
7,킹왕짱 재밌슴,10,1
8,"아이디어 참신, 어른이 봐도 재미있어요.",8,1
9,2나왔길래 내일 보러 갈려고 1 봤는데 진짜 졸귀네요 하 기대됩니다 진짜 너무 귀여움 ㅠㅠ 졸귀탱,10,1
10,동생이 생긴 형아의 성장기. 반려동물의 등장과 출산율 저하를 흥미롭게 엮었다. 아이들의 상상력을 영상으로 재현해낸 장면들이 특히나 인상적이었다. 빛바랜 산문체를 총천연색 운문으로 표현해낸 그 지점들.,7,1
11,몇번을 봐도 재미나네요. 더빙판이 더 좋은거 같아요.,10,1
12,"아이 보여주려고 켰는데, 내가 보고 있음. 마무리도 깔끔하고 감동적.",10,1
13,"있다 없으면 허전하지,,, 나도 내 동생 보고싶다ㅠㅠ",8,1
14, .,10,1
15,징그럽지만 재밌어,6,1
16,많이도 본것,9,1
17,무지무지 재밌다,10,1
18,아기가 공장에서 나온다는 약간은 뻔한?스토리를 출산율 저하 방지와 가족애로 승화시킨 나름 유쾌상쾌한 코미디. 토이스토리의 향수도 약간이나마 느낄 수 있어 개인적으로 좋았음,8,1
19,너무 귀엽고 앙증ㅋㅋ 웃기기도 하고ㅋ 보는내내 즐거웠습니다,10,1
20,와ㅡ진짜 재밌네요 저런 애니메이션은 어떻게 만든지 진짜 완전 최고최고~~,10,1
21,.,10,1
22,넘귀엽다 칼라도 넘이쁘고,8,1
23,코믹한 영화에요,7,1
24,ㆍ,8,1
25,사이다처럼 톡톡 튀기는 아이디어와 찰랑이는 전개는 굳게 다문 입을 웃음으로 중독시킨다.,9,1
26,이런 애니 넘 좋음~,8,1
27,출산장려정책을 피는 정부관료자들이 좋아할 영화네....^^ 부담없이 보기 좋을 가족 애니다... ,7,1
28,보는 내내 웃음짓게 만드는 영화 5달 뒤 둘째가 태어날 예정이라 더 와닿는 스토리,8,1
29,애.땜에.자주 보는데.볼때마다 감동,10,1
30,내 생 최고의 애니메이션. 백번도 더 본듯. 더빙을 너무 잘해서 깜놀. 우리 성우들 최고네요.,10,1
31,10번 봤으니까 10점,10,1
32,.,7,1
33,"독특하고 참신한 소재와 상상력이 절묘하게 가미된, 박진감 넘치고 흥미로운 첩보 액션 애니메이션",9,1
34,..,5,0
35,이렇게  웃긴건 처음,10,1
36,"우와 최악 스토리 전개, 결말 다 뻔하다  재미없어",1,0
37,짱짱짱짱x10000000000000000000000000000000000000000000000000000000000재밋어요,10,1
38,육덕진 아기의 귀욤,10,1
39,괜찮아요,6,1
40,아기의 귀여움에 빠져든다,10,1
41,재미없을수 없는 등장인물과 스토리,8,1
42,     굿,9,1
43,기발한 상상력이 녹아있고 많은 생각을 하게 하는 영화,10,1
44,판타스틱 베이비,7,1
45,연기력은 정말 엄청난데..,6,1
46,○○을 아직 받아들일 준비가 안된 누군가(?)에게...영화 속 장면이나...소품들이 정교하다...시선강탈  치명적인 궁딩이~~♡♡♡,7,1
47,유치하지만 본래의 색으로 발칙해서 사랑스럽다.,6,1
48,너무 귀여워뇨ㅠㅠㅠㅠ,10,1
49,많이 웃었습니다.허허,8,1
50,진짜 재밌게 잘봤습니다,10,1
51,너무 귀엽다 유ㅠㅠㅠㅠ,10,1
52,울었는대ㅠㅠㅠㅠㅠㅠㅠ왜져??,10,1
53,영화보는내내 귀여워요ㅎ♡,8,1
54,너무 귀엽고 재미남...ㅜㅜㅜ 가족영화로 보기 좋을듯!!,10,1
55,귀엽다,10,1
56,최악,0,0
57,귀여운 상상.... 누가 이런 상상을 했을까?ㅋ,9,1
58,이게 전체관람가라구요? 케릭터만 아기들이지 배경이나 대화나 행동 다 성인물인거 같습니다.  대단히 폭력적이고 파괴적이고 섬뜩하기까지 합니다.  댁에서 아이들에게 보여주실 계획이라면 보호자가  먼저 관람해 보시는 것이 좋을듯 합니다.,2,0
59,"음.. 머랄까.. 너무 어중간한 설정에 스토리.. 귀엽게 갈라면 아예 귀엽게 가던지, 코미디로 갈라면 아예 웃기던지.. 아님 스토리로 갈라면 감동적으로 마무리를 하던지.. 아무것도 못잡은 애니로 남았다. 나쁘진 않지만, 주목할만한 애니는 못되는듯...",7,1
60,난 얼라들이 싫어요,6,1
61,"이 영화는 [강아지 대신 애낳아 / 형제애]를 말하는게 아닙니다. [자원에는 총량이 있다는 경영학과 그 해고성을, 사랑에는 총량이 없다는 것을 '당신들이 학습한 형제애'를 통해 떠올리라]는 메시지가 있는 영화입니다. 경영학을 까는 어른 영화입니다. ""야간대 나와 보너스 달라하느냐?""가 나쁜말이라고 지적하는 영화.",10,1
62,역시 총기의 나라 미국.아이들에게 어릴때부터 장난감총을 가지고 놀게하고 그 총으로 사람을 쏘는걸 장난처럼 아동영화에 그려지는게 이젠 섬뜩하다. 아기와 강아지가 공장에서 만들어지는 듯한 상상도 기괴하고. 강아지만 좋아하지 말고 애를 많이 낳으라는 메시지인가?그런 사상을 억지로 주입하려니 내용이 기괴해져,0,0
63,유쾌하게 잘 보았습니다,10,1
64,톰 맥그리스 감독의 천재성의 끝은 어디일까? 애니메이션계의 에드가 라이트 같달까? 그의 작품들을 보면서 느끼지만 어른이지만 아이의 감성을 놓치지 않고 사는 사람같다 때론 동심이라는 질문에 어떻게 대답해야하는지를 잘아는 감독 세심한 연출과 아이디어들이 내 뇌를 아주즐겁게해준 애니메이션이었다 ,10,1
65,귀여움과 경악스러움이 공존하는 베이비. 이야기가 점점 산으로 간다.,5,0
66,"나도 동생이 태어 났을때 저런 걱정을 했을까?ㅋ 한살 터울 동생이라 그런 기억나지 않지만, 충분히 공감간다. 귀여운 캐릭터에 형제가 생김으로써 겪게되는 소외감과 고민을 아이들 눈높이와 회사라는 어른들 감성까지 폭넓게 담아내서 어른 아이들 모두 재밌게 볼만한 애니~",7,1
67,ㅎㅎ귀엽고 재미있어요~ 어린이들하고 같이 봐도 좋을듯 ,7,1
68,엔딩노래까지도 좋네ㅎ,9,1
69,캬~ㅋㅋㅋ좋다~ 재미있다~ 유쾌하네,10,1
70,애기의 비주얼에 5점을 다줌 스토리는 망망,5,0
71,깜직한 표정 베이비 ,6,1
72,2탄 개봉 벌써부터 기대됨 너무귀여움 힐링영화 아무생각없이 보면 재밌다,8,1
73,귀여운 내용  킬링타임용으로 좋음,6,1
74,소소하게 볼만한 영화 귀엽고 깜찍합니다,7,1
75,학교에 보다가  배꼽 빠지는 줄 알았음! 핵 폭탄급 꿀잼! 보스  베이비가 내 동생이었음 좋겠다~~,10,1
76,딱 애들용,5,0
77,얼굴표정 압권 ...이모티콘 나왔으면  ,7,1
78,드림웍스의 상상력은 늘 유쾌하다. ,8,1
79,아기들이넘귀여워서 좋았구그리고보스베이비너무웃기고재미있어요별1000000000개고여보스베이비강력추천합니다♥♥,10,1
80,아이들과 함께 재미있게 감상했습니다. ^&^ ,8,1
81,애기들넘조음,10,1
82,..,6,1
83,재미있어요!!!!!!,10,1
84,"이게 재밌던가요? 저만 예민한건가요? 이상한 편견이 기본으로 깔려있어서 저랑 신랑은 보는 내내 불편했어요. 분명 개그적요소도 있고 캐릭터도 귀엽고 사랑스럽고 스토리 자체도 나쁘지는 않은데.  강아지가 더 귀엽고 사랑스러워서 아기보다 강아지를 더 사랑하고 아기도 버리고 강아지한테 뛰어드는게, 정상인가요",1,0
85,"온가족이 다같이 봤는데, 처음에 어떤 내용인지 전혀 모르는 상태에서 봐서 그런지 이게 꼬마의 상상인지 현실인지 구분이 잘 안가서 긴가민가했었네요~ㅎ 기대했던 것보단 약간 별루긴 했지만, 아이들은 그래도 가끔씩 웃고 그래서 잘봤습니다~^^",6,1
86,뭔가 내용이 아쉽다,3,0
87,귀엽고 재밌었어요. 아이들 영화처럼 보이지만 아이들 영화가 아니라는,8,1
88,너무 귀엽고 재밌었어요 ㅎㅎㅎ,10,1
89,사랑과 상상력이 넘치는 영화.  편안한 즐거움을 끊임없이 제공한다.  그냥 즐기면서 편안히 볼 수 있는 영화 완성도도 높고 코믹함이 가득한 영화이다,9,1
90,정말 재밌었어요^^~♥ 감동까지~,9,1
91,개인적인 신조가 '내가 봐도 재미있으면 아이가 봐도 재밌다'는 건데 정말 이렇게 재미없는데 아이가 봐도 재미있을까 싶다... 아니면 내 눈높이가 달라진 걸까...,2,0
92,애니메이션은  드림웍스와 픽사  이 두군데는 믿고 봐도됨 절대 실망시키지않음 ,9,1
93,첨부터 넘 집중이안됐다 ㅜㅜ 다보고난후에도 딱히ㅠ기억에 남는게없는...무슨내용이였는지..,6,1
94,집에서 봤는데 나름 괜찮아요,7,1
95,너무귀여워여!!!! 완전귀엽ㅋㅋㅋㅋ강아지분장할땤ㅋㅋㅋㅋ우유안먹어서 애기로변할때도귀엽곸ㅋㅋㅋ노래도좋구 모든점에서 다마음에들었어요!!!,10,1
96,아이들이 보는 애니라기보다는 어른이 봐야할듯 너무 잼있게 밨음 아기가 어떻게 생길까 하던 초반장면은 너무 귀여움 ,9,1
97,정말 유쾌하고 재미있게 봤네요 형이랑 아기가 넘  사랑스러웠네요,10,1
98," 귀여운짓 할땐 귀엽고, 그냥일땐 안귀엽고...  그것이 절묘하다. 내용은 그냥저냥...",7,1
99,"의외로 귀여운 캐릭터 이외엔 스토리도 연출도 평이한 애니메이션. 가족이 같이 보기에 아쉬운 점도 보이고, 아이들이 보기에도 다소 아쉽고, 어른들이 보기엔 더 엉성해 보일지도. 나쁘진 않지만 주목받는 기대작이란 타이틀은 과장된 듯 보인다.",6,1
100,귀엽고 신선함. 하지만 다 어디선가 본장면같은 느낌,8,1
101,캐릭터도  귀엽고  스토리가 재밌고 좋습니다!,10,1
102,저 꼴통 같은 얼굴이 끝내 귀여워질 줄이야.. 많이 웃었다 그럼 됐다.,7,1
103,그남저냥,5,0
104,초딩용,1,0
105,...,8,1
106,또보고 싶은 마음 있음. 재밌어요~,10,1
107,삼류 에니메이션 극장에 나오지 말어,1,0
108,재미나게 봤어요~ ,8,1
109,신박하다,8,1
110,0점도 아깝다.. 정말 이딴 걸 슈렉을 탄생시킨 드림웍스에서 만들었다는 건가..  한 때 믿고 보던 드림웍스였는데.. ,0,0
111,마치 톰 과 제리를 보는듯 ! 톰은 언제나 제리에게 골탕을 먹지만 사실 톰 과 제리는  무척 사이가  좋다는 . 베이비를 보니 짱구도 생각이 나고 ㅎ  동생이 생겨서 발생한 질투를 상 상력으로 풀어서 무척 재밌고 유쾌하게 보여준 성인 동화같은 느낌 ㅎㅎ,9,1
112,귀여움.. 그리고 오랜만에 듣는 피비 목소리 엄청 반갑더군요 ㅎㅎ,5,0
113,귀여웡 +_+;;,9,1
114,.,10,1
115,귀엽다. 그게다다.   스토리에 화가난다,1,0
116,귀여워~,8,1
117,개인적으로 공감하기 힘들었음.,6,1
118,시종일관 큐트!! 유쾌하고 깨물어주고 싶고 ㅋㅋㅋ,10,1
119,34개월 아들도 낄낄깔깔,10,1
120,대학생인데 친구랑 영화관에서 보다가 배꼽 빠질뻔 했어요 너무너무너무 재밌어요.. 역시 드림웍스의 상상력에 감탄 하고 갑니다! 삶에 지쳤을때 혹은 웃음이 필요할때 가서 꼭 보세요!,10,1
121,전 혼자 봤는데 별로 재밋진 않고 아이들에 대한 모든걸 기억하고 잇는 무언가를 다시 없애버렷어요. very bad 5백명 형제보다는 외동아이가 보면 좀더 안좋을거 같네요. 그리고 와닿는건 1도 없어요.  ㅉㅉ 그리고 육육 여섯개 그리고 오레니와마다 야루코토가아루 느아아아아아아아아아아아아아앙아이ㅏ아ㅏ으어러어렄ㅋ,10,1
122,가족과 함께 보았는데 아이들도 재밌게 보았고 우리 부부도 아이들에 대한 잊고 있었던 무언가를 다시 깨닫게 되어 좋았다. 외동아이보다는 형제가 있는 아이가 보면 더 와닿는게 좀 더 많을 것 같다.,8,1
123,동생을 맞이는 형의 생각을 환상적으로 그려냄. 그런데 그 환상이 좀 지루함 몰입도 1/2 영상미 2/2 내용구성 1/3 시사점 1/3,5,0
124,참 잘 만들었어요. 불한당같은 영화와는 비교도 안되요. ,10,1
125,"평범한 가족물일 줄 알고 봤으나, 실상은 상상력 넘치는 어른 동화. 기막힌 전개와 화려한 연출로 흥미를 자아냄.",10,1
126,아이들이 짱 재밌답니다^^,8,1
127,6.99999에 가까워서 아쉬운 영화 잼나기도 웃긴것도 있지만  폭빠져 보기엔 좀 아쉬운 영화. ,7,1
128,보다가 중간에 잤어요. ㅠ 어를들한테는  졸려요.    ,5,0
129,애들취향 저격. 볼만하심. 가서 주책맞게 감동눈물 훔친 어른도 볼만함,8,1
130,아이들의 눈높이 로 보는 기상천외한 상상력이 보는동안 내내 재미있고 즐거운  모두가  볼 수 있는 영화!!!!,9,1
131,죄송합니다. 잤습니다. ,0,0
132,아이와 함께 신나게 웃은거 같아요 ,10,1
133,재미있어요,7,1
134,귀여움 너무 귀여움 우리나라 에니메이션은 진짜 딱애들이 볼만한 수준인데 이건 그렇지 않음 ,8,1
135,기대이하,6,1
136,아이들에겐 어려워서 애매하고  어른 만화라고도 조금 애매한.. 그래도 즐겁게봣습니다,7,1
137,너무 귀여워요,7,1
138,"어린이날에 딸랭구랑 같이 봤는데, 영상미도 좋았고 특히 담고 있는 깊은 뜻이 제일 좋았습니다^^ 딸랭구도 재밌었다고 하니 뜻깊은 영화였어요!",10,1
139,솔직히  재미  없음,1,0
140,재밌어용♡♡♡,10,1
141,애가 좋으면 나도 좋은법 ㅎㅎ,8,1
142,귀여운 캐릭터들 + 성인도 즐길 수 있는 유머와 내용이라는 점에서 합격점. 드림웍스 애니메이션의 부활이 시작된 것 같다.,8,1
143,유쾌했습니다!,10,1
144,최고의 감동,10,1
145,화면이 너무 많이 바뀌어서 정신이 없어요.... 이상하게 오래 앉아 있기 수행하는 느낌이었다는..... 드림웍스 작품이라 기대했건만 oh NO~~~,1,0
146,재미있어요^^^,9,1
147,       .,0,0
148,곧 동생이 태어나는 어린 아이들이 보면 좋을거라 생각합니다. 사랑을 나눈다는걸 이해하는게 쉽지는 않겠죠.,7,1
149,"귀엽긴한데 살짝 부족한 느낌이예요. 너무 귀엽다 라는 느낌은 받지 못해서인지 주변에서도 좀 시큰둥하더라구요. 오직 귀염성만을 위한 감상이 아니라면, 설정도 시간도 적절하고 재미 있어요. 전달력도 좋아요.",7,1
150,내용을떠나서걍애기표정하나하나행동하나하나영화보는내내귀여워소리가나도모르게^^골치아픈요즘아무생각없이볼수있는영환거같네용제가나이에안맞게유치해서그런가전재밌게봤습니당참고로제나인불혹인건안비밀^^보스베이비홧팅♡♡♡,10,1
151,예고편이 너무나 귀엽고 재미있어서 봤는데 그이상의 기대감을 채워주지는못하네여 에니메이션을 좋아하시는분들에게만 추천드리고싶고 에니메이션영화치고는 단순재미외에 뭔가를 깨뜨릴만한 부분은 없다고 보여집니다 그냥 평점한 순간순간 웃긴 에니메이션입니다,6,1
152,29살인 저랑 23살인 동생은 진짜 재밌어서 눈 깜빡이는것도 아까워하면서 봤어요! 참신한 스토리와 무엇보다도 보스베이비가 너무너무 귀여워요!!! 눈물도 났어요.. 같이 보신 엄마는 비현실적인 이야기라고 지루해하셨지만... 말미에 나오는 이 영화가 관객들에게 결국 전하고싶었던 이야기는 좋았다고 하셨어요 ♥️,10,1
153,또보고싶어요.32살인데 정말 재밋게봣네요,10,1
154,그냥 재미있습니다. 어린이들이 많이 관람하다보니 귀여운 상황도 생기고.  ,10,1
155,6살 조카랑 같이 보러 갔는데 같이 웃고 울었습니다.,8,1
156,어른들도 어린이도 너무너무너무 좋아하는영화. ㅎㅎ  제가 애니메이션 영화는 너무 좋아하는데요. 그래서 보스베이비는 두번 봤습니다. 또 볼 예정이고요. ㅎㅎ ,10,1
157,전 너무 재미있게 봤네요 애보다 제가 더 재밌게 봄 ,10,1
158,지루했음...매우....,5,0
159,오구오구~~귀여워라^^ 강아지들 때문에 베이비들이 위기의식을 느낀다는 설정이 재미있네요~~,8,1
160,졸귀탱... ㅋㅇ...,10,1
161,애기 넘나 귀여운것,10,1
162,한국어 더빙 팀이 성우 잘 못하더라,5,0
163,풍자같아요  아기들은  다  개구쟁이    어른동화같기도하고 초등생용같기도해요  재밌어요 ,8,1
164,귀엽고 웃긴데 조금지루,7,1
165,중간에저도웃음ㅋㅋ ㅋ,10,1
166,어른이  보기에도 유쾌하고 즐겁다.,8,1
167,아침에 조조하게 영화는 봤는데 아기가 귀여워요.^^ 캐릭터 예쁘고  가족들과 같이봐도 좋은 영화에요♥,10,1
168,흠 애들보려고 갔는데 대사가 너무빠르고 이해하기가 힘든 부분이 있고그래요 생각보다 재미가있진않았어요  가오갤2보고싶으다,5,0
169,"7살 애는 좋아하는데,,엄마아빠는 영화보면서 푹 잤음..더빙 대사가 너무 길어서 도대체 무슨 말하는지 어른인 나로서는 모르겠음.",5,0
170,극장에서 웬만하면 졸진 않는데... 우리아이들은 재밌다고 하는데 어른들과 같이 즐기기엔 좀... 귀여운 캐릭터의 탄생과 기발한 아이디어의 코미디 외에는 그럭저럭인듯...,6,1
171,왠만하면 재밌다고 보는데 ...진심 중간에 나오고 싶었다.  업이나 월이나 인사이드아웃 같이 어른에게도 있는 근원정서를 건드리는 게 없음. 어린이날용 영화인가봄. ,5,0
172,뭔놈의 알바가 이렇게 많냐..ㅎㅎ,0,0
173,한국어 더빙 실망했어요. . 애들이  같이 보는데. .미화시켜 표현했을 법한것도   직번역표현에  눈쌀이  지푸려졌답니다.,4,0
174,아~ 넘 재밌게 봤어요! 소재도 독특하구요,10,1
175,아기를 대체하는  현대인의 강아지사랑~메세지도 있으면서 코믹하고 첫째의 마음도  헤아릴수있는 재밌는 영화였어요~개인적으론  넘 만족하는데 유.초등생들은 내용은 다 이해하지 못한듯해요~^^,10,1
176,어른들이  봐도 좋은 영화예요,9,1
177,편견을깨는 스토리 ㅋ  재미져요^^*  꼭!  아이들과 보세요 ㅎㅎ,10,1
178,정말. 재미있어요. 아기가 보스라니? ㅋㅋ 꼭! 한번 보세요~,10,1
179,정말 재미있게 봤어요!주인공 둘이 점점 친해지는 것이 재밌고 주인공 부모님이 지은 노래가 반복되어 기억나고 감동이였습니다!아기들의 회사라는 컨셉과 보스 베이비 동생의 몸개그가 재미있었어요!주인공의 딸이야기로 '보스 베이비 2' 기대하겠습니다!한번 시청해보세요!여러 재밌는요소가 모여 완전 웃고 가요!,10,1
180,별 기대없이 봤는데 정말 재미있어요 ㅋㅋㅋ 진심 웃기면서도 스토리도 괜찮아요 ,10,1
181,팀의  상상력과  귀염 터지는 아기들의 모습에 홀딱 빠지게 하는 초반부는 좋았지만..이후는 왁자지껄 하기만 한 소동극에 편리한  엔딩까지..그냥 그렇다는 느낌만..그래도 30락을 좋아했던 덕분에 그것의 패러디 같은 보스 베이비와 알렉 볼드윈의 더빙에서 재미가 좀 더  찾을수 있었어요..,6,1
182,좀 지루하고 산만한 전개는 감점! 그러나 귀여운 캐릭터로 만회! 저학년 아이들이 보기에는 좀 어려운 애니이지만 가족이 무엇인지 형제가 무엇인지  많이 생각하게하는 애니,8,1
183,정말  재미있고  sky님의 말처럼 목소리가 두껍긴하네용~ 그리고 이 영화를 보고  저도 제 딸도  빵 터졌네요~,10,1
184,재미있는데보스베이비목소리겁나두꺼웤ㅋㅋㅋ,9,1
185,지루하고 별로 재미없음...,0,0
186,유치원정도는 잼있을만함.  꼬맹이들이 많아 산만한가운데  지루함.  첨으로 영화보면서  졸았다.  상상력은 좋음,3,0
187,잘못보면 이해하기 어려운 만화영화였다 맨나중에 결론적으로  형제우애 라는것 말하고 싶었던  쫌 지루했다,8,1
188,아기들이 너무 귀엽고 형제간에 우애도 보기좋았어요. 상상력에 감탄하면서 봤어요.,9,1
189,아이와 재미있게 봤다. 중반부 지나면서 좀 지루했는지 아이들이 들썩였고 시끌시끌...하지만 난 끝까지 재미있게 봄.,8,1
190,초딩 애들과 봤어요 간만에 실컷 웃었네요 너무 너무 재미나요 자매나 형제 있는 집 꼭 보세요 내가 태어났을때 언니가 저런 심정이었겠구나 라고 보다가 동샹이 그러더라구요,10,1
191,보스  너무귀엽다,10,1
192,아이와 많이 영화보는 편인데 같이 보면서 같이 재밌는 몇안되는 영화. 너무 귀여워요,10,1
193,애들 너무 귀여ㅜ어요 ㅠㅠ,10,1
194,형제를 둔 집에서 보면 더 감동이 있을듯,9,1
195,애들부모들 평점에 낚임. . 어제 본 가디언즈2가 10배 더 잼있다.  ,4,0
196,재밌어요!,10,1
197,어린이날  맞아 얘들 보여주려 따라갔다가 오히려 제가 더 빵빵 터지고 왔네요.  행오버를 재밌게 봤다면 강추!,10,1
198,핵귀염에 꿀재미 처음부터 끝까지 신나게 웃고 가슴까지 따뜻하게 한 영화였어요~~♡♡♡,10,1
199,진짜   재밋게  봣어요   처음부터  끝까지  웃고  나왓네요,9,1
200,너무 재밌게 봤어요.   영화 초반부터 막 웃으면서 보다가 가슴이 따듯해지는  결말. 그리고 참신한 스토리 전개까지..  유쾌해지는 영화 찾는 분들께 강추합니다. ,10,1
201,좀 무거운 주제이지만  대단한  상상력으로  재미있게  풀어냈어요.  good~,8,1
202,그다지~~~ 기대가 컸는지 저는 별로~~~ 6학년  아들은 볼만했나봐요. 우리나라  애니메이션 빼꼼은 개봉시간대가 너무 없어서 아쉽네요. ㅠㅠ,5,0
203,딸 아이  둘 이랑 재밌게 봤네요  아이들은 물론 어른들까지  웃음소리가 끊이질 않더라구요,8,1
204,캐릭터의 표정 행동등에서 웃으면서 보긴했는데... 내용에서 이게 어린이를 위한건가 어른을 위한건가  인사이드아웃은 정말 잼나게 봤는데.. 이건뭐 그냥 ,4,0
205,캐릭터는 귀여운데... 내용은...,5,0
206,유치원생 딸과 같이 웃으면서  봤네요^^,10,1
207,아기도 너무 귀엽지만...어른들에게 더 와닿는 점이 많은...좋은 영화!,10,1
208,진짜 꿀잼이에요 ~휴일날 영화볼때 이 영화 추천합니닿ㅎ,10,1
209,진짜 너무 재미없었어요ㅜㅜ 인크레더블같을줄 알았는데ㅜㅜ한시간은 극장서 잔듯ㅋㅋ,0,0
210,진짜 재밌다. 꼭보셔,10,1
211,순간 순간 순발력있는 대응이 이채롭다  ~,8,1
212,꿀잼이에요,10,1
213,"어린이 입맛에 맞춰진 듯한 영화지만 가족의 의미를 되새겨주는, 재미도 있지만 소박한 감동도 있는 영화. 알렉의 연기에도 감탄했다. 올 5월의 볼만한 가족영화.",8,1
214,애기  목소리 쩔음,9,1
215,애기인데 목소리쩔엌ㅋㅋ    꼭봐야쥐~!,9,1
216,"인간에게 반려동물은 어떤 위치일까요? 친구, 가족 아니면, 그냥 감성을 주는 관계? 물론 그런 반려동물과 함께하는 관계도 괜찮지만, 애정의 화살표를 우리 사이로 가져가면 어떻겠냐고 묻습니다. 서로 감정을 나눌 수 있고 애증이 함께하는 아이는 어떠냐고 슬쩍 떠봅니다. 또한, 귀엽고 사랑스럽지 않냐고...",6,1
217,핵귀엽닼ㅋㅋㅋㅋㅋㅋㅋ,10,1
218,예고편 봤는데 빵터짐 ㅋㅋㅋㅋㅋ 아 넘나 치명적인 매력,10,1
219,존귀당 ㅠㅠㅠㅠㅠㅠㅠㅋㅋㅋㅋ존잼일 것 같음 ,10,1
220,끄앙 보스베이비 너무 귀여운거 아닌가요?ㅠㅠㅠ,10,1
221,예고편 10번 본 듯 ㅋㅋ 이제 대사까지 외울지경 ㅋㅋㅋ 빨리 개봉해주라 ㅠ,10,1
222,캐릭터 짱귀엽ㅋㅋㅋ 영화 재밌어보임,10,1
223,ㅋㅋㅋ 비주얼 개귀엽자나!! ㅋㅋ ,10,1
224,꺅~ 넘 귀여워~* 개봉하면 보러가야지~!!!^^,10,1
225,세젤귀다ㅠㅠㅠㅠ ,10,1
226,ㅋㅋㅋ 캐릭터 씹졸귀네,10,1
227,머일케 기여워 ㅠㅠ 기대된다,10,1
228,너무 기엽다 ㅠㅠ,10,1
229,"ㅋㅋ예고편 보고 빵터짐, 어른 목소리 내는 애기 졸귘ㅋㅋㅋㅋ",10,1
230,귀여워,8,1
231,..아기를 좋아하는 편이 아니라서  연출 구성 다 좋았음,3,0
232,동생은 팀에게 장난감을 뺐어요. 엄마아빠가 보스베이비 한테 우유를 주는데 목욕하다가 무슨일이 생겼어요.,0,0
233,진짜 상상력 what ,8,1
234,"추격신 빼고 노잼, 내용도 참신하게 하려는 시도는 보이지만 와 닿지도 않고 감동도 없음",2,0
235,그냥 캐릭터가 너무 귀엽다. 그걸로 끝,7,1
236,간만에 딸이랑 재밌게 봄. 귀엽고 웃기고 찡하기도 하고 또 보고 싶은 영화~.^,9,1
237,별로,1,0
