﻿,document,score,label
0,유치하지만 유쾌함.  속도감 있고 위트가 넘치고 가벼워서 스트레스 제로. 시원한 극장에서 스트레스 없이 즐겁게 볼 수 있어서 매우 좋았음,10,1
1,"유치하고, 마지막으로 갈수록 더 유치해지는데 어이가 없어서 중간부터는 계속 실실 쪼개면서 봤다 근데 그게 나같은 공대생&게임 덕후&인터넷 지박령한테는 정통으로 먹혀서, 조금 분함 개연성을 생각할 뇌는 잠시 빼놓고, 가슴으로 보면 낄낄대면서 볼 수 있음 올해 본 오락영화중에는 가장 즐겁게 봄",10,1
2,재밌습니다~있는 그대로 보시면 후회없는 선택이 되실듯~평론 좋아하시는 분들은 비추,10,1
3,라이언횽 사랑해요ㅠㅠ,10,1
4,유쾌하게 볼 수 있음 만족,10,1
5,이한 영화를 만들수 있는 미국이 부러울정도 진짜 최고입니다 메세지도 연출력 기술적 센스 그리고 배우들 연기 👍 마지막으로 캡틴 아메리카와 스타워즈는 영원할지어다 ㅋㅋㅋㅋ,10,1
6,게임 좋아하시는분들은 잼있어요,8,1
7,보기보단  잼있음 정신없을지도 모르지만  게임 아바타 이해하시면 보는데 지루하진 않으실듯,10,1
8,4D로 봤는데 여름영화로 제격!. 게임싫어하는 분들에겐 비추!,10,1
9,예고편안보고 친구따라 가서 봤는데 개졸잼,10,1
10,굉장히 재밌어요 100점,10,1
11,잼나요,10,1
12,"기대도 안하고 봤는데, 너무 재밌었어요.!!! 이런류의 영화 뭔가, 신선했어요~",10,1
13,후회안함 믿고보는 라이언레이놀즈,10,1
14,"올 여름 최고의 영화. 정말 재미있게 봤는데요. 왜 이제 개봉했는지..단, 12세 관람인거 감안하고 보세요.",8,1
15,ㅎㅎ 또 보러가고싶을정도임ㅋ,10,1
16,메인 메뉴에서부터 작은 반찬들까지 여러 맛과 색들이 조화롭게 차려진 밥상 같았다. 오락 영화 중에 이렇게 웃고 감탄하고 즐겁게 봤던 영화가 있던가 싶다. 단순한 구성에 빈틈 없이 꽉찬 위트와 오마주와 기대하지 못했던 장면들 하나하나까지 즐겁게 보았다.,10,1
17,코코.토이스토리.인생은 아름다워 ...수많은 명작을 봤다. 그리고 훨씬 더 감동적인 최고의 명작을 발견했다. 프리가이는 지금껏 본 영화중 최고의 영화다. 수많은 평점 10점을 믿어라. 장담컨데 영화 역사상 10위안에 들어갈 영화다. 절대 후회하지 않을 것이다. 꼭 보길 추천한다,10,1
18,"오락으로 똘똘 뭉친 영화 초반엔 CG범벅이라 졸리움을 유발하지만 후반부터는 변주를 시작한다.  게이머들의 돈과 재미에 대한 고찰, 그리고 사랑에 대한 주제를 유쾌하게 풀어나간다",7,1
19,숨은 명작! 넘 유쾌하고 재밌습니다^^,10,1
20,깜짝 카메오는 빙산의 일각일 정도로 볼거리가 풍부한 영화,7,1
21,2시간이 어떻게 지나갔는지 모르고 봤어요 너무 재밌었어요~~,10,1
22,트루먼 쇼 리메이크작이라 해도 좋을 정도. 재미있게 봤음. 강추!,8,1
23,어떻게 이런 상상을 할까 싶을정도로 재밌어요 배우들 연기도 좋고 연출이며 음악까지 완벽합니다 그리고 영화가 주는 메세지도 좋아요,10,1
24,GTA와 메타버스의 콜라보,10,1
25,트루먼쇼+레디플레이어원+데드풀에 어벤져스와 스타워즈의 까메오,8,1
26,..,5,0
27,특이한 유형의 영화 재미지다ㅎㅎ,9,1
28,메타버스의 흥미롭고 유쾌한 묘사  기대보다 재미지다.,9,1
29,유쾌한영화.잼있음 해피엔딩도좋구요. 영화관에서보니더좋음 초딩도 으른도 보기딱좋음. 잼나게 보니아침보다 기분업,8,1
30,넘 기대했었는데 기대만큼 잘빠졌음! 라이언 레놀즈 걍 최고,10,1
31,라이언 레놀즈 사랑해요,10,1
32,시사회로 운좋게 봤는데 최고이ㅠㅠㅠ꼭  스포  밟지 말고 개봉날 보세요,10,1
33,와우 엄청 기대됨 ~~,8,1
34,8월13일 개봉이라는데 우리나라는 언제 개봉하는지  기대되네요,8,1
35,기대중,10,1
36,기대기대,10,1
37,7살이 봐도 유치해서 그냥 잘듯 ㅋㅋㅋ,1,0
38,스윗 스윗 판타지  베이베,10,1
39,이영화 비추다  어벤져스?? 스타워즈?? ㅍㅎㅎㅎ  스토리가 역시나 고퀄 수준 높았다 스토리만큼은 내 취향이었다 메타포와 파라독스가 내게는 느껴졌다  나역시도 npc 같은 삶이지만 그렇게 허수아비같은 꼭두각시같은 인생을 살고는 있지만 됐고  이영화 스필버그의 레디플레이어원(비추)도 생각나고 짐캐리의 트루먼쇼(강추)도 생각나고 건즈아킴보(비추)도 생각나고 암튼 유쾌하게 잘 만든 거는 같다  아울러 단순한 이야기를 영화로다가 만들다보니 산만해보이나 이역시도 충분히 이해된다  하지만 이러한 패러디에 짜집기에 여기저기서 좋은거는 다 집어넣어 만든 영화는   내 개인적인 주관적으로는 내년에도 후년에도 때되면 적당하게 변형해서 또다시 반복해서 나오는 그런 일종의 양산형 싸구려 영화 느낌이었다,4,0
40,잤다. 현실과 게임사이를 왔다갔다하는 데에 이입이 힘들었다.,7,1
41,소재와 아이디어는 훌륭했다,8,1
42,어린이들이 보기에 딱이네요,10,1
43,..,8,1
44,"가상의 세계에 영웅으로 산다 한들 현실을 바꿀 수는 없고, 허구 세계의 존재와 제아무리 교감한다 한들 실체를 대체할 수는 없지. (그래도 달콤했어, 너와 함께한 시간. 흑흑)",7,1
45,파란색 데드풀이라 홍보했지만 현실은 트루먼쇼 온라인..,7,1
46,영화 잘만들었다 게임속 캐릭터가 인공지능화가 되면 진짜 생명이 될수도 있겠구나 하는 가능성인지 허상인지를 말해준다 미래시대를 보여줄수 있는 영화인건가 싶다,10,1
47,라이언레이놀즈 주연작중 데드풀다음으로 좋네요  보디가드로나왔던영화보단  확실히 나음,7,1
48,"밝고, 화려하고, 즐겁고, 유쾌하다. 그리고 재밌다.",8,1
49,마지막 장면에서 1점 뺐습니다.,8,1
50,라이언때문에라도 꼭 봐야지요 ㅋㅋ,10,1
51,얼결에 봤는데 이 영화 재미있더라.,7,1
52,오픈 월드 게이머들을 위한 송가,5,0
53,진짜 재밌게 봤어요 ㅋㅋ,10,1
54,.,10,1
55,탄탄한 스토리 볼거리 재미 생각해볼 거리까지 다 잡음.  올해 최고의 영화,10,1
56,와 숀레비 오랜만에 감독으로 ㅋ ,9,1
57,이게 잼있나… 넘 유치하다.  게임하는 애들은 좋아할듯.   드라마적으로는 아함브라의 궁전이 낫다.,4,0
58,더수어사이드 스쿼드를 보고 그다음 영화로 바로 봤는데 그게 실수인건지 모르겠지만 초반엔 그럭저럭 볼만하면서 점점 몰입하려고하다가 중간부터 갑자기 몰입도가 떨어지고 남을 가르치는 듯한 교육영화로 바뀜 문제는 그게 중간부터 영화가 끝날때까지 이어짐 진짜 지루하고 영화의대한 몰입도를 방해함 그런 적당한 액션에 교육영화를 선호하면서 볼만함 다만 남을 가르치는 것같은 느낌의 교육영화가 싫다면 비추 개인적으론 왜이런 방식으로밖에 영화를 풀어내지못했을까라는 아쉬움이 듬 애초에 영화스토리보단 주인공남자배우때문에 보긴했는데  돈이 아까움,3,0
59,2주전에 벌써 p2p사이트에 많이 떠돌고 있던데...,10,1
60,오픈월드게임에서 NPC의 활약이라니! 주제나 소재는 정말 좋은데 좀 개유치...,7,1
61,많이  유치함  그래서  그런지  잠이솔솔  연기는잘함  유치하게~  그냥  cg  범벅,5,0
62,뭔가 기발한 것 같은데 재미는 없고 역시나 난 미쿡식 유머는 진짜 안 맞는 것 같음ㅋㅋㅋㅋ 막판 여주남주 해피 엔딩 전 10분 정도만 재밌고 나머지는 좀 지루함.,6,1
63,무슨내용인지 모르겠고 스토리가 정신없고 재미도없어요..돈주고 보기엔 아까워요.절대보지마세요..전 그냥 자다가 나왔어요,1,0
64,마이너스는 없냐?,1,0
