﻿,document,score,label
0,어떻게 레드룸에서 탈출했는지 그 안에서 무슨일이 있었는지 그리고 어떻게 레드룸을 파괴하는지 주 내용인 줄 알았으나 가족애를 주제로 삼아버려 명작이 평작이 되어버렸다. 가장 심오하고 진지하고 역동적인 캐릭터 블랙위도우를 그렇게 떠나 보낸 마블과 디즈니,6,1
1,음.... 평점이 높아서 기대를 많이 해서 그런가... 다소 아쉽고 조금 실망스럽기도 했다... 역시 마블매니아들의 만점 평점에 속았다.. 그렇다고 못 볼 정도 까진 아니고 블랙위도우를 회상할수 있어서 좋았지만 10점 만점 짜리 영화는 아닌듯...,7,1
2,버키 : 그거 할레? 닥스 : 가망이 없어...  다된 밥에 박지훈만 안뿌리면 된다...,10,1
3,스칼렛요한슨❤️❤️❤️,10,1
4,로봇나와서 레이져 쏘는것 보다 리얼 찐 액션씬 너무 멋짐....  기다린 보람 있음...,9,1
5,마블 액션 영화를 기대하고 간다면 후회합니다. 가족용 드라마라고 보시면  됩니다. 나타샤 얼굴 보러 온 것 같은 느낌 의 영화,6,1
6,나타샤에겐 가족이 전부였다ㅠㅠ 살려내,10,1
7,동생 엘리나 귀염 터짐.,9,1
8,솔직하게 평하자면  그간 본 마블영화 중 가장 지루했다  극장가서 볼 정도는 아니었고 뭔가 강력한 스토리가 없는 영화였네,7,1
9,"블랙위도우의 과거 프리퀄격인 영화 그래도 기존 어밴져스 와는 전혀 다른 휴머니티가 물씬풍기는 분위기. 가족은 위대하다. 그리고 약한자여 그대이름은 여자라고? 헛말이다.멋드러지게 뽑아낸 여성 캐리터들의 몸빵  일대일 격투씬, 공중전투장면이 스크린의 화려함을 더 한다 필히 IMAX 대화면으로 감상하시기를 마지막 출연이라는 스칼렛 요한슨, 그녀의 후계자를 만날수 있을듯 마지막 쿠키장면 까지 집중된다. 반가운 얼굴 멜리나역의 레이첼 와이즈 그리고 엘레나의 모티브가 된노래  Don Mclean의 "" American pie ""또한 반갑다",9,1
10,무조건 무조건 봐야 하는 영화ㅜㅜㅜ 나타샤 못보내요...ㅜㅜ,10,1
11,스칼렛 마지막영화라기에는 조금 아쉬웠다...글구 2편 제작예정이라는데 감독좀 바꾸자 연출이 젤 아쉽더라,7,1
12,오 미쳤어요!!  스칼렛요한슨😍😍😍  이건그냥봐야되요,10,1
13,보고싶었어 나타샤..... 극장가고 싶은 데 같이 갈 사람이 없다.. 혼자라도 가야하나.....,10,1
14,이런 영화가 곧 종말을 맞을 것 같다는....  또 세계 정복이냐... -_;;  진심... 세계 정복 이야기는 그만 보고 싶다.,6,1
15,마블은 진짜 퀄리티 하나 꾸준하게 뽑아내는게 진짜 신기하네ㄷㄷ 간만에 보는 마블영화라 그런지 더 몰입해서 봄,10,1
16,잘 만들면 캡틴아메리카급 시리즈인데... 이렇게 재미없게 만들다니... 캡틴마블 만큼 재미없다.,5,0
17,마블은 역시 볼거리가 많아서 지루하지는 않아,8,1
18,전투씬마다 현장감과 몰입도 오져버림ㄷㄷ,10,1
19,볼만했슴 끝나고쿠키하나있슴,8,1
20,"매력적인 도입부, 그 후로는 이미 클리어 한 게임 리플레이를 보는 기분",6,1
21,기대가 너무 컷나?,7,1
22,앞자리 분 분실물을 갖고 있습니다.  7월 7일 17시 인천 CGV IMAX관 C10 열 앉으신 분 babou34@naver.com으로 연락 주시면 감사하겠습니다.,8,1
23,코로나 시국에 마블개봉~~  땡큐하고 봤는데 노땡큐였음,6,1
24,지루하고  재미없음,5,0
25,마블영화중 최악. 웃기는것도 별로. 감동도 별로. 액션도 별로.  그저 떡밥을 위한 영화.,4,0
26,코로나 이색~!  ㅠㅠ,10,1
27,내가 본 마블영화중에서 최악이다,1,0
28,나타샤 살려내라,10,1
29,어벤져스를 가족으로 생각했던 나타샤. 그러기에 망설임 없이 죽음을 택했었다는 서사와 달리 가족이 생겨버려서 내용상 충돌은 있다. 하지만 나타샤의 과거에 대해 잘 설명된 영화고 캡틴 아메리카의 퍼스트 어벤져를 생각해보면 충분한 개연성을 나타낸다. 2대 블랙위도우로 플로렌스 퓨를 밀고 있는데 꽤 매력적이다. 페미 드립은 솔직히 느낄수 없던데 왜 페미를 갖다 붙이는지는 모르겠다. 마블은 늘 느끼지만 재미있다. 너바나의 노래도 개인적으로는 너무 딱이었다고 생각했다,8,1
30,마블에서 만든 영화인지 의심스럽다.  혹시 짝퉁 마벌에서??  최악 노잼..,1,0
31,지루함,1,0
32,마블스튜디오 영화사상 최악이네요. 전세계적으로 영화계가 퇴보하고 있는듯.,4,0
33,공들인것에  비해선  별로였다. 추격씬과 액션씬은 좋았으나 스토리와 개연성이 부족했고  어벤져를 들먹이는건 뜬금없었다,5,0
34,스칼렛요한슨의 아듀 블랙위도우... 조금 아쉬운 부분이 있긴했지만 마블 덕후인 내겐 몇년에 한번씩 주어지는 행복한시간임! 마블 인트로 음악부터 시작되는 설레임을 쿠키영상까지...또 보러 갑니다 ㅋ,10,1
35,가지마,7,1
36,요보비치 딸이 더 놀랍다...,7,1
37,"3번 졸았네...어거지 스토리,,웃지도 않은 개그샷,, 그리고 뭔말이 그리 많아  내 생애 최악의 마블.....",1,0
38,시간이 아까움....,2,0
39,기대보다 많이 약하다.,4,0
40,오랜만에 극장에서 본 마블영화라서 인트로 나오는 순간부터 가슴이 웅장해지네요 ㅋㅋ,10,1
41,아니 앞뒤도 안맞고 설정도 만맞고 상황도 안맞고 참 뜬금없네  마블영화라고 하지말고   마블영화 보면서 졸아보긴 첨이다   화가난다,1,0
42,솔직히 제 취향은 아니네요. 졸면서 봤어요.,4,0
43,가망이 없습니당,2,0
44,옐레나 캐릭터가 넘 매력적,10,1
45,그냥..좀..길고..임팩트도 그닥...,6,1
46,난 잘 모르겠다... 지루한 면이 좀 없지 않았나 싶다...,6,1
47,"블랙위도우의 어릴적 과거부터 성장하면서 가족의 화해까지, 블랙위도우가 상처를 극복하고 어벤져스영웅으로 거듭나는 과정을 잘 그린 영화. 단순히 페미니즘이라고 단정지을 영화가 절대 아니다. 혹여나 그런 말을 한 사람이 있다면 그 사람은 이 영화를 보지 않은 것이다. 어벤져스가 되기 위한 마음가짐과 전투력 주변가족과 이웃을 챙길줄아는 따뜻한 마음이 있어야 한다는 것을 보여 준 영화.",10,1
48,캐릭터 스토리 유머 전반적으로 아쉽네요. 기존의 마블 말고 그냥 액션영화한편 본다고 생각하고 보시는게 나을듯~~,8,1
49,액션은 진짜 대단했음! 근데 테스크 마스터가 너무 초반과는 다르게 너무 어설프게 끝났음.,7,1
50,뭔가 좀 아쉬웠음.,7,1
51,얼마전에 분노의 질주9를 보구  이 영화를 봐서 그런가 정말 재밌게 봤음,9,1
52,진짜 재미있다. 말이필요없다. 단지 스카렛요한슨이  마블은퇴를 한다니 섭섭하네.... 끝까지 자리에서 일어나지말고 버티길...뭔가 ... 오랜만에  시원하네....,9,1
53,생각보다 별로  다른 어벤져스들에 비해서  그닥 매력을 못느끼겠음,7,1
54,마블이라 퀄리티는 역시 좋구나. 치명적인 스파이 첩보물에 완전 어둑어둑한 분위기를 기대했는데.. 크흠.. 요한순눈나 이제 이렇게 끝난거여? ㅠㅠ 바톤터치라고 하기엔 뭔가 허전하고 아쉽다. 대박까진 아니어도 무난하게 재미있었다.,8,1
55,너무 재밌었어요 존잼,10,1
56,평범,5,0
57,스토리도 그렇고 액션도 그렇고 보는 내내 지루했어요. 장점은 마블영화 끝.,3,0
58,초능력이 없는 찐 액션....이제 더이상 블랙 위도위....스칼렛 요한슨을 볼수 없는 것인가...ㅠㅠ......,10,1
59,드라마를 강조하다 보니 액션이 좀 아쉬웠다.,6,1
60,너무 좋았음 기승전결 완..벽 ㅠ,10,1
61,블랙위도우   스칼렛 요한슨♡  엉엉 살려내요ㅠ,10,1
62,재밌었어요! 완전 추천합니다!,10,1
63,액션도 멋지고 연기도 좋았어요 오랜만에 보는 마블영화라 더욱 좋았어요,10,1
64,보고 나오는 길에 2차 예매했어요,10,1
65,완벽한 블랙위도우 완벽한 스칼렛요한슨,10,1
66,가족상봉기,7,1
67,드래곤볼 7개 모아서 살려달라고 소원 빌고 싶다,7,1
68,마블이니까 그냥 소소하게라도 팝콘 씹으면서 보고 싶어서 봤는데 그냥 그랬음,4,0
69,최악이였다 볼거리도 줄거리도 미모도 어느것 하나도 없었다,1,0
70,21년 최고의 액션대작이다~🤗🤗🤗🤗,10,1
71,"마블의 노예들은 평과 관계없이 그냥 보겠지만(나 역시 그랬으니) 지금껏 마블 영화중 가장 지루함 스칼렛 요한슨 퇴장에 대한 헌정 성격이 강한 스핀오프인데  계획에 없던 작품을 졸속으로 만든 것처럼 설정 등 여러 면에서 어설프다 악당 캐릭터도 너무 시대적으로 공감이 안 된다 화려한 액션은 있으나 공허한 느낌이고, 너무 미스 캐스팅이 많아 보여 참 별로다",3,0
72,야 이거  안보다가는 클난다 쿠키영상 기다리는 시간이 10정도? 되지만 쿠키영상도 재밌고 애초에 영화 자체가 (개인적으로) 마블 영화중 가장 꿀잼임!!! (한마디로 안보면 후회),10,1
73,시원한 액션영화! 역시 여름에는 블록버스터야~,10,1
74,솔직히 별로 재미 엄슴미다.  보다가 잣음.  그렇다고 3점 영화까진 아닌데 여초에서 좌표 찍어서 그런지 평점이 너무 높아 3점 줍니다.,3,0
75,김 빠진 사이다맛 마블영화의 종말,1,0
76,"분량의 절반이상이 지루하네요,,",4,0
77,큰 기대 안했지만.. 역시나 내용도 어설프게. 재미도 없고..,2,0
78,차라리 어벤져스 되기전의 나타샤 서사를 만들지 이건 정통액션물도 아니고 슈퍼히어로물도 아닌 혼종을 만들어냈다 연기들도 다 겉돌고,5,0
79,아 진짜 노잼... 여자분들 여성영화 라고 좌표찍고 와서 평점 높이는 행동들 이해는 하겠는데 제발 명작이라고 올려치는짓은 하지맙시다 돈만날렸네,1,0
80,진짜 다른 할말은 없음... 최고최고!!,10,1
81,"이상하네.. 왜 이리 평점이 높지?? 솔직히 별로 재미없던데?? 댓글 내용 읽어보니, 재미없다는 평은 거의 진짜 영화를 본 사람들인것 같고, 10점 준 인간들은 아마 거의 알바들일듯. 얘들아, 진짜 영화 별 재미없어. 참고해.",2,0
82,액션 영화를 보러 갔는데 맨날 가족 얘기야... 그리고 레드 룸에 대한 설명이 부족하고 레이다에도 안 걸리는 난공불락같은 요새가... 그리 쉽게 파괴된다는 것도.. 참...,6,1
83,나타샤...난 아직 언닐 보낼 수 읪어,10,1
84,지금까지의 마블 영화를 기대하셨다면  당신은 이 영화를 포기하십시오. 이건 그냥 평범한 액션 영화입니다. 스토리도 그닼..  네이버는 평점 알바생들 천지인데 여기는 그나마 좀 알바생들 덜한것 같습니다.  6점 정도.. 그 이상은 절대 아닙니다.,6,1
85,꼬마 아이들을 위한 영화  마지막 ... 페로몬 때문에 악당을 죽이지 못하자 책상에 코를 짓이기는 장면은 압권^^  웃자 그냥,2,0
86,잘봤네요 보는내내 시간이 지루하지 않았어요ㅎㅎ,10,1
87,너무 재밌었다! 액션도 스토리도 캐릭터도 👍,10,1
88,"블랙 위도우 솔로무비라니!! 지금까지 스칼렛 요한슨이 출연한 아이언맨2, 어벤져스, 윈터솔져, 울트론, 시빌워, 인피니티워를 봤던 사람으로서 예쁜 외모와 매력적인 성격을 가졌고 멋진 싸움 연기를 펼치는 블랙 위도우 스칼렛 요한슨의 솔로무비 너무 기대돼요!! 꼭 영화가 순조롭게 진행되었으면 좋겠어요~",10,1
89,마블 팬심으로봐도 지루하고 재미없습니다. 평점에 속았네요.,1,0
90,"붸페미스트들이 ""내 안의 가부장을 깨다"" 같은 뻘소리로 영화의 본질 좀 그만 흐렸으면 좋겠다. 얼마나 피해의식에 사로잡히면 이걸 가부장이랑 연결시키나?",7,1
91,처음으로 보다가 잔 마블 영화. 결과가 궁금한 내용이 전혀 없다.,5,0
92,맨몸 액션 좋고 재밌음 윈터솔져 여성버전 같은 느낌,9,1
93,신나게 본 영화~ 언뉘 멋져!!!  언뉘들을 위한 영화?? 그런데 이 영화때문에 블랙 위도우가 나오는 어벤져스 가 궁금해졌다.,9,1
94,영화가 현실적이지 않다는건 당연한 건데 개연성이 너무 떨어진다는건 문제점 떠나는 나타샤 때문에 별 2개는 준다,4,0
95,어제 보고 왔는데 존내 재밌음 토르나 캡틴 마블의 액션과 다른 순수한 인간(?)의 액션이 죽여줌,10,1
96,6점 주긴 아깝고 8점 주긴 너무 많은거 같고 7점이 딱인듯 마블 히어로 영화로 보긴 약하고 가족 페미 뭐 그런 쪽으로 보기도 약하고 애매하다 너무 다 잡을라고해서 너무 약해진 느낌?,7,1
97,너무 좋았습니다. 맨몸 액션 씬 최고,10,1
98,또 보고싶다,10,1
99,"잘 짜여진 스토리, 수준 높은 액션, 흥미로운 세계관",9,1
100,스칼렛 짱~~ 액션 최고~~ 너무 멋있어,8,1
101,오랜만에 개봉한 마블영화 기다린 보람이있네요,9,1
102,오랜만에 보는 마블인데 역시는 역시였다,10,1
103,진작에 개봉했어야 했음ㅠㅠㅠ 최고야 ㅠㅠ,10,1
104,정말 재밌었어요!! 나타샤 못보내ㅠㅠ,10,1
105,지나가는 길에 잠시 들러서 보는 영화...옛날 이야기인데...울버린하고 비교하면 좀 약한...,7,1
106,맘아파서 어떻게봐요......ㅜㅜㅜㅜㅜㅜㅜ 진짜 아휴....,10,1
107,스칼렛요한슨 너무멋졍♡  나타샤의 액션이 넘 멋진데 짤막하게 나와서 넘 아쉬웟는데 블랙위도우에서는 많이많이 나왓으면 좋겟다는 작은바램ㅎㅎ 빨리 개봉해랏!!!!!! ,10,1
108,"마블답지 않은 우울한... 독특한 오프닝 마블다운 엄청난 스케일의 눈요기의 장점  하지만  익숙한 패턴, 지루함이  문제",6,1
109,나름 볼만했음 여자들 멋짐,7,1
110,생각보다 지루했던 영화..,5,0
111,마블영화  처음 봤는데 시간 떼우기는 좋아요 그런데  제스타일은 아니네요ㅋ,7,1
112,음... 처음 도입부엔 괜찮았는데... 뒤로 갈수록 별로네. 마블 매니아인 우리아들도 지루해하던데...,6,1
113,하...참  기술은 발전해도 그것을 활용하는 자들의 능력은...,5,0
114,중간중간 몇 번 졸았다.,5,0
115,기대했던 거에 비해 스토리가 빈약해서 좀 지루했습니다. 태스크마스터가 나오는데 영화 끝나고 나서 별 기억이 안 나네요.  마블 영화 치고는 스케일이 작아 아쉽습니다. 액션씬이랑 나타샤 옐레나 드립치는 부분은 볼 만 했습니다.  이 영화로 스칼렛 요한슨이 좋아져서 마블사를 떠나 앞으로  블랙위도우를 못 본 다는 게 굉장히 섭섭하네요.,7,1
116,가지마ㅜㅜㅜ,10,1
117,그렇게  나타사는  21년만에 가족 단톡방을 만들었다......,10,1
118,흠...,5,0
119,♡♡♡♡,10,1
120,스칼렛언니 너무 멋있다,10,1
121,마블👍,10,1
122,나타샤 로마로프의 스핀오프. 나름 의미가 있네.,8,1
123,아 이게 액션이지 ㅜㅜ,10,1
124,멋진 언니들 나온다.,9,1
125,설마 이 영화 아직도 안봤나?,10,1
126,마블중 최고,10,1
127,좀 지루한 부분도 있었지만 액션씬 즐기고 스카렛 요한슨보면서 시간때우기 좋은 영화.,7,1
128,시간 가는줄 모르고 봤네요. 재밌고 슬프고 감동적이고 스릴있고 다하는 영화입니다.,10,1
129,대박.시간 가는줄 모르고 봤음.대작임요~~,10,1
130,지루했어요....ㅠㅠ,5,0
131,"기존 어벤져스의 느낌으로 보면 다소 실망스러울 수도 있다. 극장서 나올 땐 한 7점 생각했으나 쿠키영상에서 블랙위도우의 묘지를 보고 그녀의 블랙위도우 마지막 출연이란 점에서 1점을 올렸다. 몇 년 지난 툭박진 질감의 영상이라 깔끔한 느낌은 아닌 것 같아 아쉬웠다. 드라마에 좀 치중한 것 같고, 어벤져스 때의 큰 볼거리가 많지는 않은 편이다. 이 영화로 어벤져스 엔드게임에서 본인 목숨을 기꺼이 바칠 수 있다는 이유를 알 거라고 했는데 그 연유는 못 찾았다. 그래서,그녀의 마지막 편이 몹시 아쉽다. 나타샤! 고생했어요.",8,1
132,ㆍ,10,1
133,무조건 10점 걸께!!,10,1
134,개봉이 너무 늦었어,7,1
135,스칼렛 요한슨의 퇴장과  플로펜스 퓨의 등장을 이어주기 위한 스핀오프인듯~  나타샤의 이야기가 더 있었으면..더 좋았을텐데...  플로펜스 퓨의 캐릭터연기는 넘 좋았음.,7,1
136,진짜 재밌음.,10,1
137,내용을 떠나 초반에 여자아이가 연기를 잘 한건지 감정이 몰입된건지..  딸 둘이 있어서 그런지.. 배경음악이 슬펴서 그런건지 너무 마음이 아프더라..,8,1
138,순옥킴 작가님이 나타샤언니 살려줘라 ㅠㅠㅠㅠㅠㅠㅠㅠㅠ,10,1
139,나타샤 로마노프,10,1
140,마블이 위대하다고 시간도 잘가며 하지만 내 스타일은 아닌거 같고,7,1
141,2018년 마녀(김다미 주연)를 보는듯한 느낌을 받았습니다. 마블에서 [마녀] 의  쏘스만 카피한 영화....  근데 관람하시면 마블답지 않게 쓸떼없이 주둥이 터는 시간이 너무 깁니다. 이런 부분이 몇번 나오는데 지루합니다.  그리고 엔딩 크레딧 뒤에 쿠키영상 있으면 끝까지 자리를 지키세요,7,1
142,가족의 의미? 나타샤 죽었...ㅠㅠ,6,1
143,"킬링타임,,,,,,,",6,1
144,.,6,1
145,볼만함. 근데 imax 왜캐 비싼거냐 평일인데 1만9천원. 언제 올렸냐.,7,1
146,"테스크와의 마지막씬은 좀 아쉬움, 장단이 함께 하지만 블랙위도우 단독영화라는 상징성이 크다  마블의 스토리 연계를 되새김하는 재미는 기본이겠고.",7,1
147,앞자리 분실물 어쩌고 님아 그런건 씨지브이에 맡겨야지...머하는거임?,6,1
148,전 엄청 재미있게 봤어요~남편은  그저 그렇다는데 가족애도 같이 들어가서  전  시간 가는줄 모르고 봤어요~,9,1
149,믿고 보는 마블영화 몰입도 최고,10,1
150,재밌어..진짜 재밌어!!!!!나중 쿠키 영상은  진짜!!!ㅎㅎ,9,1
151,블랙위도우의 캐릭터를 더 알 수 있어서 좋았어요,10,1
152,블랙위도우 너무 멋있다 진짜로...,10,1
153,비정하고 숭고한 희생이 없는게 제일 좋았다!!,10,1
154,마지막 부분 액션이 멋있었습니다. 쿠키영상 무조건 보고 나오세요~,10,1
155,간만에 마블이라 너무 반갑네요.,10,1
156,좋아서 더 아쉽다 이게 끝이라니..ㅠ,10,1
157,"감동, 재미, 짜릿 뭐 다 잡음...ㅎㅎㅎ",10,1
158,여배우들 너무 멋져요 ~♡,10,1
159,간만에 마블 굿입니다~~ㅎㅎ,10,1
160,따뜻한 마음을 가진 액션 영화인 것 같습니다.,10,1
161,기다리던 영화 역시 실망시키지 않네요 해피엔딩이라 좋았어요.,10,1
162,잘봤습니다 기다린보람이 있네요~,10,1
163,믿고보는 배우 스칼렛 ㅎㅎ 영화도 넘 재밌어요,10,1
164,짱짱 블위 못 잃어ㅠㅠ,10,1
165,최고의 마블영화입니다!,10,1
166,너무 재밌다 꼭 보세요!!!,10,1
167,나타샤 돌아와줘ㅜㅜㅜ,10,1
168,시원하고 강렬한 액션ㅋㅋㅋ,10,1
169,2021년의 첫 마블 영화로는 충분!,10,1
170,"빵빵 터지는 액션, 매력적인 빌런이 인상적!!",10,1
171,", 마블 팬이라면 꼭 보길 바람",10,1
172,마블은 역시 마블~~ 설명이 필요없다~~,10,1
173,옐레나 매력터진다...,10,1
174,스칼렛 요한슨의 멋진 피날레,10,1
175,역시 마블,10,1
176,간만에 통쾌한 액션씬!,10,1
177,안녕 나타샤!! ㅜㅜ,9,1
178,10년간 영화한 함께한 블랙 위도우..마블의 가족.,9,1
179,마블이라는 명품이라서 매우 질높은 영화라는건  보증함 액션보다는 드라마에 집중한듯,8,1
180,다된밥에 박지훈 뿌리기,8,1
181,재미있게봤네,10,1
182,블랙위도우도 어벤져스다! 드라마로 만들어졌으면 더 괜찮았을껄...,10,1
183,진짜 기다린 보람있게 소름끼치게 멋있다,10,1
184,마블다운 영화 너무 재밌었어요 !!,10,1
185,첨부터 감격해서 봤네...ㅎㅎㅎ,10,1
186,"연기가 좋았고, 액션이 화려했습니다",10,1
187,나타샤 앤 옐레나 포에버..♥,10,1
188,곧 다시 보러 갈 듯ㅋㅋㅋ,10,1
189,"감동과 재미, 시원한 액션까지 다 잡았군!!",10,1
190,갈수록 멋있어지면 어쩌냐ㅠㅠ,10,1
191,액션신들도 너무 시원하고 몰입감 최고였습니당,10,1
192,마블은 역시 마블. 오랜만에 재밌는 시간이었습니다~~,10,1
193,"또 보고싶다 존잼,,",10,1
194,잊지 않을게. 나타샤!,10,1
195,n차 달려야함,10,1
196,오랜만에 보는 마블 영화 너무 좋아요ㅠㅠㅠ,10,1
197,가족과 함께 재밌게 봤어요! 역시 마블!,10,1
198,"배우 연기, 음악, 연출, 스토리 모든 것이 완벽",10,1
199,믿고 보는 스칼렛 요한슨,10,1
200,코로나 때문에 자그마치 반년이나 연기되다니... 11월까지 언제 기다리나 ㅠㅠ,10,1
201,기대중,10,1
202,"코로나 때문에 연기가 되었지만, 워낙에 팬이였기에 기대하고있는 작품! 이렇게 블랙위도우를 한번 더 볼수 있다니 ㅠㅠㅠㅠ",10,1
203,봐야죠 꼭,10,1
204,무족권,10,1
205,마블 영화 중 제일 가는 노잼,1,0
206,어벤져스  시리즈중 최악,4,0
207,쿠키영상있어요 영화는  별로입니다 스칼렛 좋아하시면 보로가세요;;,5,0
208,걍 재미없고 유치한 영화,2,0
209,애들이나 보는 가족 영화 ㄷㄷ,1,0
210,재미없음... 뻔한스토리... 예상가능 스토리... 정작 궁금한 이야기는 하나도 풀어내지 않음 ..평점 믿지마세요,3,0
211,핵노잼 1점도 아깝다 평점 알바 뭐냐 진짜  오히려 제임스 건 더수어사이드스쿼드가 더 기대된다,1,0
212,참 이해가 아니가네,4,0
213,말이 너무 많아서 정말 지루 했다,1,0
214,내  아까운 시간...,1,0
215,.,4,0
216,졸려죽는줄알앗네여 .......잼없음 역대급,1,0
217,"늘 그렇듯, 마블영화는 예고편만 보는걸로.",4,0
218,마블 영화 재미면에서는 그래도 평타 이상으로 계속 봤는데 이거는 뭐  다른사람들이  지적하는 스토리 퀄은 애초에 기대도 안해서 걍 그럭저럭 봄 스토리 조잡한거 맞긴함 액션은 왜 칭찬들 하는지 모르겠음 욕먹을 정도는 아니지만 와 개쩐다 칭찬 들을 수준은 절대 아녔음 가족휴머니즘도 어설펐음 그리고 제일큼 문제는 빌런이 하는게 없음 일단 뭘 해야 좋다 나쁘다 평할텐데 하는거 자체가 없음 해골 바가지가 나와서 좀 주먹질 하고 영감탱이는 나와서 뭐좀 하려다 두둘겨맞고 헬기로 튀다가 죽음 빌런이 하도 하는게 없어서 어이없을 정도  뭐여 빌런 이렇게 끝난다고? 이생각듬 스칼렛요한슨 팬이거나 마블 팬 아니면 좋은점수 주기 힘들듯,4,0
219,이렇게 지루한걸 2시간 넘게 봤다니;;; 스토리 연출 쓰레기 액션도 별로,3,0
220,웬만하면 나이먹고 이런 글 안 올리는데 기대하지 말고 보시길 상당히 지루합니다. 뭔 얘길 하는지  그냥 자기네 끼리 주절주절,2,0
221,똥을싸라 그러면 유명해질 것이다,2,0
222,나 마블에 스칼렛 요한슨! 액션 배우면 액션 배우답게 근육라인이 조금이라도 보이게 다이어트도 좀 하고 운동도 좀 하고 촬영하지. 전혀 액션배우답지 않은 밋밋한 팔뚝라인과 다리라인. 진짜 일반인이랑 전혀 다를바없는 몸매다. 그 동생역 맡은 배우도 헐~ 팔뚝 근육라인은 기대도 안한다만 밋밋한 팔뚝이 우와~ 진짜 두껍.. 게다가 목살은  뭥미? 목에 살이 두꺼워서 막 주름지고 겹치고ㅎㅎ 단신에다가..  내용은 또.. 마블 짭이냐? 진짜 핵노잼. 정말 핵노잼. 마블이라 기대하고 간 내가 바보지ㅜ 돈 아깝고 시간 아깝고ㅜ  다음에  무료  떠도 안본다. 이제 마블 안본다  절대 안봐.,2,0
223,마블이니까 이정도 평점줌 생각보다 재미없네,5,0
224,어벤져스 시리즈를 보았다면 블랙위도우에서 큰기대하지 마셈...,3,0
225,"감독의 역량이 아쉽다, 액션씬에서의 카메라 워킹도 너무 뻔하며 영화 전체로 봐도 흐름이 상당히 어설프다. 무엇보다 블랙위도우 영화를 보고 블랙위도우가 더 불쌍해졌다. 아까운 캐릭터를 잘 살리지도 못했기 때문에... 가족애를 강조하고 싶었지만 정작 그 부분이 제일 루즈한게 미치도록 아까웠다.",1,0
226,지루하다  마블맞나 싶을 정도로,2,0
227,실망!!,1,0
228,많이 아쉽다.. 국내마블팬 호구들을 위한 영화,6,1
229,지루함의 연속  액션은 보통 뜨거운 여름 시원한 극장에어컨만 기억남!,1,0
230,스토리도 억지스럽고 레드 가디언은 한 일 없고...;;;;,6,1
231,생각보다 멋졌어요 영화에 나오는 위도우들 모두 멋짐. 윈터솔져 영화 보는 느낌 이었어요!,10,1
232,밑에분들말에거의다동감 누군가는지루할수도있다 기대에는못미치지만재밌게봤다 스칼렛요한슨~~♡♡,8,1
233,안녕... 노마노프...,9,1
234,지금이 코로나였음이 다행인영화,6,1
235,"마블 영화증 너무 별로 였다 긴 러닝타임에 비해 드라마적 서사가 너무 길고 진행 속도도 느리다 보니 지루하다 가장 마음에 안든건 나타샤 블랙 위도우는 어벤져스임에도 영화에서는 그저 평범한 암살자나 스파이로 그려진다 영화 대사중 ""너 하나 죽이는 건 아무갓도 아니다"" 어벤져스 멤버인데 너무 심한거 아닌가",5,0
236,마블 영화 답게 기본 이상은 한다. 하지만 태스크마스터와 위도우들의 소모적인 활용은 아쉬움을 남긴다.,8,1
237,별로 시간 때우깅‥ㄷㅇ,3,0
238,"무슨 내용인지- 솔직히 재미읎드라...,",2,0
239,또 보고싶은 영화임 쿠키까지 완벽하다 진짜,10,1
240,후 개봉일에 본 나자신 칭찬한다,10,1
241,무슨 말이 더 필요해..ㅎ,10,1
242,기대됩니다. 1년 정도 기다렸습니다. 더 이상 미루지 마십시오.,10,1
243,거대한 음모를 막기 위해서 태어난 블랙 위도우의 멋진 전쟁 이야기!!!,10,1
244,이젠  진짜 안녕 나타샤 흑흑,10,1
245,"오글스해서 살짝씩 아쉬운 부분은 별 하나 뺀 것으로 다 하겠다.  전체적으로 전개도 빠르고, 전투씬이 매우 화려했다.  게중 가장 중요한 포인트는  나타샤라는 인물.   작품 속 나타샤의 외로움, 그것이 채워지는 과정. 등이 배우의 연기를 통해 느껴져서 매우 좋았다. 스칼렛 요한슨 최고ㅠ  결론적으로 나타샤라는 캐릭터의 결말이 가장 아쉽다...나타샤 돌려내....",9,1
246,"보고나니 나타샤가 더 그리워지는,, 연기 액션 다 좋았다’",10,1
247,굿바이 스칼렛,8,1
248,드라마로 나왔으면 괜춘했을듯해요..,6,1
249,다른 어벤져스 멤버 한명은 나올줄 알고 기대했는데 아쉽다 ㅜㅜ,9,1
250,그냥 그럭저럭,4,0
251,마블인듯 마블 같지 않았던 영화 개인적으로는 너무 지루했다.,6,1
252,"드~디어 보았다 그리고 드디어 갔구나...스칼렛 요한슨 bye bye~ 영화는 머 마블 영화 답게 볼 만한 수준임 액션도 평타, 내용도 평타 정도 다만 가족이 아닌데 가족이었던 쓸쓸함이랄까 그러고 보면 토르의 가족사가 불행의 끝이라 생각했는데 블랙 위도우의 인생은 진짜 나락이었구나 싶음 그리고 플로렌스 퓨가 블랙 위도우의 귀여운 버전으로 동생 역할에 찰떡 이었음...앞으로 기대 만방 그런데 토르랑 새 위도우(플로렌스 퓨)가 만나면 큰일이 날 것 같음 ㅋㅋ 원더우먼보다는 백만배 재미짐",7,1
253,생각보단 별로,6,1
254,너무 기대하고 봤나봐요.,6,1
255,역시 별로..였습니다. 청소년들에게는 괜찮을수도.,6,1
256,캡틴 마블이 10배는 재미있네... 따뜻한(?) 억지 가족 영화,3,0
257,마블 액션 생각하고 보면 실망이 클듯,5,0
258,화려한 영화인척 관객들을 기만하는 미국 드라마식 CG범벅 3급 아류 영화. 마블식 개그엔 진절머리가 날뿐,3,0
259,이번년도에눈 제발 개봉하기를 ㅠㅠㅠ,10,1
260,그냥 코로나 다 끝나고 내년에 개봉해요 기대할게요,10,1
261,오오 나의 최애 스칼렛~!,10,1
262,굿,8,1
263,디즈니 ♬~,2,0
264,짱,10,1
265,노잼,6,1
266,액션도 멋지고 스토리도 재밌고 간만에 잼나게본  영화  요즘개봉한 한국영화보다 훨 낫다,10,1
267,"코믹 요소도 괜찮고, 내용 전개도 괜찮았어요. 근데 레드가디언이 좀 더 임팩트있게 나왔으면 더 좋았을 것 같아요.",9,1
268,.,8,1
269,빌런도 주인공 못지않게 존재감이 있어야한다는 교훈을 준 영화.,5,0
270,극장에서 봤어야 하는데,9,1
271,"근래 나온 히어로물 중에 가장 마음에 드는 작품이다. 블랙 위도우의 원래 배역 예정이었던  에밀리 블런트가 맡지 않아 무척 실망했었지만, 스칼렛 요한슨이 기대 이상으로 잘 살려주었다. 스칼렛과 플로렌스의 조합도 좋았지만, 노장 레이첼 와이즈와 깜짝출연 올가 쿠릴렌코의 등장도 새로운 재미를 선사했다. 남녀를 떠나 명배우들의 열연이 있었기에  개인적으로는 만족 스러운 작품이었다.  헌데 전세계 위도우 침투에 한반도에는 꼴랑 각 한명의 위도우만 배치되어 있었다.  세계 6위급 군사력에 히어로까지 등장하는 대한민국과  극도로 폐쇄된 북한에 위도우 한명씩으로 컨트롤이 가능하다고 생각하다니 이래서 소련애들이 세계정복에 실패한게 아닐까 싶다.",8,1
272,이 영화에서 볼거리라는게 뭔가?,1,0
273,평범한 일반인이 영웅 코스프레하는 영화 그 이상 그 이하도 아님.,6,1
274,히어로가진 스펙의 한계 때문에 마블의 히어로 영화치곤 임팩트가 약한건 사실.... 그래도 마블은 마블이었음,8,1
275,마블(스튜디오)팬이 실망할 부분과 일반 관람객이 실망할 부분이 명확히 구분되는 영화 패미 요소는 난 못 느꼈음... CG가 너무 눈에 띄어 아쉬웠음 . . . . . .  갠적으론 블랙위도우의 스파이적인 요소를 한층 업그레이드해서 이야기를 풀어나갔으면(미션 임파서블 같은 느낌의?) 좋지 않았을까 싶다.(전작들의 오마주? 밖에 없음)   블위가 토르나 헐크가 된 느낌?(갠적으론 대형 액션파트는 래드 가디언에게 할애해도 좋지 않았을까?)  악역의 매력이 역대급으로 떨어짐  세뇌과정에 대한 설득력이 할애한 시간에 비해 부족함(닥치고 세뇌... 특히 마지막 신경 차단술?)  래드룸의 실체가...또?   마블 드라마가 훨씬 재미있음  블위의 마지막 가는길에 마무리를 못시켜줌  더 늦으면 안되니까(호크아이?) 나온영화,7,1
276,나타샤 비긴스가 되고싶은 휴머니즘이었지만 아쉽게도 비긴스는 아무나 되는 건 아니었다 마블식 슈퍼히어로에서 벗어난 건 새로운 시도이나 그로인해 액션 재미가 부족한 것도 단점으로 보인다 구성 전개에 상당한 고민을 한 것이 느껴지는데 확실한 휴머니즘도 아니고 나타샤의 내면을 완전히 표현하지도 못 했고 너무 막 던지는 것 같은 과거의 이유와 즐겁지 않은 진행 구성은 당황스럽다 이제와서 블랙위도우에서 어벤저스 테마를 다시 듣는 건 너무나 늦었다,5,0
277,스토리는 나쁘지않았는데 액션은 역시 남자가 해야하는구나,6,1
278,재밌게 잘 봤어요 ㅎ,10,1
279,펜트하우스처럼  나타샤도 아이언맨도  살려내라! 그거 안돼냐?,10,1
280,마블도 DC처럼 가네. 화면도,10,1
281,난 너무 좋았는데,10,1
282,멋진 여자들의 끝내주는 상상 이상의 리얼 찐 액션.,8,1
283,..,7,1
284,"마블 히어로물 초기에 나왔으면 괜찮았겠지만, 어벤저스에 타노스까지도 출연한 후에 블랙 위도우를 보면 당연히 지루할 수 밖에.... 기존 마블 히어로물 기대하면 당연히 실망한다. 그리고 다른 위도우들도 좀 더 활용했으면 더 잼있었을텐데.... 볼만은 한데, 큰 기대는 금물.",7,1
285,동생이 캐리했다! 그리고 영화 보면서 아! 시빌워 전 상황이구나 라는 걸 알게 됐고 동생이랑 티격태격이 하면서 주고받는 말이 참 재미있었네요 다만 쿠키 보면서 설마?했는데 그 사람이 나와서 너무 충격이라 어벤져스 팬으로써 다음편이 나온다면 안보는게 나을 것 같은 느낌이네요,7,1
286,재밌게봄,10,1
287,여름에 보기 시원한 액션~~ 역시는 역시,9,1
288,기대 이상은 아니지만 그래도 기대 만큼은 재밌게 봤습니다.,8,1
289,재미는 뭐... 마.. 마.. 그러나 스칼렛요한슨 이니까 ^^,7,1
290,나타샤일 때 더 멋진 내면의 이야기,6,1
291,러닝 타임 내내 쉬지 않는 액션!,8,1
292,&&,8,1
293,고레에다식의 '가족',8,1
294,...,7,1
295,중반이후 전개가 늘어져서 지루했는데 갭틴아메리카와 플롯이 겹쳐보이고... 10점은 별점이 넘 과하다. 한 30분 정도는 짤라내고 스피드하게 편집했으면 좋았을듯,6,1
296,바이 바이 미스 아메리칸 파이~,8,1
297,드레이코프 연기가 젤 빛나네요. 동생이 폼잡는거 따라할때 많이 웃었네요 ㅎㅎ,8,1
298,코로나가 밉다,10,1
299,액션 스토리 배우 모두 다 쵝오!!,10,1
300,감동도 있고 재미있게 봤어요ㅎㅎㅎ,10,1
301,.,10,1
302,굿,10,1
303,기대이상으로 재미있네요!,8,1
304,엔더게임에서 희생한 블랙위도우에 약간의 모독감을 주는듯..,8,1
305,ㅇㅇ,10,1
306,나타샤라 8점줌....  그냥  여인천하임...,8,1
307,굳,10,1
308,재미있다,9,1
309,..,7,1
310,말해뭐해ㅋㅋ 블랙위도우 멋있음!!,10,1
311,마블영화답게 화면은 볼만 이야기는 너무  허술 유치 기대했다가 실망,7,1
312,액션은 시원하나 유머는 공감이 잘..,7,1
313,"블랙위도우의 매력과 액션씬 좋음. 다만 빌런이 너무 약하고, 후반부에 모든걸 대충 수습해서 끝내버린 느낌이 많이 들어서 아쉬움. 그래도 마블은 언제나 기대감이 있어서 5점보다 높게 줍니다.^^",7,1
314,어벤져스 생각하고 보지는 마세요 그저 블랙위도우 팬이라 연차까지 써가며 봤네요 액션은 봐줄만해요 쿠키영상 하나 있어요,10,1
315,굿,10,1
316,무조건이다ㅋ,10,1
317,아이언맨이나 캡틴..  카메오라도 나와줬으면ㅠㅠ,10,1
318,♡,10,1
319,^^,10,1
320,마블 짱!!,10,1
321,우리언니 최고,10,1
322,굉장한 떡밥들이 많이 숨어있을것 같네요,10,1
323,제일 기대한 솔로 영웅 시리즈가 블랙위도우였는데 나오다니 .. 겁나 기대된다,10,1
324,호퍼 아저씨가 러시아에 납치되서 스파이 된 영화,10,1
325,기대합니다!!!!!♥♥♥♥,10,1
326,역쉬 마블 예고편 기대감 쩌네요 ㅎ ,8,1
327,빨리보고싶어요!!!,10,1
328,"죽었는지는 모르겠지만, 어쨌든 원멤버 볼 수 있으니까 좋다!!",10,1
329,쩐당 엔드게임에서 액션 많이 안나와서 아쉬웠는데 기대된다!!!,10,1
330,헐,10,1
331,스칼렛 요한슨 언니 이쁨 어벤져스때도 재미있게 봄  마블중에서 블랙위도우가 젤 이쁘고 연기 잘함 ㅎ 기대된다! 2020년 빨리 돼서 빨리 개봉해라!!❤️❤️❤️❤️,10,1
332,예고편부터 다했다,10,1
333,드디어 나오나,9,1
334,장난함? 빨나오센,10,1
335,기대!!,10,1
336,내 최애케  블랙위도우❤️나타샤 노마노프❤️스칼렛요한슨  너무 기대되요!!!!! 엔드게임에서 너무너무 슬프고 아쉬웠는데 이렇게 다시 졸수있어서 넘 좋네요 기대만빵,10,1
337,마블 왜 이제야 내요??????,10,1
338,기대됩니다 ㅠㅠ,10,1
339,기대된다.,10,1
340,블랙위도우ㅠㅠ,10,1
341,아 어벤져스 멤머들은 다좋은거 같앙아ㅏ아아,10,1
342,굳,9,1
343,섹She한 요한슨이 솔로 무비로 나온다면 내 머니를 아끼지 않는다.,10,1
344,앤드게임에서 죽었는데 솔로 영화면 프리퀄인거냐 아님 또 살아나는거냐 ,10,1
345,기억할게요 블랙위도우 잘가요,10,1
346,빨리 개봉했으면 ㅠㅠㅠㅠ,10,1
347,빨리 개봉!!,10,1
348,빨리 개봉했으면 좋겠다 ~~^^ 기대됩니다 블랙위도우 솔로무비 ㅎㅎ,10,1
349,알럽 블랙위도우♥♥ 블랙위도우 이쁨 섹she미 걸크미 퐝퐝!★,10,1
350,기대된다!!!,9,1
351,스칼렛의 솔로 무비!(?) 기대 완전 대박 대박 대박!,10,1
352,빨리보고싶다,10,1
353,뭐 좀 기대됨! 나타샤가 나오는건 봐야지!,7,1
354,"평점 알바들 때문에 속아서..한참 마블 매니아인 초등학교 아들 데리고 본 영화인데... 사실 마블 영화중에 최악이라고 말하고 싶네요~ 마블 영화보며 중간에 지루에서 잠깐 잠들뻔한건 첨이네요. 초반, 막판 액션 빼고는.. 중간 스토리적인 요소가 너무 크네요;; 이제 미국영화는 한계가 온듯..",2,0
355,마블다운 스케일과 화려한 액션 가족 이야기를 넣어서 휴머니즘적 요소를 안고 가긴 하지만 전체적으로 스토리는 너무 어거지... 쿠키 영상 기다리면서 엔딩 크레딧을 보는데 이렇게 수백명의 사람들이 고작  두시간짜리 엔터테인먼트 만들려고 이렇게 공을 들였나 싶어서 뭔가 세상이 균형이 안맞는단 생각 스칼렛요한슨이 마지막 출연이라니 기쁘다  그녀를 이런 과장된 영화보단 깊이 있는 영화에서 보고 싶다,5,0
356,심하다. 나는 뭘 기다린거지? 절대 마블 영화와는 결이 다른 무슨 가족 페미영화? 스토리는 산으로가고 지금 바로 보고 나왔는데 관객들  다  말이 없어졌음,2,0
357,"액션 시퀀스, 스토리, 연출, 개그 뻔하고 지루하며 개그는 불쾌하기까지한 부분도있다.  마블이라 기대했던 비주얼조차 풀cg장면이 되니 인물과 배경의 광원조차 잘맞지않아 어린이 드라마를 보는듯한 조악함이 있으며 빌런활용조차 제대로 하지못했다. 메세지야 히어로 영화 메세지누가 상관하겠냐만은 그냥 디즈니이다. 마블팬이라면 스칼렛 요한슨 마지막 얼굴보러 갈만하지만 일단 마블시리즈에 정이없다면 그나마나오던 테스크마스터의 이전시리즈 오마주조차 느끼지못해 최악일것이다. 그래도 오랜만에 나온 마블영화이니 1점보단 2년기다려서 2점은 채워줄만하다.",2,0
358,마블팬으로써 보앗지만.... 몹시 졸앗다...,3,0
359,댓글 와~~ 폐미 냐 알바냐 진심궁금하다 ㅋㅋ,2,0
360,어벤저스 시리즈중에서 최악이네,3,0
361,망작ㅠㅠ,2,0
362,와 진짜 지루하다 극장가서 본 사람들은 어쩌냐? 예고편 액션이랑 마지막 낙하액션 조금이 다구만 겁나게 넘기면서 봤네 ㅋㅋ와 극장 안가길 다행이다 모가디슈가 답이다. 그거나 보러가야지,1,0
363,마블수준이 점점 내려가네...영화는 만들어야겠고 스토리는 없으니 온갖걸 짜깁기하니 재미가 없으니 cg로 카바칠라는데 액션도 별로고...어벤져스로 많이 해먹었어면 딴 히어로를 개발하던가 징하게 우려먹네...,4,0
364,"마블 히어로빠지만앤트맨 2만큼 더럽게 재미없고 액션도 예고편이 다였던 2시간짜리 지루한 영화!!     초반 '태스크 마스터'와의 첫 대면때 '태스크 마스터' 한테 '블위'쳐맞고 다리 아래로 떨어질때 쾌감!! 캡아3에서 #블루스컬 캡틴양아치랑 붙어먹고 아이언맨 배신 때린 이중첩자녀!! 블위가 잘한건 그나마 엔드게임에서 쓸모있게 죽은것!!  태그크 마스터랑 격투씬도 별로 없고, '레드 가디언'은 마취 주사 다다다다 맞고 기절하는 개그캐.. 흰색 슈트입고 싸우는 씬은 적과 싸우는게 아닌 불법 탈옥씬, 마지막 태스크 마스터와의 싸움도 허무하고.. 2시간 동안 액션분량도 비중도 25%밖에 안되는듯.. 지루 그 자체..",2,0
365,영화는  별로 13000원 내고 갈만 안함  오래간만에 갔는데  왜 이렇게 비싸 ~~~  얼마나  오른거야   이게 실화,4,0
366,나타샤 누나 수고 많았어요. 엘레나가 뒤를 잘이어줄거에요,8,1
367,기대하고 있었는뎁... 아쉽네용...11월에 봅시다!,10,1
368,중간에 쓸데없이 긴 서사....  감독의 역량 부족   블랙 위도우 아니었으면 안 봤을 영화,1,0
369,본격적으로 뭔가 들어가기 전까지 왜 이리 지루한지... 번뜩이는 시나리오일순 없었니? 좋은 극작가일순 없었어?,2,0
370,캡틴마블 때처럼 암키레기들이 열라 빨아주는거니 믿거일듯 어느 쪽이던 기준이 없는 사람들이 어떤 생각 가질진 불보듯 뻔함 뷔페미니즘 out!!!,1,0
371,마블영화중 비중 제일 낮은 캐릭터의 비운.. 혼자만의 힘으론 이끌수없었다...,2,0
372,직접 사람형태로 싸워주니 재미있었어요  처음으로 마블영화가 재미있구나 느꼈네요,10,1
373,제작비 2억달러를 그냥 요한슨한테 주고 독백을 시키지 그랬냐......디즈니야 마블은 제발 그만 건드려라 진짜 마블유니버스 다 쳐 말아먹고있네,1,0
374,마블은 이제 끝은가보오...tv 가족극..그 이상도 그이하도...죄송...,4,0
375,너무 지루했다  액션 잘하는 운동선수나 무용수 출신 배우가 즐비한데 왜 액션안되는 짜리몽땅 플로렌스 퓨를 주인공으로 했을까? 박나래가 라텍스입고 액션하는 것 같다,1,0
376,개봉 전엔 좀 평점 못달게 해라 좀. 뭔 영화는 ♬♬노잼인데 개봉한다는 소식만으로 10점을 주고들 앉아있어? 이딴게 블랙위도우 퇴장작이라는게 진짜 안타깝다,1,0
377,7월9일 개봉 예정,10,1
378,출발은 뭔가 기대가 컸는데......중반부터 인간극장이냐???,3,0
379,이도 저도 아니고 그냥 지루할 뿐,3,0
380,액션도 스토리도 개그도 다 최고였음 블위 살려내,10,1
381,재밌게 봤음 스칼렛요한슨이 이렇게 이쁘고 매력적인지 이제야알았음 배우들이 전부매력적이고 헐리웃특유의 뻔한연출도 있었지만 액션씬도 속이 후련하고 두시간이 금방갔음,10,1
382,죽은캐릭터라고 성의가없음 블랙위도우가 주인공인데 신캐 푸쉬에 밀려 하나도 안멋있음 액션은 시작하려면 끊기는느낌이고 슈퍼히어로 경력이쌓인 위도우의 노련함은커녕 왜 한낱 요원들한테 저리 밀리는지..  스칼렛요한슨의 블랙위도우 마지막이라기엔 너무너무 아쉽다,5,0
383,역시 기대가 크면 실망이 큰 법 마블 답지 읺은 영화. 액션이 넘쳐 나야 하는데 대사가 넘쳐나서 졸립다. 예고편은 완벽했는데 감독의 역량이 정말 부족함 그럼에도 몇몇 고강도 액션이 있어 실망하지는 않는다,7,1
384,블랙 위도우 멋진 액션 너무 좋았습니다,10,1
385,보기 전 부터 울컥!! 블랙위도우의 완벽한 영화였다!!,10,1
386,엔드게임 끝나자 마자 했으면 더 좋았을껄.... 아쉬움이 남는 영화입니다.,7,1
387,블랙외도우는 보소 싶지만 코로나 19가  걸릴까 걱정됩니다.,10,1
388,여배우 예쁘다 끝,5,0
389,난 재밌기만하던데…,10,1
390,"내가 마블영화들 류의 작품을 그다지 즐기는 편은 아니다. 하지만, 이번 것은 꽤나 볼만하다.  (내 기준 6점이면 엄청 후한 평가) . 마지막 순간에, 이전 Marvel 영화에서 결코 얻지 못한, Black Widow는 여주인공에게 '인간성'을 부여한다. 혹자는, 많은 슈퍼히어로 이야기의 친숙한 도덕성에 대한 이 사소하지만 결정적인 주름(꼬임)이 궁극적으로 반전처럼 느껴진다는 것에 대해서 유감을 표하는 이들도 있지만, 본인은 오히려 그것이 매력이라고 생각한다. . 하지만, 그것이 더 나은 미래를 느껴지게 했다기 보다는 오히려 비틀림을 느껴지게 유도했다는 것이 좀 유감이다. . 레이첼 와이즈는 좋았고, 플로렌스 퓨는 별로...",6,1
391,졸다가 보다가  기억에 남는 장면이 없음. 잔잔한 드라마 수준,6,1
392,0점이 안되네,1,0
393,6점이 딱인데 걸스캔두애니띵인가?,6,1
394,별로 재미없던데.. 빨리 가오갤3나 개봉해라,5,0
395,마블영화는 그내용이 그내용같음  약간 식상함.. 내가 좋아하는 스타일이 아니란걸 한번더 확인함...,2,0
396,액션씬이 진짜 뽄새남 스토리는 별로 신경 안썼다해도 액션 쩜,10,1
397,스케일.액션 .가족애까지 다 버무린 역시 마블 액션드라마. 끝까지 재밌다.,10,1
398,공짜 사이트가서 봤다 재미없고 가족 이야기임 그래도 또 볼거임 왜? 공짜니까,2,0
399,마블 영화 중에서 제일 재밌었음..,10,1
400,재미있음ㅋ,10,1
401,런닝타임이 지루하지 않았다.   개그도 있고,9,1
402,개 재미있음,10,1
403,아..캡아 아이언맨 없어도 너무 재밌다ㅠㅠㅠ 스칼렛 요한슨 플로렌스 퓨 케미 최고 ㅠㅠㅠ 너무 멋있다,10,1
404,오랜만에 재미난 영화를 봤네용ㅋㅋ,10,1
405,캡틴마블이 잼있는거였다,3,0
406,"역시 마블!!!!!  은근한 감동을 잘풀었네, 신파스럽지 않아서 좋다",8,1
407,너무 큰 기대는 하지 않고 보시길... 엔딩 다 올라가고 쿠키영상 하나 나옴... 엔드게임을 본 사람만 이해할 수 있는...,8,1
408,마블표 개그 역시 역시다~ 폼~~ 잡지마 ~~ 으웩 ~~ ㅋㅋㅋ,8,1
409,기대한만큼 재밌게 잘 봤어요 이게 재미없다는 사람은 다른 영화도 다 불만일듯,10,1
410,영화는 말이 필요없이 재밌고 미드소마 언니 나와서 완전 놀람ㅋㅋㅋ,10,1
411,너무 늦게 나왔지만 그만큼 더 좋고 뭉클한 블랙 위도우 이야기. 액션도 스토리도 괜찮고요~ 오랜만에 어벤도 생각나고 흙..,10,1
412,무조건 큰스크린에서 봐야만 한다 이영화 집에서 넥플리스로는 스케일을 담을수없다  마블영화다  영화관서 보시길...,8,1
413,위도우에게도 가족이 있었다. 가족에게 돌아가는 위도우를 보니 마음이 찡했다,10,1
414,!,10,1
415,그냥 10점,10,1
416,.,9,1
417,시간 낭비했네요,1,0
418,..,1,0
419,개인적으로 마블영화 너무 비현실적이라 내 취향이 아니었는데 블랙위도우는 마블영화로서가 아니라 드라마로서 훌륭한 영화였다.  새로운 가족의 탄생..,10,1
420,개인적으로 12세치곤  폭력적이였음. 뭔가 아쉬움,5,0
421,한슨이 누나~♡,10,1
422,재미있어여.....,10,1
423,완전 재밌어요!  나탸샤한텐 가족이 전부엿구나ㅠㅠ,9,1
424,촌스러운데 영상미는 좋음,7,1
425,마블 영화 졸면서 보기는 처음입니다..ㅠㅠ,1,0
426,기족을 사랑하자,8,1
427,난 너희를 해치고 싶지 않아. 너희도 그럴거야.,10,1
428,재미는 있으나 이것은 시간적으로 캡아..시빌워  다음  들어가는 모양새가  더 나을듯. 블랙위도우 퇴장에 아쉬운 마블의 급조된 돈벌이,8,1
429,너무나도 기다려졌던 극장에서의 관람,10,1
430,원래 마블영화는 인간계를 넘어서는 슈퍼히어로들이 찰지게 다구리쳐줘야 제맛이긴한데 이 영화는 2대 블랙위도우가 될 옐레나의 깐족미넘치는 시크한 매력이 포인트인 영화임!  스토리는 007시리즈 수준임!  그래도 마블팬이면 필히 봐줘야 하지않겠나 싶음.,6,1
431,"큰 스케일의 액션이 좋긴 하지만,  마블 영화의 장점인, 다른 히어로와의 콤비네이션 플레이가 없어서 조금은 아쉽다. (후반부에, 캡틴아메리카를 출연시켰으면, 완벽했을 것 같은데...)",8,1
432,재미있어요 최근에 본 영화중에 괜찮아요,8,1
433,섬세한 액션 👍👍👍,10,1
434,공중액션신은 확실히 대박이었음. 준수한 액션판타지. 깔끔함,8,1
435,생각보다 괞찬음.... 보는네네 지루하지 않게봤음... 하지만 헐리우드 액션은 그대로 임...  분노의 질주 보다는 재미있게 보았음...,9,1
436,최고다 또 봐야징ㅋ,10,1
437,꿀잼! 또 보러갈거임!,10,1
438,시원시원한 액션 즐거운 영화~,10,1
439,"드라마와 액션의 케미, 어벤져가 아닌 위도우와 뉴캐릭터의 새로움까지 볼거리 많은 마블 레이첼 와이즈 반가웠어요!",8,1
440,마블다웠습니다. 액션이 너무 좋았어요.,10,1
441,나타샤 잘가 고생했어,10,1
442,여전히 매력적인 마블의 이야기ㅎㅎ,10,1
443,스칼렛 요한슨은 역시 기대를 저버리지 않았어,10,1
444,"화려한 영상미, 다이나믹한 액션",10,1
445,재미있고 액션이 너무 좋아요,10,1
446,역시는 역시나! 블랙위도우 개봉한 것만으로도 기쁘다!,10,1
447,숼 틈 없는 액션신... 대박이였어요,10,1
448,역시 믿고 보는 마블영화,10,1
449,스토리 영상 액션 등 빠지는게 없네,10,1
450,오랜만에 보는 마블이어서 더 좋았어요,10,1
451,배우의 액션 연기가 돋보인다!!!,10,1
452,배우들 연기도 대박이고 잼있었어요ㅎㅎㅎ,10,1
453,또 봐야지 대존잼 액션 🎬,10,1
454,정말 재미나네요.최고에요.,10,1
455,역시 마블 맛은 다르네요^^,10,1
456,첫 시작과 진행 모두 아주 끝내줌,10,1
457,스칼렛요한슨♡♡♡  플로랜스퓨♡♡♡,10,1
458,역시 마블입니다 마블은 한번도 실망시킨적이 없어요,10,1
459,망설이지마세요  재밋어요. 썩어도 준치라고  스칼렛요한슨  섹시하네요,9,1
460,넘 멋있었고 잼있었네요 쿠키영상도 최고 ㅋㅋ,10,1
461,너무 좋았습니다 생각보다 슬프기도 했구요,10,1
462,스칼렛 요한슨의 풍부한 연기력은 설명할 수가 없다ㅠㅠ,10,1
463,역시 믿고 보는 마블~ 너무 재밌었음~,10,1
464,시간 가는줄 몰랐음 그녀으 ㅣ마지막 걸작!,10,1
465,스칼렛 요한슨 최고네요,10,1
466,잼나게 잘 봤음. 플로렌스 퓨~ 매력적이네~ 레이첼 와이즈~ 세월은 흘러가는구나.,9,1
467,마블영화는 마지막이라 아쉽고 그동안 요한슨을 볼수 있어서 행복했어요♡,10,1
468,나타샤를 보내는 마지막 영화 ~~~ 충분했다  세대교체도 잘이뤄진거같고 액션과 위트도 좋았고   DC 원더우먼이 이정도만 뽑았어도 어땠을까 하는 생각이,9,1
469,한 세계가 끝날 때 고하는 안녕,7,1
470,쿠키영상도 무조건 보고 나오기!,10,1
471,마블 영화 언제부턴가 자꾸 울컥하게 만드네ㅜㅜㅜ,10,1
472,드디어 블랙 위도우 서사를 볼 수 있어 좋았어요 ㅎㅎ,10,1
473,마블덕은 엄청 기다렸다구 ㅠㅠ 또 볼구야,10,1
474,올해 들어 가장 재밌게 본 영화,10,1
475,아주 슬프면서도 아름다운 동화같았어요,10,1
476,진짜 재밌어,10,1
477,"최고네요  진심 대박 꼭 추천해요 세상을지배하는게 돈,첨단무기가아닌 인간의정신세계를 지배한다는 깊은 메세지까지 쿠키영상 꼭 봐야되요 ㅠ",10,1
478,가족영화 굳,10,1
479,아쉬운 점도 있지만. 플로렌스 퓨가 연기를 잘해줘서 재밌게 봤네요.,7,1
480,너무 멋져요 ! 응원합니다,10,1
481,가족은 위대했다. 맺고 끊음이 확실해서 좋네요,7,1
482,아 음악감독 왜 바꿈? 첫 티저 음악감독이 만든 음악과 달리 넘 구림..,8,1
483,기대기대기대,10,1
484,블랙위도우 : 날 보내줘 호크아이 : 안 돼 제발 그러지마.. 블랙위도우 : 괜찮아 호크아이 : 제발.. 안 돼!,10,1
485,기대중,10,1
486,드디어 개봉일 확정됐군요!! 기대됩니다!,10,1
487,"예고편만 봐도 심장이 떨린다,,",10,1
488,ㅎㅎㅎㅎㅎㅎㅎㅎㅎ,10,1
489,그후로도 1년을 연기하다 21년 7월에나 개봉한다네~차라리 4월에 하든지 7월이면 더워서 에어컨틀고 바이러스 퍼지기 더좋지. 걍 백신 맞고 11월이후나 22년개봉해요~,10,1
490,제발...제발 7월에 좀 보자!!! 꼭!!!!,10,1
491,예고편만 봐도...웅장하다,8,1
492,너무기대가됩니다믿고보는 마블 블랙위도우,10,1
493,기대된다~~,10,1
494,여성 착취와 연대와 해방을 그린 영화 잘봤습니다. 출연진 대부분이 여자여서 좋았고 액션신도 너무 재밌었어요. 다양한 가족 형태와 여성 이야기도 너무 좋았습니다.,10,1
495,히어로 영화를 빙자한 아니 가족영화를 빙자한 과장되고 어설픈 여성해방영화 ㅋㅋㅋ 중간에 탈옥시킨 빨간옷 남자는 여성을 더 돋보이기 위해 만든 민폐용 남성 캐릭터 ㅋㅋ 그외엔 적으로 최종보스격인 남자 나오고 전투용보스 남자 딸래미는 악당이지만 나중에 나타샤편으로 됨 마지막에 세계에 있는 블랙위도우 애들 다 해방시킴 마지막에 쿠키영상까지 보면 나타샤 동생한테 나타샤 죽인 원인으로 황당하게도 같은 아군인 호크아이를 지목한다 ㅋㅋ 그냥 엄청 지루한 미녀삼총사다 ㅋㅋ,2,0
496,"죽은 걸 알고 보니 더 슬프다..그 편에서는 잃을 게 없어서 가족이 있는 상대 살리려 한 거에 납득하고 넘어갔는데  지금 이렇게 버젓이 가족과 잘 지낼 수 있는 배경이 그려지고 나니 너무 아쉽다.. 나 쿠키에서 휘파람 같이 불어주는 거 기대했어 나타샤 살려내... 캡틴마블이 잘 짜여진 한 편의 솔로무비라면 블위는 그동안 초능력 없이도 어벤져스 초기멤버로 함께했음에도 얕게 다뤘던 로마노프라는 인물을 알 수 있어서 의미있었다. 그가 가진 따뜻함과 신념, 강인함의 기저를 압축적으로 그려내서 더 매력있었어. 숨겨진 드레이코프의 기지가 너무 쉽게 무너진 것도 같지만 하늘 위에 떠있는 게 엔진만 고장나면 그런 거 아니겠수 R-장녀와 둘째이자 막내 퓨의 탄탄한 케미가 빛을 발한 작품. 멜리사 역도 진짜 매력있고 액션고퀄",10,1
497,"마블이라 가족들과함께 기대만땅 보러갓지만...마블영화보면서 졸리고 지루한건 처음이네요 액션 기대하지마시구요,,,억지로 만든 느낌이 든 빌런과 악당 두목은 케릭터에 안맞구요 동생역으로 나온이가 주인공같구..그냥 가족영화 보고싶은분만 가시면 될듯......",2,0
498,천박스러운 마블이었네  볼게없어봤다가 잘자고옴 유치한 쓰레기들  미계한 중공과 양키,1,0
499,어거지로 시작해서 어거지로 끝나다.,4,0
500,다음도  댓글알바들이 점령해서 평정을 믿을게 못됨 원래 6점은 되는 영환데 평정알바들 때문에 1점  그리고 블랙위도우라는 어마어마한 소재로  이런 가족영화만드는건 감독과 시나리오의 총체적 난국,1,0
501,"이런 영화라면 굳이 블랙 위도우가 아니어도 되잖아. 블랙 윈도우라던지, 화이트 위도우라던지...",7,1
502,평점올리기...오지네,3,0
503,안보는사람 손해,10,1
504,옐레나땜에 내일 다시보러가는데 솔직히 나만 재밌었나,10,1
505,예고편이 끝.,3,0
506,지루함   3번졸음,1,0
507,블랙위도우의 이야기인지 아님 세대교체이야기인지 대사몇마디로 떡밥정리하느라 참 이좋은 캐릭터를 이따구로밖에 못써먹냐,1,0
508,스칼렛 요한슨 ♩~ 사랑해,10,1
509,여름휴가 못 가는 분들 추천,10,1
510,마블영화의 볼거리에 드라마까지 또 볼듯,10,1
511,나타샤 사랑해..,10,1
512,난  재밌게 봤어...,9,1
513,생각보다 스케일이 크고 액션도 재밌었다.,10,1
514,볼만해요~~,10,1
515,나타샤의 마지막 마블영화 잘 봤습니다. 그녀도 어느덧 10년이 넘었네요~ 고생많았어요 나타샤~ 차기 나타샤역할 플로렌스 퓨~ 잘 부탁드려요~~^^,7,1
516,나타샤 액션이 시원시원하고 재밌음,10,1
517,멋져요. 시스터즈.,10,1
518,심장이 쫄깃쫄깃 긴장감과 몰입감 최고! 나타샤를 다시  볼 수 없어서 맴찢!!!,10,1
519,꼭 보세요. 스트레스 확 날아갑니다ㅋㅋㅋ,10,1
520,처음부터 흠뻑 빠져 끝까지 봤습니다 액션 타격감이 어마어마하네요,10,1
521,"마블 영화라서 기대했는데  별로네요.   돈 많이 쓴 티는 나는데... 재미가 없네요.  현장 요원 나이가 20대여야 하는데, 정작 영화속 배우들 나이는 40~50대...",5,0
522,그닥..,3,0
523,생각보다 너무 잘 만들어서 스파이더맨 같은 낄낄영화 보러 간 사람들은 적응 못 할 수도...,10,1
524,ㅠㅠ...코로나 이후 제대로 된 영화 구경도 못해 봤는데. 블랙위도우 감동 입니다. 이런일이 자주 있었으면,10,1
525,근접 타격전이 많아서 실감나고  엔딩크레딧  말미에 쿠키있음^^,8,1
526,"스칼렛 요한슨, 그간 고생했어요~ 재미있게 봤네요. 늦었지만.. ㄱㅅㄱㅅ 역시 MCU",8,1
527,항상 패밀리를 위했던 나타샤/ 블랙위도우의 과거편을 알수있는 영화이다. / 어벤져스에서 다시 볼수없는 마블에서도 세계작에서도 다시 볼수없는 나타샤가 그립다.,8,1
528,쿠키 영상이 자막 다 올라가고 난 후 있어서 기다리기 힘들었어요. 나타샤와 어벤져스에게 무슨 일이 일어난건지... 속편이 기대되네요. 두 여전사의 액션 보는 재미에 후반부가 지루할 틈이 없어요.,9,1
529,❤️‍🔥,10,1
530,"가족은 같다. 블랙도 화이트도,  레드라 할지라도.  톨스토이의 말처럼  제각각의 불행을 안고 있을 뿐.  “행복한 가정은 모두 모습이 비슷하고,  불행한 가정은 모두 제각각의 불행을 안고 있다.”   톨스토이 ‘안나 카레리나’",8,1
531,디테일에 감동,10,1
532,타격감이 느껴지는 시원한 액션씬!,10,1
533,ㅠㅠ,10,1
534,나타샤..솔직히 나한텐 매력 없었는데 마블시리즈 중 손꼽히게 잼 났다 액션은 역시  명불허전👍,9,1
535,"페이즈3의 대단원. 마블감성(복잡한 거 없고, 개그, 액션) 좋아하면 취향에 맞음.  비글미 넘치는 동생도 은근 매력터지고, 러시아산 캡틴뚱땡도 한 가닥함. ㅎ",8,1
536,역시. 블랙위도우.  마블영화. 대박 @^^@,10,1
537,마블 영화 중 제일 스토리가 완성도 있다. 그렇다고 액션 영상미 음악 연기가 빠지냐? 그렇지 않다는 게 중요!,10,1
538,움 ㅠ,10,1
539,블럭버스터 오락 영화  로서 볼거리는 있다,9,1
540,원터솔저 느낌강한 여자007 여자배우들 액션대역 포함 다들 몸이 많이  굼뜬느낌 로마노프는 아이언맨에서의 매력이   여기에서 다 죽었구나,5,0
541,언청 웃겼는데 영화랑 같이 웃은건 아님 ㅋ 한번 볼만한 b급 영화? ㅎㅎㅎ,3,0
542,블랙위도우를 좋아하는건 좋아하는거고 마블을 좋아하는건 좋아하는거고 근데 이 영화는 재미없다 걍 그래,6,1
543,어제 봣다 태스크 마스터 별로여서 2점깍는다,8,1
544,나타샤 멋있어... ㅠㅠ,10,1
545,영화 재미있습니다.  다만 앞으로 스칼렛 요한슨이 나오지 않아 아쉬움이 크네요 ㅠㅠ,10,1
546,진심 최고다ㅜㅜㅜ 블랙 위도우의 첫 솔로무비이면서 나타샤를 보내줘야한다는게 아쉬웠는데 그 아쉬움을 잘 달래주는 잘 만든 영화!!,10,1
547,설명이 필요없을 정도로 완벽한 영화네요,10,1
548,더운데 간만에 시원했어요 나타샤의 새로운발견 정말 좋았어요ㅎ,10,1
549,시작하자마자 가슴이 웅장해지는...,10,1
550,런닝타임 2:30분이 금방간듯. 간만의 액션 굿 영화네요.,9,1
551,이런 실제 액션이나 스토리가 좋음.  윈터솔져보다 더 나음.,9,1
552,"고통만 안겨준 세상에 딸이자 언니이자 영웅으로서 사랑을 돌려준 나타샤, 고마웠어. 아쉽고 슬프지만 이젠 안녕! (엉엉. 긴 머리도 단발머리도 모두 멋진 스칼렛 요한슨, 수고했어.)",7,1
553,웃기고 찡하고 반갑고,10,1
554,마블 영화중 가장 수작이다.,9,1
555,재미졌쮸,10,1
556,마지막 장을 장식하기엔 무난 뻣뻣,8,1
557,맨몸액션 진짜 강렬하고 멋있음,10,1
558,기대된당,10,1
559,스칼렛 요한슨 너무 멋져ㅠㅠㅠㅠ♥️♥️,10,1
560,스칼렛요한슨 매력덩어리...,10,1
561,스칼렛요한슨~♡♡,10,1
562,아이언맨...저지스트 비슷 잘받음,10,1
563,앤드게임에서 죽어서~ 영화관에서 보다가 중간에 니올뻔~ 스칼렛 요한슨 넘 보고싶어요..  내년에 개봉하나요~? 예매합니당..,10,1
564,노잼,1,0
565,전형적인 가르치기식 사상주입영화 댓글에서 별점조작하는 자칭 페미니스트 분들의 덧없는 조작뿐,3,0
566,진짜 영화 ㅈ도모르는 영알못들이나 10점박아  그냥 마블이라면 보지도 않고 재밌다 ㅇㅈㄹ 평점10점 박지 디씨라면 무조건 노잼ㅇㅈㄹ 평점테러하고  마블빠안하면 뒤쳐지는거같냐?  마블코믹스 역사가 이제 100년 가까이 되어가고있는데  2010년 이전엔 마블있었는지도 모르는 것들이 아이언맨 하나보고 보기시작해서 빠돌이빠순이하는거 진심 극혐 마블 좀 안다 영화 좀 봤다싶으면 판타스틱4나 최소 퍼스트어벤져 극장에서 봤어야돼 뒷북도 이런 뒷북이 없어 그러니 한국관람객을 호구로 보지 무슨 대우해주느라 최초개봉하는줄아냐 다 돈줄로 보니 최초개봉해서라도 돈벌수작인거다 한국애들 립서비스랑 국뽕 구분 못하는거 너무 한심스럽다 그러니까 이용당하지ㅉ,2,0
567,디즈니 플러스 실황?.............,1,0
568,이영화 강추다  솔직히 구멍난 개연성도 있지만 여성서사 부분도 세부항목에 포함해서   전체적으로 스토리는 뭐랄까 기대만큼은 아니었지만 그래도 이정도 수준이면 만족스럽다  여성서사 부분은 정직하고 진솔했던 유역비의 뮬란(강추) 보다는 낮지만 메이드인디즈니 무색케한  뻔뻔한 크루엘라(비추) 보다는 높았다  미드소마(비추)로 아카데미상 여주상 후보에 올렸어도 전혀 손색이 없는 플로렌스퓨 뭔가 맞지않는 캐릭터로 암튼 어색했다  1위 분노의질주9탄(강추) 2위 블랙위도우(강추) 3위 콰이어트플레이스2탄(강추) 4위 고질라대콩(강추)  주관적이지만 내 기준 개인적으로는 분노의질주9탄 보다는 낮고 콰이어트플레이스2탄 보다는 그 수준이 분명히 높았다,9,1
569,"블랙 위도우 자체가 우리가 아는 슈퍼히어로처럼 엄청난 능력을 가진것도 아닌데, 이정도 몰입감에 액션씬 보여주는거, 나라면 마블 본사 앞에서 퇴사시간까지 물개박수 쳤다.",10,1
570,미쳤음 개재밌음,10,1
571,"더이상 볼수 없다는게 아쉽다~~,, 쿠키영상까지 꼭 보세요,,",10,1
572,아구찜 먹으면서 잼께봄 ㅎ,10,1
573,오랜만에 마블영화가 나올 줄이야,8,1
574,오랫만에 극장서 마블 구 시리즈를 봐서 좋았음. 요한슨 굿빠이,10,1
575,역시... 재밌네요. 블랙위도우 대신 화이트 위도우 시대가 오는건가요,9,1
576,"스칼렛 요한슨, 밀라 요보비치... 말이 필요없음.",10,1
577,진짜 너무 재밌어서 눈물 나올 지경.. 블위 이렇게 못보내 진짜 ㅠㅠ,10,1
578,욜라 재밌다,10,1
579,눈을 땔수 없는 액션과 틈틈히 들어가있는 코믹~ 코로나 이후 영화 중에서 젤 잼나게 본듯.,10,1
580,이런 마블 배운 변태들…,10,1
581,이 영화를 보면서 액션이 예술이라는 것을 느꼈다. 화려한  디지털스케일과 아날로그 액션의 조합.,10,1
582,한편 더 내줘,10,1
583,마블덕후임. 드라마적인 요소와 마블 기본 세계관 악당을 물리치는 히어로 요소가 섞여 다소 유치하지만 재미있었음.  블랙위도우 보내려니 눈물이ㅜㅜ  우와 할 정돈 아니나 재미있었음,8,1
584,현재 상영작 중에 그나마 나음,8,1
585,ㄹㅇ 개존잼..... 개띵작... 코로나 조심해서 3-4번 더 보러갈듯,10,1
586,액션 대박ㅠㅠ,10,1
587,이 여자 정말 장난없음,10,1
588,진짜 재미있었다,10,1
589,다음 영화에서 예고편만 보고 평점 9.0이상인 경우는 없었는데.. 대다수가 10.0.. 최하 8.0.. 이것이 마블의 힘이고.. 이것이 블랙위도우의 힘이구나.. I Love 스칼렛 요한슨.. 블랙위도우 보고싶다.. 코로나가 이길까? 블랙위도우가 이길까?,10,1
590,"어제 랑종을 보고와서 그런가 블랙위도우 영화는 호불호가 갈려도 최소 7점이고 봅니다. 잠을 청하신 분들은 식곤증일 확률이 높고. 스토리 튼튼, 액션 튼튼, 훌륭한 연기, 몰입도 상, 감동과 재미 등 딱히 흠잡을만한게 없죠. 공감 능력 좀 안되시는 분들이나 한가지 취향만 고집하시는 분들에게는 별로 일 수도 있지만 전체적으로는 최고입니다.",9,1
591,.,0,0
592,죽은 자식을 굳이... 1점의 가치도 없다,0,0
593,재미와 감동,8,1
594,굳!!,10,1
595,수퍼파워를 제외한 히어오물이 더 실감난다,10,1
596,시간때울라고 본건데 이번년도 최고영화라고 생각된다.,10,1
597,솔직히 별기대는 하지 않았었는데..엔드게임 보다도 맘에든다.,8,1
598,마블영화보고 눈물나보긴 첨,10,1
599,마블팬이라면 만족 뉴 페이스 등장으로 다음 어벤져스 기대감,10,1
600,액션도 멋있고 한편이라 아쉬었음,9,1
601,피 한방울 섞이지 않았고 짜여진 계획대로 3년간 가족으로 지냈지만 그것이 진짜였고 세상의 전부라고 믿고 싶은 엘레나.  진정한 가족의 사랑의 의미를 화려한 액션과 함께 애잔하게 담은 영화~~ 단지 액션영화일거라 생각하고 봤지만 의외로 가슴뭉클 하고 감명 깊게 봤음.,10,1
602,너무 좋아요,10,1
603,코로나 이후 최고의 영화,10,1
604,마블은 마블이다 ㅋㅋ 영화가 짧다고 느껴질정도로 잼있게 봄!! 랑종보고 스트레스 받았는데 블랙위도우로 힐링함,9,1
605,어벤져스보다 더 재밌게 봤는데  우주괴물 나오고 이런거 기대하시는 분은 보지마시길...  단순 액션으로 평가하면 어벤져스 이상이라고 생각함  각 캐릭터들도 살아있고 가족이라는 떡밥도 마블답게 잘 섞었음,10,1
606,보쿠나 하가시떼 쿠로와 난데쿠 스키스키키대 키미네요 카라마 코노자키노 스카다마 스키스코노 슷떼요딴다 하가시떼 쿠로와 리다노 앤 대이 탄다 코로와카 코노리자노 코로와 난대쿠 대기키대 보쿠노 키미논다카 난키내 키미요 코로와카카요 난대요 스키노 난다요,3,0
607,올해 볼수 있으려나????? 코로나 19...... 에휴~~~~~~~~,1,0
608,짜증나.,2,0
609,예고편만 봐도 지루하고 따분함 그 자체... 절대 안볼듯...,0,0
610,여자X들 달라붙었네 캭 퉷,0,0
