﻿,document,score,label
0,시작은 전설이었는데. 이게 뭐냐?,3,0
1,디즈니는 스타워즈같은 서사시를 더럽힌 장본인... 시작은 미진했으나 끝은 창대??? 농담하세요? 장대한 스토리를 좁은소견으로 어떻게 말아먹는지를 보여주는 대표적인 필름낭비입니다,0,0
2,다스베이더 개X신만들기,5,0
3,"쌍제이 탓이 아님.. 전편에서 영화 다망쳐놓고 가서 스토리 전개할 답이 없게 만든 라이언존슨 탓이지 전편에서 루크스카이워커랑 레아공주가 죽여놔서 저항군들을 이끌어갈 캐릭터들이 남아 있지도않음. 아니면 저항군들을 이끌어갈 새로운 강력한 캐릭터를 등장시킨것도 아님.  전편 보라머리 아줌마가 그나마 리더같았는데 그분마저도 죽여버림. 빌런측도 마찬가지로 스노크라는 엄청 쎄보이는 캐릭터가 있었는데 8편에서 그냥 죽여버림. 카일로렌 정도 빼면 다스베이더, 팰퍼틴 같은 카리스마 있는 빌런? 없음. 남아있는 카일로렌 마저도 성숙하지 못한 모습.. 그렇다고 9편에서 뜬금없이 강력한 새로운놈을 등장 시키면 그게 더 이상해보였을거임. 그래서 어쩔수없이 팰퍼틴을 부활시키는게 최선이었고. 라이언존슨이 다망쳐놨는데 쌍제이가 뭘하겠냐",6,1
4,팰퍼틴 뜬금 출연 이럴거면 전편 쿠키영상에 빗자루 들고있는 꼬마 빼고 팰퍼틴이 등장한다고 예고라도 했으면 좋았을 턴데.... .... 뭔가 스토리상 빌런 늘게 없어 그냥 대충 대충 집어넣은  느낌이 나서 별로 좋지는 않네요;; 결말도 뻔하고 그래도 재미있으면 됬지 뭐......  흨,6,1
5,유년시절 스타워즈 시리즈와 같이 성장하지 않은 세대들은 그 감성을 이해 하지 못한다~ 이 정도면 잘 만들었다 근데 그만 만들었으면 좋겠다 옛 영웅들이 늙고 쇠약하고 죽는게 마음 아프다~T.T,8,1
6,7편까지는 정말 재미있었다. 8편은 뜬끔없는 페미들 얘길 집어넣어 쓰래기로 만들더니.. 9편은 햐! 진짜 말이 안나온다.  8편때문에 9편은 스토리가 개판..  진심 0점도 아깝다,0,0
7,제일 아니다....뭐냐 쪼이는 맛이 하나도 없고..칼부림하다가 막다가 스타워즈가 아니라 부활워즈... 동물새끼들이 활개치고 다니고.....외계인에 동물에...갖은 오만 짬뽕들이 나오는게 시리즈가 거듭될 수록 역겨워진다..웬 짐승새끼들이 스타워즈와 무슨 관련이 있어? 이제 이 시리즈 그만 둘때도 됐다...자꾸 아쉽다 아쉽다 하니까 계속하나본데...미국이 멸망하지 않는한 계속 할래? 20에피소드30 에피 ..500 에피 스타워즈?,3,0
8,내가 이때까지 본 11편의 스타워즈 중 거의 가장 재미없었던 영화다. 마지막 결전임에도 불구하고 긴장감이 없어서 몰입도가 떨어지고 캐릭터들에게 정이 안간다. 개연성도 떨어지고 너무나 뻔한 스토리 42년을 이어온 프랜차이즈를 마무리하기에 아쉬운 완성도.,4,0
9,전설과 포스가 완전히 사라진 3부작의  마침표...,4,0
10,그만찍고 전설로 남거라. 이야기가 산으로 가면 배우들이 캐릭터라도 잘 살리던지. 이도저도 아닌 이름만 빌려 쓴 영화,3,0
11,전설을 우뢰메로 만들어버렸네;;;;,1,0
12,"다스베이더 그냥 이상한놈으로 만들어놓고 과정도 없고 그렇다고 전편에서 찾을수도 없고 뭐지 이게 10편 까지 나오던가 뭔가 스토리 하나가 빠진 느낌... 8편부터 아슬아슬하던 탑이 무너졌음...그리고 갑자기 펠퍼틴의 부활? 그냥 카일로렌 도와주는 역할로도 충분했을텐데...카일로렌은 아빠 죽이고 할짓 다하고 반성? 그걸 또 제다이처럼 죽다니 마지막에 레이 살리면 걍 제다이임? 감독 탓을 할수도 없는게 라이언 존슨이 제다이 피섞인 애들 죽여놓고 리더를 없애 놨으니...그래도 이건 좀 심했다 그냥 한 2~3편 메인만 몰아넣은 느낌 마지막은 진짜 너무했고(파워레인저?) 그리고 펠퍼틴이 데스스타에서 죽고 다시 살아났는데 저렇게 죽으면 또 살아나겠지? 7, 8, 9는 없던걸로 합시다...레전드만 남겨놓는걸로.",1,0
13,역시 시리즈 물이라서 가면 갈수록 ㅈ됀다,5,0
14,극장에서 보면서 개 벙쪘음 아나킨 헛되이 죽었넼ㅋㅋㅋㅋㅋ,1,0
15,팰퍼틴을 아무런 설명도 하지않고 그렇게 뜬금없이 억지스럽고 말도안되게 갑자기 살려내서 아나킨이 포스에 균형을 가져온 일을 그냥 없었던 일로 해버려 40여년에 전통을 지닌 스타워즈라는 전설을 이렇게 끔찍하게 더럽히고 개박살내 버리다니!!!,5,0
16,그냥 스타워즈 클론전쟁 시리즈 관련 만화나 스타워즈 애니메이션좀 제작 해주면..,1,0
17,"에피소드 7,8,9는 그냥 완전 개졸작.",1,0
18,이건 루카스필름이나 쌍제이의 문제가 아니고 그냥 디즈니가 8편 감독을 잘못 데려온거다. 차라리 8편도 쌍제이가 했다면 그나마 훨씬 나았을것 같은데...9편은 어떻게 시리즈를 끝내나 했는데 그냥 라제 문제점들을 땜빵하는 용도로만 쓰인 영화같다...,5,0
19,♩♪♩♪년들아감독을 탓하지말고 전작을 탓해라 이게 감독이 조금 살려놓은거니까 ♩♪.,5,0
20,.,10,1
21,스카이워커 사기의 싱거운 마무리,5,0
22,4~6편만 인정한다.....,0,0
23,개판이네..,1,0
24,"이럴꺼면 6편까지의 에피소드들로 평생 레전드로만 남기고 괜히 거기다 이상한것들을 더 추가해 스토리를 늘린답시고 온갖 삽질에 벌짓 다 해가면서 만든 시퀄 삼부작 7,8,9 편은 애당초 처음부터 만들질 말았어야 했다. 팰퍼틴이 부활한 것에 대해서 이해와 납득이가는 배경과 개연성을 조금이나마 추가했으면 나았을텐데",6,1
25,피보다 진한게 있다는데 그게 뭐임?,1,0
26,그냥 접어라....시리즈가 갈수록 재미없네...맘에 드는건 ost밖에 없다,4,0
27,진짜 못 만들었다 억지설정 억지 재미,1,0
28,무협에서 혈마나오고 천마나오고 그리고 영웅이 나타나 쓸어버리고 .4~6을 뭉쳐뭉쳐 종합선물만들었네요~ 포스는 영원하라~,5,0
29,다음편 만들라고 ㅇㅣ따구로 만드는건가,5,0
30,"내가 스타워즈를 보면서 3번 꾸벅꾸벅 졸을 줄이야.... 이건 진짜 너무 한거 아님??  제다이가 여자로 바뀌면서 광선검 액션은 무슨 애들 칼싸움처럼 바뀌고,  쓸데없이 등장인물들만 많아지면서 산만해지기만 함.  더군다나 거의 대부분 등장인물 별 쓰잘데기 없음. 오스카 아이작만 엄청 아까움. 저 캐릭터만 잘 활용했어도 영화 훨씬 잘 살릴 수 있었음. 쓸데없는 등장인물들만 많아지면서, 오스카 배역 할당만 너무 작아짐. ",6,1
31,포스의 가능성은 어디까지일지.. 제다이와 시스의 대립의 결말을 잘 지어준듯. 새로운 3부작의 시작이 너무 무명의 캐릭터여서 재미반감. 액션도신선함이 없고... 아쉬움이 많이남는 시리즈인듯... 추억을 회상하며 전편을 소장용으로 구매 추억은 잘 마무리해준 마지막편인듯.,7,1
32,젠장,1,0
33,별주기도 아까운 영화 6편으로 끝냈어야 하는 영화.. 1류 영화를 3류 영화로 만들어버리는 감독의 능력 참으로 대단하오,0,0
34,"이제 좀 그만 만들어라.   졸라 잼도 없는것 앞으로 절대 안본다.  맹그러도,,,",0,0
35,"스타워즈의 오랜 팬들이 보기엔 악몽과도 같았던 시리즈의 멸망. 좋게 본다면 새로운 가능성과 희망을 여는 대장정의 마무리. 연출은 나쁘지 않으나 너무 멀리 날아간 스토리와 다양성에 비벼져버린 어설픈 인물 구성이 너무나 아쉽게 느껴진다. 어찌 되었던 영화사의 가장 찬란하고 위대한 시리즈의 마지막에 박수를 보낸다. 이대로 끝낼 디즈니는 아니겠지만, 부디 어설픈 스핀오프 망작과 드라마로 명작에 흠집을 내지만 말았으면 하는 바램이다.",6,1
36,점수를 주고 싶지 않은 졸작 상황에 상관없이 들어가 있는 유머도 어줍잖고 개연성도 떨어짐. 액션이나 cg보다 스토리에 더 신경을 썼으면 좋지 않았을까. 디즈니가 먹으면 왜 영화가 다 재미없어지냐 ,1,0
37,"디즈니가 스타워즈를 망쳐놨다. 에피 7,8,9는 만들질 말았어야 했어 ㅜㅜ  레전드를 개쓰레기로 망쳐버리다니..",0,0
38,jj에이브람스 별로다,1,0
39,연기들이 모두 한결 같으심. 음향빼면 별로 하지만 안보고는 못지나갈 유명 시리즈물 아주길어도 개운하게 끝까지 보게됨.,6,1
40,망작 시리즈의 끝판왕!!!,0,0
41,단점-  핵심 배우들의 연기가 다소 가벼워 보임~ 장점- 긴여정의 마무리~ 한줄 평- 시리즈가 긴만큼 집중해서 보지 않으면 몰입이 안되므로 재미가 없을 수 있다.  엔딩곡은 언제나 들어도 명곡!!!,9,1
42,정말 엉망진창.,3,0
43,어쨋든 끝났다.,7,1
44,20년 3월 25일 케이티에서 만원으로 소장...  정말 잘봤어요. 선과 악의 대결....굿굿,8,1
45,전체적인 내용도 괜찮고 세련된것보다 예전 느낌 살려서 좋았음  여기까지는 7점 주고 싶은데  배우들을 어디서 주워왔는지...집중도 안되고 B급 영화 보는듯 했어요. 그나마 만달로리안 시즌2 조만간 방영되니 위안을 삼아야겠네요.,5,0
46,팬심으로..,6,1
47,"수많은 마블,SF 중에 유독 한국정서상 흥행을 못한 스타워즈... 그 막을 내리다... 그래도 근래 스타워즈 중 제일 괜찮은 마무리 인듯... Good bye... Star Wars~~~ With Force~~",8,1
48,뜨뜨미지근한 시리즈의 마무리,6,1
49,해산물같이생긴 외계인들 맛있게 생겼음. 중2병 대잔치... ,4,0
50,스타워즈의 진정한 여정이 끝을 맺다. ^^,8,1
51,국민학교 4학년때. 처음본. 스타워스. 이렇게. 긴세월. 같이해줘서. 고마울뿐이다. . .   포스가. 함께하길. . . .   다음은. 외전형태로. 멋지게들나오길 바란다.,10,1
52,잘못 채운 단추 하나가 이렇게 전설을 개박살 내는구나... ,6,1
53,엉망진창,2,0
54,"스타워즈 감성 서사가 사라진 엉망진창 환타지, 정신이 사라지고 흥미본위와 가십, 디지털이 지배하는 세상의 심각학고 치명적인 그랙픽 쓰레기.",0,0
55,기존 시리즈를 예기저기 오려붙여 만든 싸구려 영화 메카닉디자인조차 오리지널시리즈에서 버려진걸 재활용함 ;;;;;,0,0
56,일본문화가 잘 녹아들었네 하지만 스타워즈는 역사이자 문화 스타워즈 전편을  긴시간동안 함께 한 사람만이 느낄수 있는 감정,9,1
57,"1-8편까지 본 사람은 그 재미를 안다. 물론, 전작들처럼 흥분되는 것은 없었지만 그래도 마무리를 잘 한 편이다. ",9,1
58,스타워즈만의 세계관이 있어서 기본은 하지만 조지루카스가 9부작을 구상했을때의 그영화일런지..,7,1
59,스타워즈 이름 붙이기 민망해서  456에 나왔던 이전 캐릭터들 찬조출연? 같은 식구 마블은 잘나가는데 스타워즈는...그나마 끝난게 다행인듯..,1,0
60,"이 영화에서 가장 볼만한 것은 전작의 그림자들을 볼 때와 The Imperial March가 흘러 나오는 엔딩크레디트 뿐이다...과거의 영광이 아니면 끌고나갈 힘이 없는 이 영화를 만드는 이유는 아이러니 하게도 과거 이미지들의 힘이다...오리지널 3부작과 프리퀄 3부작의 틀에서 벗어나지 않는 한, 차후 제작될 스타워즈 10 11 12의 운명은 7 8 9와 똑같을 것이다...한 세대가 끝난 후, 긴 시간이 지난 시점의 이야기를 하고 있음에도 독자적인 세계관을 만들지 못하고 계속해서 오리지널 3부작 분위기와 스카이워커 집안의 인물들 이야기에 기댄 대가가 이렇게 크다...에피소드9에서 펠퍼틴까지 소환하는 걸 보고 개인적으로 스타워즈의 오랜오랜 팬이지만 이 에피소드 7 8 9는 도저히 쉴드를 쳐줄 수 조차 없는 대",2,0
61,스타워즈 우뢰매 완결판 로멘스 잘봤슴.....,10,1
62,역쉬 기대를  저버리지 않는 초딩 영화,3,0
63,너무 오래 울궈먹었다. 더이상 보여줄게 없는데도 쥐어짜니 나올게 있나...,4,0
64,JJ 기억해두겠어,0,0
65,스타워즈 시리즈는 다 거기서 거기... 색다른게 없다... ,6,1
66,불면증이 있었는데 많은 도움이 돼주었어요.  원래 0점인데 고마워서 1점 줄게용 ^^,1,0
67,보다가 졸앗다  돈날렷다  전작들에 비해 매우허접한,1,0
68,오래전 1970년대에 미래를 그린 영화설정을 그대로 시리즈를 만들고 있는데 당시에는 대단해보이는 기술들이지만 지금 보면 미래기술이라고 보기엔 함선 디자인이라던가 제복들이 좀 구닥다리처럼 보인다. 게임 헤일로의 설정이 좀 더 미래기술에 가까워 보인다. 스타워즈 하면 역시 다스베이더가 나와야... 빌런의 포스가 너무 약했다.,7,1
69,Good,10,1
70,456에 비해 123이 망작이었는데 9은 피똥이구나,1,0
71,"진짜 너그럽게 봐서 이거 전편, 전전편도 긍정적으로 즐겁게 봤거든요??? 근데... 이거는... 필름으로 존재하면 똥 싸서 제 똥을 닦는데는 유용할 듯.... 응? 필름인줄 알았는데 이게 똥이었네요ㅜㅜ",2,0
72,초창기 스타워즈는 이렇진 않았는데..  아우- 재미없습니다,4,0
73,왜케 아쉽고  허무하지~,5,0
74,전부터 느겼지만. 개막장 SF 영화. 그럼에도 불구하고.,7,1
75,내돈도 아깝고 영화만드는 돈도 아까워보여... ,1,0
76,디즈니로 넘어가고 스타워즈는 끝난거야.... 특히나 광선검은 남성의 전유물이니 등장최소화하겠다 운운하는 여성상위 디렉터 지휘아래 남성용sf영화를 만들고 주인공을 여자로 바꾸면 소녀들이 레아를 따라 광선검을 사서 놀아줄거라고 생각한거야? 트렌스포머에 주인공이 남자로 바뀌어도 실제 주인공이 옵티머스인것과 같아..... 거기도 미군활약 늘리고 중국을 두드러지게 하고 하면서 망했지? 이건 더 산으로갔어.... 분명 제다이가 나오긴하는데 제다이가 아니야.... 차라리 기존시리즈에 애착이 없으면 킬링타임용으로 라도 볼텐데.... 애착있어서 보다 끄게된다...,1,0
77,의외로 재미있다.,7,1
78,음...,1,0
79,말 그대로 광선검인데 얘들 보면 투핸드 소드 휘두르는거 같음. 스토리는 여전함. 시퀄 시리즈는 모두 개망.,1,0
80,인물들이 모두 충동적이야.  계획도 없는데 스케줄(운명) 맞춰서 팡팡 터지는...  이럴거면 마이클 베이를 쓰라고;,0,0
81,넘 재밌게잘봤어요 전 영화보면 졸기일쑤인데 졸지도않고 넘재밌었어요 스타워즈 영화로 첨보지만  선은 악을 이긴다는거~~~^^ 10점,10,1
82,루카스형님이 감독했으면 10점~~,0,0
83,헐....,0,0
84,망설이다가 의리때문에 막차로 봤네요.  우리 시대의 SF장편무협드라마 .. 주인공들의 삶의 무게가 내게도 세월을 느끼게 해주는군요. 굿바이! 스타워즈~ 고마웠다.,8,1
85,"40년시리즈의 마무리로서는 너무너무 아쉽지만 그동안 고생했다. X맨, 왕좌의 게임, 스타워즈… 결말이 마냥 안타깝다",6,1
86,J.J 형 인생 오작,1,0
87,"재미, 영상미, 음악, 전율 모든것이 완벽했다. 다만, 전반부의  급전개가 약간 있었고 후반부의 키스신은 왜 넣은지 모르겠다. 말도 많고 탈도 많았지만 성공적으로 장엄한 스카이워커 사가를 마무리 한 것같다. 쌍제이 감독님께 감사을 표한다.",8,1
88,스타워즈를 잘 마무리 했네요,10,1
89,역대 최고다!,10,1
90,루카스형이 이걸 내놓고 잠이오시려나 ... 123456은 진짜 명작이었다  789는 스타워즈로 인정안할랍니다 ,1,0
91,약간은 아쉬운 결말... 조금만 여유가 있었으면 좋지 않았을까,7,1
92,우주를 배경으로 한 최신 테크놀로지의 중심에서 총도 아닌 물리적으로 휘둘러야하는 저 광선검을 아직까지 휘두르고 있는건 코메디지ㅡ ㅡ,9,1
93,한번 더 보고 싶다. ,9,1
94,141분을 행복하게  만들어 준 영화. 낮은 흥행으로 약간은 망설였는데  걱정을 멀리하게 보는 내내 행복감을 느끼게 해 줘서 극장에서 내리기 전에 다시 한번 보고싶다는 생각을 했다.,9,1
95,뭐.. 그냥 저냥,7,1
96,스타워즈 팬으로써 너무 재밌게 봤어요. 솔직히 에피소드 7 8은 좀 그냥그랬는데. 이번편은 진짜 좋았음. 에피소드 3의 감동이 다시 온느낌.,10,1
97,진짜 재미있게봤어 ㅠㅠ,10,1
98,"나의 10대와 20대를 함께 했던 영화~!  40년의 긴 시간을 마무리 짓는 이야기로 충분했던, 아니 기대이상의  영화였습니다.  전편의 이야기를 헤치지 않은- 단순한 추억팔이로 그치지 않은- 완벽한 오마주로 인해 영화 보는 내내  아쉬움과 놀라움으로 눈물을 멈출 수 없었습니다.    아듀! 나의 솔로, 레아,  그리고 루크~!  마지막 편을 보지 못하고 떠난 레아 공주역의 캐리 피셔를 추모합니다. ps: 마지막 편을 정말 제대로 감상하고 싶다면 스타워즈의 세계관과 시리즈 전편 복습은 필수입니다!",10,1
99,"이 영화는 오리지널 (4,5,6) 팬을 위한 영화임. 7, 8은 대충 캐릭터만 알고 있으면 됨. 8이 성급한 세대 교체였다면... 9는 제대로 작별하는 느낌... 수 많은 클래식 이스터에그와 40여년의 마무리를 의리로 보는.... ""마무의리"" 영화로서는 최고였다. ",9,1
100,디즈니가 영화를 망쳤네   에휴,1,0
101,포스와 포스의 최후 결전. 시스를 물리친 제다이와 저항군들 모두 승자였습니다. 이로써 3대의 악연도 매듭을 지었습니다. 편집 호흡이 빠르고 불친절하지만 흠잡을 정도는 아닙니다. 이전 에피소드들에서 보았던 떡밥들이 넘쳐납니다. 찾는 맛이 아주 쏠쏠하니 보기 전 반드시 예습할 것을 권합니다. I know 가 거기서 나올 줄이야. 이로써 에피소드는 모두 끝나지만 다시 또 다른 스타워즈 영화로 만나요. 여러분들에게 포스가 함께 하길. 언제나.,10,1
102,2시간 넘어가는 영화는 꼭 화장실을 이유로 망치기 마련이었는데 이건 신호가 왔음에도 순간순간 흡입력에 내가 화장실을 가고 싶어하는 이유마저도 잊어먹게 할 정도로  잘봤습니다  스타워즈 팬까지는 아니더라도 항상 봐왔던 사람으로서 2시간 넘게 잼나게 봤네요~  주말은 시간이 아까워 영화 잘 안보는데 이건 토욜 황금 저녁시간임에도 후회 없을 정도로 시간 잘 때웠습니다,9,1
103,나의 영화표 값으로 제육볶음을 사는 편이 더 나았다.,0,0
104,"돈 들인 티는 나는 데,  엄청나게 지루하고 재미없다.  매너리즘에 젖은 사골 육수 우리기의 결정체.",2,0
105,40여년 이어온 시리즈가 이제 드디어 막을 내림? 스워 스토리를 이해하시려면 사전에 필히 전편 필독 권함 여튼 격투씬 곳곳에 드러나는 드래곤볼의 향기가 나에게 뜬금없지만,7,1
106,스타워즈를 ...제다이를....이렇게 정리해버리다니..... 진짜 원수의 가문이 제다이 정통가문 끝장내고 “아앰 스카이워커~” 하는데....” 왜 “아엠 유어 파더” 가 생각이 나는지...헛웃음만 나더라 ㅡㅡ;;;;,5,0
107,"라제는 PC를 위해 시리즈를 부정하더니, 라오스는 라제를 바로잡기 위해 시리즈를 부정해버린다. 우주적으로 스케일이 커진 한국형 막장 드라마를 보는 기분.",6,1
108,8편의 유산을 걷어차고 혈통싸움으로 마무리된 스타워즈. 광선총 싸움이나 우주전은 그냥저냥 볼만하긴 한데 이건 영화지 컴퓨터 게임이 아니지 않는가.  그리고 로즈 티코 분량이 2분도 안 되는 건 많이 심했다....,5,0
109,영웅 가문의 멸망 그리고 그 원인은 영웅가문 원수의 핏줄 그리고 마지막에 그 원수의 핏줄이 영웅가문도 집어삼켜버리는 막장영화 ㅋ,7,1
110,7편에는  한솔로 8편에는 스카이워커가 여주인공을 돋보이게 만들었는데  마지막편은 받쳐주는 조연이 없다고 여주인공의 연기가 최악이다보니  전반부에는 졸다가 중간부터는 돈아까워서 억지로 버티었다. 후반부에는 그나마 때려 부스는 사운드덕에 편안하게 보고 나왔다.,5,0
111,아듀!!!! 스타워즈 그동안 함께해서 고맙다.,10,1
112,지나가다 뭘줏었는데 내가 꼭 찾아야하는 물건 감정조절 잘 안되는 여주를 조상신이 도와줌 조언뿐 아니라 물질적으로도 도와줌 죽은 이도 손길 하나로 살아나는.   성경인가 싶네 아군은 대충쏴도 백발백중 적군은 뒤에서 쏴도 안맞음 디스트로이어는 화약화물선임. 전함아님,1,0
113,만들지 말았어야할 영화....스타워즈팬을 우롱하는 것이냐!!!!!!!!!!,3,0
114,초창기의 스타워즈에서 느꼈던 감정을 그대로 지금의 스타워즈에서 느낄 수 없다는 것은 당연하다고 봅니다. 스타워즈 전편의 이야기는 각각의 핵심적인 주제가 있고 그에 맞는 주인공들이 나와서 여러가지 이야기들을 이끌어 갑니다. 이번 스타워즈 : 라이즈 오브 스카이워커는 그 모든 이야기들을 하나로 모아서 마무리 짓는 내용으로 끝이 났다는 것이 너무 아쉬운 상황입니다.,9,1
115,꼭 봐라 안 보면 후회한다,10,1
116,나름대로 재미있게 즐길 수 있는 최종회였습니다~,9,1
117,마지막은 그래도 장대했다. 클리세의 반복은 어쩔수 없지만 그게 오리지날이라 이렇게 과감히 해볼수 있는거..그래도 잘정리했다. 정말 1.2  7.8편이 정말 아쉽네 전설로 남을수 있었는데,8,1
118,"2D 로 보고 아쉬워서 IMAX 로 또봤다 으아 역쉬 ㅠㅜb  댓글안좋은게 이해 안되는 ㅡㅡ 이정도면 전편 싸질러논거 잘 마무리했다 긴 여정의 마무리로도 멋지다느껴짐 화면, 음악 다 좋다  Ray, the force will be with you, always ",10,1
119,"이렇게 재미없눈 스타워즈 처음, 아 전편도 만만치 않다",1,0
120,스타워즈 덕후로써 진짜 이건 아니다.  7.8.9 편은 스타워즈가 아니다.  스타워즈 짝퉁일뿐.  쌍제이는 이런 영화 찍고 고개 들고 다니냐~~!!!,0,0
121,force be with you!,7,1
122,진짜 재미없어서 보다가 잠,0,0
123,이게 실화라는게 더 놀랍다.돈이 너무 아까워.제발 후속 더 내지 마라.,1,0
124,오늘보러갑니다.,10,1
125,"상영 내내  눈감고  하품 하다가  빨리 끝나기만을 기다리다 나왔다,,",0,0
126,전작과 비교해 볼만했음...  레이의 정체는 뭔가 맘에 안듬..  전체적 전개는 약간 지루한 감이 있음(하품 몇번함)  그래도 의리를 빼고라도 7~8점은 가는 영화임,8,1
127, 평점조절.... 일베애들이나 무조건적으로 미국빠~들은 환장해서 볼것같으나.. 작품성.내용성적으로는    도대체 뭐가 뭔지.. 좀 ... 정리좀 누가 해주라.. 터미네이터 봐라... ,0,0
128,"약간의 억지가 신경쓰이고, 마지막 시리즈 치고는 스케일이 작아 기대에 못미쳤으나 그래도 만족. ",10,1
129,제일 재미있게 보았음..이걸 왜 안보나..,10,1
130,대작이 끝난다니 아쉽다 화면 전개 대박~,10,1
131,괜찮았은데 흥행이 안돼서 안타깝다 볼거리만해도 대단한데 스타워즈를 좀 아는 팬이라면 감동적인 결말이다 ,10,1
132,말해 뭐해 최고지,10,1
133,스타워즈 팬이라면.. 지린다ㅠ,10,1
134,보는내내 숨죽이고 봤음. 1978년 에피소드4부터 지금까지 평생을 보아온 시리즈.,10,1
135,제발 완결이길 바람.. 더 이상 전설을 욕되게 하지 말길..,2,0
136,보다졸다보다졸다간신히봤다 렌 장면은 눈물이 났다 레이의 새로운 발견,7,1
137,막바지에 이르러 떠올린 느낌. 21세기 미국판 동방불패. 스타워즈 20쯤에 가면  장풍으로 행성하나 날리겠더라. 참고로 동방불패는 명작이었다. ,3,0
138,스타워즈 시리즈의 완결이라 그런지...워낙 광팬이라 그런지.... 보면서 벅차오르는 감동이 3번 있었네요.. 모든 내용을 아는 사람으로써 너무 감동적이고 재미있었습니다. 스타워즈 사랑합니다~~,10,1
139,이제 그만~스토리가 영~,0,0
140,"그래픽, 화려하고 전투씬도 멋있고,, 광선검, 포스 간지 좔좔~ 최고! ",10,1
141,갓오브 갓 스타워즈!  실화기반이라 더욱 잼나네요~!~!,10,1
142,40여년간 스타워즈 광팬입니다. 아직 영화를 보지는 않았고 이번주에 보러갈건데... 평들이 별로라서 좀 맥빠집니다. 그래도 대장정의 마무리인지라 아쉬운 마음 달래는 차원에서 볼겁니다. ,5,0
143,"전작에서 수습이 안 될 만큼 엉망진창으로 망가뜨린 이야기를 가까스로 수습하기는 했으나, '스타워즈'라는 미국의 신화가 저물어 가는 것은 뚜렷해 보인다.",6,1
144,라스트제다이 ㅡ 루크 의 몰락과 함께 스타워즈는 침몰. 히어로 주인공 캐릭터에 의해 쌓여진 스타워즈 특유의 sf 판타지가 붕괴되니  감흥이 살아나지 않아. 스토리 흐름은 신구세대의 조화를 기대했지만 결론은 구세대 몰락.  같이 저물어가는 건가 싶어 감정적으로 좋은 평 내리기가 힘드네...,6,1
145,기대가 커서 실망이 더큰것같다. 전작들에 비해 스토리가 아쉽다. 뭔가 전작을 다시보는듯한 느낌! 신선함이 떨어진다. ㅠ,6,1
146,"7,8,9 주인공들이 영 꽝",1,0
147,개인적으로 시퀄 3부작중 최고~,9,1
148,"2015년 깨어난포스부터 스타워즈를 접했던 사람이 보기에, 이정도면 충분히 화려하고 멋지고 재밌다.",9,1
149,1편에서 6편까지로  끝냈어야했다,6,1
150,"사스(악)를 무너뜨린 건 시민& 민중& people power !  메세지가 멋진 최고의 영화...  1,700만 촛불이 세상을 바꾸고 있듯ㅎ",10,1
151,7.8.9로 스타워즈의 재미와 철학은  무너져 내려버림,6,1
152,졸다..보다..졸다..보다 했어요...,6,1
153,중간은 하는 쌍 제이,7,1
154,극장 간판에 가슴 떨리던 40년 여정의 마무리에 울컥.,9,1
155,그저 그렇다... 더 이상의 스타워즈 시리즈는 안나오길 바래...,5,0
156,아쉬운점이 있지만 영상은 최고네요 imax 강추,8,1
157,"스타워즈 팬입니다. 재미있게 잘 봤습니다. 영상도 화려하고. 전투씬도 훌륭하고.  일부 사람들 불만이 많지만, 그 사람들한테 스토리 써봐라 해도 절대로 더 잘 만들 수는 없겠죠. 앞으로 년말 무엇을 기다려야 하는지... ",9,1
158,SF 영화에서 모든 만족을 구하기는 T.T 우선...스토리는 그럭저럭 괜찮았다...  마지막 악의 축이던 남자주인공이 죽다니(근데 나쁜 짓 많이 해서 살아남는 것두...) 가장 실망한 건....   미래 우주를 배경으로 하는데....   그 미래 상상이 80년대 수준??? 그리고 SF 영화라면... 좀더 발달한 과학배경이 나와야 하는데... 80년대와 화면질만 나아지고.... 그대로라니....T.T 하지만 스펙타클한 자연과 광활한 우주의 배경은 압도적....,9,1
159,스타워즈와 어릴때 부터 같이 한 정 때문에 봐줬지만 영화자체로는 좋은 평가를 하기 힘듭니다.망작이라고 평하고 싶고  그러나 이 영화를 보고 인생의 한페이지가 마무리되는 느낌이 있어 짠하더군요. 1977년 개봉되었던 그 시대를 기억하며 주인공들 마지막으로 봤습니다. 슬프네요.,2,0
160,"영화 자체만으로 재미있으나 스타워즈의 전체 서사로 봐선 ""The Force Awakens""에서 말아먹은걸 되살리기엔 역부족...그래도 재미는 있습니다..",7,1
161,스타워즈와 함께 40년을 보낸 이들에게 바치는 빅똥!! ,2,0
162,"Cgv 4dx로 봤는데, 저번편에 이어서 잼있게 봤습니다. 스타워즈 스토리야 뻔하고 영상미로 보는건데, 여주인공이 너무 멋있네요^^♡포스! 4d로 보시길 추천 드립니다.",9,1
163,솔직히 나도 고전시대 스타워즈나 프리퀄 매니아지만 특히 프리퀄은 보다 졸았잖아 배우나 다 잘생기고 멋져시지만 하지만 지금시대건 여자 흑인 동양계 나오고 사장이 페미라 스타워즈 전통을 일부러 무너트린느낌이지만 재미있긴 재밌는거같다 다만 카일로렌 웃긴캐릭터로 만든건 너무 페미스러움  너무 찐따캐릭 소녀가장 캐릭 여주인공 ..작위적 설정인게 너무 티남,9,1
164,"스타워즈를 보면 동양과 서양의 문화,정서의 차이를 느낄 수 있다고 생각함. 동양인들이 보기에는 100% 공감을 하면서 재미를 느끼기에는 거리가 있는데 동서양의 차이가 아닌가 싶음. 그래서 호불호가 있는게 아닌가 싶음.",7,1
165,레이 ,8,1
166,---worship   the   rising   sun---  celebrate   your   birthday~~  Happy   birthday   to   you~~~~~,10,1
167,사춘기 찐따의 패륜... 사랑(?)으로 반성 참회 끝...  나의 스타워즈를 이렇게 만들어버리다니....--;; 키스신은 정말 어이가 없도다,1,0
168,스타워즈 43년의 마무리로 충분히 좋다. 충분히 좋다. 영화끝나고 음악도 다 듣고 나가라. 언제 또 듣겠나. ,10,1
169,차라리 마이클 베이가 찍는게 낫겠다,5,0
170,난 정말 이해가 안가는게 이정도면 띵작아닌가? 에이브람스는 정말 믿고 본다,10,1
171,그냥저냥 볼만했음 끝나서 아슁ㄷㆍㅁ,7,1
172,"이걸로 끝이라고 하기에는 좀 아쉽다! 전작 보단 확실이 재미있음,액션도 뛰어나고,문제는 그짫은 시간에 모든걸 다 표현 할수 없다는것!평론 리얼리티를 떠나서 확실이 재미가 있음!",9,1
173,스타워즈 팬이라면 꼭 봐야하는 최고의 마무리. 자기들이 무슨 스타워즈 세계관 만들사람들 처럼 스타워즈는 어때야 한다? 자기들만의 기준에 갇혀서 영화를 무슨 예술작품인줄 알고 떠드는 사람들도 있지만 나에게는 좋은 결말 마무리 작품이다.,10,1
174,요근래 무슨 포스가 너무 무한능력이라서 웃기지도 않았는데 마지막으로 아주 빅똥을 싸고 끝나버리다니 중국 무협에서도 안 할 짓을 SF영화가 하다니 짜증이다.,2,0
175,초딩 때 가슴두근거리며 봤던 스타워즈! 내 인생 최고의 영화. 중간시리즈는 좀 실망스러웠으나 이번 편으로 섭섭한 맘 다 버리고 맘 편히 작별인사할 수 있어 다행이었음. 보는 내내 넘 재미있었고 어릴 때처럼 울고 웃을 수 있어 고마웠음. 이젠 안녕 루크 스카이워커! 안녕 내 어린시절!  나도 누군가의 루크 스카이워커가 될 수 있길!  ,10,1
176,디즈니가  만들면... 다 동화가 되는건가... 4DX라  2점,2,0
177,나에게도 포스가 있었으면...,10,1
178,"어벤져스 앤드 게임과 견주어도 손색이 없는 영화. 스타워즈의 단점은 뭔가 산만하다라는 거였는데, 이번 영화는 긴 여정의 마침표를 찍고 다시금 뭔가를 기대하게 만드는 영화였다. 어릴 적 느꼈던 그 거대하고 장쾌한 서사를 새로이 느낄 수 있게끔 하는 '스타워즈' 후속을 기대해 본다. ",9,1
179,스타워즈는 1편 빼고는 정말 나오지 말았어야할 시리즈들,3,0
180,흠.... 스토리가 지루하긴 했는데 뭐 그렇게 개똥망작은 아니었음 스타워즈란 타이틀만 없었으면 재밌게 봤을텐데...... 그래도 스타워즈 펜이니까 후하게 준다,8,1
181,재미,8,1
182,존이 레이한테 말하고싶은 말이뭔지 몰라서 아쉬움,9,1
183,스타워즈 펜들을 위한 헌정영화정도,3,0
184,시퀄을 만드는게 아니었어~ 영화시작전에 12세이상 관람가가 뜨는것을 보고 vod 트는줄,5,0
185,대여정의 마지막인데 아쉽네요...,10,1
186,지루하고 참 엉뜽한 장면들.. 시끄러워서 잠도 못자고 왔네,1,0
187,가족 막장 드라마   도대체 주인공들의 감정변화가 너무 개연성이 없어서 억지스러움  CG 와 그동안의 세월이 안타까운 영화,2,0
188,짱 재밌다! 더 나왔으면 좋겠다.....10점,10,1
189,길고 긴 막장 드라마는 끝나고...  그리고 일상으로 돌아감. ,7,1
190,너무 재밌었어요! 마지막치곤 훌륭했던 영화같아요!,10,1
191,레전드를 만드려는 의미라면 그럭저럭..괜찮다. 이걸 얼마나 오랫동안 보아 온거냐. ㅎㅎ,9,1
192,보지말걸 괜히봤어.,5,0
193,스타워즈가 이렇게 마지막이라니 아쉬워요 마지막편 너무 재미있게 봤어요,10,1
194,좀지루하고 재미는별로내요  6.5점,7,1
195,박수칠때 떠났어야했는데...솔직히 트랜스포머5 정도의 느낌이다.,6,1
196,별로다 5점 정도가 적당하다,1,0
197,ㅋㅋㅋㅋㅋ,10,1
198,"7,8편의 답답함과 실망감을 9편으로 비로소 모든것이 정리되고 해소되는 느낌.  스타워즈 43년의 역사와 함께해서 좋았다",10,1
199,기대안하고 봤는데 나름 괜찮음.,8,1
200,그냥 뻔한...  차라리 이번에 끝난 드라마판 스타워즈...만달로리안이 더 재밋게 봣다...,6,1
201,이젠 정말 안녕,10,1
202,"가슴이 먹먹 하네요~~ 모든 추억을 다 담고, 대서사시가 끝났어요^^",10,1
203,굳,10,1
204,딱 스타워즈 같은 영화,10,1
205,그동안 수고 많았다  이제 그만 좀 히자 ,6,1
206,원조 팬서비스는 좀 있음..,9,1
207,"1~2년쯤 뒤 IPTV에서 무료상영해도 채널 돌릴 것 같음.  주인공들 매력없음, 스토리 식상하거나 괴상함, 오리지널  주인공들 늙어서 추함. 돈 보다 시간이 더 아까움.  10~8점 주는 알밥.",1,0
208,스타워즈 팬으로서 충분히 감동적인 마지막편!!,10,1
209,이정도면 정말 잘만든 마지막편... 스타워즈 팬이라면 미소지을수 밖에 없다,10,1
210,지금까지 나온 씨리즈 여러군데 내용을 끼워넣음. 대규모 전쟁씬은 잠깐 나오나 너무 당연하게 이김. 요다/콰이곤/오비완/아나킨 등  정통성을 잇는 계보를 무너뜨리고 억지 씨리즈로 변한것이 원년 팬으로써 아쉬움,3,0
211,포스의 불균형 5점. 포스의 균형이라는 스타워즈를 관통하는 클리셰가 그냥 사라져 버린 것만 봐도 이 후속작들이 얼마나 헛소리만 하다가 끝난건지 설명이 됨.,5,0
212,"이 영화 하나로만 보자면 가장 스타워즈스럽지 않은 영화일수도 있다.   하지만 1977년부터 시작되어 40여년 넘게 이어져온 SF영화의 상징과도 같은 대서사시의 마지막을 보고, 작별을 고하는 팬들이라면 10점을 줄 수 밖에 없지 않겠는가.   전설에 경의를 표하며,  화룡점정으로 전설을 완성해준 존 윌리암스에게 무한한 찬사를 보낸다.   May the Force be with you.. ",10,1
213,좀~루즈한듯하나...전작에비해선 괜찬음. 레이 스카이워커! 뻔한대사지만 괜찬았다.,7,1
214,아쉽다,8,1
215,예고편에 스타디스트로이어 때거지로 나와서 제대로 함대전 하는지 알았는대.....마지막 전투씬이라도 제대로 됐으면ㅠ아오 개허무함,3,0
216,starwars forever!!,10,1
217,좀 실망... 대충 만든 듯 ,6,1
218,실망이크네요.  스케일도 다 죽고 가족들끼리 집안잔치 하는수준.  그래도 시간때우기엔 나쁘지 않습니다.,6,1
219,의리로 참고 봤는데 힘들었다.,6,1
220,첨단 CG와 AI 시대에 그 옛날 아날로그 시대로 부터 소환된 올드 SF 판타지의 예상치 못한 뒷심.,10,1
221,이정도면 재밌다.,10,1
222,"중간중간 개연성 떨어지는 비약이 있지만, 충분히 재미있게 봤다. 스타워즈 시리즈를 30년도 넘게 봐왔던 사람으로 정규 에피소드가 끝나서 많이 아쉽다.",8,1
223,어거지도 이런 어거지가 없다........,2,0
224,초등학생 어릴적부터 봐왔던 영화 언제나 최고,10,1
225,똥을 만들어놓고 음악을 깔아서 틀어주네.. ,1,0
226,이거 너무 한거 아니요?,1,0
227,이거 누가 망작이라했죠? 정말이지...스타워즈의 종합선물세트네요 감동과 재미..... 너무 잘봤구요...머지않아 꼭 다음 에피소드가 나오길 기대합니다. 루카스형 부탁해요,10,1
228,"40년 스토리를 함께 해온 종합선물 세트. 최고의 액션씬, 감동적인 마무리.",9,1
229,역시 스타워즈 재밌게 봤어요,8,1
230,제가영어를몰라그러는데요  별들의전쟁이면  스타즈워 아닌가요  스타워즈는 별전쟁들 아닌가용?,6,1
231,진짜... 아무런 감흥이 없다. 두근거림으로 시작한 새로운 시리즈였지만 이번 삼부작이 도대체 무엇을 보여주고자 했는지 알수 없었다. 쌍제이로 쭉갔으면 좋았을것을. 감독을 바꾼게 독이되었다.  사실 '스타워즈가 아니었다면' 8편은 그럭저럭 볼만하다. 하지만 그 8편때문에 스타워즈로서 이야기를 마무리 짓기위해 9편은 뒷수습에 연연한 영화가 되어버렸다...... 멍청한 디즈니에 저주를.,5,0
232,"방금 보고 나옴  ㅠㅜ 난 스타워즈 광팬도 아니고, 그냥 소소한 팬이고,  전 시리즈를 다보기는 했다 (갠적으로 츄바카와 솔로를 좋아한다)  댓글중에 아빠와 아들이 보고 울었다길래,  이게 울거가 있나? 하면서 봤다 울었다 ㅠㅜ  긴 서사의 대단원의 마무리라는것이,   일케 멋지게 마무리 지어졌다는것에  감격? 글구 왠지 뭉클해져서  나도모르게 어라? 눙물이 주륵 힝 ㅠㅠb 전편보다 백배천배 넘넘 잼나게 봤다  스타워즈를 조금이라도 좋아하고 전편들중 하나라도 잼나게 봤다면  꼭 보라고 강추한당!!  여주 넘 멋지다,  광선검도 겁나 잘 휘두름 ㅠㅜb   May the  force  be with you !! ",10,1
233,굿,10,1
234,스타워즈 에피소드 7은 언제 나오는거야?,1,0
235,솔직히 스타워즈 팬이라면 10점 안 줄 수가 없다. 8편에서 그렇게 실망하고 이렇게 스타워즈가 망작으로 끝나나? 했는데 이걸 쌍j 형님이 살려네네.  1편~6편의 내용이 오마주로 나오는데 장면 장면마다 너무 소름 돋았음.   진짜 서타워즈팬이지만 8편의 경험이 보는데 망설이게 했는데... 후회 절대 없습니다.,10,1
236,"스타워즈 9탄 카이로 렌 날라가고 나서 레이한테 심장을 힘을 주면서 죽는모습 아름답다 펠퍼틴 황제는 레이한테 레이져 검으로 황제 전기로 이용 녹는 장면 멋있음.. 비판은 아닌데... 초반-중반 넘 재미있고 훌륭했어요 근데 끝에 사가 마지막 장면 레아, 쌍둥이... 남매 루크 영이 나와서 레이를 축복해주는 장면 슬프다... 2022년쯤 스타워즈 새로운 시리즈 10이 나오는데... 기대 많이 하고 싶다... 스타워즈 주역분 스타분들 고생했습니다... 데이지 리틀리 넘 이쁘다",10,1
237,이 영화가 재미없다는것은.. 전체적인 스토리를 몰라서.. 이  편에서 한번에 이해할려다가 시간다가니까.. 영화가 끝나고 한참을 가만히 있었다는.. 여운이..어우.. 앞으로 못본다는게 아쉬울뿐입니다,10,1
238,보고 왔는데 슬픔 마지막에 레이 스카이워커라는 이름으로 왠지 스타워즈 시즌2 나올 것 같다 이 남은 1점은 국내에서 인기 있으면 올리겠음 해외에서 인기 있는 영화인데 국내는 개취급이라니 기생충 해외에서 인기 있는데 왜그러죠 스타워즈 관객분들 보고 깨우치세요 봤는데 꿀잼이라고,9,1
239,마지막 영화이니만큼 마지막을 잘끝내셨내요 스카이워커,10,1
240,1점도 아까움.. 내용뭔지모르겠고 갑툭튀에..진짜 안봐도될영화입니다,1,0
241,전반 실패 중반 실패 후반 성공,7,1
242,무슨 1990년대 영화보는줄알았음ㅎ ㅎㅎ 대사랑 연기랑 너무구려,1,0
243,웅장한건 인정하는데 전체적으로 식상하고 지루함. 두번째로 죽었던 주인공중 하나가 또 살아 났을 때 박차고 나감. (마치 Far And Away의 부활같은 손이 꼬이는.... 거의 끝날 무렵의 일이어서 엔딩 도저히 못 보겠어서 먼저 일어나 나감. 심파의 극치였음. 감동도 없는...). 개인적으론 좋게 보지 못 함. JJ는 그 똑똑한 머리로 돈 벌기 위해 찍은 거 같음. 이런 영화를 찍다니 시간과 재능이 아까움. ,6,1
244,10분만에 수면  태어나 이렇게 재미없는 영화 첨본다 칼들고 휘둘르는게 전부,1,0
245,스타워즈 마지막 영화여서 아쉼이 많이 남음.. 졸작이라고..평도 많은데  나름대로 스케일/스토리 나쁘지 안았음 더포스 위드 유,8,1
246,대규모 물량전 의 진수! 좀더 화끈한 전투가 살짝 아쉽네요.ㅎ 레이 스토리에 더 가깝네요. 전설을 만들기위한 스토리.,10,1
247,악의적 저평가가 많아서 10점으로 상쇄시키겠습니다. 액션 끝내줍니다. 재밌어요.,10,1
248,"캐릭터, 스토리, CG,  연출은 별로였다. 하지만, 이제 스타워즈 시리즈가 끝이라니 너무 슬프다.",4,0
249,다소 아쉬움이 남았지만 멋진 피날레 였습니다~,10,1
250,재밌다,10,1
251,스토리 별루였습니다.,6,1
252,굿바이 마이 스타워즈.. (오랜 가족과 헤어지는 느낌에 50살이 넘어서 눈물이 나네요),10,1
253,논란의 시퀄시리즈임에도 불구하고 납득가능한 마무리를 보여줬다. 루크 레아 그리고 레이와 친구들 모두 그리울꺼야!,8,1
254,"스페이스 오페라의 끝판왕, 취향저격. 먼가 개인적으로 가슴 깊은 곳을 건드림.  왤케 눈물은 그렇게 나던지..",10,1
255,"잘 만들었음.  네임밸류가 아무래도 다스베이더와 루크 스카이워커의 대결이 아니어서 다소 떨어지는 감이 있지만, 이정도면 재밌게 잘 만들었다.^^ ",8,1
256,이번 시리즈 중에서는 제일 괜찮네요,9,1
257,생각보다..,5,0
258,쌍제이! 유 아 마의 온리 호프. 이 정도면 충분함. 수고했어,10,1
259,스타덕후들은 별 시답찮은 걸로 욕을하는데 킬링타임용으로 정말 재밌게 봤다. 보세요. 돈값은 충분히 합니다,10,1
260,...,6,1
261,기대안하고 봤는데 굉장히 완성도 높은  스타워즈 시리즈 완결판~,9,1
262,다음편 또 나올 듯,10,1
263,"온 우주에 산개해있던 사랑과 우정과 정의의 기운을 모아 승리했건만, 떠나보내는 마음을 왜 이리도 복잡다단하게 만드는 건가. 당신도 나도, 우리 모두 제다이임을 기억하며! 안녕! (라이트세이버를 묻던 심정을 잊지 말고, 여간한 결심 아니면 다시 꺼내 들지 맙시다. 흑흑.)",6,1
264,가족사 이야기. 니가 나의 애비고 난 너의 외손녀로 끝난 진부한 패밀리 포스. 나만 당할순 없다.... 겁나 재미나요 ㅋㅋㅋㅋㅋㅋㅋㅋ,9,1
265,전편들보다 완성도가 높음 씨리즈 완결편이 될듯,8,1
266,전편의 흔적을 지우기 위해 많이 노력했네요. 굿바이 스타워즈!,8,1
267,앞편들 본 관객이라면 굳이 안 볼 이유는 없을 듯,7,1
268,역시 재밌게 보았어요 흥미진진하고 스펙타클ㅎㅎ,10,1
269,너무 재미있었고 특별관에서 보면 장난 아닐것 같아..,10,1
270,실망시키지 않는 스타워즈 :),10,1
271,좋았어요ㅋㅋ 재밌었고 역시 스타워즈라는 생각이ㅋㅋㅋ,10,1
272,생각한 것 이상으로 좋았다..,9,1
273,이건 봐도 봐도 재밌을듯함~~,10,1
274,스타워즈 시리즈를 좋아한다면 꼭 봐야하는 영화임,10,1
275,짱이었다ㅠㅠ또보러갈테야,10,1
276,SF의 화려한 액션만으로도 충분하다!,10,1
277,생각보다 더 맘에드는 영화였음.,10,1
278,가슴이 두근거리는 마법의 시대는 오래 전에 끝났버렸단 걸 이제서야 알았을리가 없지 않나.  그대들과 우리들에게 늘 포스가 함께 하길.,10,1
279,100프로 만족은 아니지만 이정도면 90%이상은됩니다,9,1
280,액션신 짜임새만으로도 1좋은점수 줄만하다,10,1
281,SF물 좋아해서 그런지 재밌게 잘 보고 왔습니다,10,1
282,볼만하고 후회없습니다~~,10,1
283,멋진 액션 정말 멋졌고 환상적이여따… 간만에 제대로된 SF물 꼭 봐라,10,1
284,영원한 SF의표본 이번에도 성공적,10,1
285,기다리고 기다리던 영화였는데 역시 스타워즈였습니다ㅋㅋㅋ 무조건 보세요ㅋㅋㅋ,10,1
286,스타워즈답게   만든 스타워즈였음. 느낌은  연령대별로 다 를듯싶네요 지나간 꼬꼬마시절에 대한 향수를 담은 이야기  한조각이 끝나는듯 해서 왠지 울컥했네요,7,1
287,전작으로 인해 비틀어진 설정 및 얘기를 힘겹게 재정립 하려는 쌍제이 감독의 고군분투,7,1
288,스타워즈를 다 망쳤다. ,2,0
289,"잘 봤습니다. 처음 스타워즈를 볼 때 자막이 올라가면서 시작되는 음악 이미 그때부터 시작되는 긴장감과 기대  정말 많은 시간이 흘러서인지, 이젠 그런 긴장감이나 기대보다는 이미 그때부터 지루해지기 시작  그냥 스타워즈만의 그런 기대감이 이젠 애들 장남감으로 취급되는 광선검만 기억되는 영화가 되어 아쉬움이 남습니다",7,1
290,레이의 성장이 인상깊고 박진감있는 영상 보는 재미가 쏠쏠하다 ~,8,1
291,눈만 즐겁다!,7,1
292,그래서 레이는 왜 제다이 인거여?? 전편에서 감독이 아주 작정하고 개망작을 만들어놔서..  전편부터 바로 잡고 자시 시작해라 젠장!! ,5,0
293,스토리가 완벽하다  반적이있구나!  그런건 많이 부족했지만 최종전 전투나  최종보스 대결에서는 감동 그자체였다,10,1
294,40년을 이어온 스카이워커 사가의 끝이기에 확실히 진성팬이라면 영화가 망작이여도 꼭 볼듯. 전편보다는 훨좋고 스토리도 마지막편에 들어맞는 내용이라 좋음. 앞으로 스핀오프들이 줄줄이 개봉을 앞두고 있는데 스카이워커뽕을 채울수준일지 걱정됨.,10,1
295,우주전쟁을 하고 있는데 나는 자고있다. ,1,0
296,일뽕에 왜색쩌는 스타워즈가 한국에서 성공하길바랬나? 꺼저라. ,2,0
297,보다 잠듬,1,0
298,이러고 또..마지막이라고 스타워즈 후속편이 나올것이다. 스타워즈: 라스트 미션 이런식으로 ,1,0
299,마지막 정리를 잘 한듯 합니다. 팬으로서 만족합니다.,9,1
300,라스트 제다이의 설정 파괴을 수습하는걸 포기하고 과감히 삭제한것이 다행.. 전편에서 레이의 출생이 발켜졌어야 했는데~~ 나름 수습하느라 수고했다~~,7,1
301,그래픽과 교훈이 있어 좋았다. ^^*,10,1
302,위대한 시리즈인거는 맞지만 일단 영화가 재밌어야 하는데 너무 지루했음.,6,1
303,스타워즈를 극장에서 태어나서 처음 봄.  이유는 단연 CG를 극장에서 직접 확인해보고 싶어서.  1~8편 전작들을 한번도 본 적이 없어서  시나리오가 크게 와 닿지는 않는 편.  시나리오가 뚝뚝 끊기는 느낌.  하지만 'CG 하나만으로도'  충분히 볼 값어치가 있는 영화였다.,7,1
304,디즈니가 디즈니함 12세 관람가 수준에 부합 함,5,0
305,쌍제이 감독 애썼다 사망선고에서 일반병실로 이동,7,1
306,"한국에선 흥행하기 힘든 스토리, 볼것만으로는 부족할듯~~~",7,1
307,스타워즈 에피소드6과의 오마쥬가 좀 있으나 시리즈 전체를 마무리하는 무난한 엔딩,9,1
308,엉성한 스토리에 새로운 것이  없는 역대 시리즈중 최악.  시리즈 마지막이라는 것 이외에는 아무 의미없는.... 개인적으로 스타워즈는 6편에서 끝났어야  했다고 생각,1,0
309,나름 괜찮음. 조지 루카스랑 잘 헤어짐,10,1
310,이거 10점 주는 사람은 알바임.. 수백대의 전함을 손가락질로 좌지우지하다니 말도 안되고 넘 어이없음,1,0
311,"싸구려 영화 3편.  어거지 이야기 전개,  생뚱맞은 전개.  아주 악질들 스타워즈 뼛속까지 발라 먹고 갔다.",1,0
312,"마지막 장면, 감동!   추억이 함께한 영화 였습니다, 스타워즈, 영원히 간직할 께, 안녕!",10,1
313,좀 졸려서 초중반 잤지만 그럭저럭 그냥 볼만해요.,5,0
314,앞의 두 편보다는 나아졌다. 전편의 졸작을 어느정도 만회했다.,7,1
315,이름값에  *칠을..,2,0
316,엄청난 파도만 볼만함,6,1
317,바람직한 마무리였습니다. ,10,1
318,하아.....................,4,0
319,30년간 잘도 우려 먹었다,5,0
320,판타지 영화였군요!!! 용이 안나와서 섭섭했네요.,1,0
321,오리지날 스타워즈를 본듯했어여~~잼있었어여 핀이 무슨말을 할려했는지 왜 안나왔죠??^^;,9,1
322,무슨음악이 시도때도없이 비장하고 웅장해 집중에방해되고 암튼 앞부분졸립더라,5,0
323,이거 쓸려고 로그인까지 했네요.  일단 방금본 생생한 후기를 남겨보겠습니다. 대규모 함정간의 전쟁씬을 기대했지만 그런거 없음 레이저검의 화려한 검술은 조금 쓸데없는 러브라인과 시답지 않은 농담은 왜 넣는지 이해불가.  몇년전에 만들어진 반지의 제왕이 더 재및네요.  그럼 2만,0,0
324,"그런데로, 이렇게라도 마무리해서 다행입니다.   뭐 팰퍼틴 상대로 엄청난 마무리가 있는것도 아닙니다.   레아 공주를 위한 추모편으로 생각하시고 보는게 낫을것 같습니다.",8,1
325,스타워즈 시리즈 중 최고!,10,1
326,아 이 전설을 이리 끝내는군요ㅠㅠ 쌍제이의 잘못이라기보단 8편에서 워낙 망쳐놔서 급수습 하느라 산만하고 정신없고 너무 아쉬운 결말입니다 ㅠㅠ,5,0
327,"액션,배경,장면 연출이 9부작을 통틀어 이번 편이 조지 루카스가 구현하고 싶어했던 '스타워즈'에 가장 가깝게 완성됐다. 물론 스토리는 오리지널이 가장 좋지만 특수효과는 지금 보면 당황스런 수준이고 루카스가 이제 기술력이 완성됐다며 만든 프리퀄 1-3편은 CG로 만든 가상공간 느낌이었다. 새로운 에피소드 시리즈 중 가장 훌륭하다고 생각하는 장면은 8부 '라스트 제다이'의 마지막 전투 시퀀스지만 현장감있고 멋진 장면들이 고르게 나오는 건 이번 편이다. 옛날 명화극장이란 tv프로그램에서 어떤 평론가분이 스타워즈를 소개하면서 '신세계'를 경험할 것이니 절대 놓치지 말라던 그 영화의 장중한 대미를 이제 아이맥스로 감상하며 이게  '스타워즈 대하 드라마'의 완성이 아닌가 했다.",8,1
328,"정때기 오지네요 안녕~"" 포스가 함께 하길'^'",5,0
329,이만하면 선방이다,10,1
330,정치쪽에 줄서서 선동까지 하는  우리나라 배우들이 출연하지 않아서  무조건 관람 100프로 한다.    ㆍ ㆍ ㆍ ㆍ ㆍ ㆍ ㆍ ㆍ ㆍ,10,1
331,"난 처음에 카일로 렌(아담 드라이버) 얼굴보고 레아공주가 바람나서 얻은 자식인 줄 알았다;;; 한솔로랑 레아 사이에 도대체 무슨 유전자가 개입한거냐 스타워즈는 아득한 미래 우주세계의 서사시다 그 세계관 내에서도 미래를 다루는게 이번 시리즈였건만 왜 세계관은 쌍팔년도 추억팔이만 반복하려드는거냐, 새로운 미래를 보여줘야하는데 그러기는커녕 기존 프리퀄의 구도를 답습하기만했다 닮은 구성 닮은 캐릭터 닮은 역사 닮은 대사 닮은 대립구도.... 이게뭐란 말이더냐 이러면 그냥 스타트랙 팬덤에서 재능없는 녀석이 써갈긴 동인지랑 다른게 뭐냐 그나마 쌍제이가 선방해서 마무리 지었다곤 하지만, 이미 늦었다 결국 수습못하고 끝났다 트래키와의 오랜 전쟁의 최후의 승자는 결국 스타트랙의 부전승으로 끝났다",2,0
332,오리지날 시리즈를 보는듯한....,8,1
333,"내가 니 할배다, 아파르트헤이트, 개과천선에는 칼빵이 즉효(단 목숨은 장담못함), 사실 나 안죽었어요~(더 짱짱 쌘 무기도 사실 있었음. 근데 다 소용없지만..), 알고보니 현실가담가능했던 귀신들(근데 그동안 뭐했데요?) 알고보니 악당은 옆집에 있었다.",1,0
334,끝은 아니겠지요.  다음 이야기 기대 할께요^^,10,1
335,웅장한 스케일과 탄탄한 스토리는 역시 스타워즈 입니다 이제 새로운 시리즈를 기다려야하는군요 다시보기로 전편을 한번 더 보고 마무리 해야겠습니다^^,10,1
336,"스타워즈 모든 시리즈를 아우르는 종합선물세트...ㅎㅎ 45년 내 인생의 노스탤지어, 안녕히~",9,1
337,"스토리가 오리지날 시리즈를 답습하고 있는 점이 아쉽지만, 지루하지 않고 재밌었다. 스타워즈 올드팬이 보면 뭉클할만한 장면도 많이 배치했고...마치 어벤져스 엔드게임처럼...근데 정말 스타워즈 시리즈의 대미가 장식되는건가 너무 아쉽구나ㅎ  ㅜㅠ",10,1
338,41년간 행복했습니다.,10,1
339,이제 끝이라는게 실감이 안나네요 레이 스카이워커 안녕~,10,1
340,슬프다 스타워즈가 안녕이라니 ㅠㅠ 시간 가는 줄 모르고 봤다 내 인생의 영화였다 ,10,1
341,재밌었어요! 아듀~~~ 스타워즈.. ,9,1
342,인생영화 40년간 고마웠습니다.,10,1
343,아 정말 오랜 스타워즈 팬으로서 앞에 했던 모든 설정 파괴. 개연성 없는 스토리. 엤 영웅들은 나오나 들러리. 포스의 남용. 스타워즈 팬이라 평점을 0점은 안준다. 마지막 나의 관용,5,0
344,"시리즈의 영웅, 등장인물들을 많이 만나볼 수 있어서 너무 행복했다 ㅠㅠ ",10,1
345,클론의 역습 DVD로 보다가 읔 중간에 더이상....미드웨이를 볼까하다 선택했고... 처음 만난 여주인공이 인상에 남네요 ... 포스로 날아가는 우주선을 멈출때는 읔 했는데 끝까지 않 졸고 봤네요.,8,1
346,12세 관람가  수준...,7,1
347,방금 딸이랑 아들이랑 보고 왔는데요. 여기 이상한 혹평 쓰신 분들은 알바하시나봐요. 2시간 20분 내내 시간 가는 줄 몰랐습니다. 스타워즈 시리즈 중에서도 몰입도가 최고네요. 정말 정말,10,1
348,이전 트릴로지들과 아무 상관없는 망작 시리즈 드디어 안봐도되는구나. 잘가라. ㅉㅉ,4,0
349,굿,10,1
350,"새로운 인물들도 좋지만 역시 마지막 시리즈 답게 그리운 레아공주님, 루크 스카이워커, 영원한 한솔로를 다시볼수있어 최고로 좋았던 시간. 레이가 앞으로 어떻게 제다이를 이끌지 볼수없어 아쉽지만..  스타워즈 영원하길..  포스와 함께",10,1
351,40  여년에 걸친  시리즈가 이제야 끝났네요. 아들이랑 오늘 보았는데 ㅅㅅ 여러 생각이 드네요.,10,1
352,이제 그만.......,6,1
353,시리즈 중 가장 화려하고 재밌다,10,1
354,아~ 걸작SF가 판타지로 끝나 버렸구나~,7,1
355,둘째가 실패했다 믿는 셋째. 볼거리는 테마파크인데 왜 서사는 아침드라마인가.,7,1
356,"일단 SF전쟁영화의 장점은 충분히 살려낸 영화. OST의 압도적인 분위기 조성이 끝내줌. 4d로 봐서 청룡열차 타며 영화를 관람한 느낌. 감독의 연출력이 7,80년대 영화 수준이라 스토리 라인, 연출력이 많이 아쉽다고 생각됨.",8,1
357,일단 최고의 망작 7편을 여기까지 끌고 온 것에 박수를 보내며 그나마 봐줄 만은 했다고 보여짐  그래서 한 7점 정도인데 하도 ㄷㅅ들 테러가 많아서 10점 줌  다만 난 왜 6편 뒤로 아직도 제국이 대세인지 모르겠고 그 놈은 어떻게 살아 있는 건지도 모르겠고  루크 스카이워커는 영화에 나올 거면 살좀 빼지 이건 먼가 싶었음...세월이 너무 야속하달까...  7편의 그렇게 말아먹은 스토리를 때깔 좋게 뽑았으니 그냥 이해하며 봤음  아마 시간이 얼마나 걸릴 지는 모르지만 계속 더 나오겠지?  그때는 이제 옛날 스타워즈의 클리셰 좀 빼고 새롭게 좀 말들었으면 함  이번 영화도 봤던 장면이 누더기처럼 덕지덕지 얽혀있어서 쫌 그랬거든  암튼 표 값은 한다고 봄,10,1
358,이제 더이상 만들지 말아야할 영화 중 하나인듯 아랫분 글처럼 6편에서 끝내야 정상이었을거 같음....내 추억이 망가진 느낌 ...역시 죠지루카스가 만들어야할 영화였음,3,0
359,무려 77년부터 이어진 영화다!!!,10,1
360,신화를 스스로 허무는 망작입니다. 스타워즈의 얼개를 가진 작품중 최악의 개연성 없는 스토리와 뻔한 전개 등등 스타워즈 팬으로 보는 내내 민망했습니다.  빌론들이 너무 멍청하고 막 죽고 착합니다.  제국군 전함 위를 말을 타고 달리는 장면과 저항군에게 맥 없이 당하는 제국군의 모습은 그냥 치트키를  썼다고 생각해야 스스로 납득이 되는 황당한 장면 이었습니다. 긴장감이 없는 선악의 대결은 지루하죠. 뜬금 없는 키스신은 정말... ㅠㅠ. ,2,0
361,억지스럽고 짜맞추기 넘 심하고 아침막장 드라마를 능가하는  순어거지 각본이지만 할아버지에서 아들로 또 그 손자로 이어지는 세대를 아우를수있는 영화이기에 마지막편 아들과 눈물흘리면서 봤고 또 DVD출시 기다린다..ㅎㅎ,10,1
362,잘봄 쫌 지루함  단점,7,1
363,가족의 비극은 어디까지 일까요? 영화가 시리즈가 한편 마다 스토리가 풍성하네요  다음편이 나온다면 어떤 내용은 일까?  궁금하네요  영화 잘 감상하고 갑니다 영화  강추 합니다 ㅎㅎ,9,1
364,판권을  판 조지 루카스 가 잘못한건지 디즈니가 잘못 한 건지... 애초에  여섯편으로 끝났어야 했다. 하..... 어쨌든  내가 사랑했던 스타워즈  는 끝났다.,6,1
365,뭔가 할듯말듯 기대하게 만들다가 끝나버림! 그래도 끝까지 집중하게 잘 만들었다! 레이 스카이워커! The end.,7,1
366,아쉬움도 있지만 오래전부터 이어져온 스타워즈 시리즈의 마지막이라니 만점 줍니다.,10,1
367,지금까지 본 스타워즈중 최악임..너무 산만하고...집중이 잘 안되게 스토리 개연성이 너무 떨어져 버리내요..액션도 그다지 화려하지도 않고,6,1
368,본지 한시간 밖에 안됐는데 기억이 잘 안 날정도로 산만함. 결국 남는건 Rise above,7,1
369,중2병 남녀 주인공과 개연성은 개나 줘버린 추억  우려먹기,3,0
370,너무 지루했음..,1,0
371,"모든 스타워즈 시리즈를 다 본,  오래된 팬이라면 꼭 봐야함.  어렸을 때 티비로 처음 봤을 때 부터 지금 까지 최고의 오락 영화 시라즈임.  레아와 루크가 쌍둥이였다면, 렌과 레이는.. 스포라서 말 못하지만, 이렇게 완벽하게 엔딩을 만들어서 감동..!! ",10,1
372,설마 스타워즈시리즈가 여기서 완전히 끝났다고생각하나 ㅋㅋ 지구가 망하지 않는한 쥬라기시리즈 007 시리즈 스타워즈 시리즈는 계속됨 ㅋㅋ,6,1
373,전투신도 검술신도 전체적인 스토리도 에피6 제다이의 귀환 오마주 오마주에 그치면 다행이게 그때보다 떨어진 느낌임  스타워즈 이정도에서 이제 그만 막내리자  초딩 때 어린이날 특집 주말의 명화로 처음 접했던 그감동이 무너져 내린 느낌 디즈니는 오리지날 시리즈를 본 많은 사람들이 간직한 어린 시절의 추억과 감동을 더 이상 망가뜨리지말고 이정도에서 끝내주길,6,1
374,My Princess 레아 할때 눈물 나더군요 40년 스토리의 끝 좋았읍니다,9,1
375,내일 보러갑니다.  모두들!! May the force be with you..,8,1
376,"즐겁게 봤어요, 주연들의 눈빛 과 연기력이 빛나네요",8,1
377,진짜 실망했어요.....이건 아니지... ,5,0
378,스타워즈가 그냥 평범한 SF영화로 막을 내리는구나,1,0
379,"OST때문에 별 하나 준다..ㅠㅠ  라존감독이 싸지른거 치우느라 애쓴 흔적은 보이는데, 만만찮은 빅똥을 선사한다.  추억팔이로도 먹히지 않는 설정은 그냥 헛 웃음만 나온다. 쌍제이는 영화감독 하지말길  바란다.",2,0
380,"""starwars""시리즈도  이젠  앤간히 식상하다. 이제부더 ""sickwars""라고 부르자.",3,0
381,그냥 스타워즈의 덕후라면.... 스타워즈를 더 이상 보지 못한다는게 아쉬울따름입니다.,10,1
382,개꿀잼 그 자체 꿀잠 ,10,1
383,방금 명동에서 의리로 봤는데  진짜 노잼 ㅋㅋㅋ  왜 만들었니.  자리 텅텅비어서 앞 좌석에 발 올리고 봄,5,0
384,40년 인생을 함께 해왔다. 그 대서사시의 종료가 마지막이기에 가슴한켠이 저려온다. 스토리 연출 모두다 떠나서 인생을 함께 해왔기에..,10,1
385,최고의 영화~!!!!!!!,10,1
386,스타워즈 보다가 졸았던적 처음임. ㅋㅋ,1,0
387,떡밥만 조낸 뿌려놓고 콩가루 족보로 만들어 버리고 끝남. 예고편이 전부,1,0
388,영화는 재미있었는데 혈통을 너무 강조한듯하다,9,1
389,결국 혈통이 중요하다를 말하고 싶었나 보다 미디클로니언 수치가 높으면 누구나 제다이가 될 자질이 있는거 아니었던가 그래서 라스트 제다이에서도 혈통은 중요하지 않음을 일깨워 준것이고 그 자질을 가진 자들이 희망이라고  그래놓고 이제와서는 혈통을 강조한다 시리즈 최악의 빌런인 펠퍼틴을 어이없게 등장시켜 혈통을 강조하다니 무슨짓인가 내가 니 아버지다를 내가 니 할애비다 하면서 리메이크 할거면  뭐하로 스타워즈 스퀄시리즈를 만들었나 그저 본편을 그리워하는 스타워즈팬들을 위한 영화였나 게다가 라스트 제다이에서 로즈와 핀이 욕먹으니 이젠 같은 인종으로 썸을 해놨다 쓰레기 망작이다 ,1,0
390, 난대없이 어떤 여자의 광선검이 나올땐 머지 하는 생각도 들지만 큰틀에서 이해하고 간다. 스타워즈 광팬으로 충분히 대미를 장식했다 평할  수 있다. 10년간의 엔드게임의 마지막도 훌륭했지만 반백년의 대서사시의 위대함을 느낄수 있었다.,10,1
391,ㅋㅋㅋㅋㅋㅋㅋㅋㅋㅋㅋㅋㅋㅋㅋㅋㅋ 하이퍼 스페이스 자폭확률이 백만분의 1 ?? 그런 확률로 라제에서 라제했냐?   시스투르퍼는 뭐야? 파이널 오더?? 에라이 퉤,0,0
392,존잼인데 왜 싫다는거지,10,1
393,"기대하지 말고 보세요. 그래도 전보다는 훨씬 낫습니다. 예전에 저질렀던 일들을 정리하려고 애쓴 모습이 보여서 그래도 다행입니다. 그냥 추억여행 한다고 생각하세요. 이건 머리로 보면 안 좋은 영화, 감정으로 보면 좋은 영화입니다.",8,1
394,보러가기전인데 기대되네요~,5,0
395,40여 년간 이어져 온 시리즈를 마무리 하는...마지막에 다시 그곳으로...,10,1
396,레이 스카이워커.... 라니;;;,5,0
397,스타워즈는 망했다..  스토리가 너무 억지이고  주인공들도 매치가 너무 안돼...,1,0
398,ㅆㄹㄱ,0,0
399,너무 재밌음!! 스토리고 액션씬 이고 다 재밌음,10,1
400,이게 진짜 끝일리 없어ㅠㅠㅠ 마지막까지 멋지다ㅠㅠㅠㅠㅠ 이제 보내줄게 스타워즈.. 안녕ㅠㅅㅠ,10,1
401,스타워즈 시리즈의 장대한 마무리! 배 위의 전투씬과 엔딩 액션씬의 스케일만으로도 대만족했네요,10,1
402,"너무나도 벅찬 전율을 주는 시리즈의 마지막이었다. 포스가 함께하길, 언제나",10,1
403,제일 기대되는 2020년 작품! 예매는 이미 완료! 이제 보는 일만 남았다,10,1
404,위대한 시리즈의 눈물 나는 엔딩. 제다이의 마지막과 시작이 느껴진다,10,1
405,시사회 보고나서 바로 예매 찾아봤어요,10,1
406,벌써 스타워즈 마지막이라니..,10,1
407,진정한 레전드의 마무리~!!,10,1
408,대장정의 마지막! 엄청난 감동! ,10,1
409,꺠포보고 입덕했는데 후회없는 시리즈 마무리였습니다. 두 배우 연기가 좋아서 차기작도 기대하고 있어요 ~!!!   ,10,1
410,쌍제이가 8편도 만들었더라면... ㅠㅠ 그리고 역시 SF는 극장에서 봐야함.,10,1
411,드디어...개봉이다ㅠㅠㅠㅠ너모 재밌겠다.,10,1
412,"레이 : ""아이 엠 레이 스카이워커.""  그리고 끝난다.....",6,1
413,야이 쓰레기들아 끝낼거면 제대로끝내든가 이딴 쓰레기를 2시간넘도록 혹시나하는 희망가지고 본 과거의 내자신에게 너무나 송구할따름이다 ,0,0
414, 초딩때.에피소드 4를 보고 제국군의 함선에 압도당하던 기억에서..성인이 되고.늙어가는 싯점에서.다시 본 마지막편.....결말이라는 전제하에 무리한 케릭터의 소모가 아쉽지만...아~~그랬구나..하는 이해...재미로 볼수 있는 영화..스타워즈를 통해 SF라는 장르를 다시생각해볼 계기를 마련해 준 영화....,8,1
415,...,5,0
416,오늘 용아멕 시사회 보고 왔습니다. 몇 번이나 눈물이 나려고... 예상했던 결말대로 흘러갔지만 스카이워커 사가 9부작의 마무리를 잘 했네요.,9,1
417,재미없어서 중간에 보다가 꺼버렸다. 그냥 망작이다.  시간때우기 정도는 할지 몰라도 돈이 아깝다.  이거 미리 볼려고 미군부대내 극장간다는 호구들 있다지.  이런걸로 돈벌려는 할리우드가 염치가 없다.,1,0
418,이젠 시리즈 끝낼때가 됐다 너무 오랫동안 지긋지긋하게 해쳐먹음,1,0
419,극장에서 든 생각: 영화보다 부기영화가 더 재밌을 듯,1,0
420,베이더 형님이 포스의 균형을 맞춰주는 사람이었잖아요...... 오늘따라 그립습니다.....,1,0
421,마지막편 클라스했고 근데 아쉬운게 좀 있었지.....,10,1
422,오 드뎌 나왔다 꼭꼭 바로 봐야해,10,1
423,드디어 마지막 편..ㅠㅠ 무조건 개봉날 조조로 볼거야,10,1
424,40여년 간의 스카이워커 사가가 잘 마무리 되길 간절히 빕니다!! 포스 위드유~,10,1
425,드디어 스타워즈ㅜㅜ,10,1
426,예고편만 봐도 각 나온다ㅠㅠ 레전드 예상해봅니다!!,10,1
427,스타워즈 진짜 감동의 감동 ㅠㅠ 이번엔 어떤 이야기일지 넘 궁금요 ㅠㅠ 개봉하면 꼭 봐야지 ㅠ,10,1
428,예고편 액션 후덜덜하네 기대됨 ,10,1
429,시리즈 사상 역대 최고의 스케일 밀려오는 감동까지. 논팬들도 홀리게 만드는 포스의 기적,10,1
430,말이필요없다 마블영화와 싸워도 절대 지지않는다 이영화를 보고 스타워즈 팬이 될지도 모른다 호불호가 갈리겠지만 이들은 최선을 다해 모든걸 쏟아부어 깨알같이 섬세하게 영화를 마무리 했다 스타워즈에 감사와 기쁜 찬사를 보넨다 영화관에서 최고 의 경험을 누리게 될것이다.,10,1
431,해외에서 18일에 봤음... 라제 망작이라 하거나 라제 땜에 9편 망했다고 하는 사람들 대체 뭐임? 이거 로튼이 왕겜8이랑 맞먹는데 직접 확인해보시길 ^^ 세계관의 정합성 영화의 완성도 개나 주고 건질 장면 두세개 딱 그 뿐. 쌍제이 정신차려라,4,0
432,불법다운로드한걸 자랑이라고 써놓는 클라스~ 댓글에서 성별 보이죠~~?  개봉하자마자 바아아ㅏㅏ로 보러갈꺼임 ㅎㅂㅎㅎㅂㅎㅂㅎㅂㅎㅂㅎㅂㅎㅂㅎ,10,1
433,이미 설정파괘  팬심으로도 못봅니다.  미국 캐나다 다 난리났어요 아 쓰레기 ,1,0
434,이야기 해 말어...... 떡밥 회수 하는 수준임 8편이 너무 막가파라 JJ가  억지를 써서 완전 설정 최악 영화가 됐음.. 이건 뭐 로미오와 줄리엣도 아니고.. 펠퍼틴과 윽 이야기 할까 두렵네.....  여기 까지.. ^^ 차라리 8편도 레이의 출생 비밀을 가지고 여행을 하며 퍼스트오더와 제국군 과의 싸움 그들이 왜 왜 레이를 방해 해야 하는지 좀 더 깊이 있게 갔다면 좋았을 걸... 8편 때문에 9편도 설정이 막갔음. 미안한데..... 진짜...  열 받음.  차라리 스타워즈 외전 시리즈  로그원이 진짜 잘 만듬.  한솔로도 오리지널 시리즈에 비하면 훨신 좋음.  어릴적 스타워즈 감동을.... 마무리하는 수준에서 보심..... 8편 감독 죽이고 싶다. 애쓰셨쇼 JJ 마무리 하시느라.....,5,0
435,전편도 받는데  또 2020.1.8일 개봉 한국은 난.다운받어서  소장중  노트10에 개봉안하걸 난 폰에 있지롱 부럽지롱,10,1
436,다른건 제쳐주도 레아공주 얼굴 합성한게 거의 딥페이크 수준이다. CG기술이 퇴보한거냐 아님 너무 성의없게 만든거냐.,1,0
437,"더 이상의 스타워즈 시리즈가 없다는게 너무 슬픔. 감독도 고민이 많았을것 같음. 디즈니가 아닌 루카스필름에서 끝까지 만들었어야함. 스타워즈는 가족영화가 아님. SF전쟁물이므로 좀더 어두운면이 있어야함. 갠 적으로는 에피소드 1, 2, 3까지는 정말 좋았음.다스베이더 형님 보는 재미가 솔솔했는데, 제다이의 적인 시스가 좀더 사악해야 하는데 시리즈 7, 8, 9를 봐도 다스베이더 형님이 없어 속빈 강정같다. 클론 기술로 다스베이더 형님 살려내라. 다스베이더가 있으면 난 시스에서 다크포스 받겠다. 형님 보고 싶어요 엉엉엉 ㅜㅜ",9,1
438,중학교 1학년때 부터 빠짐 없이 보던 영화의 끝을 보았습니다. 왠지 시원 섭섭한 느낌. 조금 지루하기도 하고 뻔하기도 했는데. 왠지 스타워즈 장례식에 갔다온 느낌. 고인의 살아생전 모습 사람들하고 같이 본 느낌. 열어 놓았던 이야기를 끝마무리 하는 느낌... 뭐.. 그러네요,7,1
439,"의리로 다시 극장을 찾았다. 역사 시리즈 4, 5, 6이 최고라는 걸 다시금 느끼며 극장을 나왔다. ",4,0
440,마지막이라고 스타워즈 전 시리즈 명장면들 다 넣으려고 한 것 같은데 왠지 보노보노 PPT 같은 느낌.,3,0
441,"나쁘지 않다. 전편에 비하면, ",7,1
442,돌아온 제다이 리부트임?,1,0
443,마지막 대단원,10,1
444, 드디어 여자가 주인공인  스타워즈라니!! 진심으로 기대하고 있습니다!!! ,10,1
445,겨울공주 엘사는 제발 그만~~ 스타워즈 예매 어쩔 ㅠㅜ,10,1
446,완전 기대~,10,1
447,스타워즈 그만좀 나와라 제발 ,0,0
448,마지막까지 ^^,10,1
449,빨리 보고싶어서 현기증 날꺼같아 ㅠㅠㅠㅠ,10,1
450,와 럴루 기대됨... 마지막 시리즈라 꼭본다 진짜 ㅠㅠ 레이 사랑해 ㅠㅠ,10,1
451,JJ의 심폐소생을 기대해본다,10,1
452,쌍제이 돌아왔으니 기대한다.. 이번에 나온 영상도 퀄 죽이던데..ㅠ,10,1
453,난 왜 아담드라이버가 스타워즈에 나온다는 것을 왜 몰랐던것인가ㅜ ㅜㅜ 아담드라이버 연기 기대된다ㅜㅜㅜㅜㅜ,10,1
454,뭐라해도 인생 시리즈고 기대되는 작품이다,10,1
455,희대의명작에 PC를 묻힌 망작,1,0
456,스타워즈는 나의.인생,10,1
457,별들의 전쟁에 어밴져스는 끼지마라. 전통 클래식 SF영화. ,10,1
458,나와주는거에감사ㅜㅡㅜ,10,1
459,라스트 제다이 보다는 잘 만들었으리라 믿는다~라고 믿은 내자신 조차 실망 그 자체를 느꼈다~아마도 라스트 제다이에서 싼 똥이 너무나 컸는지 수습도 어려웠던 것 같다~차라리 처음부터 감독을 브라이언 싱어가 했었으면 스토리 전개가 더 재미있었을 것이고~이렇게 까지 똥작은 되지 않았을 것이다~이건 무슨 콩가루 집안의 막장 드라마를 보는 듯 했다~,0,0
460,최신 3부작중 오프닝 스코어 최저점을 기록할거라 예측치 나왔던데  라스트제다이 여파가 큰듯. 그래도 최상위 팬덤을 가장 영화답게 돈은 많이 벌겠지만..   몇배로 벌기회를 놓친 아쉬운 대작.,3,0
461,아..기다려진다...이걸 왜 1월에 개봉하나요? 다른나라는 2019년 12월에 개봉하는데!! ,8,1
462,영화 개봉하지도 않았는데 ㅈㄹ한다,10,1
463,스타워즈는 죽었어! 더는 없어!,0,0
464,스타워즈는 내가슴을뛰게하는 단어였는데 이젠아니다,1,0
465,스타워즈는 에픽이다. 보기도 전에 초 치는 인간들은 뭐하는 인간들인지. ,10,1
466,레이가 시스황제 직게 자손!! 불은색 녹색 파란색 양극단의 라이트세이버가 끝나고 마지막 노란색 라이트 세이버로 포스의 균형을 이룬걸 표현한다!! 카이로렌이 레이 살리고 죽음! 끝! 이야기 다했다!!,10,1
467,이제 포스의 균형은 가져와야 하니까~,10,1
468,"시퀄 3부작에서 망해버린 프랜차이즈. PC를 설파하고 싶으면 신규 IP를 만드시던가, 왜 기존 IP에 똥을 묻혀서 쓰레기로 만들어버리냐?",0,0
469,스타워즈 매너리즘에 완결판이다.  여자주인공은 너무 빨리 늙었다.  트럼프가 주인공으로 나와도 이보다 낳을듯..,1,0
470,일단....... 난 페미도 반페미도 아닌데 제발 액션영화에 억지로 여자를 주인공으로 쓰지 좀 않았으며...  이번스타워즈는 여자가 주인공 되면서 액션신들이 많이 사라지게 되고 영화가 재미가 없어진게 사실이다...... 여자가 주인공이라 여자가 많이 보냐? 아냐~ 일단 남주든 여주든 재미가 없으면 안본다고...... 어설프게 여자티켓값 벌려다 영화가 벌수 있는 돈의 절반도 못벌고 끝나는 경우가 허다하잖아.....,5,0
471,"스타워즈는 불멸의 대서사시,  새로운 장르를 인류에게 선물한 엄청난 영화다 악과 선의 영원한 대결을 엮으면서 사람들의 추억과 성장을 함께 한 이런 영화가 지금도 앞으로도 없을 것이다.  제1탄을 만들었을때가 1977년 42년전이다 그래도 지금봐도 재미있다  에피소드4,5,6,1,2,3,7,8 제작년도에 따라 봐도 재미있고  에피소드 1,2,3,4,5,6,7,8 이렇게 대서사시의 시간적 추이에 따라 봐도 흥미진진하다 ",10,1
472,앤드게임만 아니였으면 올해 최고 명작이였을텐데..,10,1
473,스타워즈는 전설이다,10,1
474,정말 재밌을 것 같네요. ㅎㅎ 다스 시디어스가 나온다는(이안 맥디어드 분) 썰이 확인 사살 되면서 더 기대됩니다. 말 그대로 예고편 웃음소리 하나에 침체된 팬들이 되살아나네요.ㅋㅋ 비관적인 팬들분중 일부 팬들께 조금 안타까운 마음이 있습니다. 여주가 나온다고 해서 페미니스트라며 문제 삼는 분들을 팬덤 곳곳에서 찾아볼 수 있기 때문입니다. 하지만 영화는 영화일 뿐인 만큼 심각하게 생각하지 않고 즐기는 것이 좋지 않을 까요?~^^ 아무튼 올해 2019의 기대작입니다. ^^ 한가지 바램은 한 솔로나 루크 처럼 랜도가 죽지 않기를...ㅋㅋㅋ,10,1
475,ㅎㅎ사랑해,10,1
476,스타워즈는  종교에 가깝다고 보는게 맞음...일반영화처럼 재미있고 없고로 판단하면 안됨...동일한 시리즈영화가 40년넘게 전세계적으로 이렇게 영향을 끼친 영화가 없음...,10,1
477,가면 갈수록 산으로 간다,1,0
478,어릴때 본 그   스타워즈가  아니다    에피소드가계속될수록     잊혀져간다,1,0
479,얼른 개봉하길~,10,1
480,"페미감독이 영화만드니 주인공이 여자 라야하고 인종차별 없애야하니 흑인 남자 주인공이 나와야하고 투자자 출연해야되니 중국인이 나와서 소림사 무술 선보여야한다,  스타워즈의 진주인공 다스베이더가 죽고 다이베이더 급의 캐릭터가 안나오니 다스페이더를 이길 막강한 존재 ""페미"" ""흑인"" ""중국인""을 한데모아 콜라보한 역대급 기대작,",0,0
481,이게 스타워즈라니 ㅡㅡ   초망작,1,0
482,스타워즈 시리즈의 마무리. 새로운 스토리로 나오면 또 소장할 거다.,7,1
483,시작은 미진했으나 끝은 창대하다,9,1
484,0점도 아깝다,1,0
485,딱히 안봐도 됨,5,0
486,스카이워커로 시작해~ 결국 스카이워커로 막을 내린다...  아무래도 안전한 선택을 한듯 더이상의 스타워즈 는 안나오길...... 작품 이나 재미를 떠나 78년인지 79년인지 허리우드극장에서본 스타워즈.. 그리고 인도영화 신상은 영화의 세계로 빠지게 만든 그시작.. 그중 하나의 장대한 막을 보니...조금은 먹먹하다..,9,1
487,스타워즈 순서데로 완결...  앞시리즈 순서데로 보고.. 대충 스킵해도 알정도의 뻔한 스토리.. 5분만에 다봄,4,0
488,감독이요번엔좋은프로덕션접할기회가없엇나봐염 배우들도 오스카이남자도 애중간한3류 얘빼고전부듣도보도못한 애들이열연한 길거리영화제출품할려고만든영화 영화특수효과분장 들어간돈이아깝다 지난번에 제다이씨리즈나왓던 견자단이나케스팅햇으면 그나마볼만햇을지도모름 ,4,0
489,피해의식에 쩔어있는 여주의 지멋대로 징징대는 행동에 그 여자에 꽂혀서 졸졸 따라다니는 능력도 없는 흑인에 갈수록 산으로 가는 스토리.  스타워즈는 이제 본시리즈는 쓰레기고 외전격인 영화들만 볼만함. 스타워즈 전시리즈 가지고 있는 나름 매니아인데 이제 망작은 그만 보고 싶네.,3,0
490,1시간30분쯤인가 출격하여 우주공간에 갔는데 ..갑자기 말타고 우주복도없이 모함위에서 활보하면 전쟁하는 황당한 설정 애니도 아니고 마지막에 스타워즈씨리즈에 말이 않되는 내용과 한솔로의 모습은 정말 답답한 배우. 터프한 한솔로가 그립네요.....이야기를 우려먹고  짜내고 찌내는 모습이  보다가 화가 납니다..,0,0
491,디즈는 애니나 만들어라 ,0,0
492,용대가리를 한 날파리.,0,0
493,재밌게 볼만은 하다만 1편의 스토리보다 떨어지고 결말도 그냥 그래서 아쉬웠음,7,1
494,"빠른 전개, 라이트세이버 검술, 스페이스 전투신     그리고 서사까지 다 좋았어요.  약간 지루한 시간이 초반에 있었는데, 코믹적인 요소를 중간중간에 배치했음 더 좋았을 듯 하네요",9,1
495,끝나서 다행,2,0
496,일단 욕하면서 끝까지 본  패륜시리즈를 더이상 안봐도 되서 다행 4~6: 아들이랑 아빠랑 칼질하고 8: 아들이 아빠 죽이고 9: 손녀가 할아버지 가루로 날려버리고 나중에 창씨개명까지...ㅋㅋㅋ 스타워즈팬인데 만다로리안이나 봐야겠다.  미국에 시나리오작가가 그렇게 없었냐? CG로 바를꺼면 트랜스포머보고말지...,5,0
497,다 좋은데 중국인 여자가 싫다,10,1
498,SF대작을 보는 입장에서 마음이 뭉클해지네요  처음 스타워즈를 볼때가 아마도 중학생이었다고 생각됩니다  각도는 많이 변했지만 연결이 되고 있다는것이 많이 생각으로 만들었구나. 하지만 아쉬운것은 계속 한솔로와 맞지않는 한솔로가 약간.....죄송 그리고 불필요한 핀역활은 왜 넣어 이야기를 만들가 하는 생각도 했보았답니다 ..^^ 정말 좋은시간이었습니다 ,9,1
499,밑에 안티들 웰케 많은거야?? 아직 정식 개봉도 안했는데 보다가 꺼버렸다는 무뇌아는 뭘까??,10,1
500,"급전개의 느낌,  하지만 망작의 8편을 채워주는, 모든 스토리와의 연관이 얽힌 마지막 피날레.",10,1
501,미국에서 평점이 너무 개판이라 봐야할지 고민이다,5,0
502,---- 스타워즈의 시대는 끝났다..    이젠 마블의 시대다..,0,0
503,이영화 절대강추 이다,10,1
504,"에피소드 7,8,9 중에서는 제일 재밌게 봤네요. 마지막편이라서 더 여운이 남고 아쉬움.",9,1
505,퍼펙트 리스펙트 스타워즈 포에버~,10,1
