﻿,document,score,label
0,b급이라 하기도 민망한..관객을 조롱한 수준,1,0
1,혼자  당할 순 없다.,10,1
2,배우들이 좋아도 감독 제작이 형편없으면 이렇게 되는 영화... CG도 어설프고..,4,0
3,보다가 나가는 사람있더만...  억지로 다 봤지만 그럴 필요가 없었음.  감독에게 하고 싶은 말이 있는데 영화연출 공부 좀 하고 영화 찍으세요 담부턴~~,0,0
4,이것도 영화라고 만든건지....,1,0
5,다양한 캐릭터 가볍게 소모 되어진 초호화 캐스팅,7,1
6,내용은 둘째치고 시대에 뒤떨어지는 cg를 보고 우뢰매 보는줄 알았네,3,0
7,배우들 땜시 그려두 뭔가가 있겄지 있겄지 하며 참고 참고 보다가 결국엔 포기 했구먼유~~ 뭐시 중헌디?,2,0
8,재미 진짜없어요. . 어느한부분 만족스러운부분이없었음.,1,0
9,사투리가 상당히 어설픕니다. 쓰지를 말던가 쓰려면 제대로써서 완성도를 높이던가 보는내내 신경이 너무 쓰였습니다.,5,0
10,나도 감독할레...,1,0
11,삘리삔  두친구가 주인공?,6,1
12,따지지말고  재밌게 보시면 됩니다,6,1
13,모 재미만 있구만^^ 배우들 연기도 좋구만유~~,0,0
14,제작자는 무슨 되냐?   이 좋은 배우들을 다 쓰레기로 만들다니.,2,0
15,진짜 단 한번은 웃을수 있을 줄 알았다. 근데 이건 뭐...,1,0
16,감독이 편집이랑 심하게 싸운듯 편집이란 영역이 존재하지 않는다. 스토리가 진행이 안될 지경. 촬영과 내용도 폐급이다. 이런걸 영화라고 개봉한다니. 개그나 코미디 이전에 스토리 진행이 안될 지경이다. 심하게 재능이 없는 감독,1,0
17,알아서들 까 주시니..난 걍 침묵,1,0
18,난 재밌는데 나만 재밌나봐.,7,1
19,웃다가 배꼽 빠지는줄... 그냥 가볍게 보면되는거 아녀?,9,1
20,가볍게 보기 좋다. 웃기는 부분도 꽤 많고,8,1
21,국민들 수준을 뭘로보고!! 이따위 개연성 없는 코미디(?)라고 하기에도 부끄러운 영화를  만들었나 감독에게 묻고싶다.,1,0
22,재미나유,7,1
23,나  혼자만 당할순 없지 모두같이 죽자 ㅋㅋㅋ,10,1
24,이런 영화에 투자하는 회사가 더 신기할 때름,1,0
25,정말 재밌게 보았습니다 생각보다 평점이 너무 낮아 의아할정도로 웃기네요,9,1
26,이걸 필리핀에 수출한다고?    지능적 혐한 세력이냐?  그 나라에 팔꺼면 립서비스라도 그 나라 장점을 부각시켜야지  뭔 생각이지?,2,0
27,OCN에서 보다가 너무 지루해서 여기까지  왔습니다,1,0
28,심심풀이로 보면 잼나요,8,1
29,"배우가 너무 아까운 영화입니다. 멋있으려고 하는 장면은 멋이 없고, 웃기려고 하는 장면은 재미가 없습니다. 시나리오, 연출이 다 문제네요. 이 영화 감독과 시나리오 작가는 앞으로도 피해야됩니다.",1,0
30,나름 볼만합니다,8,1
31,편하게 잘봤어요,8,1
32,어설픈 사투리부터 진부한 연기와 내용,1,0
33,완전 잼있음.   코로나  스트레스 완전해소!!!,10,1
34,그냥 큰 기대없이 보면 킬링타임으론.... 시나리오가 너무 허접하네... 요즘 한국영화 수준이 엄청 높아 졌는데...이건 좀~,6,1
35,킬링타임으론 지루하지 않고 잼 남.  평점이 왜 이래?,8,1
36,재밌게 잘 봤어욬ㅋ,10,1
37,연출가 시♪~♩♩♪♪ 배우는 입에 거품물고 연기하는데 이것밖에 못담아내냐 내가 니미 곽도원하고 1도 모르는데 저녁에 반주삼아 혼술하다 ♬♬ 댓글ㅢㆍㄴ다,9,1
38,영화 다 보고나서 눈물났다.. 진짜 이렇게 재미없는 대체 얼마만에 본건지... 앉아있는 내낸 고통스러웠다..,1,0
39,곽도원 혼자서 7점은  먹고 들어가는 영화 5.1은 넘 했네,10,1
40,심각한 척 할 필요없이 가벼운 마음으로 보는 영화로 시간가는줄 모르고 봄.,9,1
41,재밌게봤음 ㅋㅋㅋ,8,1
42,필리핀 조연 2명이 주인공인 줄... 보통사람 만든 김봉한 감독이 맞나?,1,0
43,유쾌하게 봤습니다,10,1
44,배우라도 믿고 보려고 했는데... 이 배우들 내가 알던 그 배우들이 맞는지...,2,0
45,저는 12살인데요 너무~~~~~~재밌었어요 믿고 보세요!,10,1
46,진짜....할말이 없다.....,2,0
47,한번보면 끝까지 보는 성격이라 다보긴했는데 처음 5분의 느낌이  마지막까지  변함없이 갈줄이야,1,0
48,편집을 안한 듯 삭제할 부분이 너무 많음 넷플릭스에서 보다가 아내한테 혼남 이게 뭐냐고,2,0
49,흥미로운 소재인데 참 멋없게 그려냈다.. 이렇게 지루할수가ㅜ,5,0
50,난 이 영화를 보고 목 디스크가 완쾌됐습니다. ,10,1
51,재미있게 봤음.,9,1
52,유쾌하지 않는 코로나 정국에 필리핀여행 소재  시기가 안좋았다,3,0
53,뭔가 영화감성이 안조은 날인가? 몰입도 안되고 웃기지도 않고 어수선하고 곡성때 그이미지 고대루고 자꾸만 잠오고.. 해서 보다 꺼버림 (20.10.20 집),2,0
54,"감독아, 브이로그 찍냐? 유튜브가 니 쓰레기 영화보다 더 재밌다. 근데 아니? 유튜브는 공짜야.",1,0
55,B급 영화에서나 나올수 있는 심폐소생술을 하고도 소생 시키는 어처구니 없는 영화 어지간한 학생들도 소생술 위치를 다 아는데 이 영화관계자들은 어지간하지 않은걸로...,1,0
56,영화 평점 먼저 볼껄;;;;,2,0
57,이거..홍보하러 라스 나오셨드랬어요?,1,0
58,이거보면 피곤하다..아...스트레스받네. 영화감독 나도 하겠네..  ♪♩ ㄴㅇ,1,0
59,재미있어요,10,1
60,도대체 무슨 생각으로 이런 영화를 돈 들여서 만들었을까? 유동성이 많이 풀려서 돈 쓸 데가 없었나?,4,0
61,제작비가 아끕,1,0
62,그냥 가볍게 킬링 타임용으로,6,1
63,캐스팅이 아까움  억지 코미디임,1,0
64,마지막까지 ㅉㅉ,1,0
65,이런 영화는 왜 만들었을까?,1,0
66,국제 망신 영화,1,0
67,"영화 망한 것 코로나 핑계 대면 안된다.  어떻게 저런 배우를 가지고 이런 망화를...? 현실성, 개연성 꽝이고, 재미도 꽝...",1,0
68,시원한 볼거리~~ 빈약한 서사~~ 천하태평 홍형사~,6,1
69,믿고 보는 배우들 덕분에 봤는데 평점이 안좋아서 기대 안하고 봤는데 병맛 영화라 나름 볼만함,10,1
70,"곽도원, 김대명  두 배우에게 뒷통수 맞았네요  배우들 믿고 봤는데 시나리오 보시는 눈이 없는건가요  아님 시나리오는 괜찮았나용?  내용도 어설프고  연기도 다 각자고  정말 실망했어요",2,0
71,.,6,1
72,"좋은 소재를  잘 풀지 못했네요... 작가님이 필리핀에 오래 살아보신듯해요  비논도, 말라떼, bgc등등 은근 필리핀  구석구석 잘  담았어요 cg는 정말 형편없네요",6,1
73,감독은 앞으로 영화 하지 말아라,1,0
74,망할만 했다  하..배우들 대본 보는 능략 좀 키워유,3,0
75,곽도원 김상호 김희원 이 분들 웃길 줄 아는 분들인데 코미디영화랍시고 왜 안 웃기고 있음? 마치 일부러 웃기지말자 썰렁하게 찍자 담합한거 같음.  김대명도 미생 때 보니 감각있는데  이 영화에서는 네 명의 갑진 배우들의 매력이 거의 느껴지지가 않음. 일부러 웃기려하면 관객들이 더 안웃는다지만 그래도 일부러라도 최선을 다해서 웃겨보지 그랬어요.,4,0
76,개그는개근데신파는넣어야겠고그렇다고제대로된개그도안나오고그나마웃긴것도주인공이아니고필리핀듀오한테서나오는이무슨,1,0
77,어설프고 그러네,8,1
78,나참! 요즘 보기 드믄 쓰레기  영화네..,2,0
79,배우들 합이좋다 구성은 어설프나 웃고 봐줄만,6,1
80,이것도 영화라고 만든건지....,1,0
81,진짜~~~~~~~~  재 미 없 다.,2,0
82,흠...  ocn 에서 국제수사 하길레 잘보았습니다... 흠..... ....,2,0
83,B급도 아니고 폐급이다,1,0
84,이영화 비추다,3,0
85,국제수사,6,1
86,"뭔가 재미가 없거나 지루한건 아닌데, 약간 애매모호하면서 어설픈 그런 느낌이네요. 내용은 있는데 없는 것 같은 이상하게 허한 느낌? 설명이 애매..하네요 ..)",6,1
87,빙가듯영화   3류코미디 .코미디는  아직90년말에서 못벗어났어...요즘  한국영화는 모아니면도가 ?,1,0
88,시간때우기 굿!,10,1
89,배우  질떨어지는 영화,2,0
90,아이고 재미없네~~ 시나리오와 감독탓 ㅋ,4,0
91,ㅇ,6,1
92,"코미디, 범죄 액션, 드라마...... 어느 장르의 맛도 제대로 살려내지 못한다.",5,0
93,뮬란보다 못한 영화인데 ㅋㅋ 이제 5점을 받아?,1,0
94,심심해서 봤는데 유머스럽기도 하고 재밌었어요 😀,10,1
95,감독이 초짠가? 웃자고 만든 코미디인 걸 감안해도 참을 수 없는 디테일의 허술함이란...,3,0
96,필리핀 촬영이라서 흥미있긴 했지만 억지스런 장면과 유치한 부분이 많음~,6,1
97,끝까지 다 보고 나니 급피곤.  들인시간과에너지  민폐영화,1,0
98,상당히 유명한 배우들이 많이 출연하는 영화에 비해서 내용이 좀 부족한건 사실이다. 지금 시대에 보물찾기??? 뭐 코믹도 어설프고 액션도 부족하고 중간에 포기하려다 그래도 앤딩은 보긴한 영화. 추천하고  싶지는 않은 영화,5,0
99,편하게 웃으면서만 보자.,6,1
100,욕으로 시작 욕으로 끝,1,0
101,1점도 아깝지만  배우들때문에 별하나  준다,2,0
102,와우,1,0
103,넷플릭스에 떳길래 그냥 봤는데  좋은배우들 냅두고 킬링타임 영화 한편 찍은느낌이긴함 돈주고 영화관에서 봤으면 돈이 진짜 아까웠을것 같긴 한데 집에서 봐서그런지 1점까지는아니고 3점?,3,0
104,이게.영화라리.ㅠ 기막힘,1,0
105,생각보다 아쉽네...,5,0
106,내 인생영화다,1,0
107,이러면 안 되는 거예요 배우들이 초짜도 아니고 대본 안 보고 계약했나  내용이 왜 이래요,1,0
108,코믹영화면 웃겨야지 왜 안웃겨. 내용도 완전 옛날방식이고... 쩝,3,0
109,진짜 레게노 ㅋㅋ 개노잼,1,0
110,감독의 전작을 생각해 본다면 그나마 나아짐. 배우들이 캐리한 영화,4,0
111,"넷플로 보기에 그만~우리가 생각하는 딱 B급 액션,코믹 영화",5,0
112,어떡해....내가좋아  하는 배우들 나와서 참고 볼랬는데 ...일단 정지 낼 다시 도전 해봐야지...,2,0
113,이것도 영화라고 ㅋ 에효  내눈이 썩어 들어가는 기분이다,1,0
114,망고가 아깝다,1,0
115,딱 감독수준 국민수준을 뭘로보고 한심한 영화,1,0
116,이정도 배우들로 이렇게 만들기도 힘들겠다,2,0
117,어떻게 영화가 이렇게 이도저도 아니냐? 진짜 더럽게 재미없다,1,0
118,조금 지루했지만 머..,6,1
119,딱히 기억나는 장면이 없습니다. 딱히 웃기지도 않습니다. 뭐 그냥 킬링타임...... 정도?,5,0
120,"가볍게 보기'만'좋은 코믹활극. 구지 필리핀까지 가지 않아도 국내 인근 섬지역에서 촬영해도 차이는 없었을 듯 싶다. 웃음으로 채우기엔 다소 폭력적이기도 하고, 가족영화도 아닌 애매한 포지션이 안타깝다. 형사는 형사가 아니고 사기꾼은 사기꾼이 아니고 살인조폭은 멋은 혼자 다 부리고  그 안에서 어떤 의미도 찾기 힘들겠지만, 확실한 권선징악이나 해피엔딩이라기엔 너무 어설프지 않았나 싶다.",5,0
121,국제수사에  순간 이승우가 나온줄^^; 이승우 선수 응원합니다~~,4,0
122,아....,1,0
123,감독은 머하는 넘이여 곽도원이 귀여서 끝가지 보긴함,1,0
124,"곽도원씨는 살인혐의를 받고 교도소에 들어갔는데, 어케 그냥 감옥을 나올수가 있는거죠? 아시는분 답 좀 해주세요.",6,1
125,..,4,0
126,휴~,1,0
127,이게영화냐  도원아  안미안허냐?,4,0
128,재미가 있고없고를 떠나 나중에 떠올려보면 줄거리가 기억이안날거같은 존재감없는 허술한 영화,4,0
129,이런 건 tvn에서 드라마로 만들어도 망할 것 같은데 도대체 왜 그래. 어중간해도 그렇지 너무 아쉽네...,4,0
130,..,3,0
131,돈도 많다,1,0
132,곽도원 기타등등 조연들이 모여서 만든 영화지만 곽도원 나혼자산다에 나왔을때 영 아니더만  첨 보는 사람들한테 반말도 아니고 존대도 아니고 그리고 왜 의자에 삐닷하게 누어있누 암튼  잘 나가는 배우들도 망하고 그러는데 조연들만 나오는 영화 얼마나 잘될기나,2,0
133,이런 배우들을 가지고.. 이따우로..;;  전반적으로 똥 싸다 끊긴 듯한 흐름의 연속..  그렇다고 재미를 잡은 것도 아니고..  해외 로케는 뭐하러 한 건지..  올해 본 영화중 거의 가장 최하급..  그나마 배우들 봐서 3점 줌..,3,0
134,♪~♩♩♪♪를 만든 목적이  도대체 모냐. 이유나 좀 알자.,1,0
135,도원이형... 아무리 형 팬이여도 이건 커버를 쳐줄수가 없어...,2,0
136,끝까지 보느라 힘들었음,3,0
137,굳이 멀리 가서 재미까지 수장,3,0
138,별로..,1,0
139,너무 느슨해서 재미가 없어요.,5,0
140,답답하지만 그냥 한국영화라 볼만함,4,0
141,ㅡ뭐하러 비싼돈 주고 필리핀 가서 촬영했냐 노잼이네,4,0
142,"영화 시작부터 정말 어설프고 유치함으로 짬뽕했지만 정작 웃기지는 않는...  이걸 코믹영화라고 말하는것도 웃기고, 감독들이 왜 각본을 대충 만드는지 이해할수가 없다.  김봉한 감독 영화는 앞으로 절대 볼일 없을거 같음.",1,0
143,완전 대 실망. 어색한 사투리만 난무하고,3,0
144,영화 소식프로에서 본게 다인 듯...... 두 번 본 느낌............,5,0
145,쓰레기,1,0
146,그냥 킬링 타임으로 보려고 했거늘.. 제작비 꽤 들었을 것 같은데.. 연기도 좋은데.. 영.. 내용이....,5,0
147,가벼움이 아쉽다,6,1
148,범죄 스릴러물인줄 알고 봤더니 코메디였네...ㅋ 내용도 어설퍼 연출도 어설퍼...  어떻게 마음가짐을 가지고 봐야할지 도통 모르겠는 영화  좋아하는 배우들 땜에 6점 줍니다^^ 극장가서 봤음 어쩔뻔...ㅎㄷㄷ,6,1
149,유쾌하고 유치한 킬링타임은 되는영화,5,0
150,사투리가 대천 사투리가 아니라 청주 충북쪽 사투리 아닌가?,8,1
151,평점조절 사이카,0,0
152,똥,1,0
153,스토리의 압축이 필요,6,1
154,곽도원씨~이제 곡성 아니잖애~~~차라리 굿을 혀지그랬어~~,2,0
155,빵점영화,0,0
156,역시 곽도원~~,9,1
157,별점 1점도 아까움 돈도 정말 아까움,1,0
158,유치한부분이 많지만 않았더라도 좋았을것을....,5,0
159,"원 제목 'The package'.  가볍고 유쾌하게 시작하여 통쾌하게 끝나는 영화였다. 죽음을 넘나들며 지켜나간  우정의 승리, 그 여운이 진하게 남는다. 바닷속에서 황금을 건져낸 충남 사나이들의  속 깊은 우정.  따뜻한 낙원 '필리핀' 사람들의  수탈의 역사는  그들의 언어와 행동 속에 고스란히 남아있다.  살아남기 위해서 아무 것도 가리지 않는...  현지 교민들의 협조로 2018년에 촬영했던 영화가 어려운 상황을 헤치며  상영되고 있음에 감사한다. ",10,1
160,기대가 너무컸나봅니다,1,0
161,전체적으로 유치하기 그지없음 곽도원 가족구성과 연기는 곡성 따라하기 전체 개연성은 전혀없고 은행창구 여직원 혼자 빛남,1,0
162,저는 유쾌하게 스트레스 해소했네요~~재밌어요 ㅎㅎ,10,1
163,유치하다 ,4,0
164,  재미있던데 평점도 그렇고 벌써 극장에서 내려갔네요~~  평점이 너무 낮아 10점 주고 갑니다.,10,1
165,기대이상으로 즐겁게 봤어요~^^ 김창욱 교수님~~~ 니가 왜 거기서 나와~~^*^ 깜놀!!,10,1
166," 이영화를 본 사람들 뭘 얻을려고 봤나? 완전 평점 테러네? 사실 웃을려고 본가 아닌가?  그럼 웃고 잼나게 봣으면 되지.... 참 말들 무져게 살벌하게들 하네... 제목보고, 예고편 내용 이미알고 잇으면서 보고나서 난리들이야 ",10,1
167,"필리핀까지 가서 도대체 이 사람들은 무엇을 한것인지, 코메디를 우습게 보고 영화를 만들면 어떻게 결과물이 나오는지를 확실하게 보여준 영화!",1,0
168,감독이 곽도원 김상호 좋아하나봄 누가봐도 40대후반인데 30대연기 시키는건 양심이없네요 몰입안됨 이것뿐아니라 개연성너무없어서 곽도원 연기 지루하고 답답하게 느껴짐 여러분의 시간은 소중합니다  지루한 영화 ... 이걸 굳이 돈내고 봐야하나요ㅠ 알바들 많네요ㅠ 에이 나도 여기 댓글보고 재밌는줄 알고 영화보러갔다ㅜㅜㅠ 10점만점에 3.5점정도주고싶은데 반틈은 없네요 ,3,0
169,내가 왜 이 영화를 보고 있는지 생각 들 정도로 ...,4,0
170,ㆍ,7,1
171,하....................................................................,1,0
172,재미 없다 ,1,0
173,이게 잼있다고 하는 분들은 머지 ,1,0
174,"영화보는내내 예외의 전개에 빵빵터졌던ㅋ 노련미는 없었지만 허당미가 느껴진 영화고 평소 안웃으시던 지인분이 웃음짓게 된것에 너무 보람있는 하루를 보냈습니다 선물세트 받은 기분이예요, 우리편견에 하찮게 여겨지는 사람들 우리옆 사람들이 얼마나 소중한지 알수있는 영화",10,1
175,영화 도중 웃겨서 빵빵터졌어요.가볍게 보기 좋아요. 평점이 낮아 깜짝 놀랐네요. 저는 유쾌하고 재미있는 시간이었습니다.필리핀 배우들의 연기도 좋았구요,9,1
176,부부간에 봤는데 재미있게 잘 봤네요,7,1
177,김민아땜에 곽형님 영화망했다,4,0
178,한국영화 특유의 노잼성 다 가지고 있음,1,0
179,정말 재미없다,1,0
180,누가 돈을 준다고 해도 보지 않을 영화,0,0
181,훌륭한 배우들이 마구 소모되는 느낌이... 최소한의 개연성은 갖춰야 돼지 않나요?,1,0
182,"재밌던데~ 간만에 영화관서 실컷 웃음~  필리핀 판 극한직업  믿고 보는 배우 곽도원,김대명,김희호,김상호 케미 굿~",9,1
183,평점 땜에 안볼뻔 했다. 재미만 있구만,9,1
184,"생각 없이 웃고 싶어 보았으나, 웃음 코드가 맞지 않다. 뭔가 고구마 같은 답답함~ ",4,0
185,호불호가 갈리지만 재밌음,10,1
186,금같은 우정~~!! 재밌게 잘봤어요^^,10,1
187,"추석 명절 가족 단체로 봤지만... 중,고등학생 아이들까지 엉성한 스토리라고 말하네요.",1,0
188,배우 곽도원의 잘못된 사용의 예,3,0
189,오랫만에 한국영화를 영화관에서 봤어여. 재미있긴 했는데 좀 뻔하고... 연출이 약한듯 느껴졌네요.,6,1
190,재미있게봤어요,9,1
191,나를 기대안하고 봤는데 볼만했다ㅏ  그냥 큰 기대안하고 봤는데 볼만했다  지금 볼 영화 없으면  보는겄도 ㄱㅊ.!,8,1
192,나비 없었으면 큰일 날뻔...... ,1,0
193,평점 안 좋아서 기대 안하고 봤는데 진짜 웃기고 재밌는데요...? 다들 보세요ㅠㅠ 재밌습니다 !,10,1
194,그냥 볼만하든데 ㅎ,10,1
195,"곽도원 배우가 연기파가 아니란 걸 처음 깨닫게 해준 영화 그리고 그 배우자와 딸의 오버 연기,,,, 설거지 물 마신 느낌~ 그러나 나머지 배우들 땜에 그나마 뛰쳐나가지 않았음.",3,0
196,평점이 형편없갈래 기대없이 봤는데  편하게 보기에 괜찮았어요 우울하거나 심각한 영화는 보가 싫어 선택했는데 잘한것 같음,8,1
197,대단한 걸 기대하진 않았지만 배우들에 비해 캐릭터도 별로였다. 그나마 필리핀 캐릭터들은 인상적,3,0
198,김대명님과  필리핀2명  이사람들땜에  오줌지림  ㅋ ㅋ ㅋ ㅋ  넘웃겼어요. ,10,1
199,재미 없다는 사람도 있고 있다는 사람도 있는겁니다 출연진 감독 모두 상처받겠지만요 ㅠ 재미있습니다 제 관점에선^^,10,1
200,영화 티켓 인증하고 댓글 달게 만들자.. 보지도 않으면서 무조건 까는 것은 싫다.,10,1
201,저는 재밌게 보았습니다. 생각없이 보면 좋아요,10,1
202,배우들 갈아넣어도 살릴 수 없었던 감독의 엉성한 연출력,4,0
203,재미없어요...,5,0
204,왜 재미없다고 하는지 모르겠네요.  정말 재미있게 보았습니다.,10,1
205,"외국 중 필리핀에서 벌어지는 일들이 색다르다는 느낌을 받았습니다. 실제로 필리핀이 그렇지는 않겠지만, 옛날부터 생각했던, 필리핀은 후진국이고 많이 위험하다는 생각을 했습니다. 영화를 보면서 크게 기대를 하지 않고 보기에 나름대로 재미있게 보았습니다. ",8,1
206,가족영화로 굿입니다 저희 어머니가 이렇게 즐겁게 웃으시다니..^^  저도 아내도 즐겁게 보았습니다  편하게 보시면 재미있는 영화입니다 참고로 알바생 아닙니다...,8,1
207,골든슬럼버 이후로 역대급 망작이었다.,0,0
208,방금 보고왔는데 재미없어요,0,0
209,보는 내내 안타까웠습니다.  배우들 연기는 좋았지만 좀 식상한 내용이었어요. ,1,0
210,재미가있구요 캐릭터도 다좋은 영화이네요 추석에 좋은영화이네요 영상도 좋았어요,7,1
211,최악이네요...,0,0
212,요 근래에 본 영화중에 제일 재미없게 봤습니다   ,2,0
213,그냥  재밌고  볼만하네,8,1
214,믿고 거르는 감독 또하나 생겼네,1,0
215,장르... 액션??  차라리...  코믹액션?? ㅎㅎ 혹평만 가득해서 기대없이 봣다. 기대안하길 잘했다.  그래서 잼나게 봣다. 생각업시 즐기니 잼난영화. 곽도원 연기 역쉬 잘한다!! 잘봣어요~^^,8,1
216,재밌는데 뭐가 좀 아깝내오,10,1
217,하하하... ㅎ  고구마 너무 준다... ,6,1
218,시나리오는 좋는데 감독이 진짜 못 만들었네,5,0
219,재미있는 배우들을 모아놓고 재미없는 영화를 만드는 능력이 있는 감독이구나.. 배우들 열연이 너무 안타까워서 평점 절반 준다...,5,0
220,이렇게 재미없는 영화는 처음임,1,0
221,돈이 아까웠음... 액션도 아니고 코믹도 아니고 가족영화도 아니고 우정영화도 아니고...뭐죠??  친한 언니한테 재밌는 영화 보여준다고 같이 가서 보다가 미안해 죽을 뻔...나 혼자 갔으면 그냥 중간에 나왔을텐데 같이 간 언니때문에 나오지도 못하고 재미없어 죽을 뻔 했어요...주위 분들한테 비추천합니다..,1,0
222,웃을 수는 있다...너무 평점 낮게 평가되서 10덤 준다,10,1
223,"스토리 엉성, 억지감동, 지루해서 중간에 나가는 사람도 있음.",2,0
224,무조건 재밌는 영화  코로나때문에  웃을일이 없었는데  이영화보면어 실컷웃었다  강추~~,10,1
225,기대하지 않고 보면 괜찮음,5,0
226,추석이 전 국민을 낚은 영화...,1,0
227,설정이 너무 어이 없긴 한데 그냥 반코미디  기대하고 보면 실망 하니 수사 란 말 기대 없이 보세요 ㅎㅎ 욕이랑 잔인하지 않아서 아이들과 같이 볼수 있는건 좋으네요,7,1
228,뭔 내용인지,3,0
229,처음부터 유치하고... 지루하기 시작함... 진짜.. 한국영화보면서 처음부터 자리를 박차고 나오고 싶은 영화는 아직 없었는데... 이번이 처음... 심하게 억지 웃음과 지루함.. 장르가 뭔지 모르겠고... 배우들이 아까울정도의 영화. 기억에 남는건 엉덩이와 필리핀 보디가드 둘.  ,2,0
230,이렇게 재미없는 영화 처음 봄 보다가 잤음..,0,0
231,"기대하고 봤어도 무난하게 재밌어요. 왜 평점테러들인지  ㅠ.ㅠ 요즘 영화치곤 욕도 별로 안나오고, 잔인하지도 않아요. ",7,1
232,억지로 짜맞추기식 스토리! 중간에 용병 2명의 어이없는 액션등등 기대하고 보면 실망합니다,3,0
233,간만에 웃었습니다. 나름 우울한 시점에 조금이나마 위로가 됐습니다,10,1
234,인간적으로 별2.5준다 기대하지말고 보면 괜찬 절대! 기대하고 보지마!!!,5,0
235,닌 ㄱㅊ,10,1
236,절대로 보지 마세요,0,0
237,생각만해도 자꾸 웃음이 나오네요. ^^,6,1
238,시나리오는 그닥~~고생한 배우들에게 점수..,4,0
239,"인간극장보는줄 너무지루하고 하,,, 엔딩이 제일 재밌었어요",5,0
240,"김봉한 감독?  넌 영화 절대 만들지 마라   죽는다 진짜  곽도원 김대명 김희원 김상호 데리고 아주 쓰레기를 제대로 만들었네  특히 곽도원 아내, 딸내미 어색한 연기 나올때마다 진짜 영화관 뛰쳐나오고 싶었다  아니 여행 못간거는 못간건데 뭐 그리 오바를 떨 일이냐고 ",0,0
241,역시 우리 호탕한 형사의 웃음소리 귓가에 맴맴맴~^^   옆에 아주머니 깔깔깔  껄껄껄  시작과 끝 ,10,1
242,굿,10,1
243,딸들이랑 재밌게 봤어요~~,9,1
244,추석 연휴에 볼만한 영화라고 생각이 됩니다. 살인 장면이 있지만 과하지 않고 생각보다 욕도 그닥 많이 나오질 않는 가족과 함께 볼 수 있는 킬링 타임용 영화 문제는 더 웃기게 만들 수 있는 장면이 많았다고 생각하는데 피식하는 것에 그쳐 그게 좀 아쉽습니다.,10,1
245,다행히 0점이 있네요.... 그나마 딸 연기를 보고 1점 드립니다.,1,0
246,죄송해여ㅠ 더이상은 무리..,3,0
247,"필리핀 투어가 좀 심심, 스토리 전개 많이 본듯함. 구수한 충청도 사투리 무난 .대천해수욕장 함 나오고 조개구이 추억 장면 함 넣었으면 하는 아쉬움. 킬링타임용으로 잼나게는 보았음 ^^",9,1
248,지금 보고 있는데. 보지마라. 후회하지 말고,4,0
249,난 잼잇게  밧는데  평점 너무 거지같다,9,1
250,기대없이 보면 재미있는 영화. 김대명이 좋았음. ,7,1
251,가족들이 보기에 괜찮은 영화.,8,1
252,큰맘먹고 보러왔는데...,1,0
253,난감하네..이 지루함을 뭘로 극복할까???,6,1
254,좋은 배우들로도 영화가 망가질수 있구나,5,0
255,"개연성, 긴장감 없는 코믹영화? 출연한 배우들이 아깝다.",5,0
256,최근 본 영화 중 최악이었어요. 박진감도 없고 재미도없어요 중간에 나가고싶은 영화는 처음이었습니다,0,0
257,실망습럽다.,1,0
258,"음.. ,재미없네요ㅋ",2,0
259,재미있게 봤습니다. 코로나만 아니면 온가족이 볼만한 영화인데... 아쉽네요.. ㅠㅠ,9,1
260,최고입니다 연기최고이고요 주연 조연 다 훌륭합니다 또 보고싶어용,10,1
261,최악,1,0
262,노잼,1,0
263,산만하고 뻔한 스토리,1,0
264,전 재밌게봤어요  ㅎㅎ ,9,1
265,많이줬다~~,4,0
266,처음부터 끝날때까지 답답함. 스토리전개가 느리고 몰입이 안됨. 제목하고 영화내용이 어울리지 않음.  스토리가 약함. 60분 드라마로도 아까움.  곽도원 배우가 출연한 영화는 다 재미있었으나 이번 영화는 엘롱이네요.,2,0
267,아! 이게 코믹수사극이었구나! ㅠㅠ  스토리보다는 장면 연결이 너무 산만해요... ,3,0
268,영화 재미없다.  진짜  이렇게 재미없게  만드는것도 쉽지않지. 비추~~,1,0
269,방금  cgv 이시아에서 보고 나왔네요~ 다행인게 집사람과 아들은 그린랜드 보고 있는 중ㅎㅎ,2,0
270,필리핀 킬러 빼곤 다 노잼 ㅠㅜ,2,0
271,잼나는데ᆢ 다들 왜 그르지?,10,1
272,기대가  컷나   그냥 시간떼우기 영화 일부러 시간내서 보기엔  좀   그런영화,4,0
273,개쓰레기 감독이 누구야? 짜증나게,1,0
274,넘나 짜증  시간 아까웁고 ,1,0
275,0점 못 주나... 이배우로 이렇게 만들다니...이러기도 힘들듯,1,0
276,"절대보지마세요.연기파배우들 데려다가 이렇게 재미없는,영화를 만든 감독이 대단.",1,0
277,별로 기대안하고 봤는데 나쁘지는 않았어요. 필리핀 푸른바다도 보고 여행못한거 나름대리만족했어요. ,10,1
278,재미없어요,3,0
279,이게 뭐지?,4,0
280,",,,,,,,",1,0
281,잘도 이 배우들을 가지고 이런영화를 찍었네.. 불필요하게 자극적인 장면은 있으나 멋지거나 흥미진진한 장면은 없다.. 매력적인 캐릭터도 없고 억지스럽고 답답한 장면의 연속. 그렇다고 공감대가 느껴지는것도 아님. ,2,0
282,웃음 액션 투 톱 공격수 유효슈팅 0개,3,0
283,"김대명씨는 괜찮았어요. 그런데 재밌는 장면, 대사, 캐릭터가 없어요. 완성도도 떨어져요. 내용도 어이가 없어요. 시각적 즐거움도 떨어져요. 제목 네글자로 지어서 추석에 개봉하면 흥행할줄아나봐요. 이렇게 재미없게 만들기도 쉽지 않을텐데요, 이 영화에 참여한 영화인 여러분의 시간 노력 돈 모든것에 유감을 표합니다. ",1,0
284,재밌을거라 기대했지만 웃음포인트가 하나도 없었다는ㅜㅜ 남편이 다시는 극장 안간대요ㅜㅜ 연기는 좋지만 스토리가 정말 개연성 없고 너무 재미없떠요,4,0
285,구수한 사투리와 능청스러운 연기가 일품. 하지만 그 외 나머지는 다... 대출금 갚을 돈이 없어서 집이 은행에 넘어가기 직전인데 온 가족이 해외여행을 떠나는 것부터 시작해서 영화는 말이 안 되는 내용의 연속이다. 중간쯤 포기하고 머리를 비웠더니 나름 소소하게 재미를 느낄 수 있었다.,6,1
286,그냥 시간때우기 좋은 영화랄까 어릴때 추억팔이 뺐으면 좋았을껄 액션 스릴러로 찍었으면 낫지 않았을까? 공짜 영화로 보기 딱,6,1
287,연출 스토리가 좀 아쉽지만 그럭저럭 팝콘무비로는 적당하다,6,1
288,쓰레기 드라마,1,0
289,소소하게 볼만함. 곽도원은 코믹 케릭터는 잘 안 어울리는 듯.,7,1
290,스토리가 만화 영화도 아니고~ 어찌 주인공은 감옥 나가고 사람  찾는 것도 쉽냐?,6,1
291,대따 재밌고 웃기다. 100%만족,10,1
292,웃긴 장면은 전혀없다 스토리가 너무 뻔하면 웃기기라도 해야 하는데 개노잼,3,0
293,재있다고 하는 사람들 이해가 안됨. 추석 연휴에 영화 본것 중 가장 실패한 영화로 기억될것임.,2,0
294,중학생 아들래미 꼬셔서 갔다가 미안해져서 돌아옴 ㅠ,2,0
295,개연성이 많이 떨어짐.. 배우들 연기는 잘하는데.. 뭔가 부족한 영화..,5,0
296,액션도 없고 코믹도 없는 그냥 처음부터 끝까지 찌질한형사 이야기 라 생각함,3,0
297,재밌고 웃긴영화,9,1
298,최악의 영화 곧 내릴듯 ㅎ,1,0
299,두서없이 애매모호하네요... 딱히 장점은 없는거 같아요 추천은 못하겠어요 ㅎ,3,0
300,장르의 애매모호함 확실한 액션도 확실한 웃음도 없고,4,0
301,볼만함,8,1
302,B급 코메디라 생각하고 생각없이 웃으며 보면됩니다 내용은 없고 배우들이 아까움 그래도 생각없이 웃으면서 볼 수 있음  진지하게 보지 말고~,8,1
303,배우가 아까움요ㅜㅜ ,3,0
304,"가볍게 즐기기 좋음. 달아난 범죄자들의 천국 필리핀 배경 범죄영화라 너무 잔인할까 걱정했는데 그런 장면없고, 유치해보일만한 로또 엔딩이 우울한 사람들 위로하고 싶은 감독 마음으로 느껴져서 좋았다. 부담없이 기분좋게 보고 잊어버려도 좋은 영화",8,1
305,배우분들은 연기 잘하셨고 딸내미분 귀여우셨어용❤️ 극본이 좀... 아무리 영화 안 보는 저라도... 배민 리뷰도 잘 안 쓰는데 이건 씁니다... 필리핀 조연 두분만 기억에 남네여... 감초역할 톡톡히 하심 웃음포인트도 충분히 잘 살릴 수 있는 부분도 애매했고... 그낭 배우님들 연기 잘하신다... 필리핀 조연 두분만 기억나여... 모든 건 극본 탓 임미다... 어떻게 이 배우분들을 모시고... 무엇을 말하시고 싶으셨던 건지ㅠㅠ 감독님 아흑 다음 영화 때는 힘내서 더 좋은 영화 만드셨으면 좋겠습니다 코로나 시국인데 힘내세요 모두ㅠㅠㅠ,5,0
306,배우들의 열연이 안타까움,2,0
307,정말  재미없는 영화! 문화의날이라 그나마 돈 절약했는데 TV나 케이블에서 나중에 하더라도 보지마세요. 절대! 시간 아까움.,1,0
308,음...  왠만해서 이런거 쓰지 않는데요. 너무 재미 없어요.,1,0
309,"오늘 5시꺼 보거왔는데, 지루하더라. 코믹이면 코믹 액션이면 액션 감동이면 드라마. 암껏도 없다는.연기는 다들 잘하던데. 스토리가 영, 그나마 필리핀 조연배우 두명이 아주 조금 빛났음",4,0
310,감독님! 무슨 일을 하신거죠??,1,0
311,노잼 유치 초등학생용 모험영화,0,0
312,빛 나는 배우도 빛 나는 감독을 만났을때 반짝 이는 법 곽도원의 연기도  감독의 연출도 평균 이하  였내요,5,0
313,볼만함.,10,1
314,개망작 이렇게 만들기도 재주. 초딩도돌아설 유치망작,1,0
315,돈이 아까운 영화,1,0
316,이건 배우들이 아까습니다. 보지마세요ㅠ,1,0
317,요즘 한국영화 왜이러지,1,0
318,배우가 다했다..... 이배우들을 이렇게 쓰나....감독은... 감독은...무슨말을 하고 싶었던걸까  우정? 가족애? 끈기? 필리핀배우? 보물찾기? 나쁜놈은잡힌다?  왜그랬지... 배우가.불쌍타... 그낭기대없이보시라 ㅎㅎㅎ명절에볼만하다 ㅎㅎㅎㅎ,6,1
319,다음평점보고갈걸 네이버평점10점인거보고갔다가 개후회의눈물을지금흘리면서 평점쓰고있습니다 개쓰레기 돈아깝고 시간아깝고 끝까지앉아있어준것만해도고마워해라 가운데앉았다가못나감 ㅆㅂ,2,0
320,정말 최악의영화중 하나 .엉성하고  유치하고  진짜 제목이 아까운 영화,1,0
321,완전 진지한 것도 아니고 완전 개그도 아니다가 후반으로 갈수록 B급 느낌을 물씬 풍기기 시작하는데 그 맥락도 없다. 처음엔 시원하게 대놓고 총 쏴 죽이더니 나중엔 둘한테 개털리는 것도 개어이없고. 그래서 그런가 연기들도 뭔가 다 겉도는 느낌. 김희원 곽도원 뭐 다 봤던 연기들인데 무대와 분위기가 그 모양 그 꼴이라 맞지 않는 퍼즐을 끼워넣은 거 같았고. 아니면 연기가 분위기에 맞게 달랐어야 했을 거 같은데... 어쨌든 매우 아쉽다. 이럴 거면 차라리 극한직업처럼 아예 개그 영화로 가든가... 보다가 어처구니가 없어서 혼났네. ,4,0
322,아  잘잣다ᆢ ,1,0
323,기냥 저냥 하네요 굳이 개봉일을 미뤘던건 무슨 자신감 이었는지... 내용이 너무 엉성~,5,0
324,.,4,0
325,별로 기대없이 봤다가 ㅋㅋㅋ 빵빵터졌다 ㅋㅋㅋㅋㅋ코로나로 우울한 요즘 가볍게 보기 딱인듯!,10,1
326,별로..원래 점수 박하게 주는 편이 아닌데~,3,0
327,기대하지말아요.... 재미없으니까,1,0
328,사우나 장면이 압권이었다. 올만에. 배꼽잡고 웃었네 ㅎㅎ,8,1
329,유쾌! 상쾌! 통쾌 !  할줄 알았으나 지루하고 뻔하네요,2,0
330,기대가 너무 컸다.,2,0
331,최악! 3류 그 자체다!!!!! 웃음 슬픔 내용 아무것도 없다. 연기력이 빛 바랜 영화다,1,0
332,곽도원 코미디 겁나 기대됰ㅋㅋㅋㅋ표정봐 미쳨ㅋㅋㅋ,10,1
333,진짜 걱정고민없이 재밌게 즐기기 너무 좋음bbbb,10,1
334,곽도원 섹시하심,10,1
335,재미나겠다,9,1
336,"여러모로 아쉬움이 남는 작품이다. 곽도원은 물론 김대명과 김희원, 김상호까지 배우들의 열연은 돋보였으나 그 이상이 없다. 코디디 장르지만 큼 웃음을 남기기는 커녕 몇 번의 소소한 웃음이 다였다.  한 데 모이기도 힘든 이 배우들의 열연이 아깝다. 다소 실망스러운 영화 돈주고 관람하기엔 글쎄~~~",1,0
337,김희원은  여기도 담보 도  나오고 바쁘시네용,8,1
338,재미있어 보여서 보러갈 계획.,10,1
339,뻔한 내용 볼  이유가없다,1,0
340,개봉연기로 망한 케이스 ,4,0
341,완전 기대~~~~!,10,1
342,완전 기대~~~~!,10,1
343,전 시간가는줄모르고 재밋게  봣습니다,10,1
344,최고지,10,1
345,오지호의 태백권 ⟩ 곽도원의 국제수사,1,0
346,보러갈려고 했더니만 이게 뭔 난리냐... 이놈에 광화문 집회가 문화계까지 말아먹네 이젠,8,1
347,돈이 썩으면 봐도 된다.,0,0
348,....,10,1
349,개봉 미뤄졌다구 평점테러하는건 뭐냐 ㅋㅋㅋㅋ 기다려 봅시당^^,10,1
350,...,10,1
351,빤스 한마리가 극장 2주동안의 먹거리를 없애버리네.   현재 상영영화는 거의 내릴 수준인데.,0,0
352,짜증,0,0
353,ㅠ  ㅠ 개봉연기라니,10,1
354,볼까?...과연 나와도 내가 보게 될까...이렇게 기다렸는데... 함께 볼 사람과 이렇게 기다렸는데 이제 뭐해야지..?,4,0
355,오늘 개봉해야되는데 망할 코로나,5,0
356,테러하는 이상한 사람들 1점 100명중 1명  정상인 중 방위군 100명중 3명 그래서 8점,10,1
357,코미디 정말 기대되네요!,10,1
358,할 말은 많은데... 하지 않겠다 ..ㅎㅎ,1,0
359,대명찡!!!!!!!!! ,10,1
360,재밌겠다 ㅎㄷㄷ,10,1
361,석형쌤 기대됨!,10,1
362,여름에 보기 딱 좋은영화! 필리핀 해외로케 촬영하느라 고생했겠넹 ㅎㅎ,10,1
363,너무너무 보고싶다 곽도원 코미디 기대!,10,1
364,오 곽도원 코미디 기대됨,10,1
365,안봐도 노잼이겠다. ,0,0
366,ㅋㅋㅋㅋㅋㅋ존잼일듯 코미디영화 넘좋아ㅠㅠ,10,1
367,내가 좋아하는 배우들만 나오넼ㅋㅋㅋ 코미디 연기는 믿고 본다,10,1
368,ㅋㅋㅋㅋ맨날 공무원으로 나오는데 다 잘 어울려ㅋㅋㅋ 똑같은 공무원 연기란 없다 !! 이제 추석이니까 가족끼리 보기에도 딱 좋음!! ,10,1
369,재미있어요 웃겨요,10,1
370,ㅋㅋㅋㅋ곽도원 이정도면 공무원증 받아도될듯ㅋㅋ영화도 재밌을거 같은디?ㅋㅋㅋ,10,1
371,꺅~~ 석형쌤~~!!!! 석형쌤 보러 극장 갈게요 ㅎㅎ,10,1
372,다좋아하는배우들 연기구멍이 없다 ㄷㄷ,10,1
373,기대됩니다,10,1
374,기대돼요!,10,1
375,이딴걸 영화라고,0,0
376,머시기 거시기,0,0
377,아이고 개봉 한다고 알바 쓴 꼬라지 봐라. 포스터는 원스 어폰 어 타임 인 헐리우드에 충청도 사투리는 거북이 달린다에 아주 찬란하네.,0,0
378,코미디 존잼각 ㅋㅋㅋㅋ,10,1
379,"개봉은 안했지만 곽도원, 특히 김대명 빨리 기대되네요.....",5,0
380,영화 대봉도 안했는데 평점이 8.5냐 악플들 ㅉㅉ,10,1
381,요즘에는 B급 유치 뽕빨이 대세.. 큰 기대 안하니 재미만 주쇼~ ,9,1
382,ㅎㅎ 싸구려 영화군요,2,0
383,얼른 보고싶어요,10,1
384,너무너무 기다려집니다,10,1
385,아무리 그래도 비쥬얼이 너무하다..하나같이 ,2,0
386,진심으로  기다려지는  곽도원의 형사 액션이  기대됩니다.  진심으로 사랑합니다!!  한국의 액션 영화!!!,10,1
387,"곽도원 연기, 마지막에 보스? 김희원씨도 나오네요 겁나 기대된다 ㅋㅋ",10,1
388,기대된다   ,10,1
389,공산화에 힘쓰시는 감독님의 애절한 영화,0,0
390,포스터가 원스어폰어타임인헐리우드랑 너무 비슷한데..,8,1
391,기대기대!!!,10,1
392,잼있을꺼같당,10,1
393,극한직업 비슷하게 히트치는거 아녀? ,9,1
394,코로나로인해 사람들의 웃음이 많이 사라진 요즘입니다. 힘든시기에 국민들에게 힘이 되는 영화가되길 응원합니다. 기대됩니다.,10,1
395,기대됩니다!!!!,10,1
396,석형쌤 영화는 꼭 봐야지!,10,1
397,조컷서요 ~,10,1
398,기대작ㅎ코로나로 지쳐있는 국민들께 엔돌핀이 되어주세요,10,1
399,재미있어 보이내요 ㅋㅋ,9,1
400,기대,10,1
401,괜찮을듯,10,1
402,잘 되어야 하는데 기대기대,10,1
403,곽도원 김대명 김희원 김상호 신동미 .... 다 기대되는 배우들인데 대박낫으면 좋겠다 ,10,1
404,화이팅입니다~,10,1
405,형님 화이팅! 고인돌드림 ㅋㅋ,9,1
406,완전 재밌다 ,10,1
407,이전 영화 완전 쪽박찼는데 어떻게 차기작을 또 찍을 수가 있지?,1,0
408,이 정도면 됐지 뭘 그려,7,1
409,이런 영화를 왜 만드는거죠? 한류시대 수준낮은 영화 입니다. 국제망신,1,0
410,재미만 좋구만 뭔 악픈이 많어,9,1
411,내가 본 영화중 최고의 영화~  해상 난투극은 소름돋는 명장면~  나 혼자는 절대 못죽어!!!,10,1
412,재미만 있구만,9,1
413,전 나름 편하게 봤어요 ㅎ,9,1
414,코믹 영화에서 너무 많은걸 바라지맙시다  웃고 즐겨서 10점  ,10,1
415,한시간 보다가 결국 나옴.. 대배우들 가지고 너무한거 아니냐,2,0
416,재밋기만 하구만,10,1
417,모처럼 유쾌하고 즐겁게 잘 봤는데 웬 악플이 이리 많냐?  배우들 연기도 좋았고 뻔하지 않아 좋았다 특히 2명의 쌈 잘하는 배우 넘 웃겼음,10,1
418,보긴봤는데..왜 국제수사임? B급이면 히트맨보고 배우시길.. 진짜 배우들이 아깝다. 곽도원씨는 앞으로 코메디 안하는걸로ㅎ,4,0
419,정말 이건 아니네요. 보지마세요.,1,0
420,엉성하기 그지없는 졸작 배우들이 아깝단 말이 나올만 하다,1,0
421,두번 이상은 봐야 진짜 재밌다~~^^,9,1
422,엄청 웃었네 딱 내 스탈~~,9,1
423,ㅋㅋㅋ 어이없는 영화,2,0
424,가볍게 시작해 아예 날아가는 진행과 구성. 시간이 억울해.,2,0
425,처음에 내용 전개도 되기전에 와이프가 찡찡대는거 보고 뭐지 했음 캐릭터 성격이 대충이라도 어떻다 라는게 보여지고 나서 그랬으면 모르겠는데 처음부터 너무 억지스럽게 웃음을 유발시키려고 하는거 같았음 중간에 필리핀 거지씬에서 우와 한번 하고 그 외에는... 개그코드도 나랑은 안맞는거 같음,3,0
426,김봉한감독이 만든 영화는 다시보고싶지않음,0,0
427,오락영화 좋아하는 분은 재밌게 볼 수 있는 한국영화~ 배우들의 충청도 사투리가 정말 웃기네요^^ 어설픈 장르영화보다 볼만합니다.,10,1
428,사투리 진짜ㅋㅋㅋ  엄정화 나오는 여행기 보다 훨 재밌네 재밌게 잘 봤시유,8,1
429,최악이다 최고의 재료를 갖고 뭘 만든건가?,1,0
430,암 생각없이 보면 10점,10,1
431,ㅎㅎㅎ 웃긴 필리핀 배우 2명 갑자기 나올때부터 영화가 산으로 간다는걸 직감한다!,10,1
432,극장에서 보다가 졸았는데.. 설날에 해주네? 앗싸하고 다시보는데.. 또 졸번했다..이런 소재로 이렇게 재미없게 만들기도 힘들텐데.. 감독이나 제작자나.. 참 돈 아깝다.. 투자자들은 안목도 참 없지... 에휴,1,0
433,1등급 소고기. 각종 해산물 로 이렇게 요리를 망칠수가 있구나,1,0
434,보다가 괴로워  죽는줄 알았음 이게 영화인지 합리적 의심이 강하게  들었음,1,0
435,틀어놓고 딴 짓 했다...,5,0
436,스토리 개연성 연출 사투리 장면....모든 게 재미 없다,2,0
437,와 대다난 cg  우뢰메도 울고가것네 스토리도 걸작이여 가성비 뛰어난 엄청난 블록버스터 감독인생 방점을 찍을 최고의 작품이다 먼가 시간이 참 소중한데  덧없음도 느끼고 많은 것을  느끼게 해준 고마운 영화다,1,0
438,불면증 앓고 계신분들께 강추!!! 정말 끝내주는 수면제 입니다!!!!,1,0
439,아....이건 좀 너무한 거 아니냐... 저 배우들을 데리고....,1,0
440,아.. 정말..이런말하면 안되는데요.. 감독...  하지마쇼. 정말. 시간이 아깝다.,1,0
441,영화가 재미가 없음...그나마 배우들 연기보는 맛에 겨우 봄,2,0
442,영화 보통사람 감독 맞아요? ;; 왜그랬어요? ;;,1,0
443,이것도 저것도 아님,1,0
444,하나도 안웃기는 코믹 액션 영화는 내 인생 처음이다.,1,0
445,쓰레기,3,0
446,0점은 어떻게 주나요..,1,0
447,감독의 꿈을 꿀 수 있게 해준 좋은영화,1,0
448,나름 재미있던데 가볍게 웃으며 봤어요,8,1
449,사투리연기좋고 가볍게보기좋은데 갠덕으로 오케이마담이나 영어반보단 낫다,8,1
450,재밌었음 능청스런  충청도  사투리와  어설픈 시골경찰 역의 곽도원씨   코믹  연기가 일품임   내가 충청도 출신이라 그런지  더  살갑게 느꼈음 가볍게   보기 좋았으며   웃음코드가   딱  내스타일,9,1
451,별 1개도 아까움. 초등학교 학예회 수준,1,0
452,’끝나가나’하고 시계보니 50분지남,10,1
453,가볍게 봤어요,6,1
454,촌놈들의 눈물나는 우정?? 풉~ 서민 여성은 왜 70년대부터 계속 똑같이 우악스럽고 천박하고 무식하고... 개오버.,3,0
455,.,10,1
456,7광구 이후 역대급...,1,0
457,난ㅈ그냥저냥 볼만했음 기대를 안해서,7,1
458,이것두 영화유 쓰레기유 머하러 필리핀 갔유 그냥 한국서  찍지 외화낭비하고 ♬~유 감독이나 배우나 쯔쯔 코로나 탓하지마라 영화자체가 지루하고 내용도없구  쓰레기유,2,0
459,필리핀 경호원  둘이 주인공인가요? 배우들을 돋보게 하질 못하네요.,1,0
460,혼자 당할 순 없지,10,1
461,너무 잼나게  봤어요 👍,10,1
462,아 ~~~0점이 없네...내가 하도 영화가 너덜너덜해서 감독이 누군가 엔딩크레딧 다 봤다. 진짜 다른 직업 찾아라,1,0
463,그냥 최악이다.,1,0
464,민망한 맥락 전개,5,0
465,👍👍,9,1
466,한류시대에 국제적망신 가문의영광1편 빼고 엉터리후편 보는 기분,1,0
467,시간과 돈이 아까운 하급영화.,1,0
468,b급 영화는 들어봤는데.... 이 영화는 z 급이 있다면 그 수준... 내가 처음으로 별점도 1점 준다.,1,0
469,"좋은배우들 데려다 완전히 망쳐버리는 영화, 이런영화는 왜 만드나",1,0
470,한국영화 가끔 수준이하 영화들이 문제임,5,0
471,그냥 아무생각없이 보면 됩니다.,6,1
472,엉망 진창  사투리 누가 그렇게 ..말을 말자,1,0
473,1960년대 흔한 스토리 정도로 적당하다.,5,0
474,...,6,1
475,한국영화가 발전이 없는 이유    ㅋㅋ 적당하게 깡패 범죄 영화 만들어도  돈이 되니까    씨급 영화를 자꾸 만든다 ㅋㅋㅋㅋㅋㅋㅋㅋㅋㅋㅋㅋㅋㅋㅋㅋ,2,0
476,"대천해수욕장 가봤는데 저런 사투리 없었다~  정말 영화 수준이,,,,,,,,,,,ㅋㅋㅋㅋㅋㅋㅋ  한심하더라!!!",1,0
477,보는내내 힘듬. 요즘보기드문 시지 배우들연기가 아깝다,1,0
478,"삼류영화. 한류역행, 왜, 11,000윈 받아요?",1,0
479,노잼,1,0
480,보다 영화관 중간에 나왔다. 개작,1,0
481,월드클래스 쓰레기영화였다 월클쓰,2,0
482,B급 코메디 영화....신선함이나 기대감 없이 예전 느낌 그대로 그냥 그렇게~~^^,8,1
483,그 정도로 잼없진 않음 나름 킬링타임용으로 ㄱㅊ,10,1
484,별점 두 개는 주려고 했는데 마지막에 은행 여직원에게 끼부리는  장면에서 토나온다,1,0
485,웃으면서 잘봤음 6.0,6,1
486,이런 영화는 가볍게~마음 편히~ㅎㅎ,6,1
487,진짜 재미없고요..곽도원.. 연기 정말짜증이  나네요  악당 이희원 이름이 맞나 모르겠네요..그중 연기는 좋은 듯.. 정말 비추네요,1,0
488,이 배우들로 이렇게 만들기도 힘들겠다;;;,0,0
489,망작! 액션도 아니고 범죄물도 아니고 코미디도 아닌 그런 영화.,4,0
490,하도지루해서 3시간짜리 영환줄 알았다...장르가 뭐냐???,0,0
491,정말 이러면 안되는거유~~ 겁자 지루하고 머여유 이게~~ ,5,0
492,김봉한 10世끼.  두부에 김 얹어놓은 듯한 歲끼.  이딴 영화 만드냐. 나오는 인물이 죄다 밉상에 황당무계하고 쌍팔년도에도 안 했을 코미디 하고 앉았어. ,1,0
493,52분진짜 참고보다 끔.,0,0
494,아무생각없이 그저 멍때리며 보기엔 좋다. B급 코믹영화.,0,0
495,이런 c급 영화를 만든 감독도 개잡놈  출연하는 곽도원같은 뿌리없는 놈도 개잡놈,1,0
496,이것도  영화라고  장난치냐진짜  곽도원 연기도 매번  똑같아  지루해    재미도없고  내용도  참  한심하다  수준이,1,0
497,...,6,1
498,괜찮아유,10,1
499,"한국 코메디 영화의 퇴보... 차라리 권상우, 정준호 나왔던 히트맨이 0.5점 더주고 싶다.",6,1
500,참나......,3,0
501,이렇게 웃어본 건 정말 오랜만이다,10,1
502,아주 재밌지는 않아도 시간가는줄 모르고 재밌게 봤음..여기저기 웃기는 부분도 많았음..,10,1
503,가족이랑 보는내내  얼마나 웃었는지,10,1
504,"제가 31살인데 31년동안 살면서 가장 재밌는 영화라고생각함  영화 내용이 느자구도없고 이도저도안되고 해외 필리핀에서 찍은거같은데 진심 돈아깝다는생각이드네요 좋은배우 섭외할돈으로 영화작가나 인기있는사람구하지그래요 내가 400자 채우려고 길게쓰는건아닌데 진심 재미없다 꼭 봐주세요 진짜재미가없어요 제발 한번만봐주세요 재미없는영화의 패러다임을 바꿀영화라고느껴질정도이네요 이제 200자채워간다 조금만더.,.. 국제수사 꼭 보세요 진짜재미없네요 국제수사 꼭 보세요 진짜재미없네요 국제수사 꼭 보세요 진짜재미없네요 국제수사 꼭 보세요 진짜재미없네요 국제수사 꼭 보세요 진짜재미없네요 국제수사 꼭 보세요 진짜재미없네요 국제수사 꼭 보세요국제수사 꼭 보세요 진짜재미없네요  진짜재미없네요 국제수사 꼭 보세요 진짜재미없네요 국제수",10,1
505,시간가는줄 모르게 몰입도 굿,9,1
506,평점테러가 너무 심해서 10점준다 진짜 5점짜리정돈 아님,10,1
507,엉성한 스토리의 백미는 당진 촌동네 친구들과 후배를 필리핀에 죄다 모은거지.,5,0
508,생각없이 보면 웃긴영화/ 그러나 약간의 지루함을 가지고 있다,5,0
509,그냥 웃고즐기는 영화 그냥 추천합니다.,7,1
510,평점테러?,10,1
511,그저 평범해 하지만 2번은 보기싫어,4,0
512, 그냥 배우들의 연기가 전부인 영화,4,0
513,유치하지만 개연성을 빼고나면 그나마 유쾌하게 봐줄만 함.,6,1
514,기대 안하고 갔다가 빵 터져서 왔네요 오랫만에 크게 웃었어요~~ 극한직업만큼이나 잼났어요,9,1
515,점심먹고 그린랜드 보고 후회해서 국제수사보고 좀 웃을려고 했더만 더 짜증만 나네..,5,0
516,기대하고 봤는데도 재밌더라구요! 콤비플레이가 최곱니다~,10,1
517,재밌을것 같아요♡,10,1
518,chhochha님 각 프랜차이즈 공홈 및 앱에서 예매가 가능하니깐 순위에 올라갔죠. 옛말에 가만있으면 중간이라도 간다고 했는데 ㅉㅉㅉ,10,1
519,최고 기대작 ,10,1
520,아놔 곽도원 진짜 공무원 전문배우 ㅋㅋㅋ 넘웃김ㅋㅋㅋㅋㅋ ,10,1
521,김창옥? 헐 포스터 gta,9,1
522,김희원 등 기대만발!,9,1
523,기대,10,1
524,오~ 곽도원 자연스러워 괜찮아보이네~ 재밌겠다 캐스팅도 좋고~,0,0
525,"캐스팅만으로도 만점,,,",10,1
526,많이 웃었네요~~,10,1
527,볼만하든디유 ㅎ 웃긴듯 함서 아닌듯  함서  그럭저럭,9,1
528,나름 재미있는데? 걍 코미디임.,10,1
529,재미 있음,10,1
530,재미있게 잘 보았어요~,10,1
531,배우들 특히 외국 배우들때문에 5점 줍니다 ㅋㅋㅋ 그 배우들만 잼있었음,5,0
532,필리핀 검객이 웃겼음. 제일 멋있고..ㅋㅋ,6,1
533,또 개봉연기 ,5,0
534,국제수사,10,1
535,허구헌날 경상도 사투리만 나오는 조폭 깡패 영화보단 훨씬 낫다.  아쉬운 부분도 있지만 코미디 영화로 가볍게 볼만하다..,7,1
536,재밌는디 평점이 왜이럼?,8,1
537,거창한걸 원하고 보지말길 가볍게 보기에 너무나도 유쾌한 영화 내가 만약 필리핀에 갔다면?? 지극히 현실적인 형사 이야기. 지루하지도 않음. 해피엔딩. 악플이 이해안감.,8,1
538,재밌기만하구만 하마터면 평점보고 안볼라했는데  존영화 만들었네 평점이 왜이리 안좋지 필핀상황을 모르고 보니까 재미가없는거여,10,1
539,내가 이상하구나 재밌게 봤는데ㅋㅈㅋ,10,1
540,내 인생  최고의 영화  기생충을 이을  제2의 오스카상 후보,10,1
541,진짜 잼있는데? 필리핀 두명 왜 이리 잼있냐?,9,1
542,볼만합니다. 댓글 보고 안볼려고 하다가 봤는데 보세요.,10,1
543,장르를 감안해서 점수준겨. 그래도 너무 밑도끝도 없는거 아녀?,5,0
544,빵점 짜리 영화임..진짜 감독 법적처벌 안되나?,0,0
545,"코로나19만 아니면 천만 흥행인데,정말 안타깝습니다ㅜㅜ 정말 재밌게 봤구요, 해외에서 촬영하느라 고생 많으셨어요. 진짜 웃기고 재밌어요.",10,1
