﻿,document,score,label
0,"먼저 이 작품의 감독은 전 작인 업그레이드의 연출을 했던 리 워넬 이고 연출력은 솔직히 업그레이드 보단 살짝 아쉬운 감이 있지만 무난한 소재에 무난한 연기력의 배우들을 가지고 저예산으로 잘 만든 작품임! 그리고 다른 관객들의 평 중에 여주의 페이스 가지고 자꾸 뭐라고 하시는데, 미국도 여주가 잘생기고 예쁜 배우들 선호하지만 연기력 중심으로 뽑은게 역력하고 자세히 보면 일부러 살쪄 보이게 몸을 만든 티가 남! 대사에도 임신했다는 단어가 나옴! 그리고 자세히 보면 여주가 밉상이 아님을 알 수 있음! 나무의 가지만 보시고 나무 전체 못 보신 듯 함! 어쨋든 재미 없게 보신 분들 평도 존중하지만 최소 여성을 얼굴로만 평가 하지 마시길!",8,1
1,재밌게 잘 봤어요~,9,1
2,학생인데 밤에 집에서 구매해서 봤습니다. 전 너무 재밌게봤고 겟아웃과 어스를 이은 훌륭한 공포영화라고 생각합니다. ,10,1
3,여주가 막판 갑자기  전사가 되고 악마는 막판 갑자기 저능아가 됨.,2,0
4,리 워넬의 특유의 감성이 묻어있는 영화.,7,1
5,공포라기보단 걍 스릴러.. ,6,1
6,배우의 연기와 분위기 등만으로 보이지 않는 투명인간에 대한 공포를 느끼기에는 한계가 있다.,6,1
7,"섬뜩한 남친, 주변에서 늘 그가 느껴진다.",4,0
8,최고.. 스토리 .스릴만점.. 간만에 소름끼치는영화는 오랜만이다. 수상작 해도 될듯,10,1
9,"처음엔 가볍게 생각했는데 연기력과 스토리가...저는 좋았습니다 잔잔한 사운드에, 집요함에 사이코패스가 뭔지 제대로 느꼈습니다",10,1
10,문좀 닫고살아라 인간들아 ㅋㅋ문닫으면 다 끝날것을 ㅋㅋ,1,0
11,"시작은 강렬했다. 쫄깃한 긴장감이라는 말로 시작된 스릴러는 SF를 만나 호러스럽더니 이내 엉성함으로 변했다. 공중에 붕떠서 사람을 해치는 칼은 CCTV에도 찍혔을텐데 주인공은 소리만 지르다 살인범이 되어버린다. 그러더니 병원에선 느닷없이 투명인간이 히어로 액션을 찍고, 경찰은 그 와중에도 주인공만 쫒는다. 그러다 어찌어찌 도달한 결말은 그저 웃음만 나올 뿐. 강렬한 연출 하나로 잘 끌어가긴 했지만, 각본도 연기도 그에 미치지 못했다. 주저리 주저리 단점만 나열해 놨지만, 그만큼 애정이 가고 아쉬움이 남는 작품이라 더 그렇게 느껴졌는지 모르겠다. 근래 나온 호러 스릴러 중엔 몇 안되는 추천 할만한 작품이기도 하다.",7,1
12,"딱 극장에 간게 후회되지 않을 정도의 영화였다.  평점보면 여주 외모타령 많이들 하는데 꼭 여주가 이뻐야만 한다는법이 있나? 중요한건 아니지만 여주도 나름 괜찮더구만...  외모 딸리면 영화도 나오면 안되나? 하여간 대한민국 외모지상주의 국가 ㅋㅋ 외모를 평하는 인간들은 본인 거울이나 한번 보시지~  영화는 초중반까지는 좀 지루했다.  중반이후부터는 긴박하게 돌아갔지만, 남편 동생이 왜 그런행동을 했는지 설명도 없고 납득이 안감. 그리고 언니가 죽었는데 슬퍼하지도 않고....  1917 과 이것중 고민했으나 1917에 대한 미련이 남음....ㅠ.ㅠ  하루에 두편보면 허리아프니까 다음기회에.....",7,1
13,"스토리 진행이 느려서, 30초씩 앞으로 돌려봐도 놓치는게 별로 없다.",4,0
14,전체적인스토리 이해다할수있으면 잼있는영화인듯요,9,1
15,영화에 집중하는 편인데.....  날가지고 장난한거야?,1,0
16,긴장하며 봤다. 괜찮은 영화,8,1
17,굿,10,1
18,감독이 관객을 위해 몇 군데 함정을 팠네요.  아무 정보없이 영화를 본다면 누구든지 함정에 빠질듯. 카메라가 빈 공간을 촬영할때마다 오히려 더 집중해서 바라보게 되고... 저가 예산의 스릴러 영화인데도 개인적으로는 몰입감 있게 봤습니다,8,1
19,나름 볼만함,7,1
20,너무기대했나봐요ㅠㅠㅠㅠ 지루하네요.. 겟아웃는 몰입감 굿!!,3,0
21,공포 아니라 액션영화인줄..그래도 스릴있고 재밌어요ㅋㅋㅋㅋ,8,1
22,몰입감 쩝니당~~~,9,1
23,ㅎㅎㅎㅎㅎㅎㅍㅍㅊㅊㄴㅇㄹ ,9,1
24,나름 긴장감이..투명인간 옷이 좀 허접하긴 하지만 그래도 스토리는 괜찮다,7,1
25,"와... 저 지루함에 진짜 주연들부터 조연, 단역까지 완전 3류 연기들에... 여주 얼굴 표정만 너무 오버하면서 진짜 감정이입 절대 안됨. 그리고 투명인간한테 맞을때 나온 모든 배우들의 어색한 연기에 손발이 오그라들었었음. 시나리오도 집중도 안되고, 산만하다가 갑자기 뜬금없이 반전 만드는데... 진짜 각본 누가 짰는지, 유치해서 못봐주겠음. 몇 십년 전 할로우맨의 반의 반의 반도 못따라가는 망작. 그러고보면 할로우맨은 진짜 명작이었네. 그 시절에 그 정도 CG에 영화내내 긴장감 넘치고 명배우들 연기. ",2,0
26,기획은 참신했는데 허점이 너무 많다.  얼굴과 상반신에 흰 페인트를 뒤집어 썼는데 틈이 많은 수트에 묻은 페인트를 싱크대에서 완전 깨끗하게 다 닦았다고? 안보이는 걸 알았으면 그걸 보이게 할 방법은 얼마든지 있다.  그냥 문에 투명 스카치테이프 두꺼운 것만 붙여놔도 된다.  바퀴잡는 끈끈이를 놔두면 아주 좋았을텐데?  투명이 된 것이지 유령이 된 것이 아니지만 마치 유령처럼 연출했다.  어떤 인기척도 느낄 수 없다는 식.  만년필에 대여섯방 찔렸는데 수트는 뚫리지도 않고 클로킹도 고장을 일으키지 않는다.  범인은 피 한방울 흘리지 않고 아무런 타격이 없다.  뭐 그런 식이다.   하긴 뭐 그렇게 주인공이 똑똑해서 투명인간을 찾아내면 영화가 안되겠짘ㅋ,6,1
27,굿,10,1
28,재미나던데...,10,1
29,재미도 안보여서 문제,6,1
30,수작인디!!,10,1
31,여주 못생겨서 걍 패스한 영화 ,1,0
32,명.작,10,1
33,적과의 동침+할로우맨  그나저나 투명슈트 환공포증 불러일으킴 나만 그런가,7,1
34,자막읽기 귀찮아서 외국꺼 잘 안보는데 평타 이상은하는것같아요,7,1
35,숨막히는 긴장감 짱  재미있게봤어요,10,1
36,식상할 줄 알았는데 아니더라,7,1
37,투명인간이 무서운점은 존재 자체를 모르기 때문에 무서운건데 주인공은 투명인간 존재를 일찍 알아챘지만.. 지능이 떨어져서인지 볼려는 노력은 하지 않는다 너무 헛점이 많다,3,0
38,오랫만의 아내와의 방구석 영화 데이트에 알맞은 영화 평점7점,7,1
39,끝까지 긴장하며 봤네요..결말 좋았고 재밌게 잘 봤어요,10,1
40,이영화 비추다,4,0
41,"수작임을 인정하지 않을 도리가 없다 ㅋ 엘리자베스 모스,,, 연기를 기괴하게 잘한다.. '매드멘'속 그녀를 첨 보고 깜놀 했던 기억이 난다.. 기가 막힌 배우다,,, 외모? 뭣이 중헌디???!!!!",8,1
42,투명인간 소재치고 괜찮게 표현했다.,6,1
43,.,6,1
44,투명 슈트 있으면 진짜 죽이겠다. ㅋ,6,1
45,여자의 빅피쳐에 관객은 좀 답답하다.,5,0
46,신선함이 너무 없어서...,6,1
47,저예산으로 잘뽑아냄. 서프라이즈!,8,1
48,당한만큼 가퍼주는데!! 서프라이즈~~~^^,7,1
49,공포 서스펜스라는데 공포도 없고 서스펜스도 없다 결정적으로 재미도 없고 지루하다,2,0
50,"여주인공이 혼자서 영화를 이끌어간다 정말, 영화에서 여주인공의 연기력이 얼마나 중요한지를 일깨워주는 영화 (이 여배우가 아니었다면, 이 영화는 볼만했을까??)   SF 가 아니다,   분노한 여성의 '복수'의 드라마이다",7,1
51,스릴 빠진 스릴러,5,0
52,공포영화가 아니라 sf영화였다.,4,0
53,볼만한데~ 스토리가 예상대로 전개되서~~,7,1
54,쩝...,4,0
55,아...지루하네요...,1,0
56,지루해.,1,0
57,좀 지루하게 진행되다가 후반부에 반전이 살짝 볼만 하다.,6,1
58,"겟 아웃, 어스 제작진의 작품이라는 광고에 좀 서늘한 느낌이 들었다.  겟 아웃의 스며드는 공포에 겁먹어서 잔뜩 기대하고 봤던 어스에서는 짜증이 날 정도로 상습적이어서.  그런데 그게 인비저블 맨에서도 느껴질 것 같은 예감이 들어서 였는데.  역시 초반의 긴장감은 온데간데 없이 사라지고 짜증나도록 반복되는 공포.  지나치게 긴 러닝타임.",5,0
59,건조하고 지루했지만 약간 서프라이즈~,6,1
60,"이 영화는 웰스가 1897년에 출판한 투명인간의 주인공 그리핀의 정체성을 따른다. 최초의 투명인간은 탐욕이 가득한 존재였다. 이 영화에서도 에이드리안 그리핀, 에이드리안의 동생 탐, 에이드리안의 여자 세실리아라는 투명인간들도 인간의 탐욕을 보여 준다. 세실리아는 자신에게 지나치게 집착해서 모든 걸 간섭하면서 아이를 낳아 주기를 바라는 에이드리안에게서 달아난다. 숨어 지내던 세실리아는 언니 에밀리에게서 에이드리안이 죽었다는 소식을 듣는다. 에이드리안이 자신에게 500만달러를 상속한다는 편지를 받는다. 탐은 형의 재산을 아에 독차지하려고 형을 감금하고, 형의 투명복을 입고서 상속 1순위인 세실리아를 괴롭히며, 유언상 상속자격조건을 위반케 하려고 살인자로 뒤집어 씌운다. 세실리아가 피해자인 것 같지만 결국 똑같은",6,1
61,2/3 쯤 보다 말았음....B무비인지 C무비인지 대체 저정도 연기력의 배우들은 어디서 줏어온걸까... 여주는 뚱뚱하고 못생긴걸 떠나서(호불호) 비호감에 연기력 꽝임.,1,0
62,러닝타임이 참 씰데없다,1,0
63,서프라이즈,7,1
64,"차라리 내가 영화를 만들었다면 남편, 남편 동생이 범인이 아니라 흑인 형사나 언니가 범인인 것처럼 만들었을 듯.... 허를 찌르는 반전이 부족해서 안타까웠음.",4,0
65,미저리 + 할로우맨,6,1
66,좀더 긴장감있게 풀어냈다면ᆢ지루하게 이끌어가고 쉽게 짐작되는 부분들이 아쉬움이 남네요,7,1
67,티비프로  예고편에 나온얘기들만봐도 어떤영화인지알수있는내용입니다  여주인공이  투명망토 챙겨숨길때  결말은 정해진거였죠  킬링타임용으로 추천합니다 ,7,1
68,중후반까지의 긴장감은 고조되고 누군지 모를 범인에 대한 혐오감은 증폭된다. 하지만 후반부에 너무 욕심을 부린것 같다. 반전을 좀더 돋보이게 하기 위함이었을까. 뜬금없이 왔다갔다 하는 전개로 인해 시원한 여자주인공의 복수보다는 남자주인공의 행동에 대한 의문점만 느껴졌다.,8,1
69,3점 그이상은 못준다.,3,0
70,간만에 몰입했네요. 잼있어요. 새로운 소재라서 더 흥미로왔음요,8,1
71,',3,0
72,이전 영화들이 워낙 쇼킹해서 좀 싱거운 면도 있지만 긴장감있고 재미있게 보았음,9,1
73,여주 연기가 좋음..  여주 얼평하는 사람들 어이없는 건 덤..  전개가 나쁘지는 않은데.. 뒤로 갈수록 납득은 좀..  딱히 반전 없다는 게 또 반전..   무튼 킬링타임용으론 나쁘지 않다..,6,1
74,긴장감 주는 사운드 빈도가 너무 잦아서 오히려 긴장감이 떨어진 게 아닌가...결정적인 장면에서는 그냥 현장의 사운드가 더 몰입하게 만든다는 개인적인 생각입니다. 그리고영화 후반부도 뭔가 아쉽다는 느낌. 영회제목이 이미 내용을 알고 영화를 보게 만든거 같아서 그것도 아쉽네요.,5,0
75,그냥 무난한 정도의 영화,7,1
76,느린감은 있지만 재미있게 보았습니다.,8,1
77,진짜 지루하고 재미없습니다. 보지마세요. 별점 빵점,0,0
78,재미가 안보여서 투명?,6,1
79,"소재와 연출은 괜찮게 봤는데 여주 캐릭터 대응이 병맛임, 쌓여가는 오해들도 고작? 이런거로? 허접하게 시작해서... 고구마 100개 처먹은듯 혼자 속앓이 하는거 하며 증거 있어도 해명을 그따위로 하면 누가 믿어주냐? 수준으로 답답함.. 예상되는 결말에도 조금의 융통성만 넣어줬었다면 좋았을껄..... ",3,0
80,반전 있다는 말에 기다렸는데 반전이 없다,2,0
81,"극중 세실리아 담당한 엘리자베스 모스는 지금까지 본것 만으로 저런 역할 두번째 맡은것 같음 겉은 남리남리한데 시련으로인해 강해지는 그런 분위기라서 그런건가 모르겠지만, 처음에는 고구마 100개 먹는기분이었다가 마지막에 사이다로 속 시원히 뚫어줬다 투명인간되면 남자들이 할 짓은 오직하나 군무새마냥 도돌이표 한가지 생각밖에 없어서 그런지 전혀 공포감은 안느껴짐 참 존재가 비루하다",7,1
82,초반 긴장감 좋았고 반전도 나름 좋았다,7,1
83,스릴넘치고 재밌었다,9,1
84,"미쳐버릴 듯한 절망의 끝에 내동댕이치어진 피해자의 고통, 가해자의 박멸만이 해결의 길.",7,1
85,취향존중의 역사는 오래되었다.,3,0
86,"시나리오가 좀 어이가 없네요,....영화제목을 그냥 투명인간으로 해야 할 듯",4,0
87,왜 아줌씨한테 집착하는건지. 당최 이해가 안되네,4,0
88,극장에서 보기엔 돈 아까울듯..,5,0
89,아직도 저런 쓰레기 영화를 만들고 있다는데 놀람. 연기도 어설프고.. 눈 배려서 씻으러 간다..,0,0
90,재밌다 재밌다 재밌다 그거면 됐다,9,1
91,"차라리 여주가 피해망상, 해리성 장애 환자였다는 결말로 끝맺었다면, 그나마 나았을 텐데...",1,0
92,"개연성과 영상효과가 B급,  줄거리는 뻔함.  연출은 평범하고 배우들의 연기 또한 좋은 편이 못됨. ",3,0
93,재벌 살인마가 너무 아름답다는 여주? 오히려 저주 마녀 역할이면 어울릴듯. 스토리 전개도 지루함.,2,0
94,재미 드럽게 없다 ,1,0
95,초반의 할로우맨 결말은 인드림스가 떠오른다~~ 케릭터는 빛이나지만 연결고리는 조금아쉬운 그래도 긴장감 은 멋지게 드러낸다..,8,1
96,"흥미도 없고, 개연성도 부족하고..괜히 바쓰",2,0
97,"단점- SF 인줄,...  장점- 발상의 전환이 좋다. 한줄 평- 예고만 보고 다 본줄 알았는데, 반전에 반전이 갖춰져 있었다~",8,1
98,개연성 부족에도 불구하고 참신성은 인정 ,6,1
99,"초반까지 지루하고 중반이후부터 몰입기 좋다,,볼만함,,,,,,할로우맨 생각난다,,",6,1
100,소문난 잔치에 먹을 거 없다 ㅋㅋ,2,0
101,스토리의 개연성이 상당히 약하다....예전 투명잉간보다 시각적 긴장감 유지는 잘 표현한다고 했으나 각 인물의 설명이 충분치 못한 느낌,3,0
102,-,1,0
103,영화 설정상 남주가 집착할 정도의 여주 캐릭터가 아닌것이 몰입감을 떨어뜨리는 패착 어떤점이 여자에게 집착이 됐는지가 아리송,4,0
104,...,7,1
105,못생긴 여주인공에 왜 집착하는지 이해가 안간다는 점을 빼면 나쁘지 않은 스릴러 영화. 초중반의 반복되는 서스펜스를 넘어가면 재미있는 이야기가 기다리고 있다. 캐릭터 설정을 거의 하지 않고 대사로만 때워서 인물간의 드라마는 잘 이해가 가지 않고 여주인공 연기도 설득력이 없지만 참신한 소재와 재미있는 구성으로 재미있는 타임킬링 영화가 됐다. ,5,0
106,여주에게 병적으로 집착하는 남주를보니 독도를 교과서에까지 자기네 땅이라며 끈질기게 빼앗으려는 일본놈들하고 똑같다는 생각이 든다.,5,0
107,"투명인간을 발명한 엄청난 과학자가 한 여자에 대한 집착으로 저지른 일이 넘 치졸하고 엄청난 재력을 가진 남자에게서 주인공은 왜 도망치려고 했는지 ㅋ  그런 디테일이 좀 부족해서 나름 반전도 있고 쪼이는 맛은 있었지만, 공포감도 덜하였고 주조연의 캐릭터도 좀 부족해보여 아쉽다.",6,1
108,"연기력이 좋다고 말하기 힘듬, 상황설정들이 공상 과학이라 하기엔 과학적, 상황적으로 엉성한 설정이 너무 많음.",6,1
109,마지막 반전 죽이네,9,1
110,하...,10,1
111,평화로운 일상 속에서도 늦출 수 없었던 공포감. 모든 걸 잊고 봤어요.  카메라가 다닥다닥한 슈트는 좀 그렇고. ,8,1
112,꿀잼,10,1
113,아   좋았어요 ^^   색다른  서스펜스,9,1
114,뭥미..투명슈트....라...소재의 의욕이 앞섰는지..마무리를 얼렁뚱땅..ㅠㅠ 약반전...ㄱㄱ,6,1
115,이런영화 만들지 맙시다,0,0
116,그지 같은 영화,0,0
117,짱 재밌어요.,10,1
118,진짜 거짓말안치고 개노잼...무서운거못보는데 이건 걍 봤다 다들 돈버리고싶으면 보시길.. ,2,0
119,"소재도 괜찮았고, 스릴적인 부분도 나쁘지 않았는데, 결말 맺음이 아쉽네... 좀 더 스릴러 적인 반전을 더 기대했었는데~~~ 다락방에서 페인트 쏫을때 공포적 스릴은 좋았는데, 병원에서 경찰관 살해부분 부터 좀 투명인간 공포가 산으로 가는 느낌이랄까...",7,1
120,끝에는 진짜 정신병자가 되었네... 그나저나 수트입으면 힘도 쎄지는건가?ㅋㅋ,5,0
121,투명인간과 몸싸움 연출 거참 신기하네 근대 무슨 성인여성을 손으로 목졸라 들어올리지 힘이 아주장사네 그리고 여주 넘현실적으로 생겼다 안이뻐 ㅡㅡ,6,1
122,감상평 적을 가치를 못느낌...,2,0
123,돈 날렸다 2시간이 아까운 영화임 무서운 장면 예고편이 다고 장르를 액션으로 바꿔야 할 듯,4,0
124,극장에서 안보길 정말 다행이다,5,0
125,어메이징 이걸루 끝,10,1
126,뻔한 내용을 여주인공의 훌륭한 연기력과 감독의 연출력으로 지루하지 않고 영화 끝까지 몰입감있게 잘 본 영화.,9,1
127,이 감독 심상치 않음. 전작 '업그레이드' 보고 깜짝 놀랐느데 이번작 역시 연출 훌륭하다 주연이 좀 바보짓 하는건 답답 함.  ,8,1
128,집이 넘 조타,7,1
129,wlrwjqqhtpdy wnrdlqslek,9,1
130,코로나 덕분에 장기 상영하는걸 다행으로 알아야... 수트 하나 걸쳤다고 갑자기 히어로가 되나? 스토리상으론 여주가 굉장히 매력적이어야 할 것 같은데..,5,0
131,허술하다 허술해. 업그레이드때 만큼만 연출해 줬으면 좋았을 것을 기레들이 얼마나 돈을 쳐먹고 기사를 써줬는지 짐작이 간다.,4,0
132,노잼  끝,4,0
133,왜 여자가 저래야했었는지 어느정도 얘기가 나와야 수긍하면서 맘졸이면서 더 볼수있었잖나 싶다.,5,0
134,"사실, 그 정도는 아니지만...최소 점5는 넣어준 느낌. 처음 영화를 보면서는 공포물이라 생각했는데 나중에 지나서 보면 약간 SF물 같기도 하다. 예전에 케빈 베이컨인가 하는 배우가 나왔던 할로우 맨과 비교를 안 할 수 없는데 구관이 명관이라고는 해야 할 듯. 이 영화를 보면서 막판을 통해 역시 남자보다 여자가 더 무섭다고 인정하게 될 듯. 이런 얘기하면 좀 그렇지만 남자가 여자를 스토킹 하는 것에 대해 좀 이해를 못 할 것 같았음. 외모적으로는 미인이라기 보다 다소 우락부락 해서리...쏴리~",7,1
135,초반 긴장감은 좋았으나... 후반으로 갈수록...산으로 가는 이야기...,5,0
136,"좀 불친절한 영화... 두 주인공이 만나게 된 계기,  변호사 남동생이 어쩌다 투명인간 수트를 입게 되었는지 설명이 좀 필요하다..ㅋ",7,1
137,극장 가서 보고싶었는데 코로나 때문에 못 가서 아쉽 긴장되고 재밌었다,10,1
138,이거 아니지....,3,0
139,저 여자를 대체 왜? ,6,1
140,sf 투명인간이 더 재밌음ㅋ 공포아님,4,0
141,다운받아서 보면 용서될 만한 수준?그저 웃지요..,3,0
142,"익숙한 소재, 색다른 전개",8,1
143,적당잼,7,1
144,인간적으로 여주인공이 너무 못생겨서 스토리 개연성이 떨어짐.. 저정도 얼굴이면 줘도 안함...,5,0
145,캐스팅을 이상하게 해서 망작이 됨...여주 너무 못생겨서 몰입이 안된다 대저택에 사는 남자가 미쳤다고 그런 못생긴 여자 스토킹을 해? 몸만 좋고 부실한 흑형도 그렇고 납득하기 어려운 부분이 많음 돈 아깝고 시간아까움,1,0
146,저 슈트..사고 싶다,7,1
147,그럭저럭 긴장감은 있지만.. 막판에 너무 말이 안됨.. 그 애를 당장 죽이러 간다는 것도 말도 안되고..  이미 투명인간인걸 본 경비원들도 다 살려둔 상태니 여주가 하루만 잠자코 있으면 증인들이 많이 확보될텐데.. 물론 시나리오 작가도 골 아프겠지만.. 마무리가 논리가 안맞는 부분이 넘 많네요..ㅡㅡ,7,1
148,이정도면 나름 잘만든 영화지 평점이 낮아서 높게줌..,10,1
149,이정도 점수 아닌데 아쉽네요!!상당히 볼만 합니다.여주가 안 예쁘서 집중이 덜되고 점수가 낮나 보네요 ㅎㅎ,8,1
150,"너무 기대했나.. 초반에 약간 흥미로우나, 그닥 공포스럽지 않고 꽤 지루하게 전개. 여주인공의 연기도 매우 지루함.  오래 전 '할로우 맨'이 훨 낫다. ",5,0
151,볼만하네.. 이정도면 꽤 스릴도 있고 반전도 있고.. 여주의 미모가 약간... 그런 재력가에 저정도 능력남이 왜? ㅋㅋ ,8,1
152,의외로 재미있었음   얼마나 긴장감 스릴감이 크던지  보는 내내 온몸이 힘이 들어가더라고  ,8,1
153,초반에 늘어지는 것만 조금 참으니 굉장하다. 이렇게만 만들어주면 다크유니버스 다시 시작해도 된다. 엘리자베스 모스가 계속 함께 한다는 조건 덧붙여서.,8,1
154,왜 별테 당하는지 모르겠음,10,1
155,쪼이는 맛은 있는데 뒷맛도 나름 예상되고 ... 좀 더 잔인해도 될뻔 했다는~ 모스의 열연은 볼만하다!!,7,1
156,그럭저럭 잘 봤다 끝까지는 보겠더라 투명인간이란게 원래 재밌는 소재잖아.....우릴대로  우려낸거라 이렇다 저렇다 연구과정은 필요없이 효과만을 누렸네.....엔딩이 어떻게 될까 조금 궁금했었다...전체적으로 그닥 팽팽한 면은 없었다...살짝 졸리더라.....킬링타임용으론 좋다....근데 배우들이 B급 배우는 그런대로 그렇다쳐도...여주가 너무 아니었다...미국에 예쁘고 연기력 좋은 배우를 쓰기엔 예산이 부족했나보다... 여자만 예뻐도 그 이쁜애가  당한다는 것에 더 몰입이 됐을텐데.....ㅉㅉㅉ,6,1
157,"어디서 본거같고, 결론도 짐작이 가고... 끌리는게 없다.",3,0
158,유치하고 천박스러워서 보다가 나와버림 쓰레기 감독 뇌속에는 뭐가있는지 작품성 없는 이딴 쓰레기 상영금지하고  신문기자나  용길네곱창 조조래빗 상영관 늘려라 별도 아까운  천박   돈주고 보기 너무 아까운 쓰레기 저질영화    머리에 가슴에 남는 메세지도 없는데도  평점과 상영관 많은게 이해가 안간다  오스카 후보도 안오른걸  상영하고 참 웃기네,0,0
159,너무 재미있너요,9,1
160,평점이 너무 낮아서 남깁니다. 이 영화가 왜 아직도 박스오피스에 머물러 있는지를 영화보면 답이 나옵니다. 평점테러에 속지마세요. ,10,1
161,겟아웃 정도를 기대했다면 실망할수도 ..  무섭긴 함.,7,1
162,지금 영화관에 아무도 없어서 혼자 보는 중인데 지릴고같음 너무 무서움 내가 왜 이 영화를 선택했는지 너무 후회스럽고 ㅠㅠ 진짜 오줌 쌀거같음 ㅠㅠ 혼자 막 소리지르고 욕하고 그러는 중 ㅠㅠ오마이갓 살려주세요,9,1
163,영알못 공익요원 고.수.영 추천 믿거,1,0
164,정말 오랜만에 돈 주고 볼만한 영화였다,10,1
165,나름 반전도 있고 스토리 재밌게 봤어요~!,10,1
166,런닝타임동안 계속 긴장이 이어지네요,8,1
167,2시간 동안 바짝 긴장하며 봄!!! 요즘 영화중 대박!!!~~~ 현대판 양들의 침묵이랄까~^^,10,1
168,최고에요ㅜㅜ 마지막에 결말 대박적,10,1
169,초반이 좀지루한데 겟아웃처럼 소리의웅장함으로 공포분위기를 계속 이끌어갑니다 몰입도는 상당하네요 특히 동생과언니가만낫을때 쇼킹햇음~그후부터 재밋엇어요,7,1
170,공상과학영화,1,0
171,"농밀해진 장르적 쾌감, 반비례하는 존재의 비체적 은유론",8,1
172,여성 연기자 혼자 끌어 가는 힘이 차고 넘친다,7,1
173,별 기대안하고 봤지만 재밌게 봤어요 ~,8,1
174,주인공 여성 매력적이고 연기도 훌륭. 남자주인공이 너무 어린 느낌. 영화는 너무나 재밌었다. 중간에 영화관에서 첨으로 비명지름. 남동생 역할 남자 도대체 어디서 봤는지 생각이 안난다. 뒷부분이 다소 아쉬웠다. 시드니 역할 친구도 너무 사랑스럽다. 영화에 대해서 전혀 모르고 봐서 정말 잼있었다. 전형적 미인형의 여성주인공이 아니어서 훨씬 좋고 그럼에도 너무 매력있고 연기가 매우 훌륭했다. 여주가 못생겨서 어떻단 소리 하는 애들을 보며 참으로 애잔하다...,9,1
175,예고편 안 보고 봐서 중간까지 공포영화 인 줄..   코로나땜에 극장에 사람 없어서 더 무서웠..  지루함 하나도 없이 주구장창 긴장.. 빠져들게 만들었어요.. 잼났었음,9,1
176,"네이버 평점은 조작당했던데,, 여기는 그나마 괜찮네요.. 정말 하나도 무섭지도 않고, 그렇다고 연출이 뛰어난 것도 아니고, 반전이 소름돋는 것도 아닙니다..",1,0
177,알바들이 많습니다. 무지무지 재밌다고  올리면 싹다 알바입니다. 다들 이미 예상하시겠지만요.,3,0
178,보는내내 조마조마 무서웠던 기억이 나네요..기대 별로 안하고 봤는데 기대 이상이었던 영화 요즘 볼영화 없었는데.... 스트레스 훅 날린..,8,1
179,투명인간 스릴러영화는 할로우맨  이고. 이건 할로우맨+나를 찾아줘  여주.... 진짜안예쁘고....  어떻게 캐스팅이된건지...... 연기력은뭐 좋긴한데  그러나 영화는 진부. 이 영화보려는사람들은  할로우맨을 먼저 보기를,1,0
180,솔직히 말해서 스토리는 좋았다. 다만 보는 내내 못생긴 여자 주인공과 커다란 덩치가 거슬렸다. 그런데 영화에서는 내내 예쁘시네요... 한다. 하...,6,1
181,투명인간 중 가장 망작인 듯 ,0,0
182,"와우, 공포감이 극대로~~~ 액션영화로 분류하고 싶네요ㅎㅎ 액션 ⟩ 호러  ",8,1
183,"주말에 여자친구랑 봤는데, 너무 뻔한 스토리와 너무 뻔한 전개였음. 그리고, 결론도 약간 억지스러운 설정에 가까움. 옆에 여자친구 아니였으면 시간 아까운 영화?",2,0
184,존잼쓰 후욱후욱 ,10,1
185,초반에는 좀 끄는 느낌땜시 재미 없다고 생각했는데 중반부랑 후반부 덕에 돈 안 아까움  그리고 여주 예쁘다 현식아  좋은 소재로 잘 만든듯,8,1
186,겟아웃. 어스 생각하고 본다면 경기도 오산,0,0
187,쟝르가 처음에 호러물이었다가..코믹으로 끝나는 영화!보기드문 졸작~~,6,1
188,좋은 기술은 좋게 사용합시다,7,1
189,현식이 밑에 웃기네. 여주 이쁜척한적 단한번도 없는데 생각하는게 ㅉㅉ,7,1
190,"첨부터 끝까지 숨통 조여옴  긴장감 장난아님 근래본영화중 최고  겟아웃 ,어스 , 인비저블맨  싹다 재밌게 봄 내스타일 영화들 ㅋㅋ  추천해요 코로나 때문인지 흥행 못해서  아쉬움  ",10,1
191,극장에 사람들이 거의 안가는듯하네요,6,1
192,보는 영화시간 내내 가슴졸이며 쫄깃쫄깃하게 봤는데 평점이 너무 낮네요... 1917보다는 훨 재미있습니다.,10,1
193,"생각보다 잼있는데 평점이 너무 낮네요. 여주 못생긴건 어차피 큰 상관없는게 흐름이 빠르고 또 자막 읽느라 얼굴 볼 틈이없음.ㅋㅋ 블룸하우스는 최첨단 과학기술을 공포물에 접목하는 쪽 전문인것 같네요. 겟아웃은 두뇌의 양자역학적 상태 복사를 통한 공포물, 어스는 복제인간을 통한 공포물, 인비저블맨은 광학미체 수트를 통한 공포물.",9,1
194,조금전 영화관에서 보고 빡침 ㅋㅋ 왜케 재미없고  주인공 여자는 진짜 못생겼는데 지가 이쁜지 알고 ㅋㅋㅋ 시간이 아깝다! 진짜들 보지말길! 나 알바 아님 ㅋ 인생 최악  영화,1,0
195,오랜만에 코로나 뚫고 영화보러갔는데 존잼보스 스포될까봐 제대로 말 못하는데 페인트 씬 진짜 대박 소름돋음 꼭보세요!!!!,10,1
196,"할로우맨 이라는 투명인간 영화가 더 재밌게 느끼게 만든 영화... 마지막 황당한 반전은 보는 내내 ""머냐????"" 라는 당황+황당+허무 를 느끼게 하는 영화.. 차라리 남자가 유명한 물리학자 인데...이공간을 통과하는 문을 잘못열어서 투명인간 악마가 나타나서 주인공들을 괴롭히는 내용이 더 재미있었을듯.. (이벤트호라이즌 같은) 왜 이영화가 1등인지를 잘모르겠다...",4,0
197,예상한대로 흘러감 반전의 반전이 없어 ,6,1
198,알바 진짜 넘 싫다 ...무섭지도 않고 지루하고 아 ....,0,0
199,영화 보고 결말 생각나서 결국 또 봤다! 한번 더 보니까 완전 새로움.. 친구랑 한번 더 N차 찍어야지!!,10,1
200,와;; 세실리아 다락방 올라간 장면 텐션 오진다 ㅁㅊ 페인트 부을 때 진짜 개소름돋음 ㅠㅜㅜ,10,1
201,1. 관람 후 나오면서 ‘작은 아씨들’ 볼걸 후회 2. 초반 15분동안만 아주 초긴장 함. 3. 인비저...정체가 관객들 눈에 밝혀지면서 시시함으로 전락. (예: 커텐을 밟고 있는 투명인간? SF영화ㅋ 4. 그냥 옛날 주말영화에서나 나올 악당 물리치는 영화임  5. 평점 5 수준....,5,0
202,잼쓰,10,1
203,빻은 남자들이 외모품평하며 악플까지 남기네,6,1
204,"정말 큰 기대하지 않고 봐야 함. 고전적인 투명인간이 악당과 히어로의 관계가 애매하거나 히어로에 가까웠지만 할로우맨부터는 투명인간이 악당에 가까워지면서. 투명해지는 능력이 악용되기 쉽다는 것을 보여줌. 인저블맨에서는 아예 처음부터 투명 능력을 악용하면서 전작들과 대비됨. 특히 과거 투명약을 이용해 투명인간이 되었다면 이 영화는 투명 수트를 이용하여 투명해지는 것이 특이함. 나름 투명인간에 대한 새로운 점들이 흥미롭고, 약간 예상되긴 했지만 스릴러 영화답게 반전에 반전이 있음.",6,1
205,"겟아웃제작진이라서바로콜! 역쉬 굿, 쫄깃한 스릴러. 깔끔하고 재미지고 여운남는 수작.",9,1
206,귀신이 나오는것도 아닌데 무섭게 잘 만들었다 깜짝 놀라는 장면도 있었으니 정말 잘 만든영화다 타이밍이 코로나 때문에 안좋지만 작품은 좋음,10,1
207,신랑과 함께. 봣는데.  반전도 잇고. 재밋게. 봣어요,10,1
208,"내 주위에 범죄성향의 투명인간이 돌아다닌다고, 설정하면, 쉽게 예상 가능한 극단적 상황의 설정들... 그냥 저예산 b급 스릴러? 도 아니고... Sf도 아닌...  잡탕 음료수 나름 싼맛?의 캐스팅과 연출은잘 되었네요...  여주의 다크써클이 스토리 보다 더 압도적 서스펜스를 주다니... 하드고어 스릴러 좋아하는 모범생이 만든 뻔하지만... 과하게 욕심내지 않아 그냥 대충 부담 없이 볼만한 장르영화입니다...",2,0
209,기대  안하고 보면 재밌응,7,1
210,와 이만한 오싹한 영화도 없을듯.. ㄷㄷ 영화관에 한기가 돌아요 데이트코스로 강력추천드림,10,1
211,그냥빠져듬 오랜만에 보는 쫄깃함 적극추천,10,1
212,영화 아주 재미있음,10,1
213,지루하고 따분해서 영화 시작 50분만에 그냥 나옴. 돈 진짜 아깝고 시간 아까운 영화임. 시종일관 재미도 없고 못생긴 여주 때문에 집중도 안돼고 사운드는 뭐가 그렇게 큰지 소음공해인 영화 임  올해 최악의 영화,1,0
214,절라 못생김. 너무 못생겼음.  ,4,0
215,"올만에 좋은영화 시나리오, 사운드, 연기, 재미 아주 좋았음 이런게 영화지 백두산 같은 3류 영화는 집에서 인비저블맨은 극장에서~",10,1
216,그놈의 여주 얼굴은 왜 따지는지 누가보면 멜로로맨스 영환줄 알겠어 공포 영화 같다가 참 .. 수많은 공포 영화에서 남주 얼굴 빻은건 안 불편한가봐? ,10,1
217,SF소재를  괜찮은 호러 스릴러 장르로  변주한 영리함,6,1
218,.,8,1
219,너무 기대하고봐서그런가 아주 공포스럽진 않음,7,1
220,겟아웃 제작진이라해서봤는데 실망....,1,0
221,녀주가 ufc 전 파이터면  더 재밌지 않을까 내 생각,4,0
222,꼭 문재인 코로나 19를 보는 듯... 완전 무섭다.,10,1
223,코로나에도 극장에 사람은 많던데..ㅋㅋㅋㅋㅋ잘만든영화...재밌게봄....여주 외모가 별로라서 오히려 공포심이 더 자극된것같음 그리고 꾸미면 굉장히 이쁠 얼굴임 ,9,1
224,‘왜’ ‘무엇’ 의 결여 공포라는 타이틀이 무색하다.,4,0
225,여주인공 미모설정인데 ..  못생겼음 ㅠㅠ  볼만합니다~~ㅎㅎ,7,1
226,예고편도 여러번 보고갔는데도 무서웠음 !! 심장 쫄깃 !!! 결말은 통쾌 ~~ !! ,10,1
227,와~~진짜 첨부터 끝까지 몰입감 최고!!! 엘리자베스 모스의 연기에 박수를~~ 소리가 주는 공포감이 어떤건지 느낄 수 있는 영화,9,1
228,심장쫄깃 ㅠ,7,1
229,여주 세실리아역 엘리자베스 모스의 극도의 공포연기와 표정변화가 인상적이다 ~,8,1
230,"시간 가는지 모르고 봤습니다. 겟아웃, 어스보다 더 재밌게 봤어요.",9,1
231,그럭저럭 킬링타임용,7,1
232,"큰 기대안하고 봄 여주인공 외모에 살짝 실망하며 보기 시작했는데,  대충 예상이 되는 상황에서도 공포가 느껴짐.  여주인공의 연기력은 인정 개연성은 조금 부족  결말부분에 대한 호불호가 조금은 갈릴 수 있겠으나,  다양하게 예상할 수 있는 열린 결말이라 생각함.  저예산 B급 영화치고는 나름 괜찮다고 생각함.",9,1
233,기대하고 봤는데도 재밌었습니다,9,1
234,초반부터 막판까지 숨막히게 몰아놓았는데 엔딩 설정이 다소 아쉬움,7,1
235,공포영화입니다 별 기대 안했는데 재미있게 봤네요,8,1
236,카리스마 전혀 없는 어설픈 천재 인비저블맨 30M도 전력질주 못할거 같은 40대 중반쯤 되어 보이는 여주인공 영화에서 남자가 뷰티플 거리던데 다크나이트 여주한테 조커가 뷰티플한거가 이제는 이해가 됨 다크나이트 여주가 100배는 이쁨  살면서 영화음악이 오버한다고 난생 처음느꼈던 영화  전혀 긴장되지 않은데 음악으로 어떡하든 긴장시켜보려고 하는거 같았음  아무튼 내가 감상평을 처음 쓰게 만든 대단한 영화  ,3,0
237,"여주가 너무 못난이에 그래픽도 엉성하기 짝이없는 B급 무비, 코로나의 위험을 무릅쓰고 볼 영화는 아님",5,0
238,문준용이 장학금 받고 다닌 그  유명한 명문대학이  언급된다. 그 학교를 폄하한 우물 안 개구리  한국의 극우수꼴들이 보면 좀 오글거릴까? 자신들의 무지가....그렇지 않을 것이다.그 종자들은.....그럴 정도의 지적 성찰력조차 전무하니.  전체적으로 만듬새 좋다.  스랄러의 최대 미덕인긴장감 유발력 훌륭. 후반부에 살짝 긴장감이 떨어지는 부분 있어 감점.,9,1
239,괜찮은 스릴러였어요 ㅎㅎ,10,1
240,어떤의미론 결말이 가장 무서웠다  그리고 난 점프스케어가 싫다.,8,1
241,심장이  쫄깃쫄깃,10,1
242,킬링터임용이라고 생각하고 봐도 재미없음,5,0
243,공포영화인줄 알고 안보려다가 볼 게 없어서 봤는데 긴장감 넘치는 판타지영화였네요!! 진심 스릴넘치고 잼있게 봤어요!!,10,1
244,못생기고  매력없는 여주인공 혼자서 긴장하고 발광하네.,5,0
245,마지막 반전이.. 평점을 깍아버렷다.,6,1
246,뭔 말들이 많아. 그냥 상상하지 말고 영화자체를 즐겨.   니들은 항상 대가리가 복잡해서 탈이야. ,10,1
247,남편 살아있는것아닌가? 흔한...?안봐서 평점을주기가..,5,0
248,예고편 보지 말고 보세요. 몇몇 장면이 흥미가 떨어집니다. 킬링타임용으로는 볼만한 영화입니다. ,8,1
249,마지막 반전 때문에 무리수를 둔 게 오히려 결말을 망쳤다.,6,1
250,"물론 꼬투리를 잡으려면 여러가지 있지만,  이런 혼란한 시국의 시름을 잠시라도 잊고 영화 자체를 즐기는 마음이라면 충분히 몰입할 수 있어요~ 보는 내내 놀라서 소리지르고 두근두근~ 데이트할때 강추입니다^---^v 밀폐된 공간인만큼 팝콘은 ㄴㄴ! 마스크하고 동행인이랑 손 꼭잡고 관람하세요~^^",9,1
251,내 판단 온전한 내 판단은 잼나 ,7,1
252,스릴러로서  재미있었음.  순식간에 ㅇㅇㅇㅇ해서 결론을 놓고 논쟁가능. ,9,1
253,"호러매니아로서 평가할떄 공포감 0 , 이유는 아래와 같다 1. 개연성이 전혀 없다. 남친동생이 굳이 형 여친한테 위해를 가할 이유가 없다.  2. 보통 공포감이란 자신의 목숨이 빼앗길 수 있다는 불안감이 전제가 되야 하는데 공포의 대상인 남친은 여주를 죽일 마음이 1도 없어 보인다.  3. 여주 너무 매력없다  주연을 하기엔 너무 못생겼다. 연기를 좀 하는거 같고 생긴게 호러라 굳이 제일 무서운걸 꼽자면 여주 비주얼이다.  4. 남친과 동생 둘다 힘이 세보이지 않는다.  아무리 투명인간 되었다한들 빌더 수준의 근육질 흑인이 무장하지 않은  평범남한테  그렇게 얻어 터질 이유는 없다  5. 공포의 대상인 남친이 별로 그리 사이코패스는 아닌거 같다 그냥 집착이 너무심한정도? 잔인성도 포악성도 크지않아 ",0,0
254,재밌어요 ㅎㅎ,8,1
255,별로 별로 별로 짜증나는 소음같은 음향효과만 때려넣는다고 무섭냐? 유치하고 코믹할 지경 스토리랑 전혀 매치가 안되는 여주만 봐도 짜증남,5,0
256,쫄깃함. 공포영화 아니고 심리 스릴러. ,8,1
257,"초중반 까지는 살짝 지겨움....  후반부로 갈수록 몰입력 증가... 언제나 틀에 박힌 몸 투명해지는 투명인간이  아닌게 신선했던 영화... 블룸하우스 특유의 반전이나 이런건 좀 많이 약함.... 기대를 크게 하면 실망할 수 있으나, 그럭저럭 나쁘지 않고, 평타 이상은  하는 듯....  제값 다주고 봐도 뭐 그럭저럭 나쁘지 않은.....  ",6,1
258,등장인물 6명  너무 지나치게 시끄러운 효과음 내용이 안되니 효과음으로 공포를 주겠다는 건지 넷플릭스에서 봤다면 아주 조금 볼만한 정도 초초저예산 영화,2,0
259,딱 넷플렉스 용으로 저예산 할로우 맨 버전....,6,1
260,평가 졸라 박한데 난 재밌게 봄 스릴러 영화중에서 나름 ㄱㅊ음,8,1
261,그렇게까지 공포스러운거는 아니고 재미는 괜찮았슴,7,1
262,슈트 갖고싶어,2,0
263,누구말을 믿어야해 ㅠㅠㅠㅠㅠㅠ,10,1
264,어떤놈  말을 믿어야   되냐,9,1
265,이건도무지   어쩌자는거야,0,0
266,공짜로 봐달리기에 봤는데 에라이 퉷!!!,0,0
267,올해 최악의 쓰레기영화 흑인 형사놈이랑 딸년이 제일 짜증나  거기다 스텔스미체라니 이게 뭔 메기솔이냐? 동생놈은 반전에 반전이랍시고 그따구로 우겨넣고?? 못생긴 주인공아줌마는 존나 패고싶게  생겨먹어서 시종일관 징징대기나하고 썅,0,0
268,하하.. 신선하다고 홍보를 해대서 정말 그런 줄 알았지. 근데.... 너어무 지루하다 너무... 긴장감도 전혀 없고...,2,0
269,본격 여주가 2시간동안 관객 후두리찹찹 하는 영화... 생각보다 더 무서워서 친구 손 잡게 되니 돈독한 우정이 필요하다면 추천,10,1
270,너무 보고 싶어서 조조로 가서 봤는데 진짜 미쳤음 ㅠㅠ 기대보다 더 존잼!!! ,10,1
271,감독이 능력이 있기는 한가보다 업그레이드도 진짜잼썼는데 이번에도 온몸이 다아플정도로 힘주고봤다ㅠㅠㅠㅠ 결말 기대해도좋음 참고하시길,10,1
272,기대작이라 조조로 봤는데 일단 여주 캐릭터성 겁나 맘에 들고 영화 전반적으로 쫄깃하다가 마지막에 미침 와 이건 또 보고싶다,10,1
273,이 영화전에 할로우맨이라고 투명인간 영화가 있었다!!! 과연 그 명성을 뛰어넘을지가 관건...코로나 때문에 문화의날 봐야할지 아무도 없을 심야나 조조에 봐야할지 고민...,6,1
274,진심으로 투명 인간에 관련 된 영화!!!!  상상하는 것보다 더 강렬한 공포로 다가온다고 생각합니다!!,10,1
275,개 무서울듯 ㄷㄷ,10,1
276,ㅠㅠ ㅠㅠㅠ개쫄림 ㅠㅠㅠ 미쳐따,10,1
277,그래서 도대체 결말이 뭘까 ㅠㅠ 전혀 예상이안됨ㅠㅠㅠ,10,1
278,ㅋㅋㅋㅋ 무서웤ㅋㅋㅋ 투명인간 된 집착남 소재도 신박하고 블룸하우스 영화 취향 저격.,10,1
279,와 여주 어스에서 봤던 사람이네 기대된다 ㄷㄷ,10,1
280,티비에서 예고편?나오는데 잼써보였음,10,1
281,예고편 미쳤네 졸라 기대중,10,1
282,업그레이드 감독이면 믿을만,9,1
283,일단 예고편은 별점 7점 소재 완전 좋네 ~ ,7,1
284,일단 소재에서 흥미 200%,10,1
285,와 여주인공이 미쳤다 진짜 ㅋㅋㅋㅋ 연기 개잘함,10,1
286,역시 믿고보는 감독과 제작진!!,10,1
287,여주인공이 넘 못생겼다,1,0
288,.,7,1
289,여주가 공포네....작품은 좋다.  하지만 여주 연기 못하고  정말 못생겼다.,1,0
290,몰입감 높고 쫀득하니 괜찮네.  여주가 정말 연기를 잘하네.,9,1
291,연기력도 꽝이고  루즈하고 화딱지나게하는영화,1,0
292,"투명인간 소재로 보여줄 수 있는 건 다 보여줬다고 생각되지만, 왠지 재미는 그저 그렇다.",4,0
293,긴장감이 부족하고 반전도 별로 였음~,7,1
294,괜찮네,7,1
295,나쁘지않네,6,1
296,저예산으로 이 정도면 잘 뽑았다. 스토리나 개연성 면에서 떨어지는 부분이 있기는 하지만.... 주인공에 대한 입체화를 시키면 더욱 재미었을 것 같은데 장르에 대해 불확실성이 드러난 것 같다.  전체적으로 완성도가 떨어진 작품 중 하나 그 이상 그 이하도 아닌 듯.,6,1
297,정말 구성이 좋고 긴장감 넘친다. 최고다!!,10,1
298,지루했고.. 저 여배우는 갑자기 먼지..,1,0
299,"캣아웃, 어스 제작진 작품이 맞나 싶을정도 실망 제작진이 허고 싶은 말이 뭘까 집착에 대한 공포?  개연성도 많이 떨어지고 마지막 주공의 얼굴을 보며 무슨 반전을 노린갈까 ",5,0
300,한국 반응 '여자가 잘못 들어와 집안을 망쳤다',10,1
301,여주가 집착을 가져올 외모가 아님이 반전이다. ,8,1
302,긴장감 있게 잘 봤음. 근데 평소 남편이 어땠는지를 보여 줬으면.... 여주가 늘 키 크고 늘씬 해야 되고 이뻐야 되는 건 아님. 이런 걸 평이라고..ㅎㅎ 남편이 좋아하는 스타일이라고 생각을 해야...,9,1
303,나름 탄탄한 연출과 스토리로 잘 만들었네요. 여주의 연기가 좋았던거 같아요~,8,1
304,여주가 너무 못생겨 몰입이 안됨. ,5,0
305,노땅들이  좋 아할만한  영화,9,1
306,하나도 안 무서움,1,0
307,밤에보다 무서워서 혼났다.,10,1
308,생각하던 점수는 80점 예상외로 평점이 낮아서 높게 줌 여주 연기잘한다. 여주가 공포가 아니다. 밑에 댓글 노노,10,1
309,공포영화,0,0
310,집착.,6,1
311,주인공 여자 보는 것 만으로도 답답하고 짜증 나는영화.,0,0
312,실화바탕인거 같아  몇 년전에 한 남자가 애인집 몰래 다락방에서 몇년동안 지냈다는거 뉴스로 봤는데 그거 모티브로 쓴거 같아  ,10,1
313,꿀잼,10,1
314,빌런이 여주 놀리는 건 이해가 가도 주인공의 저항다운 저항이 요행 뿐인 건 발암이네;,3,0
315,타임킬링용 영화! 재밌었어요. 사운드랑 주인공 연기가 멱살 잡고 잘 끌고갑니당. 저는 추천해요~~ 왘~~~~,8,1
316,글쎄 ~ 사운드가 한몫,6,1
317,지루하고 긴장감도 없고 연출이나 서사도 구림,3,0
318,이 영화의 공포성을 떠나서 이야기는 흥미진진했고 투명인간의 비주얼도 인상적이었다,8,1
319,와~ 정말 심장이 쫄깃해지는.영화 ~ 여자 주인공이 연기 잘하더라,9,1
320,무삭제 영상 봤는데 심장 개ㅐㅐㅐㅐㅐ쫄림,10,1
321,"실리콘밸리의 젊은 억만장자가...  큰바위 노안 + 통허리 몽땅녀에 집착한 나머지  자기 인생과 커리어를 말아먹는다고?  똥같은 소리하고 자빠졌네. ㅋㅋㅋ  상식적으로 말이 좀 되는 소리를 하자.   오히려 현실적인 내용을 얘기하자면,  피해망상에 찌든 리플리 증후군 정신병자를 조심해라.  아무리 가벼운 증상일지라도 낌새가 보이면 손절하고 상종하지 말아라.  전문가들도 버거워하는 것을 일반인인 당신이 동정심에,  혹은 친분 때문에 계속 엮이다가는 인생 한 순간에 훅 가는 수가 있다.  우리나라에 실제 사례도 있다.   영화는 흥행과 반전을 위해서 똥같은 시나리오를 지껄인 것일 뿐...  현실을 주의깊게 봐야 한다.  어차피 이 영화도 그런 부분에서 출발한 것은 맞지만 말이다. ",3,0
322,생각보다 괜찮아요. 여주연기가 예술입니다. 매드맨의 그녀.  추천합니다.,8,1
323,주인공 여자가 넘 맘에 안든다..... 바꿔라~~ 안야로~~~~~,1,0
324, 멍멍이쓰레기영화ㅠ 2020년도에 슈트를입으면 투명인간이된다는 극유치한소재로 영화를 만들었다는것도 기가찬데 여주공이 카메라로 실시간 영상만 쐈어도 금방 증명할수잏는걸 계속 뒷북치고 미친년으로 오해받는것도 속터져 죽는줄ㅠ 그리고 결말은 더황당ㅜ 결국 그 슈트입고 남편죽이고 흑인친구는 재산뿜빠이하려고 그걸 눈감아준다? 와~~~~~ 진짜 대.다.나.다. 2020년에 개봉된영화가맞는지ㅜ 그리고 더 대단한건 이영활보고 신선하다는중 재밌었다는둥 하는 사람들이네ㅠ 슈트입은 투명인간이 동생이라는것도 우리실랑이 이미 다맞춰서 그나마 그잘난 반전도 1도 못느낀 쒸레기영화ㅠㅜ 소름끼치게 개연성없고 유치의극치 거기다 여주인공은 넘안이쁘고 데체 몰보라는건지ㅜ,1,0
325,여주 넘 못생김 남주의 집착  노 이해 그정도 재력임 그러지 않아도  될거 같은디   콩깍지 인가??,4,0
326,"말도안되는 억지반전, 학원 취미반 연기력, 억지억지에 답답 ",0,0
