﻿,document,score,label
0,공과 사를 구분못하는 여주 때문에 이미 영화는 망한듯... 이런 직업의식 없는 여자가 무슨 배우를 한다고...,1,0
1,제발 연예인 기사 댓글 부활해라 사람들이 열은 받고 쓸곳은 없으니  평점테러하고 죄없는  영화 제작자들만 피해본다,1,0
2,김강우가 불쌍해서 10점.. 강우야 강우야.. 너 왜 이렇게 안풀리냐ㅠ,10,1
3,ㅠㅠ출연자 하나때문에 영화가 통으로 피해보겠네..,3,0
4,학교폭력이랑 다를게 뭐냐? 남친이하는 드라마에 동료배우 힘들게하고 작품에서 하차하고 서예지는  사과하고 은퇴해라 나오지마 짱나니까,1,0
5,감독 작가 스탭 다  제 발바닥 아래로 본다는 그 조종녀...   과연 감독 디렉팅이 먹혔을까? 연기 접고 남친들 조종이나 더 하지 왜 ㅋ 목소리도 더러워서 얘 나오면 바로 채널 돌리는데.. 전혀 기대 안된다,1,0
6,서예지가 김정현을 조정했다는.. 정말 실망스럽네요  연인이기전에 공인인것을.. 순수하게만  보이는 이미지는 가면인거 같네요,1,0
7,서예지 김정현 둘다 잘가라^^ 멀리 안나간다,1,0
8,김정현  조정 사실이라면  서예지  김정현 둘다  연예게  은퇴해라   니들  촬영장이 놀이터냐  어이없내,1,0
9,서예지때문에 흥행은 물건너 간듯,1,0
10,아니...김강우랑..제작진은 무슨죄임....,10,1
11,"직업으로서 배우를 선택한 사람이 스태프들과 모든 관계자를 무시하고 고의로 한작품을 말아먹게 했다면, 배우의 직업에서 잘려야 한다고 생각합니다. 제발 개념좀 탑재하고 인간을 존중하는 법을 먼저 배우세요.",1,0
12,뿌린대로 거둔다..3년전 남친을 조정해서..재밌었나?? 정말..사람은 현재를 이끄는건 과거이지.. 앞으로 행복하려면 착하고 남에게 해를 끼치지 말아야한다.. 진정 오늘 제대로 인생 배웠다..,1,0
13,김강우 염혜란 나와서 볼라했는데..왜 서예지가 나오는거임??패스~,1,0
14,그렇게 남친을 조종할거면 둘다 배우를 하지 말았어야지~ 소름끼친다~서예지~~ 다시는 보구싶지 않아~,1,0
15,차라리 거짓이었으면좋겠다 역대급민폐  더킹의대사중 대한민국역사상이정도쓰레기는없었습니다 라는말이 딱 맞다 진짜 사이코였네,1,0
16,순식간에 평점이 낮아 지고 있네 서예지 때문에 착하게 살자 쫌,1,0
17,서예지 스페인 유학파라는데 어느 대학나온건지 해명 좀.. 학창시절 중고등하고 졸업사진도 현재하고 너무 다르던데.. 연예인은 공인이고 공인이면 공인답게 행동해라 그 큰 돈은 그냥 벌어지는게 아니잖니??,1,0
18,주연여배우가 저모양인데 이 영화 절대 안봅니다.,1,0
19,사이코......... 김정현도 피해자 같긴 하지만  이런 여자에게 놀아나는 남자들 은근 많다.,1,0
20,사이코는 티비에 나오면 안된다.  약한사람 기빨아 먹으면서 살아온듯.  보이콧!!!!!,1,0
21,둘다 좋아햇는데 서예지 너의 인격 무엇ㅜ 너무 실망해서 경앇ㄷ럽다,2,0
22,김딱딱이랑 둘이 찍지 김강우는 뭔 죄,1,0
23,"⟨자긴 나 때문에 행복하쟎아. 나를 더 많이 행복하게 만들어.⟩  그것이 알고싶다,에서 제주도 초등학교 교사님 살해당하시기 전에 이딴 식의 가스라이팅 당했었던 거 검색하면 나옵니다. 그알팬이라 저 대목에서 소오오오오름 ㅡ.ㅡ (그 땐 가해자가 남성)  자세한 건 모르기에 그 남자 배우 옹호할 생각은 죽어도 없지만, 애정과 자해와 자살로.. 상대를 가스라이팅하는 이 여자. 시청자가 왜 봐야합니까!!!!!!!",1,0
24,인성이 글른 배우는 사라져야,1,0
25,소름끼치네 학폭보다 더 한거임. 인성이 완전 바닥 지하20층은 되는듯하다.. 사람 조종해보니 좋았나?  김정현도 조종당하고 있었다니.. 헐이다 완전.  사죄해도 모자랄판에 김정현 인터뷰 안받는다는 조건에 시사회나온다고? 안받아들여지니 불참. 허.. 와 정말 뻔뻔하네,1,0
26,서예지 때문에 못 보겠네,1,0
27,"예지님, 왜 그러셨어요.. 왜. 어쩐지.. 예지님 그 눈웃음이 예사롭지 않았는데.. 다 이유가 있었음... 김정현이야 피해자코스프레로 빠져나갈수라도 있지.. 가스라이팅은 뭘로 빠져나가려나.... ㅠ",1,0
28,"정신나간 두 아바타 연놈들,,,,,참나,,어이없어서 할말 잃었다,,,남자 새키도 웃기네,,,,,둘다 은퇴해서 꼴리는데로 살아라,,,,,,,",1,0
29,예쁜사람에서 비호감으로 변하는건 순간이네 이 영화도 끝났네,1,0
30,서예지 때문에 이게 모니?,1,0
31,영화가 많이 딱딱한 느낌이라 보기 싫네요,1,0
32,진짜실망이다,1,0
33,인과응보..,1,0
34,그 정도면 김정현도 서예지도 정신병원 가야하는 거 같네요 정상인은 아닌 듯,1,0
35,망하게 해줘요. 구역질나서 보기싫음. 아는형님때 웃는게 명랑하고 순수해보였는데...그런여자 좋다고 만나는 김정현도 한심하고 그남자좋다는 서지혜두머..끼리끼리겠죠?,1,0
36,"영화 봐주고 싶지만 많이 봐주면 서씨한테 이익이 가자나...ㅡ ㅡ 어쩔 수 없이 패스합니다. 제작진들 미안요~  이래서 학폭이나 논란 있던 사람들은 안심하면 안된다니까. 학폭 덮고 넘어갔더니 똥을 푸댓자루로 싸고 가네. 민폐가 한 둘이야? 시간팀, 이 영화, 광고주들 손해 어쩔거야 진짜.",1,0
37,영화  망했네요. 여배우 인성 덕분에.,1,0
38,민폐네요... 김강우님 보고싶었는데...,1,0
39,방송에 나오지 않았으면 좋겠습니다,1,0
40,민폐네. !,1,0
41,왜 그러셨어요...,1,0
42,"다른 배우들이랑 스탭들,제작사까지 이 무슨 날벼락..",1,0
43,서예지 학폭 의혹도 있던데,2,0
44,김강우 나오는 영화는  무슨 일이 터지든해서 망하네 ㅋㅋㅋㅋ 진짜 영화복 없는 김강우 ㅋㅋㅋㅋ,3,0
45,서예지 김정현 이 둘이 출연하는 모든 영화와 드라마는 다 보이콧.,1,0
46,남자 여럿 잡겟네요.. 소시오패스 같아요 인과응보,1,0
47,배우의 기본 소양도   갖추지 못한게 무슨  배우라고... 남의  피땀같은 작품은  다 깽판쳐놓고..지꺼라고 잘될리가.. 누구든 내주위 본다는 사람 다 뜯어 말릴꺼다,1,0
48,민폐 남녀의 추락을 기대한다.  개인의 애정사로 직업 윤리까지 선 넘으면 안되지. 특히나 노력에 비해 고수익을 얻는 주연배우라면 더더욱.,1,0
49,다른 사람한태만 딱딱 하니까 서예지가 뿔나지!! ㅋㅋ,2,0
50,그냥 보고싶지 않습니다,1,0
51,서예지는 영화제작자 및 타배우들에게 피해보상해라,1,0
52,개봉전부터 망했네..ㅋ 못된것만 시키는 쓰레기나 시킨다고 따라하는 바보나 도찐개찐.. 둘다 잘가라~~~~,1,0
53,쓰레기 같은 배우 기용하는 이런 영화는 보이콧하고 망해야된다고 생각합니다!!!,1,0
54,서예지는 맘에 안 들어도 김강우님은 좋은 이미지라 영화를 보러 갈까 했더니 그 생각마저  감독이 엎어 버리네요..아니 무슨 인터뷰를 그딴 식으로 합니까? 대중들을 상대하면서 무슨 생각이 그렇게 편협하고 주관적이신지..영화 잘되기는 글러먹었네요..  같이 작품한 서예지에 대하여 좋게 말하는거까지는 이해가 되는데 서예지와 김정현의 관계에서는 어디까지나 김정현이 피해자입니다(시간-드라마에서의 과오는 인정) 서예지가 개인들의 관계에서 뿐아니라 업계에서 소문이 파다할만큼 지대한 피해들을 준것으로 아는데  영화 홍보한답시고 자기가 선택한 서예지는 추켜세우고 김정현이는 비하하면 영화가 잘될거라 생각하신건지 인격이 보이더군요 현재 서예지의 이미지추락은 자신이  그동안 어떻게 살아왔는지 뿌린대로 거두고있는것입니다 사필귀정.,2,0
55,선 별점드립니다. 장난하세요?,1,0
56,서예지 남한테 피해주면 다 돌아옵니다,1,0
57,치료 한번  받아보세요,2,0
58,배우로써 인간으로써 기본이 안되어있네.,1,0
59,김강우 염혜란씨 팬이라서 보고싶었는데 아 ~,2,0
60,영화 망한듯     별 여자 다있네여  학폭의혹도 있다매,1,0
61,그래ㅡ보기에도 딱 그래보이더니 그런짓을 하고도 당당하지? 아파보지 않아서 겁나는것도 없는거지ㅡㅡ 김강우는 안됐지만 얜  그바닥을 떠나야한다,1,0
62,........... 진짜 가증스럽다.,1,0
63,싸이코지만 안괜찮아였음,1,0
64,우릴 우롱했다는게  화가나..니네 연애 놀음에....,2,0
65,최욱씨가 질문도 예의없게 했지만 감독님 대답 정말 어처구니가 없더만요. 1점도 아깝습니다.,1,0
66,감독의   무지한  인터뷰   정말 실망입니다,1,0
67,난솔직히주연배우 눈빛보고 처음부터 개인적으로 안좋아했다 학폭의혹 사실이면 반드시 사회에 밝혀져야한다,1,0
68,비정상,1,0
69,감독인터뷰도 봤는데 시켰다고 하는사람이 문제라고? 그럼 보이스피싱도 당한사람이 잘못이냐?,1,0
70,개봉도 못하고 망해버린 서딱딱씨의 마지막 유작...,1,0
71,내남자는 내말만을 듣는다 절대적이다 내일은 딱딱 김딱딱,1,0
72,감독도 서예지랑 똑같네.감쌀걸 감싸야지...한심하네,1,0
73,"영화 배급사인 CGV에서 CJ계열사 본사뿐 아니라 계열사 직원들에게 무료로 예매권 2장씩 나누어 주고.. 두차례에 걸쳐 서프라이즈 쿠폰까지 뿌렸다며~? 서프라이즈 쿠폰은 영화를 빨리 예매하게 되면 공짜로 볼수 있는 선착순 방식의 쿠폰이라 예매율이 높았던거지~!! 김강우 때문이라도 주말에 보려고 했는데, 감독이 불난 곳에 기름을 붓네~!!",1,0
74,김강우씨때매 참으려했는데 감독때매 별점갑니다,1,0
75,감독도 서예지와 비슷한 멘탈,1,0
76,이래서 관상이 중요한거딱딱,1,0
77,댓글도 아깝다,1,0
78,...,1,0
79,과거의 기억이 거지같은데 내일을 왜 기억해,1,0
80,감독이 서예지는 아름다운데 대본 고친 김정현이 문제란다...저런 생각을 가진 감독의 영화는 쓰레기...서예지는 지 하고픈데로 하고 지 좋아하는 남자들을 우롱한거지,1,0
81,고치는사람이문제? ㅋㅋㅋ 아오 감독 말 너무 쉽게 하네   이런영화 거르는게 답,2,0
82,시간 이라는 작품은 서예지가 출연하지 않았음에도 역대급으로 큰  피해를 입었다.. 남의 인생은 안중에도 없는   사람을 주연으로 쓴 작품이라면  정말 죄송하지만 패쓰,1,0
83,왜 1점인지 아시죠? 0점이 없어서.,1,0
84,서예지로 시작해 서예지로 망했네...,1,0
85,착한사람만이 복 받는 세상이 되기를...,1,0
86,조선구마사랑 같은길을 걷게될거임,1,0
87,감독이  말하는 꼬라지가  서예지랑 똑같네.  이따위 배우나  감독이 만든 영화는  절대 보면 안됨.,2,0
88,감독이란 자도 입이 경박하더군,1,0
89,감독은 가스라이팅에 무지하다면 말을 아껴야함. 가스라이팅 당한 사람 탓을 하다니. 김정현이 이 사태에 대처하는 방법도 잘못됐지만 가스라이팅 당한 부분에 있어선 피해자가 분명함. 가스라이팅에 대해 알아보고 인터뷰 하시길. 대본 고친 사람이 잘못이라니. 그 상황에 처해봤나? 이 영화와 연결해서 생각 안 하려했는데 감독의 무지한 인터뷰에 실망함. 그것이 알고 싶다 가스라이팅 사건 좀 보시길.,1,0
90,서예지 하나만으로 1점도 아까운 영화,1,0
91,정현아 ~ 멜로가  부담되겠지만 끝까지 최선을 다하고 니가 남주니끼 서현양에게도 메너있게  잘 챙겨주렴.. 나이어린 스탭들에게도 깍듯이 인사 잘 하렴. 그리고 틈틈히 내 생각도 해주고.. 드라마 대박나길  빌어. 사랑해~! ................... 이렇게 카톡을 보냈으면 두 배우의 미래는 어찌되었을까 ?,1,0
92,둘다 똑같은거지.  둘이 뭔짓을 하든 상관없지만 수많은 사람들의 노력과 열정을 우습게 아는건 얘기가 다르지.  이런 인간들은 둘다 퇴출 시켜야함.,1,0
93,다른 배우분들한테는 미안한데요 ~ 이영화는 안보고싶네요 여주인공이 ~~,1,0
94,서예지 여자 인데 아주 심한 탁한 목소리 몸에 굴곡이라고는 전혀 없는 나무토막 같은 몸매의 소유자,1,0
95,감독 인터뷰 좀 보라ㅎ,1,0
96,최고의민폐녀,1,0
97,"여주인공 인격이 ,,, 그 사악한 얼굴 보고싶지 않네요.",1,0
98,"ㅋ 못배웠으면 솔직해야지,,,, 고작 어학연수 갔다와서,,,,,,부끄럽다 이 것아",1,0
99,사이코여서  안 괜찮아,1,0
100,영화 제작사가 배우한테 피해보상 요구해도 될 정도.. 하필 개봉 전에 이런 이슈가 터지다니,1,0
101,스킨쉽노노 감딱딱씨  영화보다 서예지 저말만생각날듯,1,0
102,감독도 똑같은 뇨닐세 ㅋㅋ 배우 감독 끼리끼리 ㅋㅋ,1,0
103,여주인성이 바닥인데 옹호하는 감독은 뭐야 진짜 답없다,1,0
104,"여기 제작진 안타까웠다가.. '시간' 대본 고친 분들 심경하나 모르면서, 고치라한다고 고친 제작진 까는 감독보고 '..아' 했다.  당사자가 돼보지 않으면 함부로 말지껄이는 거 아니다 진짜.",1,0
105,광고에 속지말자 진짜 나 네이버에 와서 리뷰 처음남긴다 진짜로 정말로 이걸 돈내고 영화관에서 내내 마스크 쓰고 본 내가 한심하다 주인공은 전형적인 발암캐에 머 반전에 반전? 싹 다 맞췄음 진짜 소개글부터 너무 뻔한영화였는데 반전 또한 너무 뻔함 내가 예상 못한거 딱 하나였음 어거지 연출 억지감동 다 갖췄다 진짜 혹시나 싶어서 봤는데 진짜 리뷰 이딴걸로 사람 속이지마라 나중에 집에서 할거없을때 티비 영화채널에서 할때 보는거 추천 여기에도 남긴다 배우논란 그런게 문제가 아니고 진심으로다가 재미없음 김강우배우가 아까움 ㄹㅇ,1,0
106,이 영화 개봉하면 봐야지..하고 있었는데...정말 민폐도 민폐도 이런 민페가 있을까.. 서예지라는 배우를 좋아 하지는 않았지만..사생활까지 이런말들이 나오니 정말 더이상 보고싶지않네요.. 사실이라면 정말 너무 끔찍....영화 개봉앞두고 이게 진짜 무슨일..ㅜㅜ,4,0
107,...,1,0
108,문제많은 여배우로 죽써버리네요.안타까워요,1,0
109,인간답게사는 배우가 나오는 영화를 보고싶습니다.,1,0
110,무섭네요 .  덕분에 영화 한 편 그냥 버렸네요. 어째...,1,0
111,민폐 여주,1,0
112,연기만 잘한다고 다가 아니네요 실망...,1,0
113,감독도 똑같다 시킨다고 하는사람이 이상한거라고? 둘다 이상한데 서예지 감싸고싶냐 있던 1프로정도 다 떨어지네,1,0
114,서예지 카바하기 위해 고치라 한다고 고치는 사람이 더 문제라며 가해자를 옹호하고 피해자를 디스하는 감독의 발언만 들어도 이 영화는 볼 이유가 없다.,1,0
115,근데 조정은 왜당하지?ㅋㅋ 그것도웃긴당,1,0
116,아이구 감독님 힘내세요. 양아치 배우들에 피해보는건 제작진들,10,1
117,"서예지 때문에 누가 보겠냐,, 상대역 김강우 너무 불쌍하다.",2,0
118,출연자 감독 발언  때문에  벌써부터  이미지  안좋지고 있네.   안타깝네.요,2,0
119,고치게한다고 고친사람이 문제래 ㅋㅋㅋㅋㅋㅋㅋㅋ ㅅㅇㅈ가 근본원인인데요?,1,0
120,서예지가 나오는 영화는 절대 보면 안됩니다.왕재수,1,0
121,ㅋㅋ대단하십니다 아주~!!!,1,0
122,.,1,0
123,서예지 때문에 영화 망한듯ㅋㅋㅋ,1,0
124,강우야ㅜㅜ   여주잘못만나서ㅠ,1,0
125,서예지때문에 망.. 배우들 선택시 인성부터  확인해야하는시대,1,0
126,김딱딱 서딱딱! ㅋ,1,0
127,은퇴해라,1,0
128,홍보하는 방식이 좀 그러네요.,1,0
129,"서예지 배우로서 자질부족, 인성이  바닥인데 그사람 나오는 드라마, 영화, 광고 모두 손절할것임",1,0
130,여주가 너무 최악이라...영화에서까지 보고싶진않네요,1,0
131,진정성 없는 배우가 나오는데 누가 보것냐,1,0
132,인성나쁜 배우는 아무리 인물이 잘나거나 연기를 잘해도 애시당초 배역을 주는게 아닙니다.,1,0
133,서예지는 영원히 퇴출,1,0
134,서예지 당신은 발연기고 뭐고 인간이 먼저 되세요.,1,0
135,조정녀한테   손해배상 청구하세요.. 보기도 전에 폭망,1,0
136,비호감,1,0
137,못된서씨와   못난김씨 터진 타이밍도 참...  영화관계자들만 똥밟음....,1,0
138,하 개실망,1,0
139,후..,1,0
140,오늘 보고왔는데. 영화가 너무나 지루하고 정말 재미없었음~ 윽~ 완전 낚였어,1,0
141,개 망했다 끄지라,1,0
142,이너플로라~ 울엄마 그만 먹으라 해야게따,1,0
143,김강우때문에 보고 싶다. 물론 서예지는 아웃~,10,1
144,서예지가 출연했다는 사실만으로도  망했네요. 앞으로 영화 드라마 모든 출연물은 안보고싶네요. 인성꽝인 ㄱㆍㅣ ㅅ 들은  모두 퇴출 되야 할 거 같아요,2,0
145,프로가 아님,1,0
146,서예지 ..,1,0
147,자업자득 출연진 스텝들만 피해보겠네ㅜ,1,0
148,안봐여,1,0
149,"김강우씨.. 서예지한테 손해배상 청구하세요. 김강우는 무슨 죄냐고.. 서예지 김정현 문제는 둘다 연기자도 아닌 그냥 찌질한것들 둘이 꼴깞떤거였는데, 함께 일한 상대비우들은 무슨죄냐고.. ㅉㅉ",1,0
150,김강우씨 정말 좋은 배우인데 안타까워요!,10,1
151,별한개도 아깝다. 퇴출하라.,1,0
152,서예지 자체가 호러라 상당히 무시무시할지도..,6,1
153,0점,1,0
154,다른 건 모르겠고 학폭은 절대 용서받으면 안 된다고 생각. 학폭 가해자가 대중 앞에서 눈 웃음이나 치고 이런 영화에서 주연씩이나 한다는 건 말이 안 되는 일.,1,0
155,인성쓰레기 ㅃㅃ,1,0
156,오래전 신인일때 티비 예능에서 봤는데 너무 쎄하던 기억이...  잘 알려지지 않은 신인이 mc에 발탁됐는데 무슨빽으로 나왔나 의구심이 들던 여자였다. 그뒤에도 왜 뜨는지 이해가 안감,1,0
157,프로의식 부족,2,0
158,망작,1,0
159,김강우랑 제작진은 무슨죄ㅠ 영화는 죄없다ㅠㅠㅠㅠㅠㅠ,10,1
160,"감독님 인터뷰 자~~~알 봤습니다. 괜히 여주때문에 이영화 감독이랑 스탭들, 배우들만 욕먹고 불쌍하다 했는데, 스탭들과 다른배우들만 불쌍하네요. 고생해서 만든영화 어떤마음인진 알겠지만 차라리 답을 하질말던가 옹호할걸 하셔야지",1,0
161,저 얼굴을 보는사람들 팬이였겠지 돈내고 보고싶냐    테러한다고 뭐라고 하면서 지들은 10점만주는건 안이상해 ?   감독도 이상하더만 다같이 망해라,1,0
162,이건 스토리 자체가 최악이다 반전만 신경쓴 상황,1,0
163,별하나도 아깝다,1,0
164,김강우 정말 좋아하는 배우인데.. 진짜 안 풀리네.. 이번에는 작품 연기 전부 좋았는데.. 또라이 한명때문에...,10,1
165,ㅅㅇㅈ out,1,0
166,가스라이팅의 주인공이 여주라서 제작자 망했네 영화자체도 몰입감이 부족하고. 억지스런게 없지않아있음 특별할것도 대단할것도 없고 시간때우기도 모자란 노잼 영화인데 여주 망할짓에 더 망한영화,1,0
167,이여자 목소리가 넘 이상해 ㅠ.ㅠ,1,0
168,김강우씨 없었으면 어쩔뻔...,1,0
169,결코 영화가 나빠서가 아니라 서예지가 싫어서  1점... 다시는 스크린에서보는일이 없었으면 좋겠음.,1,0
170,Cgv에서 공짜티켓 뿌리던디ㅋ,1,0
171,하 스트레스받는다,1,0
172,서예지땜시  망작이다  김강우는  정말 안풀리네,1,0
173,최악,1,0
174,수준이하,1,0
175,퇴출,1,0
176,"여기 사람 조종가능하신분 나온다는데, 정말인가요?",1,0
177,아까서복 보는데 광고나오던데 기대1도 안되던데 남주 김강우 불쌍해 서예지는 양파같은 인생 까도까도 계속 먼가 터지던데.. 자기 인성부터 확인사살 하길 바래요,1,0
178,연애댓글이 없어~ 영화평을 써야하는 곳에~ 미안합니다. 서예지는 지가 좀 떳다고  탑인줄 착각~경력도 없는애가~~ 참 인성이 바닥 김정현은 공과사 구분도 못하는 모지리~,1,0
179,최악의 여배우. 스탭들 불쌍해,10,1
180,괴물,1,0
181,"예지, 정현 둘다 별로. 예지 나오는 영화나 드라마는 다 재미없음.",2,0
182,무료쿠폰 뿌려서 예매율 높다고 홍보하고 흥행할꺼라고 생각하면 오산,1,0
183,감독이나 배우에게 미안하지만 나르시스트 기질에 소시오패스 기질까지 갖춘 배우가 주인공인 영화를 어떻게 좋게 평가할 수 있을까.,1,0
184,영화 홍보한다고 메이킹 영상찍으면 그것또한 연기일텐데 당연히 웃고 착하게 굴었겠지,1,0
185,배우 고르는 안목이 ㄷㄷ  유부남한테 총각같았다는 뇌절한 인터뷰 보고 경악 했습니다,1,0
186,본인 과거의 기억도 미화시키는데 내일의기억따위,1,0
187,.,1,0
188,영화는 안볼거지만 손해배상청구소송은 꼭 볼게요.,1,0
189,김강우 진짜 운이 안따라준다,1,0
190,ㅅ ㅇ ㅈ 믿고 거르는,1,0
191,김강우 배우 참 연기잘하고 필모그래피도 착실한데 안타깝습니다,1,0
192,"감독 다른배우 스탭 분들 미안합니다만, 서예지 나오는 작품은 안보겠 습니다. 물론 김정현도 안보겠습니다",1,0
193,가스라이팅을 한 사람들 한 둘이 아닌가본데 진자 사이코패스인가요? 서예지씨??,1,0
194,서예지가 나온 것 만으로도 영화에 대한 거부감이 커진다,1,0
195,한명의 배우 때문에 몰입이 되겠어요?!,1,0
196,0점은 없나요?,1,0
197,여배우 덕분에 폭망한 영화로 기억,1,0
198,같이 일했던 스태프가 오죽했으면 폭로를 다 할까...이 영화 만드신분들 고생 많으셨습니다,1,0
199,영화볼때 여배우 땜시 집중이 안될거 같아요,1,0
200,여자주인공 ㅅㅇㅈ의 행보에 영화도 비호감,1,0
201,흠...걱정이네요,1,0
202,아쉽네요,1,0
203,ㅁㅊㄴㅇㄴㅇㄴㅇㅎ,1,0
204,.,1,0
205,여주사건을 차치하고 나서라도 오늘 보고왔는대 생각보다 영 별로네요 그냥 마지막 반전을 위해 억지로 이야기를 끌고간다는 느낌이 듭니다 순간 순간 기억에 대한 설정이 너무 오바스러움,4,0
206,안볼꺼지만 재미없다~!!,1,0
207,무법변호사에서 쓸데없이 실실 쪼개면서 웃는모습 나오던데 그 웃음의 느낌이 뭔가 싸했는데 이제야 알겠네,1,0
208,응안봐,1,0
209,남의 계좌에서 몰래 돈까지 꺼내 썼다며?,1,0
210,요즘 사람들 서예지하면 치를떨지않냐? 근데 그거치곤 평점이 생각보다 높다? 다른배우들땜에 그나마 이정도는나온거같은데... 학폭가해자에 남친조종해서 다른배우 쪽준년이 드라마나와서 다른남배우들한테 실실 처웃으면서 연기하는거 참 꼴깝겠다.....,1,0
211,거짓말쟁이,1,0
212,김강우 배우님이 연기를 참 잘하시네요 연기천재!,10,1
213,다른배우들은 무슨죄 ..ㅜ,1,0
214,미스터리 스릴러인줄 알았습니다만 전형적인 신파물로 만들기위해 후반부 개연성을 일부러 날려먹는 어이없는 스토리 실소를 금할수없었습니다. 이야기가 지루하고 뻔해요.,3,0
215,서예지 탓에 보고싶은 마음 전혀 없습니다!,1,0
216,응 안 봐 기분 나빠서,1,0
217,서예지 때문에 안 볼란다,1,0
218,감독님 오앤 엔터에 손해배상 청구 하세요. 개봉전 터트린건 영화 망하라고 한거 아닌가요? 배우들이야 그런 나물들이 많을테고  그 사회 구조를 알만한 오앤 엔터 쪽이 잘못이 더 큰듯 하네요.,4,0
219,한개도 아깝다.... 인생 바로 사시길..,1,0
220,ㅠㅠ배우 한 명 섭외 잘못했다고 평점이ㅠㅠ,1,0
221,참으로 운이 더럽게 나쁜 영화로다. 어쩌다가 개봉을 코 앞에 두고....,2,0
222,"내용도 그렇고 일단 재미가 ㅡ.,ㅡ",1,0
223,얼굴이 가면으로 보임...,1,0
224,김강우는 배우할 팔자가 아닌가보다 어째 찍는 영화마다 이렇게 되냐,1,0
225,구려 안봐,1,0
226,망.....,1,0
227,사이코지만 괜찮아에서 좋아했는데.. 인성이 그런 사람인줄 몰랐네요,1,0
228,상영하기도 전에  이럴정도인데   한국영화 역대최악에 성적이  나오겠군   감독및  모든 배우 스탭들이  불쌍하군,1,0
229,내일의 기억보다 과거의 기억을 먼저  찾아보심이....,1,0
230,싸이코는 안괜찮아,1,0
231,영화는 안보겠습니다 서예지 묻었다면서요,1,0
232,지들 갠적인 연애질 놀이에 피해본 영화면 다 어쩔거냐 진짜 방송에서 다시는 안보고 싶다,1,0
233,성괴예지 아웃 그리고 김강우 나오는 작품은 100%ㄴㅈ 다망함  작품 고르는 눈이 ㄱㅈ 돈만주면 찍는듯,1,0
234,서예지 이미지때문에 집중이 안됨~~계속 가스라이팅 생각남 뻔뻔한 여주,1,0
235,"이런 상황에서 굳이 영화를 개봉해야 하나요? 공중파였으면 방영중단 하거나, 프로그램 폐지.",1,0
236,파렴치는...,1,0
237,배우문제는  차치하더라도 스토리가 그냥 백야행이구나... 항상 스토리가 익숙한 한국영화들...,5,0
238,김강우 배우님 오랜만에 스릴러 영화라 너무 기대했는데 참 다른 배우 때문에 이렇게 되서 참 아쉽네요 ㅠ...,10,1
239,캐스팅부터 잘못된거임 돌아가더라도 떳떳한 사람들이 바른 사람들이 잘살수있어야한다 김강우씨 연기가 아깝다 상대배우때문에 피보네 안타깝네,1,0
240,김강우 최고,10,1
241,감독제작진 안됐지만  배우보는 눈 없어서 어쩔 수 없네요.,1,0
242,이영화 감독과 스텝분들 모두 안쓰럽고 불쌍하네요  그러니 배우섭외를 잘하시지 ㅉㅉ,1,0
243,여긴 평점이 전멸이네...여자 배우 때문인가?,10,1
244,서예지  김정현 퇴출!,1,0
245,다른 사람의 미래를 본다는게 주 내용인데 정작 제작진이나 감독은 영화의 미래를 왜 알지 못했을까? 그래도 여주의 인성정도는 보지 않았을까 싶기도 하고...,1,0
246,오늘 보고왔는데 이뭐..뭐죠 짭근친영화.... 근데 김강우분이 정말 안돼서 절반점수드립니다ㅠㅠ 극중 역할도 진짜 불쌍하고 현실에서도 불쌍함 근데 그게 다 누구때문이냐ㅁ,5,0
247,스크린에서도 브라운관에서도 그 어디에서도 안봤음 좋겠어요. 김딱딱씨 전여친분,1,0
248,ㅜㅠ 아니 김강우는 뭔 죄야  얘는 뭐 잘 되려고 할때마다 작품이든 상대배우든 꼭 뭔가로인해 항상 못 떠 ㅋㅋㅋ ㅠㅠ 더 뜰 수 있는 배우인데 진짜 항상 이런식으로  꼬이는 것 같음 안타까워서 댓담,5,0
249,에혀..,1,0
250,언젠가 얘는 사회면에서 볼듯하다 민폐끼치지 말고 꺼져라이제부터라도 잘 살ㅇㆍ?,2,0
251,예매율 영화관 단3일만 열던데1윈 무승,1,0
252,제작사 및 스텝들 불쌍해서 어쩌냐.  에휴,1,0
253,안봐도  서예지,1,0
254,ㅉㅉㅉ 서예지 출연.,1,0
255,1점도 아까움...,1,0
256,김강우 진짜 좋아하는 배우인데 ㅠㅠ,1,0
257,나는 김딱딱이다.,1,0
258,낸시랭이 사이코라고 하던데. 무섭워.,1,0
259,진짜 가지가지 했더라,1,0
260,뻔하다 내로남불,1,0
261,슬프네요.........잘가요,1,0
262,ㅠ,2,0
263,아직 개봉도 안한 영화인데 서예지가 뭐라고 보지도 않은 영화 별점테러를 하시나요 영화 한 편을 만들기 위해서 노력한 김강우배우나 감독과 작가들을 위해서라도 영화를 본 후에 영화에 대해서 평가하는 수준높은 시민이 됩시다.  서예지가 싫으면 영화를 안보면 된다고 생각합니다. 안그래도 코로나로 힘든 영화시장에서 한 편의 영화가 빛도 못보고 별점테러받는 것이 너무 안타깝습니다.   욕을 하려면 영화가 아닌 서예진 개인에게 하세요.,10,1
264,영화도 안 본 인간들아 별점 테러하지 마라. 니들이 하는 짓이 니들이 욕하는 서예지 행동과 다를 바 없다.,8,1
265,간만에 스릴러에서 수작이 놔왔네요 서예지씨 사건으로 평점 테러 받은거 보고 웃었네요 ^^ 뭐가 어찌되었건 참 잘만든 영화입니다 미스테리 스릴러 장르의 우리 영화 수준이 이정도 일줄이야,10,1
266,안본것들은 평점하지마라,10,1
267,그냥그래~~~~~~,1,0
268,실망.,1,0
269,시나리오 잘썼다,10,1
270,짜임새있는 스토리 전개가 관객들에 반응을 끌고 가네요. 처음에 미스테리한 내용으로 혼란스러웠지만 찬찬히 풀어나는 전개가 흥미진진 끝까지 재미있었습니다.,10,1
271,오랜만에 재미난 영화 보았네요~~^^,9,1
272,몰입이 안 될 듯,1,0
273,참 뻔뻔하네 ㅉㅉㅉㅉ,1,0
274,....1점도 안주고싶은데,1,0
275,"영화는 안볼거라, 평은 못하고 감독 이거 이거.. 가만히나 있지..",1,0
276,똘끼,2,0
277,ㅡㅡ,1,0
278,그냥 그래요. 뭔가 엄청 따라한 듯 한 내용.,4,0
279,이 영화를 천원에 봤다던데 흥행은 왜이래?,1,0
280,통신사 공짜표로 볼게없어 할수없이 봤네요 김강우가 불쌍해요 조아하는 배우인데,6,1
281,영화감상한사람은 없고 개인적인 감정 욕설만 나무하네...,1,0
282,"영화 감독이랑 제작자, 투자자들이 불쌍하네. 섭외 했을 당시에는 몰랐을텐데. 문제가 된 당사자는 영화 잘못 돼서 피해 입은 사람들에게 꼭 피해 배상 했으면 좋겠다. 한 사람 때문에 너무 많은 죄 없는 다른 사람들까지 같이 피해를 봐버리니.",1,0
283,어휴,1,0
284,별로,1,0
285,영화몰입도 떨어질듯..,1,0
286,0이 있었으면 0점인데,1,0
287,"음.,",1,0
288,극장에선 안본다.... 넷플릭스에서나 봐야겠군  안해 주면 말고,1,0
289,0점은 없나요?,1,0
290,영화  어카냐,5,0
291,빠빠이 빠이야,1,0
292,김강우 배우랑 감독은 무슨 죄냐. 니 잘못 인정하고 손해배상이나 제대로 해라,1,0
293,안타깝네요,1,0
294,ㅇㅇㅇㅇㅇㅇㅇㅇㅇㅇ,1,0
295,"여배우는 공과 사를 구분하지 못했지만, 관객으로서는 공과사를 구분하고 싶어지네요.  솔직히 재밌습니다. 보기 전에 놀라고, 보고나서 놀라네요.  긴장과 반전은 기본 이상 합니다.",10,1
296,솔직히 서예지가 좋진않지만 연기는 잘하네요... 영화 재밌게 잘봤고 마지막 너무 슬퍼서 남자친구와 울었습니다,10,1
297,김강우 화이팅,10,1
298,"서예지 나왔다고 평점 테러들 하냐? 영화는 영화로 봐줘야지. 정말 유치찬란들 하다.,",10,1
299,서예지욕하면서 1점주는건 올바른 평가가 아니라고 생각합니다 영화를 만든건 서예지가 아니죠,10,1
300,영화 망한거 같은데 평점이라도 잘 줄게요 무슨 의미가 있겠냐만.. 똥 밟았다 생각해야죠 뭐,10,1
301,서예지때문에 망작,1,0
302,작품에 빅엿을 투척한 여주.,1,0
303,"유튜브로 예고편 봤는데 너무 재밌을 것 같아서 내일 보러가려구여ㅎㅎㅎ여주 논란은 있지만, 다들 연기도 대박이구 제가 좋아하는 장르에다가 내용전개가 너무 기대되어서요ㅎㅎㅎ",10,1
304,예매 순위 2위라는 사실이 놀랍다...,1,0
305,"감독이나 다른 배우들한테는 미안한 일이지만, 흥행 성공하면 면죄부를 주는 꼴이라서..",1,0
306,김강우님  힘내세요ㅠ    인복이 없나봅니다 저도 영화보고 싶어도 그분때문에 몰입이 안될것 같아요  우째요ㅠㅠ,10,1
307,ㅋㅋㅋㅋㅋㅋㅋㅋㅋㅋ,1,0
308,공짜표로 흥행은 대단하다네,1,0
309,할말이없다..,1,0
310,서예지 사태 논란이후 별점 0점인데...0점은 아니라 1점;;;;;,1,0
311,ㅋ,1,0
312,여배우 쌍판 보기싫음,1,0
313,"영화 본 소감 정도... 짜맞추기 시나리오에 보는내내 다소 답답하여 추천하기에는 아쉬움 있슴. 여배우에 대한 악플이 많기는 한데 이유는 모르겠지만, 팔자가 기구한 역할로 좀 더 캐릭이 있는 배우가 했다면 더 나았을 것이라는 연기력 수준이라고 사료됨.",5,0
314,강우야 미안해 새해전야부터 잘풀릴거라 생각했는데.........,1,0
315,ㅅㅇㅈ,1,0
316,안타깝네요...,1,0
317,슬프네,1,0
318,ㄷㄷㄷ.....,1,0
319,굿,1,0
320,。,1,0
321,"반전 스릴러 매력 제대로인 영화인데 평점 너무하네ㅠ 안타까워서 10점.  스포당할까봐  개봉첫날 봤는데 기대 이상으로 좋았다. 결말 다 알고나서 보면 다시 보이는 장면들 있을 것 같아 한번  더 보고싶어졌다. 무엇보다 김강우의 재발견이었고,  연기 연출 스토리 다 최고였다. 장르적 재미와 감정적인 동요가 함께 몰아치는 월메이드 스릴러. 추천합니다",10,1
322,죄는 미워하되 인간은 그러지 말라. 근래 본 한국영화중 봐줄만한 영화네요. 사태가 없었다면 중대박은 났을 한 순애보 남자의 비극영화!,8,1
323,이 시국에  모두에게 죄송하지만 주변에서  영화만으로 봐서는 재미있다네요. 전  영화광이다보니  한번은 영화로 봐 보려구요,10,1
324,재밌어요 계속 반전 반전 반전인듯,10,1
325,솔직히 영화는 참 재밌습니다. 많은 출연진과 스태프 분들 고생 많으셨습니다.,10,1
326,돼지들이 별점 테러하는구나,10,1
327,학폭에 인성쓰레기가 나오는 영화를 나보고 보라고?  그것도 돈주고? 괸객을 우습게 보는건지 아님 대한민국 국민을 우습게 보는거지..,1,0
328,영화 아깝네 서예지 때문에  ㅜㅜ  서예지는 어짜피 망한거니  영화는 함보세요들 굿임돠,10,1
329,"여주 때문에 영화도 안 보시고 별점 테러는 그만~ 자제... 고생한 감독님, 스텦들도 있습니다. 잘 만든 영화입니다.^^",10,1
330,서예지때문에 안볼려고했는데 생각보다  볼만하네여...,8,1
331,보고들 평가합시다,10,1
332,이걸돈주고 보는사람이있어요?,1,0
333,우엑,1,0
334,"배우 서예지의 기행으로 인해, 영화 속의 서예지의 캐릭터가 도저히 몰입이 안될 정도였습니다... 캐스팅이 참 안타까운 예가 바로 이러한 경우가 아닐 까 생각됩니다... 개인적으로 영화에 대해 더 말하고 싶지만 너무나 안타깝습니다. 영화 자체만으로 보면 다소 복잡한 스토리이긴 하지만, 평점은 충분히 5점 정도까지는 받을 수 있다고 생각합니다... 믿고 보는 조연 배우분들의 연기력이 빛났기에 그래도 5점은 주고 가겠습니다.",5,0
335,흥미로운 스토리에 배우들의 괜찮은 연기,8,1
336,망,1,0
337,이영화 비추다  먼저 나름 원칙에 따라서 영화 외적인 부분 주연여배우 논란 등은 특별히 언급 않겠다  우리는 간혹 어리둥절 모르는 장소에 가거나 어떠한 사건 이벤트 행위가 발생했을때 마치 이미 경험한 것과 같은 생각을 할때가 있다  다소 억지스럽고 개연성 부분도 저러면 안되는데 하면서 봤지만  그래도 이정도면 스토리를 흥미롭게 데자뷔 현상과 반전에 반전 의외로 잘 만들었다고는 본다  단지 왜? 범인이 누굴까? 진범이 따로 있을까? 왜 저래야만 했을까? 보다도 후반부 막판 기세가 더 좋았다  대작인 서복을 보면서 크게 아쉬워하며 공유와 박보검 정도면 충분히 내러티브를 힘차게 멱살 잡고 끌고가줘야 하는데 실망이 컸지만  기대 하지 않았던 김강우와 서예지는 이정도면 이야기에 몰입감을 줬다,3,0
338,김국밥이 서예지 밟았네 ㅋㅋㅋㅋ,1,0
339,시간낭비,1,0
340,더 이상 1위 드립이 없네.,1,0
341,영화  시나리오 연기  대박대박 어느곳  하나 흠잡을수가 없어요 ~ 넘넘 안타까운 평점 때문에  보석같은 영화가 묻힐까  염려됩니다~  웬만하면 제가 평점 잘 안남기는데요  ☆☆☆☆☆☆☆☆☆☆☆☆☆☆☆☆☆☆ 간만에 몰입감 최고였어요 김강우님 감독님 스태프님들 모두모두 고생많으셨어요  화이팅입니다  영화 완전 멋져요 최고예요 진심은 통할겁니다 ~ ☆☆☆☆☆☆☆☆☆☆☆☆☆☆☆☆☆☆  코로나때문에 모두 힘들텐데요 모든분들 건강했으면 좋겠어요 응원합니다  감사합니다  ~,10,1
342,영화는 참 재밌는데 아까움,10,1
343,"김강우씨,  감독님 힘내세요!",10,1
344,스릴러적 연출은 좋았으나 주인공들의  사랑 이야기는 공감되지 않았음. 전체적으로 제작비를 많이 쓰지 못한 티가 많이 나고 카메라 구도도 심심한 편.,6,1
345,김강우에게 6점..ㅜㅜ,6,1
346,이제 인성은 기본이 되는 배우로 영화 만듭시다. 보고싶어도 보고싶지 않아요.,1,0
347,김강우님 화이팅 입니다~~,10,1
348,어렵네요 참 언론이라는게,1,0
349,마지막 장면에서라도 감동 받을 수 있을 뻔했지만 여주에 대한 이미지 때문에 하나도 몰입이 안 되네.,1,0
350,그냥 그저그럼......  평점테러여서  생각보단 재밌겠지했는데....... 그저그럼....,5,0
351,.,1,0
352,초반에 기억상실 걸리고 옛친구를 만났는데 별로 뭘 묻지 않는거..등 탄탄히 스토리를 구축 못하니 반전이 와도 잘 설득되지 않는다 김강우만 불쌍햐지 모,5,0
353,볼려고해도 서씨가 목구멍에 턱  걸려서  보기싫어지는  영화아냐,1,0
354,"서예지를 제쳐두고 영화 자체로 보더라도 반전이라하기에 민망한 뻔히 보이는 결말과 군데군데 어색한 연출...  배우들의 연기는 나쁘진 않았지만 그렇다고 뛰어나지도 않은 평범했고, 감독이 그나마 서예지 때문이라고 핑계대기 좋은 영화일것이다..",5,0
355,요즘 영화가 다 왜이런가..에휴 감독이 너무 못하네 서예지 사건때문에 망하긴 했지만 그거 아니더라도 망했을 영화,3,0
356,여주 연기력 처음부터 끝까지 초지일관 똑같음.지루함.놀라는연기만..,1,0
357,미스캐스팅인가 싶음. 부부가 아니라 아빠와 딸같음. 무엇보다도 시나리오가 어디서 본듯. 상관없는 약은 왜 그리많이 등장 하지?,6,1
358,봤는데.. 영화 자체는 잘만들었다기에 .. 순  뻥. 여러가지섞어논 짬뽕 . 긴장감 제로 역시 민폐녀  서양,2,0
359,김강우 때문에 봤다. 뭔가 신선한 줄거리일까 조금은 기대했었는데..  그냥 김강우 때문에 봤어야 했다.  감독도 배우도 출연배우 복 작업해야 할 듯..,2,0
360,저주받은 마녀가 따로없네,3,0
361,백상예술 시상식에서 인기상 1위라는데 아마도 그 상을 받으려 나타나기는 할까 싶어서 투표하는듯  그 땐 나도 그 모습 봐야지 뭐라고 수상소감 하는지도,1,0
362,.,2,0
363,"영화는 정말 잘만들었다. 영화는 안보고 평점 평가하는 짓. 어불성설 아닌가.? 제발, 영화라도 보고 평점해라.",10,1
364,영화 존잼이구만. 광과 사를 구분 못하는 ♬♬들이 별점 테러하네. 영화가 무슨 죄냐?,10,1
365,반전의반전의반전 플러스 독보적인 외모와 미친 연기력 갓예지,10,1
366,이 영화는 망하지 않습니다~~ 스토리 전개가 너무 탄탄합니다. 최근에 본 한국 영화 중 제일 훌륭합니다~~ 여배우의 개인사 때문에 이 영화가 평가절하되는 것은 안타까운 일입니다. 영화는 영화로 봐야하지 않을까요?  김강우 배우님의 재발견~~ 연기 너무 잘하시더라구요~~ 내일의 기억 제작팀들 힘내세요~~,10,1
367,영화도 안봤으면서 평점을 매길수있는 시스템 좀 고치자. 그리고 이게 서예지만의 영화냐?  수많은 사람들의 밥줄이다. 제발 생각들 좀 하고 살자.  게다가 실제 본 사람들의 관람평도 좋다.,10,1
368,어제 롯데영화관에서 관람했구요. 서예지논란때문에 안보려고 하다 어쩌다 보게 되었는데 영화 자체만을 얘기하자면 너무 재밌어요. 볼 만합니다. 김강우씨 연기도 좋고 서예지씨 연기도 괜찮아요. 반전의 반전... 최근  본 영화 중에 만족감 높아요.,9,1
369,서예지 빼고 보면 매우 훌륭한 영화임,10,1
370,한치 앞 예측이 불가능한 정말 슬픈 스릴러,9,1
371,저예산 영화로는 꽤 잘만든 수작  ~~~강추합니다   잔인하고 아름다운 슬픈사랑,10,1
372,영화는 잼있당,10,1
373,여주 때문에 집중이 안됨. 앞으로 어떤 영화를 찍어도 김딱딱에서 벗어나기 힘들듯... 그러게 왜 서현을 건드렸어? 그것도 선배를? 에라이~,2,0
374,미스테리를 좋아해서 봤어요.  재미게 잘봤어요.,8,1
375,폭망....,1,0
376,영화 장면 시간순 정상적으로 돌리면 별거 없다.. 시덥지도 않은 시나리오 순서 꼬이고 꼬이게  만들고   말도 안되는 편집..미스터리 스릴러? 시바... 오늘 보았는데 ..돈이 아깝다...  보지마....ㅅ ㅂ,1,0
377,이거원 내일의 기억 평점이 아니라 서예지 평점이군..... 서예지 외에 감독과 배우 스텝분들은 무슨 죄여.... 그래도 영화는 볼만 했습니다.... 친오빠가 아니니 가능한 것이리라... 여동생을 둔 오빠들이여 반만이라도 닮아라... 울 아들은 각성해라....,7,1
378,영화  말아먹은듯,1,0
379,10점 영화도1점영화도 아니다,10,1
380,역시 네이버 평정은 믿을거 못 되네 ㅋ,1,0
381,서예지 .. 예매율 1위라니 헐,1,0
382,김강우 배우님을 믿고 보겠습니다!!,10,1
383,.,1,0
384,ㅋㅋㅋㅋㅋ,10,1
385,너무 느리고 지루한 고구마 같은 전개  미스테리가 궁금하지 않기도 힘들듯,1,0
386,들켜도 무너지지 않도록 여러 장치를 덧대 놓다,7,1
387,내일의 기억이 아니라 관객을 속이는 잔재주가 맞는 듯 주인공 주변을 맴돌면서 기억을 혼란시켜 혼돈만 가중시킨다. 중간부터 주인공의 과거라는 걸 알고 있는 상황에서도  다시 혼돈을 주려고 노력한다. 영화를 꼬기보다 정통으로 승부했어야 했는 데 편집으로 속이려는 느낌이다.  차라리 현실의 가스라이팅이 더욱 공포스러웠을 듯,2,0
388,다른 가족분들은 안계신가요? 저희 둘 뿐입니다. 제가 오빠입니다.,7,1
389,공과 사를 잘 구분해야지. 우리도 공과 사를 구분안하고 있자네 ㅋㅋ,1,0
390,“여러모로” 불쌍한지고..,6,1
391,감독님은 능력은 있으신듯하나 사람보는눈이 없어서 망했네요 동료 배우들과 스텝들은 무슨죄인지... 참... 안타까울따름,1,0
392,...,5,0
393,배우들 연기도 시나리오의 논리적 구도도 연출의 긴장감도... 어느하나 나무랄 수 밖에 없다...,5,0
394,그냥 둘다 진따같음,1,0
395,선우같은 남자가 되어야지,7,1
396,이런 스토리 갖고 두 주인공 감정선의 서스펜스를 이리 못 살리는 것도 재주인 듯. 극중 대사처럼 모델하우스 같은 연출이랄까. 잔잔한 신파 미스터리를 멋대로 스릴러라 기대한 내 탓이오!,3,0
397,이런 비슷한 주제의 미국 영화 일본 영화 진짜 짜임새 있는 스토리  근데 이건 왜 이렇게 허술해 앞에 5분 보다 때려쳤다 뒤로 가면 재밌을 거라고?  요새 누가 그따위로 영화 만드는데,2,0
398,딱딱한 영화,1,0
399,진짜 배우 사적인 그런거 1도 관여 안한 맘으로 평을하는데...그래도 너무 재미 없더라,3,0
400,배우를 잘선택한 책임,1,0
401,비슷한 영화있지않았나 중반까지 내용 소재 똑같고 단지 여자가 개진상인거 빼곤 2점주려다 엔딩이 여운이있네 이것도 어디서 모티브 얻은것같은데 그래도 4점,4,0
402,.,1,0
403,안타깝네요,1,0
404,여주인공 밉다고 평점테러를 하나?....너무 심해 니들도,10,1
405,감독과 김강우 배우의 진심이 느껴져서 10점 드립니다.  감독님이 이전 참여하셨던 영화들을 보면 영화는 재미있을 것 같은데  입봉작인데 이런 논란이 있다는 것이 너무 안타깝네요,10,1
406,너무너무 재밌다. 한국이 뽑아낸 미스테리 스토리중 최고라고 해도 손색이 없다. 뒷통수 이중 삼중으로 씨게 맞는다. 떡밥회수는 물론이고 친절하기까지하다. 완전강추,10,1
407,"특정 배우의 잘못된 언행에 대한 비판은 다른 곳에 가서 해주세요 영화의 평가를 하는 곳이니 영화에 대한 평가만 해주셨으면 좋겠습니다 특정 배우의 잘못이지, 이 영화를 위해 힘 쓰셨을 수많은 분들은 죄가 없잖아요 김강우 배우님 연기 너무 잘 봤고 감독님을 비롯하여 다른 배우분들과 스텝분들의 수고로움이 고스란히 묻어나는 영화인 것 같습니다 매번 반전에 반전을 거듭할 때마다 진짜 입이 떡 벌어지더군요 간만에 영화다운 영화 한 편 보고 갑니다 모든 관계자분들 수고 많으셨고 좋은 영화 만들어주셔서 감사합니다  힘내세요",10,1
408,"서예지로인해 평점 테러로 시작 된 영화지만, 개인적인 사생활과 별개로 영화의 스토리 연출 연기는 진짜 몰입감과 예측불허  솔직히 진짜 재밌다 ㅠ 별점 테러난게 안타까워서 굳이 로그인해서 평 남긴다",10,1
409,"영화 너무 재밌음. 중간중간 적절히 무서웠고...연기력 최고, 스토리 최고!!!입소문 많이 탔으면 좋겠다...너무 재미있음...ㅠ",10,1
410,올해 본 영화 중 최고네요 반전에 반전.  잘 만든 영화,10,1
411,너무 재밌고 감동적이네요 천만 갔을텐데 여배우 때문에 ㅜㅜ,10,1
412,영화는 매우 재밌음. 반전이 깔끔하고 아주 맘에 듬. 구설수만 없었다면 평점도 좋았을텐데 너무 안타깝다...,10,1
413,흥하기를,10,1
414,솔직히 영화는재밌음 여배우아니였음 7.0은 넘었을듯;  연기도그렇고 뻔한스토리지만 연출이잘살림.끝에가선 울었다..,10,1
415,그냥 싫다.,2,0
416,한사람의 인격이 이 영화에 있지 않다. 비난은 개인에게 하고 영화는 전체적으로 보자. 좋은 영화다.,10,1
417,"여주인공 때문에 고민하다가 김강우님 때문에 늦기 전에 영화관 가서 봤어요. 감독님 말씀처럼 선과 악, 두 얼굴을 가진 김강우님의 한 얼굴이 잘 그려진 영화였습니다. 초반에 남주인공의 대사를 듣고 두 가지 스토리를 예상했는데, 그 중 하나가 맞았네요^^ 누구도 여주인공 상황이면 그럴 수 있다는 생각이 들다가도 조금만 더 치밀했다면 결론은 달라지지 않았을까 싶기도 했습니다. 흥행까진 아니어도 평타는 했었을 텐데 여주인공 때문에 아쉽네요...  그 불편함만 감수한다면 볼만한 영화였다고 말씀드리고 싶습니다.",8,1
418,영화 너무 슬프다  주연배우 논란이 아쉬울뿐,8,1
419,여주때문에 안볼려다가 심심해서 봤어요. 영화만으로 치면 너무 좋아요.  시나리오 연기 연출... 반전에 반전... 서예지가 행실만 잘했어도 수작으로 남을 충분한 영화인데 좀 아쉽네요. 까기 전에 한번 집중해서 봐바요. 정말 잘만들었어요,9,1
420,감독님 힘내세요,10,1
421,영화 볼려고 했는데 여주 논란땜에 고민되네요.,1,0
422,볼만했는데 역시 여주 스캔들때문에 몰입이 좀 어려웠네요 그래도 나쁘지 않았음 김강우 연기는 좋았어요,7,1
423,"뻔한 이야기와 반전에 신파를 곁들였는데 나름 잘 어울려 뜻밖의 신선함을 선사한다. 밋밋한 연출과 겉도는 듯한 연기, 작위적인 구성이 몰입을 깨뜨린 점은 아쉽다.",7,1
424,수준  이하,1,0
425,서예지 노답 하차좀 ㅈㅂ..,1,0
426,별로....,1,0
427,서예지는 스크린에서 두번다시 보고싶지 않지만 김강우 때문에 10점 줌,10,1
428,"마음같아서는 서뭐지 여주 때문에 0점 주고 싶지만 김강우 봐서 10점 준다. 김강우도 실제로는 어떨지는 모르지... 이게다 서뭐지 덕분에 생긴 걱정이지만 여태 십수년간 김강우란 배우는 대박은 못 냈어도 좋은 배우였고 항상 열심히 하는 배우라고 생각, 믿는다. 내가 김강우 찐팬이라고 말을 못하겠지만 김강우가 많은 것을 양보하고 최선을 다해 이영화를 준비하고 만들었을 거 같은데 너무 안타깝다. 감독의 말처럼 영화는 많은 사람의 인생이 걸린 거니까.",10,1
429,모르는게 약이다. 딱딱한 서예지 사건도 영화 속 김수진도 몰랐다면...,7,1
430,제작발표회 부터 ;;,1,0
431,.,4,0
432,괜찮은데 평점이 너무 낮네요...,10,1
433,저는 정말 재밌게 잘봤어요. 배우들의 연기력과 탄탄한 시나리오. 감독님 고생 많으셨어요,10,1
434,..,4,0
435,너무 슬퍼서,10,1
436,아 영화 넘 슬프다ㅠㅠ  마음아파,10,1
437,다 좋은데 신파로 끝나서 아쉽네요. 그리고 내가 잠들기 전에라는 니콜키드만 영화가 많이 유사한 작품이네요??!,7,1
438,.,2,0
439,소재가 흥미로워서 보고싶긴하나....  그 누구때문에 패스....,2,0
440,김강우 때문에 티비로 영화시청했습니다  10점줍니다..ㅠ,10,1
441,제목이 낚시군요. 제목 대로 예측 하다가 뒤통수 맞네요. 초중반 잘 이끌다가 후반에 많이 억지 스럽습니다.,5,0
442,코로나로 두번을 봤는데 이유는 애매하게 정리가 안되었는데 두번째보니 연기와 짜임새가 좋았다 봅니다..,8,1
443,영화는 재밌는데 여배우 때문에 영화가 죽었네요 감독님과 김강우씨 스텝분들 때문에 평점 올립니다,10,1
444,영화는 좋았지만 여주때문에 몰입을 못했습니다... 다시 만들어주세요.,1,0
445,흠... 그래도 기대를 갖고 봤는데 아쉽군요,6,1
446,1점도 아깝다...우르오스맨을 조종하는 아바타녀의 기억!!!,1,0
447,서예지 말고 영화 자체로 평가한거 없나... 이 영화가 재밌는지 없는 지 알 수가 없네.. 예고편만 보면 재밌을거 같은데...,6,1
448,뻔해,1,0
449,구성은 괜찮은데 앞뒤가 안맞는 게 좀 있네...스릴러물의 생명은 바로 치밀한 구성인데...,6,1
450,팔자려니 해라,1,0
451,"배우들의 연기는 나쁘지 않았다  답답하고 김빠진듯한 긴장감없는 스릴러  그리고, 그 관계들을 엮어서 뭔가 감정을 짜내려하다가 더 엉망이 되어버린 플롯  제발 좀  이런 한국식 클리쉐 좀 그만해애~~~",5,0
452,.,8,1
453,생일 케익 앞에 두고는 5월 10일 수첩에 적힌 건 10월 5일 생일 바보들.,5,0
454,ᆞ,4,0
455,누구때문에 보기 싫은 영화ㅋㅋ아쉽다,1,0
456,응 캐나다로 가자,3,0
457,둘다 퇴출되야함 모지리같은것들.,2,0
458,스토리 구성이 좀 아쉬웠다. 김강우 연기는 압권 이였다. 한편으로 좀 삐딱하게 보면 요즘 젠더 갈등이 이슈화 되는데... 왜 남자만(김강우) 저리 헌신적이고 희생해야만 하는지 하는 생각도 해봤다. 감독이 여자라서...지난 친 비약일까?,6,1
459,아이고 평점 주기도 싫다 서예지 사이코 나온다니.. 김정현도 죄 있어,1,0
460,배우 한명이 운명을 좌우해뿌네 그냥,1,0
461,보려고 했는데 서예지때문에 망설여져요. 김강우보러 가야할지,1,0
462,"아, 연기는 그럭 괜찮치만 너무나도 익숙한 클리셰들을 어쩌란 말인가",6,1
463,영화는 영화대로 평가합시다... 이슈 터진 한명 외에 수많은 스텝까지 다 피해줄 순 없잖아요,10,1
464,"그 동안 고생한 스텝이랑 감독, 동료배우들은 뭔 죄야.  별점 테러할 거면 영화라도 보고 테러하든가 하세요. 무턱대고 이러는 건 아니지.",10,1
465,"진짜 사람 하나 어떻게 돼야 그만들 하실건지, 잘못에 대한 비난을 여러분들이 한명씩만 표출해도 당사자에게는 수천 수만개의 화살입니다.   구지가 배우셨죠? 만인의 입은 쇠도 녹이고 용도 물리칩니다. 죄가 밉더라도 너무 가혹하지는 않은지 돌아보셨음 좋겠네요",10,1
466,김정현이 어케 피해자에요 최소 둘다 똑같음 본인의 생각이 그렇다면 어쩔수없지만 영화 별점창 테러하지말고 혼자 생각하세요 ㅠㅠ,10,1
467,잘보고 왔습니다.여주 연기가 돋보이는 영화였습니다.,10,1
468,영화는 괜찮게 나왔다. 서예지도 문제지만 사리분별 못하고 말려든 남친들도 문제다. 영화는 영화로 보자.,7,1
469,영화는 괜찮아,10,1
470,서예지가 서예지다운 영화를 찍었는데 왜 보지도않고 악플질이냐?   서예지 메소드연기다.  진짜다.   민폐녀가 민폐짓하는 영화다.  나름 재밌다.,8,1
471,개인사와 공적 영역은 구분하는게 맞지 않을까요? 간만에 스릴러 영화 재미있게 봤습니다. 연기도 좋고 스토리도 반전의 반전..^^,10,1
472,진짜 재미있는데...,10,1
473,나만 재밌었나..마지막 반전..김강우스타일의 영화 넘 좋음..사라진 밤같은 느낌의 영화,8,1
474,재미있었어요,10,1
475,긴장감 있는 스토리와 배우들의 연기. 오래간만에 극장에서 스릴 넘치게 재미있게 봤어요^^ 김강우의 섬세하고 디테일한 연기. 최고.  추천합니다,10,1
476,연기만큼은 몰입을 불러낸다. 요즘 드물게 가슴 조이며 본 영화 ~~,9,1
477,재밌었어요.,10,1
478,영화평점 사이트에 왠 인신공격들...할일  더럽게 없는 사람들 많네..오늘 영화 봤는데 평타 이상은 됩니다.,10,1
479,개인적으로 평가 하고자 올려요. 평범하지만  사고사건....  평생  아픈 기억을 지워주고 싶은 배다른 오빠.... 지금 비슷한 가정이 있지 않을까....,10,1
480,서예지 ♬♪!,1,0
481,감독과 스텝들에겐 오랜시간 준비해온 열정에  큰 성과일텐데 다른 영향으로 평가절하되지 않길 바랍니다. 그동안 수고했다는 메시지를 드리고 싶어요.,10,1
482,너무 재밌게 봤는데요  자꾸 배우의 사생활과 연기를 구분못하는  분들이 많은것  같은데 간만에   본영화중에 최고네요,10,1
483,와 코 너무 높였(세웠)어.,1,0
484,서예지 가스라이팅,1,0
485,"흥행부도수표, 믿고거르는 배우 김군과 쏘패녀의 조합이라니 감독과 제작사에게 경의를 표한다",1,0
486,나머지 사람들은 뭔죄야.. 저런 싸이코보려고 내돈내고 영화봐야하나?   0 점 누르는게 없어서 짜증난다,1,0
487,영화 재밌나요?,1,0
488,김강우님 연기도 잘하시는데 영화랑 연이 없어도 이렇게도 없냐ㅜㅜ,8,1
489,테러ㅜ  X같은 사람 땜시 ㅡ 복구용,10,1
490,ㅅㅅ,10,1
491,",",6,1
492,김강우에게…,10,1
493,감독과 김강우는 도대체 뭔 죄냐.. 솔직히 영화는 보고싶지도 않았고.. 안봤다.. 미안하다..,1,0
494,아..내용은 좋은데..,5,0
495,몰입감만 좀 더 살렸더라면 좋았을텐데 그 부분이 가장 아쉽다. 그럭저럭 볼만은 했음.,10,1
496,영화 자체는 좋다고 평들하는데... 보고싶어도 서지예 때문에 몰입이 안될거 같아 패스,6,1
497,..,7,1
498,어제 봤는데 정말 잼있었어요 김강우 연기 잘했고 서예지 단독 영화도 아니고 스태프들 다 고생한건데 서예지 때문에 별점 테러는 아니다 보네요 스릴 넘치고 대본과 연출이 좋았습니다,9,1
499,영화만 보고 평점합시다 ㅜㅜ  여주 한명때문에 수많은 사람들이 힘들게 찍은 영화 평점테러는 너무 안타깝습니다.,10,1
500,공과 사를 구분 못하는 건 악플 네티즌들이 더 함.,10,1
501,인간들 못됐네  영화  망하라고  평점  테러히는  건  너무한 거 아닌가  감독  다른 배우들이 무슨  잘못한것도  아닌데   지들이  더  못된 짓들  하면서  누굴  비난하는 건지,7,1
502,네이버는 평점   좋은  편인데 다음 식구들은 왜 이럼! 영화가 좋으면 됐지 여배우가 도도 할 수도 있지ㆍㆍ 김강우도 연기잘하고,10,1
503,"영화 괜찮습니다. 저도 여주 때문에 편견갖고 갔다가 괜찮아서 점수주러 왔네요. 감독이 스토리를 탄탄하게 잘 그렸어요. 어디하나 빵꾸내지 않고, 꽉차게 느껴지고, 배우들 연기력도 좋았어요. 초반 약간 지루한것만 넘어서면 이후부턴 시간 쭉 가요. 괜찮은 영화인데, 하나 논란 때문에 묻히는게 안타깝긴 하네요.",9,1
504,오랜만에 몰입해서 재미있게 봤네요. 보통 생각하고 좀 달라서 참신하네요. 주연 배우  이슈에 묻히기엔 아깝습니다.,7,1
505,기사를 믿지 않는다 그냥 연기자의 연기만 본다 요즘 인터넷이 사람들을 너무 쉽게 믿게 만드네,10,1
506,"영화 자체만 놓고 보면, 괜찮은 작품이네요.  한 사람의 실수로 인해 다른 사람들이 피해를 보지 않았으면 좋겠구요~",10,1
507,김강우가 뭔 죄냐? 영화는 영화로 봐야지,10,1
508,전 재밌게 잘봤습니다. 개인적 감정으로 보지말고 영화로만  봐주세요 괜히 김강우배우만 피해보는거같아 제가 다 속상하네요ㅡ.ㅡ,10,1
509,"열심히 영화 만드셨을 스탭분들을 위해 별점 10개 남겨요,, 지금은 마케팅 팀이 얼마나 고생하실지...",10,1
510,다른 배우들이랑 제작진은 뭔 죄여 진짜,10,1
511,시사회에서 봤는데 영화는 재미 있어요,10,1
512,영화를 작품으로써 평가를 해주셔야지   개인적인  사생활을 영화 전체로 이렇게 평가절하 하면서 서예지가 아닌 다른 이들에게 피해를 준다고는 생각 못하시는 건가요?  서예지라는 한명때문에 피해본 수백명의 스텝과 배우 및 관계자들 그리고 평점테러를 하고 계신분들이 서로 다른 의미지만 안타깝습니다.,10,1
513,영화자체는 괜찮은데 아쉽네요...,9,1
514,작품으로서로만 기대,10,1
515,"서예지 연기 잘 하네요. 짧고 더러웠던 연예인 생활의 마지막 영화, 마지막 불꽃을 피운 거 같습니다. 요즘 취업 지원 많이 해 주니까 다른 일자리 알아보고 먹고 살 궁리하세요.",1,0
516,구성이 짜임새 있었는데 왜이리 낮은 평점이 많지 ?,8,1
517,영화 자체는 좋았음,10,1
518,서예지 논란으로  고민하다 봤는데 작품 정말  잘 만들었단 생각이 듭니다.  배우들의 연기도 훌륭합니다. 영화를 좋아하시는 분들은 꼭 보세요.,9,1
519,대한민국 썩었다는거 인기투표1위가 증명해주네,2,0
520,배우하나땜에 스탭 배우 다 망했네ㅜㅜ,1,0
521,"서예지는 이번에 처음 들어서 알게 됐고 일단 영화는 최고네요. 시나리오,연출,연기 다들 좋습니다. 예지야. 공식 사과해라.",10,1
522,볼만하군,10,1
523,.,1,0
524,서유민 감독님! 세월이 조금 지나서 주연을 바꿔 다시 촬영하시지요. 훌륭한 작품을 사가지 없는 서예지란 것이 베래 부럿네......꺼이  꺼이...ㅠㅠ,1,0
525,확 끌어당기는 맛은 부족하지만 지루하지 않게 볼 수 있었다.,6,1
526,김강우,10,1
527,영화 자체로만 봤을 때는 괜찮은 영화네요. 잃어버린 기억속 마지막 퍼즐이 완성될 때까지 긴장감이 있어 괜찮았습니다.,9,1
528,그럭저럭,7,1
529,끝에 반전,7,1
530,평점이 많이 낮네요 .  평점한 보지 마시고   앞부분 만이라도 보시기를 추천 합니다 . 나는 영화가 끝날때까지  푹 빠져서 봤는데 ... 감독의 연출도 좋았고    배우들의 연기도 어색하지 않았고 ...,10,1
531,영화의 속도감과 몰입감이 좋다. 반전에 반전이 있는 영화. 서예지는 이 영화가 마지막 영화려나??,7,1
532,생략,1,0
533,피날레 하나만 보고 달려오다니.,10,1
534,몰입만 좋았고 개연성과 플롯이 너무 아쉽다,5,0
535,ㅠㅠ불쌍,1,0
536,"영화평에는 영화리뷰만 남겨야하는거 아닌가요,,,,? 엄청재밌게봣는데  리뷰이상해서 봤더니 공과사구분못하는건 님들도 매한가지인듯,,",10,1
537,오늘 잘 봤습니다.  첫 부분에는 김강우씨가 남편으로 나오신 줄 알 있습니다 극의 흐름이 진행되고 여주인공 서예지씨가 기억을 점차 떠올리면서 눈에 헛것 처럼 보인데 환각많이 아닌 실제 쳤다는 거리 조금씩 발켜 졌고 중간부터 끝없는 궁금증을 갖고 보게 될 수 있었습니다 대부분의 사람들은 작품성이 별로 쳤다고 하는 게 중간에 반전이 너무 많았고 그 이유가 너무 여주인공이 조금씩 꿈틀 대는 이들로 호란이 빠지고 방황하다가 나중에는 직장 언니를 통해서 본인의 짐을 집에서 전달받아 남편이었던 사람이 다른 사람인걸 깨닫고 지금 함께 하고 있는 남자가 남편이 아님을 알 묘 더 충격에 빠지게 되고  서태지 즉 수진 은 남편행세를 하는 김강우를 더욱 의심하고 경계하기 된다. 그리 자신을 찾아 와서 명함을 주고갔던 형사 들,10,1
538,반전에반전 ㅎㅎ 근데 여주 때문에라는 댓글은머냐 내용만보고 좀 리뷰달아라 초딩들이냐? 왜저러는지좀.. 니들이피해를 쥬는거다 다른 관계자분들한테^^ 첨엔 좀 답답하고 뭔내용이지 햇는데 반전이고ㅠㅠ 심쿵임..ㅎㅎ♡,10,1
539,너무 잘봤어요..다보고나니 마음쿡,10,1
540,영화에 개인적감정을 넣은 리뷰는 왜케많은지  겁나 잼있게봤음 몰입력최고 2시간이 어떻게간지 모르겠고 서예지가배우를 사생활논란으로 그만두기엔 아깝단 생각이들었음  안본사람들은 평점댓글쓰지마세요,10,1
541,재밌게봤어요.,10,1
542,평점이 왜 이런지 모르겠네요.. 엄청재밌어요. 다들보십쇼,10,1
543,잼,10,1
544,조정이 아니라 조종이겠죠.. 뭔 다 조정조정 이러고있네ㅋㅋㅋㅋㅋㅋ남욕할시간에 공부나하자ㅋㅋㅋㅋㅋ,10,1
545,생각보다 짜임새 있네 연기력도 좋고.,10,1
546,서예지 연기 최고,10,1
547,"매끈하게 잘 빠진 스릴러. 서예지, 김강우 배우 연기 좋다. 기억의 왜곡을 자신 스스로 치유를 위한 무의식의 발로로 이야기를 발전시켰으면 어땠을까, 스릴러가 가지는 문제의식의 깊이가 약간 아쉬움. 그럼에도 성공적인 감독 데뷔작",6,1
548,나름 잼나게 봤음 공짜로 ㅋ,10,1
549,나의 일의 기억,10,1
550,진짜 반전의 반전입니다. 뻔한 클리셰 같다가도 뒤집어지고 하네요. 영화 꼭 보셔요. 그리고 배우 문제를 별점 테러하는 건 좀 아닌 것 같네요....타사이트 평점이랑 너무 비교되어요,10,1
551,여주는 싫지만 영화 내용이  좋아서  평점줍니다 영화는 괜찮은영화네요 추천합니다,8,1
552,댓글수준  초딩이냐!  재밌게 봤습니다 서예지 존예,10,1
553,영화자체 GOOD,10,1
554,난 괜찮은데~~,8,1
555,이슈만 아니면 스토리도 탄탄하고 근래 보기드문 수작이네요,9,1
556,영화 개재밋는데.... 별점뭐지?,10,1
557,드라마 자체는 안좋은점 없었어요 전 소름돋아하면서 잘  봤습니다!!,10,1
558,잘 만든 영화에요...  스토리와 몰입감 정말 좋구요... 이 영화는 여주때문에 욕먹고 또 여주때문에 산 영화라는게 참 아이러니하네요...,9,1
559,평점이  왜이러나 했는데..  여주때문이네.. 그래도 잼 있습니다....ㅎㅎ,8,1
560,줄거리는 재미있을것 같아요...  그리고  이영화가 배우 한명만의 영화가 아니라 다른 수고하신 분들도 있잖아요...ㅠㅠ,8,1
561,댓글로 인해 또 한 생명이 어찌되길  바라는건지들~~ㅠㅠ 여주 한사람으로 인해 영화 만든 이들의 노고를 통째로 말아먹으려고 이러는건지~~ㅠㅠ 여주빼고 다른 이들은 뭔죄라고... 왜들 여기서 이러는건지~ 솔찍이 영화는 괜찮았음~ 싫으면 안보면 되는거지 왜 보지도 않은  영화에 이러는건지~ 도무지 인성들이 글러먹은듯 합니다,10,1
562,김강우님은 무슨죄야ㅠㅠㅠㅠ다들 이러지 말자요들..ㅠㅠㅠㅠ,10,1
563,어제 영화를 보면서 느낀게. 1.서예지에 대한 안좋은이미지때문에 우선 괜히왔나 싶었고 2.보는동안 언제? 어디선가 본사람같은 느낌. 3.얼굴의느낌.목소리.연기  난90% 수애를 봤다.   정말 비슷할정도가 아니라 일란성 쌍둥이느낌. 수애라고 생각하고 보면 재미있을것같음.,9,1
564,캐스팅은 글렀지만 고생한 관계자들을 생각하니 불쌍해서.. 다른 분들은 영화보고 판단해주길,10,1
565,첨엔 내가 잠들기전에란 영화 아류작인줄알았는데 나름 스토리 진행이 괜찮았다.  7점은 넘는데 너무 점수테러 많아서 ...  우리나라는 역시나 남자에게 관대한가. 이병헌은 연기로 용서받고 서예지는 안되나? 학폭이 사실이면 매장당해도 싸지만 남녀사이 문제로 이렇게까지 파장이 커야하는지 의문이다.,10,1
566,잘만든 영화입니다,10,1
567,"서예지 때문은 아니구요 이야기전개가 재밌습니다. 서예지가 운이 좋네요. 믿을수없이 안타깝기만 하네요, 나쁘지않은 배우였는데... 조종사따위 제낄 대체배우는 많습니다",8,1
568,"사실 아내가 오늘 저녁 예약하길래  내심 살짝 꺼려했습니다. 미세먼지도 심하고, 며칠 전에도 한국영화봤고, 배우건 기사들도 있었고, 평점 얼핏보니 4점대... (글은 읽지 않고 평점만 봄)  20:40편 솔찍히 기대없이  봤습니다. 근데... '오! 이것봐라?'하면서  몰입하게 되었고 '괜찮다, 재밌다, 아까운 영화네'가 결론입니다. 다음에  모르는 영화 초이스할때는 평점 외 감상평도 봐야겠나  배운 기회였습니다.  배우님들, 스텝, 감독 모두 수고하셨어요~^^ 저에겐 좋은,  잘만든 영화 리스트로 기억될겁니다. 김강우 배우님~ 이번에 제 기억에 팍! 남았습니다.",9,1
569,다 일점주고있는데 평균이 어떻게 3.9지?,1,0
570,"한국의 한사람 죽이기  마녀사냥 심각한문제다,",10,1
571,재밌게 잘 봤어요 !!,10,1
572,공과 사를 구분하자 여배우 한명이 맘에 안들다고 1점도 안주는 평점테러 하는 거는 잘하는 짓이냐?,8,1
573,볼만했음,7,1
574,영화평 볼려고 왔더만.....,10,1
575,왜 여기서 그래ㅜㅠ 제작자 님들은 알았겠니ㅜㅠ,10,1
576,나쁘지 않군...별점테러는 하지맙시다.,10,1
577,서지예 최공 오늘  봤는데 최공♥,10,1
578,영화만 평가해라 나도 서씨는 별로지만 이게 영화랑 무슨상관이냐  영화도안보고 테러질은.... 그리고 ♬♬아 조정이 아니고 조종이야 한글도 모르는것들이...,5,0
579,다른 분들의 노력은 헛되지 않았음 좋겠어요,10,1
580,영화 자체는 상당히 재밌다 7점 주려다 사람들이 너무 박하게 1점 테러를 해서 난 +보정해서 줌,10,1
581,잘되길,1,0
582,중립기어 박고 작품보고 판단하겠습니다. 기대작이거든요.,10,1
583,영화는 죄가 없다...,10,1
584,서예지 연기 정말 너무 잘하더라~ 마지막 눈물연기 자연스럽고 ~ 다시 tv 에 나오게 해라,10,1
585,서예지하나로 매도는 좀..  영화제작사 다른배우들이 너무 아깝고 너무 재밌었던 영화라...  성격상 이런후기 잘 안 남기는데 안타까워서 남겨봐요,10,1
586,존예,10,1
587,"흠 평점테러는 살짝 아닌것같네요.. 열심히 영화 제작했을텐데 ㅠㅠ 영화봤는데 제가 무서운거를 잘못봐서 계속 쫄아서 봤는데 내용이 진짜 대박이에요 ,,, 더이상말하면 스포일것같아서  말안할게요 ㅎㅎ 저랑 같이본 친구는 올해본 영화중 역대급이다고  좋아했어요 ! 진짜 연기랑 내용은 믿고 봐도됩니다 !",10,1
588,시간가는 줄 모르고 잘 보았습니다. 눈물도 찔끔,8,1
589,화이팅,10,1
590,"영화가 딱딱하니 딱 좋네요.. 서현, 김강우 화이팅.",10,1
591,영화 정말 재밌게 봤어요 몰입도도 최상이고 배우들의 연기력이 나무랄게 없었어요. 과연 나라면 저런 상황에 어떻게 했을까? 를 계속 생각하면서 봤던 것 같아요. 영화 속 수진이는 서예지가 아닙니다. 왜 영화 자체가 욕을 먹는지 모르겠네요 분명 잘못한 사람은 따로 있는데 제작자만 피해를 보게하는 이 평점이 네티즌으로써 정말 부끄럽네요..!   개봉하고 늦게 찾게 된 영화였지만  그만큼 조용히 몰입해서 영화 즐겁게 봤네요 감사합니다 :),10,1
592,정말 재미있었습니다. 최고입니다.,10,1
593,"아니 서예지가 잘못된걸 왜 애꿎은 영화에 별점테러를 함??? 여기에 출연한 다른 배우들, 스태프들 안그래도 엄청 골치아플텐데 이런 짓까지 하는건 아니지;;",10,1
594,영화는 영화고 서예지는 서예지지 모 평정테러까지하고 난리여 만든 스텝이랑 배우는 어쩌라고,10,1
595,모두 힘든 시기입니다. 서로 응원 해 줍시다..!,10,1
596,그만들 좀 하세요,10,1
597,넘 넘 좋아하는 미스테리 스릴러! 내일의 기억! 기대됩니다. 영화는 영화로!,10,1
598,다른 출연자와 스태프가 뭔죄?,10,1
599,영화 자체는 정말 재미있음 이 영화 100여명이 함께 만든 겁니다 서예지 때문에 보지도 않은 사람들이 평점 테러하는게 이해합니다만 아쉽네요 시나리오 아주 훌륭하고 몰입도도 높았던 좋은 영화입니다,10,1
600,잼있음~다른  출연자들의 연기가 제대로 평가받길~^,10,1
601,매장하려면 김정현도 같이 묻어라. 왜 서예지만 매장시키려하냐?? 공과사도 구분 못하는 찌질이 김정현.,10,1
602,"제발 좀 다른곳 가서 해..왜 악플을 다냐 정신병자 ♬♩♪♪♩♬들아, ..이거 서예지 단독 아니다..",10,1
603,영화는 죄가 없어요ㅠ,10,1
604,영화는 영화로 평가! 재밌어요. 연기도 좋고 시나리오도 좋아요. 오랫동안 고생한 영화인들과 스텝들의 노고가 응원받았으면 좋겠어요~,10,1
605,서예지 반성하고 힘내라,10,1
606,다른 사람의 미래가 보인다니... 굉장히 신선한 설정!  스토리를 어떻게 풀어나갈지 아주 기대됩니다. 내일의 기억 개봉하자마자 꼭 보러가야겠네요.,10,1
607,영화에 대한 평점이나 남겨라..한심한 인간들아..배우 개인의 문제를 여기에다 ♩~ 하면 뭐가 바뀌냐?난 이 영화 기대하며 볼거다,10,1
608,김점현이 이해가 안 가네. 난 그래도 서예지가 궁금해. 만든사람들 안 쓰럽네.,10,1
609,.,10,1
610,희한하네 자신이 배우임을 잊고  드라마를 망쳐놓고 사람들에게 상처 준 남자는 어느새 쏙 빠지고 감.히. 남자를 조종한 마녀만 잡고 있네,10,1
611,한번 더 보고싶을 정도로 재미있었어요  배우들 연기도 너무 좋고 몰입도도 최고였고 스토리가 탄탄해서 끝까지 집중해서 봤네요~!,10,1
612,시간 드라마 제작진이 불쌍하다면서 이 영화에 별점 낮게 매기는 사람들이 이해가 안가네. 서예지 조종설로 가장 피해 많이본건 이 영화 제작진들과 김강우 아닌가? 캐스팅 단계도 아니고 다 찍고 개봉 일주일 남겨둔 거를 다른사람 보지말라고 평점 반개 주는 거는 너무 가혹하다. 어차피 이 영화가 잘되는 안되는 서예지는 이미 회생불간데,10,1
613,영화 잘못이 아닌데 여기에 평테하는 사람들... 분풀이가 하고 싶으면 다른데 하세요.,10,1
614,"여러분,, 개봉도 하기전에 너무 테러하지 마세요ㅠㅠ 고생한 나머지 배우분들 제작진분들은 무슨 죄에요 댓글 보다보니 넘 안쓰럽네. 여기서 이러지 맙시다",10,1
615,대한민국에 삐뚤어진 사람 많네요... 자격지심이 있는건가 내일의 기억 정말 수작입니다. 배우의 인성을 떠나서 영화는 굉장히 잘 만들었네요.  평점8점 정도가 적당하지만 평점테러 많아서 10점 줬어요. 반전도 있으니 잼있게들 보세요.,10,1
616,오랫동안 공들여 만든 제작진과 김강우는 무슨 죄인가요. 영화 보구 얘기해요.,10,1
617,서예지 배우에 대한 화를 별점 테러로 갚는다면 제3의 피해자를 만들수 있습니다. 소문이 사실 이라면 영화를 만든 모든 스테프들은 그 힘든 배우 참고 간신히 만든 영화인데 또다시 피해를 입는 상황이 될수 있습니다. 별점 테러는 서예지 배우에 비판으로 쓰이면 안될거 같습니다.,10,1
618,평점 안주려다 점수가 넘 낮아서 평점 올립니다..주말에 봤는데 각본이 넘 짜임새있고 재미있게 봤습니다..사람은 미워하되 영화는 미워하지 말자..,10,1
619,"솔직히 영화는 보질못해서 공평하게 5점줌.  서예지 배우 사이코지만 에서 너무 강렬하게 남았고, 내가 좋아하는 미인상 이라 참 좋아했는데...  개인 연예사를 뭐라 탓하긴 싫지만  본인으로인해 다른 분들에게도 피해가 간 상황이라 솔직히 두둔해주긴 힘들것같아요. 시간이 약이니 사과할분들에겐 사과하면서  잘 마무리하시고 이겨내시길바랍니다.",5,0
620,배우한테 저격지심 느낌?? 영화는 영화로만 보셈. 외적인거는 빼고ㅋㅋ,10,1
621,좌절하지말길원하는마음에서100점,10,1
622,남녀가 사귀는 사이라면 연기자끼리라도 애정씬 하지 말라는 그런말을 장난으로 할 수는 있다고 본다. 그걸 진짜로 진지하게 실천한 남자쪽이 문제지. 솔직히 지금 상황 보면 거의 마녀사냥 수준이라고 본다.,10,1
623,꼭 볼꺼야 재미있으니깐.!,10,1
624,연인끼리 그 정도는 주고 받을수 있는거 아닌가.. 서예지가 교주도 아니고 말은 바로하자. 자꾸 조종녀 하는데 제발 그런 소리 그만하자. 김정현 태도가 문제지.,7,1
625,영화는 무슨 잘못인가요 ㅠㅠ 오히려 가장 피해 본게 이 영화일텐데... 별점테러 그만해요 여러분ㅠㅠ,10,1
626,영화는 아직 안봤지만 조만간 꼭 볼겁니다 김강우 팬이라 출연하는 영화가 모두 흥행하길 바라는 마음인데 여주를 잘못 만나는 바람에 영화 내용을 떠나서 흥행에 또 영향을 받겠네요.. 정말 안타깝고 속상하고 화까지 납니다 어떠한 논란이나 사람 됨됨이를 떠나서 배우는 스크린에 나오는 배우로서의 모습을 봐주고 작품을 논하고 평가를 했으면 좋겠네요  연기도 정말 잘하고 너무나 멋있는 김강우 앞으로 승승장구 잘되길 응원합니다~~ 김강우가 출연했다는 이유 하나만으로 봐야될 이유가 충분히  있는 영화라 응원의 의미로 평점 만땅 드리고 갑니다^^,10,1
627,사랑할땐 서로가 가스라이팅하는거아닌가 워낙매력적인 여자라ㅎ,7,1
628,이런 스릴러 너무 좋음!!,10,1
629,오랜만에 스릴러 영화 기대됩니다 ~,9,1
630,I hope they will air this soon internationally for others to see. Looking forward not only as a fan but also as a Movie buff.,10,1
631,너무 재미 있을것  같아요.빨리 보고싶어요^^,10,1
632,"서예지를 너무나 마녀사냥 하지마세요.  우리가 화내야 할 대상은 서예지가 아니고. 문정부 입니다. 문정부의 무능함의 분노를 마녀사량 하듯 서예지 한테 하지 마시오. 서예지는 연기 잘 하는데, 너무나 분노를 퍼붓지 마시오.",10,1
633,다른 사람의 미래가 보이는 능력자의 이야기!!  너무나도 보고 싶어요 ㅎㅎㅎ,10,1
634,어이가없네 이나라는 사생활침해가 무슨 공산당세뇌처럼 되어버린듯한 착각에 빠지게한다 니들 연애사나 똑바로하든가!! 남녀의 사랑이 무슨 자로잰듯 획일화되어야해? 에밀리브론테의 폭풍의 언덕같은 사랑도 세상엔 있는법이라고!! 서예지! 당신은 욕먹을 이유가 단 1%도 없습니다당신이 불륜입니까? 댓글보니 참 유치하고 ♪♪ 풍년일세,10,1
635,배우만 봐도 알 수 있다 엄청 재밌을것 같아용 !,10,1
636,서예지 작품 기대만빵! 대박나겠는걸~,10,1
637,서예지의 목소리만으로 몰입할 준비는 끝,10,1
638,연기신 서예지님 영화 기대됩니다^^,10,1
