﻿,document,score,label
0,물탱크는 안에서도 잠글 수 있게 법제화하라,10,1
1,전 엄마랑 너무 재밌게 봤는데.. 왜 평이 별로 인지 모르겠네요..기분전환하기 너무 좋은 영화였습니다! 별10개주면 알바라 할까봐 하나 뺐습니다!,9,1
2,아이들과 재밌게 봤습니다 저는 차승원 좋아하고 아이들은 이광수 좋아해서 보러갔는데  김성균  능청스런 연기 넘 재밌었어요 엑시트 영화 같은 장르입니다 아이들이 초반부터 빵빵 터지더니 후반에는 부성애에 눈물도 나고... 가족들과 함께 보기 좋은영화입니다 코로나 아니면 방학이라 천만도 될것같던데.. 개봉날 첫타임에 봤는데 관객들이 꽤 있어서 놀랬거든요~ 아이들이 더 재밌게 보더라구요~,10,1
3,"너무 유치할 것 같아서 몇 번을 안 보려고 결심한 후에 봤다. 하지만 의외로 영화에 대한 만족도는 높았다.  너무 개그 치려고 하면 짜증나는데 그렇지 않아서 좋았고, 적당히 유쾌하고 약간의 사회적 메시지에 적당히 긴장감과 슬픔이 있어서 꽤 긴 러닝타임이 지루하지 않게 흘러갔다.",8,1
4,"싱크홀이라는 소재도 신선하고 재미, 액션, 재난 다있음!!",10,1
5,재밌고 또래 남자아이를 키우고 있던터라 진짜 눈이 퉁퉁붓도록 울었다.. 재미 감동 다 있음. 지루하지않고.,8,1
6,차승원 나오는 영화는 다본다,10,1
7,생각보다 괜찮았어요. 예고편 볼때는 기대 1도 안 되었는데 다 보고 나니 괜찮네요. 군데군데 참신한 아이디어도 있고...차승원 이번에는 좀 잘 되었으면 좋겠습니다. 배우들 힘들게 찍었을 듯요.,8,1
8,차승원 배우님 아들. 국경의 남쪽 너무 좋았는데 다시보기하며 기다려야겠어요.,10,1
9,재밌어요,10,1
10,"방학이라 아이들과 가볍게 보았습니다 ^^ 코믹함이 있지만,  현재 한국 사회를 잘 표현 해놓은 영화네요 각자의 역할에 맞는 가벼운 대사에도 깊은 뜻을 숨겨놓았고 그걸 되씹어보는 재미가 있습니다 (사실 되씹으면 조금 슬픕니다..^^) 의상이나 차량 부분에서 감독의 의도가 궁금했던 몇가지 장면들이 있었고요~ 겉만 보면 코믹이고 신파라고 생각하시는 분들도 있겠지만, 깊이를 보면 지금의 현실을 기록한 영화인 듯 합니다.. 완벽히 한국영화다운 영화였습니다~ 추천합니다~",10,1
11,왜케 평점이 안좋지.? 재미있고 감동적이고 심장쫄깃하구만.. 상대영화에서 알바풀었나? 근래 몇편본 영화중 쟤일 가족가 같이보기좋은 영화였음.. 지금가족들에거 무관심했다면 한번돌아봄듯한 영화..,10,1
12,엄마랑 동생이랑 보러 갔는데 영화관에서 웃음소리 들리고 저희는 정말 다  재밌게 봤어요! 특수효과를 기대하면서 보기 보다는 가볍게 보기 좋은 영화라고 느꼈어요☺️,10,1
13,영화보다 이광수가 런닝맨에 홍보 나올게 더 기대됨!!!,8,1
14,궁금해서 결국봄 방금봄 별루면 말지 했는데 반전이네 난 꿀재밌엇음 극장안 사람도 없고 넘 좋앗음 다보고 나오면서 혼잣말 모가디슈보다 오히려 잼나네 차승원 더조아짐 승원이형~ 얼른 집에가서 삼시세끼 다시보며 진흙구이 통닭에 혼술각 기분좋은 영화는 그날을 확 바꾼다 (파주메가박스21.8.12),10,1
15,"차승원, 이광수 어쩜 유재석이 이렇게 장난치기 좋아하는 멤버가 모였냐 ㅋㅋㅋ 영화 대박나고 런닝맨에서 보장 ^^",10,1
16,영화를 영화로 봐야지 싱크홀이 맞냐 아니냐가 뭐가 중요하지?,10,1
17,진짜 너무 재미있었고 다음에 또 보고 싶어요 간만에 엄청 웃고 엄청 울었숩니당,10,1
18,"난 너무 재밌었는데 슬픔,재미 망한 게 아니라 성공한거임. 그리고 열심히 한 배우들 깎아내리는 건 이해가 안 감 나는 언제 생각해도 싱크홀은 재밌었던 영화라고 생각한다. 배우들 비판하지 말고 자기 재밌는 영화나 보러 가라. 재밌는 사람에겐 재밌을 뿐인다. 평점 1점을 준다해도 선 넘지 마라. 그리고 자신이 나중에 안보면 되지 누가 남이 재밌을지도 모르면서 보지 말라입니까? 그런 건 하지 마세요 즐거우면서 슬프게(재밌게) 본 사람도 적지 않으니까",10,1
19,"경쟁작 알바가 많은것 같습니다. 영화는 감독의 의도와 작품 곳곳에 관객들에게 전달하고픈  숨은 요소를 찾아 해석하고. 뜻을 알아가는 재미가 있는게 영화의 매력 아닐까 싶습니다.  차배우 옷에 적힌 코리아를 자주 노출 시키는 의미와, 3잡을 가지고도 3천 보증금에 85만원 월세를 살수 밖에 없는 현실, 인턴직원이 회사에 바라는건 명절날 정직원들처럼 집에 명절선물받고 싶다는 소박한 젊은 직원들의 생각 등등 내면을 들어가보면 느낄수 있는것들이 많습니다.",10,1
20,영화가 절말로 제미있어요 조끔옷겼어요 대박 예감 이듣네요 배우들 모두 연기가 훌륭한 네요  코미디한 영화를 보고싶은면 추천할것애요,10,1
21,가족들이랑 가볍게 보기 좋은 영화 재난 액션 코믹 다 있음,10,1
22,방학에 아이들과 보기 괜찮네요.  슬프기도 하고 재밌기도 한게 엑시트 2탄 느낌인데  볼 만 합니다.  싱크홀 무섭네요--;  천만 갑시다^^,10,1
23,평점이   너무   안 좋아서 별 기대없이 보아서인지 생각보다는   재미 있었어요 빨리 구조될 수 있는 방법을 안 써서  좀 이해는 안되었지만~^^;;;,8,1
24,1빠 내가 좋아 하는 배우분들 무조껀 봐야쥬 ,10,1
25,재미있어요,8,1
26,코로나로 힘든 시기를 보내고 있는데 모처럼 웃음과 감동을 주는 영화,10,1
27,여름 영화로 딱인 것 같아요! 같이 보고 온 친구들두 재밌대요,10,1
28,가족들이랑 가볍게 보러가기 좋은 유쾌한 영화였음. 엑시트랑 터널도 생각나고 스케일도 커서 꼭 극장에서 봐야 할 영화임.,10,1
29,액션 코믹 다 있는영화! 배우들 케미가 최고ㅠㅠ,10,1
30,"방금 초등5학년 아들과 봤는데 역시 차승원!!! 재미도 있고 풍자, 가족애, 이웃애? 확실히 볼만하고 재미있게 봤습니다. 강추합니다.",10,1
31,꿀잼,10,1
32,마지막에 감동적이네요,10,1
33,웃다 울다를 반복했네요. 넘 재밌게 봤습니다! 요근래들어 가장 재밌게 본 영화예요!,10,1
34,간만에 영화관에서 실컷웃었습니다. 차승원이 다~~~~한~~~~~~~~~영화 그냥 차승원  믿고보는 배우입니당^^,10,1
35,아이들과 같이 볼만합니다~ 배우들이 고생 많으셨네요.. 잘 봤습니다,10,1
36,재미없어도 보고싶다 근데 재미있을것같네,10,1
37,큰 아들과 같이 봤어요. 요즘같이 힘든시절에 간만에 웃어봤네요. 그렇다고 마음 찡한 씬이 없던건 아니구요. 적절하게 잘 배합이 되어 있던 거 같습니다. 물론 전개가 조금 길기는 했는데 그렇다고 지루해서 졸릴정도는 아니구요. 댓글 쓰신 분들 보니까 아직 관람전 이신거 같네요. ^^ 오락영화 보면서 뭔가 큰 의미를 기대하고 보기보다 비우시고 보시길 추천합니다.  아내와 둘째가 않봤는데 추천하려구요.^^,9,1
38,"싱크홀의 개연성, 지하 500m 속이 너무 밝고.. 등등은 영화라 묻어두고..  막내랑 봤는데, 조용한 영화관에서 코로나시국에 즐겁게 본 영화입니다.  요즘은 즐겁고 유쾌한 게 좋네요^^",7,1
39,기대만땅,10,1
40,제목부터가 잘못됐음 싱크홀은 국내에서 발생하지 않으며 석회암 지대에서 발생하는데 우리나라는 싱크홀이 발생할 만큼 큰 석회암 지대가 도심지에 없음 한동안 잠실에서 발생한 싱크홀은 언론에서 잘못된 말이고 '토사유실에 의한 지반침하' 혹은 '땅 꺼짐' 이 맞음 는 관련 업계종사자여서 헛소리한거고 볼거애용,10,1
41,유치할 줄 알았는데. 웃음 포인트도 있고 가볍게 보기 괜찮았음. 모가디슈 보다 더 나았고 같은 재난영화 엑시트보다 더 재미있게 보았음. 평점이 낮아서 높게 줌.,10,1
42,재난영화지만  유쾌하고 재미있다ㆍ감동도 있고ᆢ 코로나 시기에  기분전환되는 영화!,10,1
43,여름휴가 제대로 보내지못한 나에게 기분전환겸보러갔다  눈물쏟게 만든영화.. 다둥이아빠로써  나에겐 슬픈영화,10,1
44,개학전에 가족들과 봤는데 넘 재미있고 감동적인 영화 악플다시는 분들은 다른영화 알바신가? 정말 따뜻하고 스트레스 풀리는 영화인데 평점 1은 이해가 안가네요,7,1
45,신박하고 이런 B급 감성 재난물 좋아하는데 처음엔 가볍게 웃으면서 보려고 봤다가 울면서 나왔어요ㅜㅜ 왜이리 감동적인지... 울다가 웃다가 난리였네요 한 다섯 번 더 보고 싶습니다 명배우들의 명연기가 빛나는 영화였습니다:-),10,1
46,재밌게 봤어요~!,10,1
47,너무 재미있어욬ㅋㅋㅋㅋ재미+스릴+공포 인생에 남을법한 영화에요.(제가 원래 재난 영화를 좋아해요♥️꺅),10,1
48,일단 배우 라인업부터가 너무 기대됨!~!! 기대만빵,10,1
49,너무 재미있었어요!! 배우분들 다 연기도 잘하시구 웃겼던 부분도 많아서 지루할틈없이 봤어요 어제봤는데 오늘 또보고싶은 영화..❤,10,1
50,추천합니다.,10,1
51,평점이 낮아서 기대를 안했는데요  가볍지만 간간히 재밌고 눈물도 감동도 있어요 온가족이 가볍게 나들이 가서 볼수 있는  영화로 추천합니다. 잘봤습니다. ~,8,1
52,차승원이 다 한 영화 ㅎㅎㅎ 그래도 재미있게봤어요ㅋㅋ,10,1
53,가족과 재미있게 봤음.,8,1
54,재밌구만~ 뭔 ♬♩덜이냐??? 너네들이 영화 한번 만들어봐라,10,1
55,벌써 재밌다,10,1
56,그냥 한 번 봅시다 보기도 전에 악플 달지 말고,10,1
57,흥미진진해지는 90000,10,1
58,최근 개봉작중 제일 재밌음 평점보니 좌빨들 총출동해서 테러하는중 참  하는짓 보니 선동질 개오지네  이런데까지 와서 정치댓글 평점테러 딱 그수준에 그밥이다.,10,1
59,싱크홀 재밌었어요..이광수배우때문에 보긴 했지만 여러 감동도 재미도 있어 좋았꿍.. 가족끼리 봐도 좋을거 같아예~,10,1
60,재미있게 봤어요,7,1
61,코믹재난영화입니다 개그가 완전 웃기기 보다는 피식하고 볼수 있는 정도 입니다 배우들이 살짝 오바하는 것 같기도 하지만 보기 불편한 정도는 아닙니다  저는 나름대로 재미있게 보았습니다^^,8,1
62,광수야 나 런닝맨 잘보고 있다잉~~~,10,1
63,"막 보고 나왔는데,  평점이 왜 안좋은지 모르겠음.. 영화 볼적에 생각 보다 많이 웃었네요… 같이 보는 사람들도 많이 웃었고, 요즘 틈틈히 뉴스 나오는 싱크홀 주제 , 감동 보다는 틈틈히 많이 웃었어요",9,1
64,"엄마,아빠랑 같이 오늘 싱크홀을 봤는데 극장 안에 사람들이 가득 찼어요. 싱크홀 영화 재밌었어요. 왜 사람들이 재미없다고 하는지 모르겠어요.",10,1
65,너무 재밌게 잘봤습니다 ^^,10,1
66,한국영화 볼때 젤 짜증 나는 욕설이 안나와서 좋았다.,8,1
67,추천,10,1
68,.,10,1
69,"싱크홀이라는 참신한 주제, 재난 코미디의 한 획을 그을 영화",10,1
70,오랫만에 조조로 초6 아들과  함께 재미있게 관람했습니다. 곁에 있는 가족이나 친구에게 후회없이 더 잘 해줘야지 라는 생각을 했습니다,8,1
71,나쁘지 않은 영화인데 왜들 이러지? 도입부에 다소 어색한 부분만 보고 끝까지 않본 모양들이군,8,1
72,아이와 함께 보며 가족의 소중함을 느껴봅니다~ 울다가 웃다가~~^^ 잼나게 잘봤어요♡,9,1
73,"영화를 보기 전에 평점이 극과 극이라서 꼭 보고 판단하겠다 싶었습니다. 별점주고 평가 이전에 ,영화관에서 엔딩 크레딧 다 올라갈때까지 한번 기다려서 끝까지 보십시요. 영화 한편 만드는데 수천명의 사람들이,때론 수만명이 각자의 자리에서 수고하고 모든 힘을 쥐어짜서 나오는게 영화입니다. 적어도 영화인들에 대한 존중하는 마음은 담은 평가이길 바랍니다. 손가락 하나로 방구석 평론가를 자처하는 수많은 악평가들, 당신들 기준이 높다면 평가도 수준 높은 멘트로 전문적으로 지적하길 바랍니다. 별 한개도 아깝다는 어거지를 부리는 인간들은 별 한개의 기준을 제시하길. . 적어도 이 영화는 별 7점은 줄수있는 평타입니다. 시나리오의 촘촘함과 디테일이 아쉬웠으나 즐겁게 관람할수 있는 영화입니다. 수고한 배우들 때문에 8점 줍니다",8,1
74,기대가된다,10,1
75,솔직히 차승웤 배우님 코미디 보다는  독전처럼  임팩트 강한 영화가 더 잘 잘어울리는데...코미디 하긴에.. 너무 멋짐.. 독잔 시사회때도 옆에 있던 조진웅을  완전 오징어로 만들어 버리던..  차간지....차아우라,10,1
76,샘각보다 괜찮은 영화였습니다 내용이 재밌어 흡족했습니다,10,1
77,아이와 보기 좋은 영화,10,1
78,"엑시트처럼 재미있게 볼수있었던 영화, 광수떔에 빵터짐 ㅎㅎㅎ",10,1
79,"실제로 보면 악플 쓴 사람들은 제대로 본게 맞는지 싶을 정도로 재밌어요…! 재난 상황을 조금 나중에 설정한점이 아쉽다고 하시는 분이 많았는데 ..ㅠㅠ 저는 오히려 주인공들의 상황 설명에 도움이 되어 재난상황에 더욱 공감할 수 있었던 것 같아요! 특히 가족에 대한 소중함을 느낄 수 있는 영화라서 가족영화로 추천드려요💖💖 악역도 없고 보고 나면 마음이 몽글몽글해집니당😚  재난 뿐만 아니라 슬픔, 개그 까지 모두 포함 되어있어 마음편히 몰입하여 볼 수 있었던것 같아요!! 또 보러가고 싶당~~",10,1
80,생각보다 평점이 낮아서 고민하다가 100만 돌파했다는 생각에 가족을 동원해서 봤는데...영화관안에 사람들이 가득차있더군요. 재미있더군요...그런데 평점이 낮게 적는 인간들이 어떤 자들인지 짐작이 가더군요.영화에서 아파트 가격에 대한 서민들의 회의적인 대화가 나오더군요.지금의 부동산정책을 비난하는듯한  늬앙스가 풍기니 지금의 정권을 지지하는 자들의 평점테러가 있지않았나 싶더군요. 하지만 국민들의 눈과 귓와 입은 막지못해 120만을 넘어섰습니다. 하여든 너무 재미있더군요 ㅎㅎ,9,1
81,코로나 세상 답답함과 더위를 날려 보내는 재미....,10,1
82,추천합니다. 마음 편하게 볼 수 있는 영화입니다. 좋아요.,9,1
83,이광수 너무 웃겨..퓨ㅠ,10,1
84,웃음 감동 다 있어요~ 가족이 함께 보가 좋아요^^,10,1
85,재밌어요,10,1
86,평점이 왜 이런지... 신랑이랑 둘다 재미있게 잘봄.,10,1
87,생각보다 그리 지루하진  않고 킬링타임으로 적당한  영화~,8,1
88,재밌게 잘 봤어요^^,10,1
89,잼있음.. 대한민국119를 너무 저평가함,8,1
90,그냥 그냥 재미있어요,7,1
91,산소통을 잘 챙겨야 겠다,10,1
92,웃기고 무섭고,7,1
93,"후기 평 보고 걱정했는데, 그정돈 아니고, 나름 킬링 타임용으론 볼만함. 중간중간 어색한 부분들도 있는데, 편집에서 들어냈을 것 같음, 그 부분들이 있어서 그렇지 전체적으론 연결이 나쁘지 않음. 속도감이 좀 낮아서 긴장되는 부분이 많지 않지만, 편안하게 봄~!! 오락영화론 충분한듯.. 가족들과 재미있게 봤습니다. 애들이 펑펑 울면서~~!!ㅋ",8,1
94,너무 재밌게 봤어요 ㅎㅎㅎ 평점 낮게주는 다른영화 알바들은 물러가라,10,1
95,코믹+슬픔이 모여서 볼만했음,8,1
96,재미있었습니다.,10,1
97,잼있고 감동적입니다.,10,1
98,Good,10,1
99,^^,10,1
100,장르는 다르지만 모가디슈 보다 재밌었어요,10,1
101,마지막 대사 10년 기다리는 행복보다는 당장행복한게 정답 까칠해 얄밉던 차승원아재 반전멋짐폭팔 의외꿀잼 의외감동 간만에 멋진영화엿어요 추천추천,9,1
102,오랜만에 광수를 봤다. 그리고 영화가 재미있었다.  개그 6 재난 3 신파 1 정도 비율로 생각하고 보면 됩니다.,9,1
103,기대됩니다. 어여 개봉해주세요.,10,1
104,재밌는데 왜이렇게 평점이 안좋지...너무 재밌게 봤는뎁~!!!,10,1
105,기대를 1도 안하고 봤는데 초딩아들은 재밌었다고 하네요. 저도 볼만했고 잔잔바리 개그가 섞여있는 코믹재난영화였어요. 모든 캐릭터들의 사연에 부연설명이 없는게 좀 아쉬웠어요.,9,1
106,오랜만에 돌아온 차승원 코믹의 귀환,8,1
107,간만에 웃고나온 영화다. 차승원 ㅋㅋㅋㅋ,8,1
108,빨리 개봉했으면 좋겠다,10,1
109,아이들과 재미있게 봤습니다.,9,1
110,재밌게 잘 봤어요. 엑시트를 이은 재난영화~2년 후엔 어떤게 나올지 또 기대되네요. 좀 유치한감 있었지만 코로나시국에 1년 6개월만에 영화관 나들이 한것만으로도 감격스럽고 아이들 웃을수 있어서 만족합니다.,10,1
111,왜 평점이 낮을지 모르정도로 재밌었고 몰입감이 장난이 아니여서 2시간 시간가는줄 모르고 본거 같네요 가족과 봐도 욕설 많이 없고 좋아요 ~,10,1
112,기대이상으로 재미있네요~~^^,10,1
113,기대안하고 봤는데..나름 재미있었음. 6.6 ? 별점테러할 수준은 아님.  아시아 프린스때문에 동남아 흥행 기대되네.,9,1
114,개봉일에 아이와 재미있게 봤어요~~  여름방학에 어울리는 영화~,7,1
115,L넘넘 재밌게 보고갑니다,10,1
116,공감가는 대사와 정서. 재난 영화를 너무 어둡게만 그리지 않은 발상도 효과적. 실감나는 묘사. 조마조마 울컥하기도.,8,1
117,무지 재밌게 봄. 초반 10분정도는 그저 그런데 집이 싱크홀에 빠진 이후로 흥미 진진하고 차승원과 이광수의 연기력이 돋보임.,9,1
118,코믹/재난물로써 잘만들었음.,10,1
119,평점이 너무 낮음  그냥 잼나게 볼만 합니다,8,1
120,아이들과 별 기대없이 보러 갔는데 너무 재미있었음. 눈물과 웃음이 섞인 우리나라 사람들이 좋아할만한건 다 넣어놨다는ᆢ,10,1
121,재밌게 봤습니다. 추천드려요.,10,1
122,진짜 존잼임 ㅠㅠ,10,1
123,재밌구만유~~간만에 웃음감동 .웃감이네유,10,1
124,개그도 그냥 그렇고 재난영화로도 그냥 그랬음..,5,0
125,예고편 봤는데 평범하지 않은(?) 재난물 인거 같아서 기대된다!,10,1
126,재미있어요,8,1
127,넘 재밌었어요!,10,1
128,아이들과 보기 괜찮았어요,8,1
129,힘든시기에  웃으며  보구왔네요  마음이 힐링이 되네요,10,1
130,재밌던데,10,1
131,"전 재미있게 봤어요..코믹영화에 감성이 더해서 시간가는줄 몰랐네요.. 부성애, 모성애 다 느낄수 있는 짠하고 즐거운 영화여서 직원들한테 추천했어요.",10,1
132,웃음과 감동!! 영화 끝까지 긴장감 있게 잘 봤습니다. 왜 평점이 안 좋은지 모르겠네요.,10,1
133,재난영화인데 엄청 웃었다. 영화니까 ㅎㅎ,9,1
134,코믹과 재난의 불협화음을 세태풍자와 가족애 이타행으로 돌파구를 찾는다.,8,1
135,코믹에 광수랑 차승원 나오면 믿고 본다!!! 엑시트 같은 재난 액션물 재밌겠당,10,1
136,영프에서 보고 완전 기대중! 빨리 개봉해랏!!,10,1
137,여름에 가족들이랑 보기 좋을 듯,10,1
138,재미와감동.,10,1
139,7광구 감독이라고 욕하지 마세요 니들은 그렇게 만들수나 있냐? 아무 기대 안하고 봤더니 괜찮았어 중간중간 웃음코드도 있고 아버지 역의 차승원 연기 좋았어 진짜 평점테러 하지 좀 말아나 솔찍히 1점줄 영화는 아니다 그 이상이지~ 마지막 신파라 울컥은 있지만 이광수 웃음코드 웃겨요~~ㅎㅎ 한번 보세요 쓰레기 이정도는 아닙니다,8,1
140,그냥 가볍고 재밌게 가족들끼리 볼 수 있는 영화  배우들 다 좋았음 주제는 신박 줄거리는 별로ㅎ ,8,1
141,넘 재밌어요~차승원 연기짱,9,1
142,이영화 예매해놓고 평점이 너무안좋고  떡점이라 보는 당일까지 예매취소할까 고민하던1인. 근데 다른거 볼게 없어서 봤는데 은근 잼밌었음. 기대안하고 봐서 그런것도 있고 일요일에 사람도 은근 많아서 호응유도도 되서 더 몰입감 있게 봤음. 평점 제대로 줘야지 하고 들어왔는데 나랑 같은 생각을 한사람들이 많군요.근데 그때까지 평점1점 주던 사람들 도대체 뭐냐. 정말 알바냐?,10,1
143,기대만큼 재밌었던 영화였네요 ㅎㅎㅎㅎㅎ,10,1
144,가족과 함께 보고 왔습니다 현실감나고 우리에게 일어날 수도 있다는 생각에  감동적이였습니다   영화 훌륭했습니다,10,1
145,싱크홀이라는 소재를 이용한 재난 영화!!!  너무나도 기대되는 재난 영화입니다!!!,10,1
146,온 가족이 볼 수 있는 영화! 아직 안 봤다면 빨리 보시오.,10,1
147,기냥 시간떼우기용!!!,5,0
148,"재난영화라 너무 무겁거나, 출연 배우들이 약간 코믹하신 분들이라 반대로 너무 가볍게 다루었을까봐 조금 걱정했는데 기우였습니다. 일단 재미있었고, CG부분도 티 안나게 잘됐고 ,감동, 스릴에 기발한 생각(엘로섬머린)까지~ 흙더미에, 물구덩이에 아주 힘든 촬영하신 배우님들 수고하셨어요~~ 안전불감증의 세태를 잘 꼬집어 주셨네요.  모두 구슬 한번 굴려봐야겠어요.^^",9,1
149,너무   흥미진진~  2 차 관람들어갑니다,10,1
150,"역시 아파트사야함, 아기가 있어서인지 눈물찔찔",8,1
151,저는 너무 재미있게 봤습니다. 가족과 함께 본 씽크홀~ 기억에 오랫동안 남을것 같아요.,10,1
152,기대 안하고 봤다가 재미+감동이 너무 좋았어요 여름방학 끝나기 전에 아이들과 꼭 보세요,10,1
153,본지  몇 칠   됐네요   재미 있어요  보세요  강추예여,10,1
154,부산행과 엑시트 비슷합니다.  특히 차승원의 신들린 연기가 장난 없습니다. 액션과 가족 사랑 그리고 해피엔딩 전형적인 구조이지만. 정말 재밌습니다 . 특히 마지막 30분은 숨쉴틈없이 몰아치는 액션에 눈을 뗄수없습니다. 정말 강력하게 추천합니다. 객관적으로 매우 잘 만든 상업영화입니다. 하지만 확실하게 재밌♩♪니다,10,1
155,이영화 강추다  스토리도 개연성도 엉터리였지만  아 과연 쇼박스 코메디 속에서도 성실히 휴머니티를 보여줬다 암튼 아무생각없이 가볍게 볼만은 하다  어제본 올드를 보면서는 누구지 조조래빗에 유태인소녀 같은데 하며 임신과 출산 그리고 곧바로 사망 장면도 있지만   산모 배의 크기로 볼때 임신5개월이란 대사 한줄에 다크투어 관광때 본 독일이 유태인을 상대로한 전쟁범죄인 생체실험 등도 떠오르고  일본도731부대에서 한국인 등을 상대로 칠삭동이 팔삭동이 심지어 오삭동이도 강제로 제왕절개하여 생존 살수가 있는지 포르말린처리 표본해가며 실험  살아있는 사람에게 동상실험 콜레라와 장티푸스 그리고 성병 연구빌미로 매독 등을 고의로 주입하고 생물학 치료제 제약 실험연구하고 딴생각에 혼란스럽지만 말이다,8,1
156,재미있게 봤습니다. 고생한 스텝진과 배우들에게 박수를 보냅니다.,10,1
157,"너무 재밌게 봤어요.  김성균,차승원,이광수 꿀조합!♡ 긴장 안하고 마음껏 웃으며 보기에 좋아요. 감동 포인트도 있고요. 재난시 뭐가 필요할지  알게 되서 유익한 점도  좋았어요.",10,1
158,평이 안좋은 이유를 모르겠어요 !!!  친구랑 조조로봤어요!!!  남편이 애를 봐줘서 친구와  간만에 너무 잘 쉬며 본 영화였고 한국적인 재난영화인데 웰메이드 입니다,10,1
159,킬링타임용으로 잘봤네요 재밌었어요~,10,1
160,배우들 캐미가 진짜 좋았고 ㅋㅋ 시작부터 끝날때까지 지루할 틈이 없었고 진짜 너무 잼있었음,10,1
161,500미터 떨어졌는데 살아있는게 신기하네요,8,1
162,영화보다 화나긴 오랜만  헛웃음과 부끄러움에 얼굴이 붉어졌던 영화,1,0
163,어제 보고왔다. 욕 나올뻔했다,2,0
164,40% 보고 나왔습니다. 영화보고 나온건 이게 2번째네요.,2,0
165,"아까 조조로 봤는데, 가족들끼리 많이 오셨네요^^.  어제 수어사이드 스쿼드보고 돈 아까웠는데, 오늘은 잊고 있던 가족애, 동료애, 희생정신 등 반가운 얼굴들 너무 좋았습니당~~^^*",8,1
166,돈내놔,1,0
167,믿고 봅니다 기대  코로나 바이 바이,10,1
168,무난하네요. 돈값하는듯,8,1
169,즐겁게 봤습니다..,10,1
170,너무너무잼있게봤습니다 영화를 영화로 안보고 평점나쁘게 주는사람들은 .....영화를 평가하려고만 보시는지...? 울다 웃다 집에있는 아이들도 생각이나고 너무 재미있었어요,10,1
171,살아있다보다 조금더 잘만든 재난영화지만 클리셰 범벅과 주인공 한둘은 죽여야 그나마 사실성있는데…  스카이스크래퍼 + 포세이돈 어드밴처 같은 재난물의 공식을 잘따라가는.. 두번 볼 영화는 아닌..,5,0
172,기대!!!!,10,1
173,👍👍👍👍,10,1
174,왜 평점이 안좋은지 이해가 안되네요.. 후반부로 갈수록 재미있고 아이디어도 참신해서 재미있었었요!,10,1
175,119모독 예매율 1위에 낚임,8,1
176,복잡하게 생각말고 보면 아주 재미있었요,10,1
177,넘 오래만에 극장에서  봤어요  잼있고 유쾌하고 기분좋게 봤어요~조금 울기도했지만.. 배우분들도 좋았구 특히  아역 수찬이가 넘 귀여웠어요 연기도 잘하고 앞으로가 기대되네요,9,1
178,우울한 세상에 몇년만에 아내와 같이 영화를 보고 넘넘 재미 있어서  좋았던 영화~!!  이시국에 고구마 없는 전개여서 더욱 좋았음~!!!,8,1
179,너무 억지스러운 스토리 때문에 싱크홀 떨어진 이후 부터 계속 고개를 갸웃 하면서 봄…돈 내고 보면 너무 아까움..,4,0
180,"킬링용^,.^...하...내주말돌려줘",5,0
181,싱크홀 안에서의 스토리가 대단하게 짜여졌다 할머니까지 모두 필요한 존재라는 스로리짜임이 대단하다 차승원이 끝까지 다했다! 군더더기 신파는 적절히 생략하여 깔끔하게 마무리. 점수가 왜 낮나했더니 부동산투기꾼들이 싫어할 영화 ㅎㅎ,9,1
182,화나서 후기씀 7광구 감독인줄 알았음 안보았을수도. 한국영화 다시 후진하는건가 아.. ㅠㅠ 개봉 첫날이라 알바 마니 풀었나봐요,1,0
183,재미 웃음 슬픔 3박자 모두 실패한 영화  참다참다 막판에 나옴 아무리 영화라지만 현실성 제로에 개그는 왜넣은건지 불편하기만하고 영화볼때 사전검색 안하는데 할걸그랬다 내돈 !!!!,1,0
184,재미있어요. 소재도.참신하고. 코로나로.힘든시국에.좋은영화.잘봤습니다. 10점준분들보다.1점준분들이.알바인것같습니다. 8점이상입니다.^^,9,1
185,돈주고 보기 아깝네요 스토리도 빈약하고 연기도 그닥 개연성이 부족해 많이 아쉬운 영화였습니다.,1,0
186,배우들 노력이 가상해서 6점 준다. 초반엔 진짜 B급 영환가 내가 선택을 잘못했나 후회가 들 정도였다. 중반부터 볼만은 했지만 특수효과가 어설펐다.  그래도 신파도 적당하고 대체적으론 무난한 영화다.,6,1
187,밑도 끝도 없는 줄거리 어설픈  예측가능한 코메디연기 이제까지 본  영화중 최악,1,0
188,"재난영화 솔직히 지겹다... 화재, 쓰나미, 태풍, 해일... 이젠 하다하다 싱크홀...ㅠ  코로나를 무릅쓰고 다들 고생하셨으니 7점은 드릴게요.",7,1
189,8광근,10,1
190,아무생각없이 갔는데 예고도 안보고 너무 재밌었다 지루한 면이 하나도 없었다 스릴있고 코믹하고 완전 짱~~~,9,1
191,이광수 배우가 나와서 기대하고 봤는데 생각보다 훨씬 재밌어서 영화 2번이나 봤어요! 앞으로도 영화 더 잘됐으면 좋겠어요,10,1
192,평점보고 기대 안했는데 예상외로 엄청 재밌네요. 한국영화 특유의 신파 같은거 거의 없고 심각한 상황 속에서도 웃기는 장면의 연속이라 영화관 사람들 전부 웃으면서 봤네요. 평점은 왜케 안좋은지 이해가 안됨,9,1
193,차승원 이광수는 믿고 본다^^,10,1
194,사랑해요 광수,10,1
195,그놈의 7광구 대체 언제까지 7광구 타령할래?ㅋ 제발 시대좀 따라와라 뒤쳐지지 말고,10,1
196,이광수의 재발견,7,1
197,"영화평론가들의 견해도 귀담아 들음  하지만 서태지에 대한 음악평론가들의 반응과 뚜껑이 열렸을 때 대중의 반응은 극과 극이었던 걸 기억하고 있는 일인으로서 평론가들의 평가가 꼭 대중들의 평가 혹은 니즈와는 다를 수도 있음을 그들 스스로도 인정해야 함.  그시대 상황 또는 그때의 사회 분위기 등 이론과 해박한 학식만으론 절대 알 수 없는 빅데이터와 AI들도 놓칠 수 있는 살아있는 인간들의 마음과 정서란 부분. 싱크홀도 보는 내내 요즘 집값 문제,  갈수록 커지는 빈부격차, 층간 갈등, 소외되는 노인문제, 웃어만 넘길수 없는 싱크홀문제  무엇보다 한집에 사는 가족들간의  바쁘다는 핑계로 소원했던 대화와 정   그런것들을 잠시 어쩌면 인간의 깊숙한 마음의 심연의 싱크홀에 빠트려  생각하게 만든 계기가 된듯",9,1
198,"무능하게 묘사된 소방관, 허무맹랑한 탈출법, 굳이 없어도 됐을 신파 등이 거슬리지만, 가볍게 보기엔 나쁘지 않은 듯.",6,1
199,👍,10,1
200,7광구 그이상을 기대하셔도 조아요,5,0
201,"지루하지 않는, 나름 재밌는 영화였어요",10,1
202,진짜 너무  재미있어요! 재난영화여서  심각할 줄만 알았는데  배우 분들의  자연스러운 연기로  코믹을  잘 녹여 만들어진  영화인 것 같아요!   웃음을 참을 수가  없었어요ㅋ  아이들하고도  보기  좋은 영화인 것 같아요!  정말  재미있고  감동적입니당~~ 아! 참고로  저  알바  이런거  아닙니다!,10,1
203,기대안하고 봤는데 빵빵 터졌어요 추천합니다 ㅎ,8,1
204,완전 꿀지님  배꼽 빠지는줄 후반은 감동  영화 인질로 실망했는데  이영화로 대만족!,9,1
205,재밌게 봤습니다. 세련되게 잘 만들었다는 느낌은 덜합니다. 강력추천은 아닙니다.,8,1
206,그냥 킬링타임,7,1
207,배우들이 억지로 웃기려고 하는 모습에 좀 식상... 장르가 코미딘지 재난영환지 헷갈렸는데 검색해 보니 드라마네ㅡ.ㅡ 탈출하려고 모두들 한마음이 되어 노력하는 모습이 감동. 그후에 집이 어떻게 되었는지 알 수 없어서 아쉬움.,6,1
208,어설픈 스토리에 노잼 ㅎㅎ 국산이라 힘내자~초딩 추천,5,0
209,"일단, 타인의 평점을 통해 영화를 좀 인식하고 가서 그런지 초반에 좀 일부러 일어나는 코믹적 요소에 약간 실소 하는 건 사실. 캐스팅에 차승원, 이광수 등을 보면서 재난 영화라도 진부한 영화는 아닐 것이라 미리 예견이 되었음.  재난으로 이어지기 전까지의 일상적인 모습의 분량이 생각보다 많았다 생각이 들어 살짝 지루할 수도 있겠다.  중반 이후 건물이 싱크홀에 빠지면서 일어나는 조목조목 에피소드는 큰 블록버스터를 표방하는 볼거리는 솔직히 아니었다 싶음.  매번 그렇지만, 영화에서 구조대나 경찰은 거의 병풍 같다고 하는 느낌이 여기서도 답습함.  스스로 탈출하지 않으면 목숨 부지 하기 어렵다는 결론?  차승원 아들의 극중 존재는 좀 무의미한 느낌이 들었고,   결론상 주인공들은 해피결론은 대동소이하다고 봄.",8,1
210,부동산판 엑시트,7,1
211,"광수형 때문에 봤는데 정말 쓰레기 영홥니다. 절대 보지 마세용 7광구의 계보를 잇는 희대의 망작. 스토리, 개연성, 연출, cg, 사운드, 연기, 웃음, 발단전개절정결말 하나도 빠짐없이 다 망했음. 이렇게 망하기도 쉽지 않음. 이광수랑 차승원 둘이서 2시간 동안 땅 파서 싱크홀 만드는 게 더 재밌을 듯.",1,0
212,배우고 스토리고 간에 7광구 찍은 감독이네? ㅋㅋ,1,0
213,광수 효과로 첫날 대박쳤지만 이제 급락할듯.. 솔직히 이건 영화라고 하기에도 수준 너무 떨어짐..,1,0
214,재미 감동 그런걸 다 잡으려고 한거 같은데  그냥 좋은 재료 막 때려넣고 만든 무언지도 모를 짬뽕 음식같음. 그래서 막 재밌지도 막 감동적이지도 않음. 엑시트와 터널을 섞은 듯하지만 엑시트만큼의 재미도 터널만큼의 처절함과 긴박감이 없음. 보고 나오는데 애매하고 찝찜함. 평점이 낮은건 다 이유가 있는법. 그래도 7광구보단 나아서 3점.그냥 티비로 보는게 딱 적당함.,3,0
215,영화의 아이디어만 좋았고 개연성도 코미디도 디테일도 CG도 연출도 매우 아쉬웠다,3,0
216,안보는 거였어요ㅡㅡ,2,0
217,초중반은 괜찮은데 뒤로 갈수록 대충 만든 느낌,6,1
218,2021 한국영화의 밑바닥 갱신,1,0
219,생각보단 괜찮아 평균 올려주려고 별 한개 더줌 엑시트보단 조금 모자라고 해운대같은거보단 훨 낫다. 수찬이가 귀여움,9,1
220,겨울에계봉한데요,10,1
221,"싱크홀이라는 재난 주제 영화에서 코미디, 러브라인 등 모든것 집어 넣을려고 함, 구성 별로임 재난 상황을 전제로 하는거면 어느정도 구색을 맞춰야되는데 코미디도 아니고 재난 영화도 아니고 이도저도 아닌 영화가 된것 같음",1,0
222,진지한없는 코미디안,5,0
223,미안하지만 6점 이상 못주겠다...;;;,6,1
224,감독 필모를 보니 7광구와 타워가  있네요 풉,2,0
225,돈주고는 못볼듯..,1,0
226,ㅁ독이개판이네,2,0
227,얼간이 다섯이 모여  어설픈 얼간이 놀이하는 영화. 정신병동이 통째 싱크홀에 빠져도  이렇게 어설프지 않을 듯.  최소한 간호사는 정상적일 테니까.,5,0
228,중간에 나누고 싶었다.,2,0
229,"대배우 차승원과 이광수 기대감 폭발! 이광수,차승원= 미소, 배려, 매력, 정의감, 착한성격 정말 이미지는 비슷하다",10,1
230,재밌고 슬픈 영화. 미국 아파트 붕괴사고 유력한 원인이 지구온난화로 인한 해수면 상승으로 지반이 약해져 생긴 싱크홀 때문이라는 얘기가 있다. 영화 곳곳에서 연상되는 세월호. ㅜ. ㅜ,10,1
231,이광수❤️,10,1
232,혹시 머니핏이란 영화 베낀건 아니지?,5,0
233,"정말 이상한 영화, 포인트가 없음, 웃기려하는지, 감동을 주려고 하는지, 진지하려 하면 황당한 물탱크 등장, 도저히 집중할 수 없는 이상한 영화 돈이 아까움",2,0
234,억지웃음유발 억지감동유발 짜증만 유발 웃음도 감동도 없다 어이없는전개로 관객들을기만한다 소방관들이 영화를위해 구출을안한다 간만에 중간에 나오고싶은 충동 을   꾹참느라혼냤다ㅜㅠ,1,0
235,영화 싱크홀과 함께 가라앉은 이야기 구성,3,0
236,잘봤어요,10,1
237,재밌어요,10,1
238,재밌긴했는데ᆢ아ᆢ아쉽다 아쉬워ᆢ 더재밌게 만들수 있을거같은뎅  걍더 코믹으로 갔음 더 좋았을뻔,7,1
239,흥미로운 소재네요 재밌을것 같습니다.,10,1
240,아 증말,1,0
241,왜 정영숙하고 아들과 식당배달아줌마 아들은 죽이는걸로 끝내냐? 할머니는 살아도 죽여는 걸로 되냐? 0점준다,1,0
242,개적으로 돈아까움,1,0
243,최악의 상업영화,2,0
244,시간낭비,1,0
245,. .,5,0
246,엑시트 아류같음,6,1
247,허리우드급 전개..뻔뻔한 코믹..이미 준비된 감동..다른 사람이 시나리오를 쓴거같은 결말.. 아들의 시체를 두고 나오지 못하는 치매걸린 할머니의 얼굴이 이 영화 최고의 순간이다..,7,1
248,영화 자체는 6점. 차승원씨 버프로 2점 추가합니다.,8,1
249,알바봐라,1,0
250,넘 황당하고 내용도  엉망이고 중간에 나오고 싶었다,1,0
251,솔직히 이 영화 안봤음 똥인지 된장인지 먹어봐야 맛을 알수있는게 아닌것처럼 7광구 감독 영화라서 믿고 걸렀음 아싸 9000원 벌었다 키키키 이거 본 사람들 호구 인증 크크크 키키키,2,0
252,아~정말 돈아까웠음 보다가 넘 지루하고 재미없어서 걍 나오고 싶었음,2,0
253,지하 500m는 과한설정같은데,4,0
254,.,4,0
255,참 재미없음,1,0
256,무주택자를 위한 작은 위로..집사지마. 빌라 노노~이동식 주택 추천 영화.,2,0
257,"신파! 그놈의 감성팔이!  평점에서 ""신파""  단어보는 순간 흥미 없어짐",3,0
258,안봤습니다ㅋㅋ 미스터리봤을때 차승원을 조심하기로 했거든요,1,0
259,한국영화 발전을 위해 그냥 봤다. 그런데 영화 발전을 후퇴 시키는 영화.,5,0
260,졸다가 자다가...마지막에 조금 봤는데...역시나 재미가 없더라..,1,0
261,"기대되요~  그나저나 차승원은 영화에서 집하고 인연은 없는듯....  예전에 귀시붙은 집을 장만하질 않나....  이번엔 11년만에 장만한 집이 땅속으로;;;;;;ㅠ,.ㅠ",8,1
262,시간과 돈이 남아도는 자만 보라,2,0
263,음..이건 감동도 재미도 없었다 엊그제 재방본거 오늘 삼방보는  느낌??,4,0
264,개연성 1도없고 과학적으로도 의아한 장면이 많지만 영화니까 그러려니 하고 봤습니다. 아무생각 없이 보기 좋아요 정말 기대 1도 안하고 쿠폰 받은게 있어서 시간보내려고 가서 봤는데 돈 안내고 봐서 볼만했는진 모르지만 재밌게 보고 나왔어요 돈내고 보면 좀 맘아팠을것 같긴 합니다.. 아무튼 개연성 팩트 이런거 다 집어치고 그냥 재밌게 보고 나왔습니다!,8,1
265,재밌게 잘 봤음,7,1
266,뭔가 엄청 가슴이 웅장해지는 영화일 것 같다. 벌써부터 아주 기대가 됩니다...,9,1
267,크게 반전은 없고 무난하게 시간 때우기로는 괜찮음,6,1
268,안궁금한데 보고싶은 이상한 느낌적인 느낌,6,1
269,영화 기대했었는데 조만간 없는 시간내서 조카랑 보리 갈 생각이었었는데 감독이 '7광구' 맹근사람이라는 누군가의 평을 듣고  깨끗히 접음 미련없이 접음  영화 볼 맘을~~~~~~,1,0
270,졸라잼없네,2,0
271,이렇게 못 만들디도 힘들다 욕나와!! 돈아까워,1,0
272,"보자마라  시간, 돈 아깝다",2,0
273,하아....,3,0
274,진심 영화 홍보하는거 민망치 않음?  공연 영화계도 도중에 나오면 환불해줘야한다. 개잼 cg망   출연했다고 재미난다 구라로 홍보하면 사기죄 적용해야한다고봄,1,0
275,망할 줄 알았는데 생각보다 많이 봐서 놀람 이런 그지같은 영화도 개봉된다는 것에 놀람 무조건 별1점은 줘야된다는 것도 놀람 코로나 덕에 볼게 드럽게 없는 바람에 흥행 성공한 영화,1,0
276,8광구가 나왔네요...모가디슈 보고 한국영화 이제 뭘봐도 재밌겠구나 하고 봤는데...이정도일줄 ...,1,0
277,필모 보니 7광구 감독이네. 이광수 섭외한 이유가 이해된다.,1,0
278,개봉첫날 가족들 데리고 모처럼 영화를 보았는데 기대한것이 와르르 무너졌내요... 개연성 없는 스토리에 엉성한CG까지... 이건 어디부터 잘못된것인지... 모가디슈 보는것이 나을뻔 했내요....,5,0
279,소재는 괜찮은데 허접한 디렉팅으로 인해 이도 저도 아닌 영화가 되어 버렸다.,5,0
280,그나마  차승원  때문에  5점이라도...,5,0
281,케이블 티비에서 보면 딱 좋을 정도,6,1
282,7광구감독 작품이라서 안본 내가 승리자인가?,7,1
283,차승원 영화는 보는거 아이다,2,0
284,초등학생영화같았어요~,5,0
285,꼭 보세요 진짜 재밌어요 진짜 상상 초월하는 잔인한 일들이 일어납니다.,10,1
286,졸작이지만 나름 뭐.... 아줌마 취향저격 코미디!  평점은 관람후 합시다~,6,1
287,예고편만 봐도 망작느낌이네,1,0
288,돈 시간아까운 영화 Tv에서 해도 볼 이유가없다,1,0
289,평점 마이너스점수가  있음  마이너스주고 싶다!!!!,1,0
290,진짜 댓글 알바 절대 안 믿었는데 이거 보고나니 믿게됨. 초딩이 만들어도 저거보단 잘 만들듯. 공짜로 보여준다해도 못 참을 영화. 인생 역대급 노잼 영화 진짜 보는내내 한숨 쉼,1,0
291,ㅋㅋㅋㅋㅋㅋㅋㅋㅋ 자기만 당할수 없는 건가 평점 머야 ㅎㅎㅎ 올해의 최고 망작~~될 가능성이 가장 높음 ㅎ,1,0
292,스토리 엉성 군데군데 빠진 스토리 너무 아쉽고 cg너무 아쉽고  돈주고 보기 조금 아까웠어요! 조금만더 시간 투자하고 디테일 잡았고 스토리 탄탄했으면 참 좋았을텐데...,1,0
293,이쯤 되면 믿고 거르는 차승원표 영화가될듯,2,0
294,씽크홀 안으로 아까운 내돈과 시간이..,5,0
295,싱크홀로 빠지는 전반까지는 그나마 볼만해서 3등분해서 3점 드립니다.,3,0
296,7광구를 잇는 망작,2,0
297,수찬이엄마역 연기자 연기가너무어색해요,4,0
298,"그러니까 땅속 깊이 푹 꺼져버린 '내 집 마련'의 꿈을 위로하고 싶었던 거라고 믿고 싶다. (재난의 원인에 대해서는 아예 관심을 접을 거면, 우스꽝스러운 탈출기로 집중하지 왜 그 '약간의 진지와 조금의 눈물'을 포기하지 못하는 건지.)",4,0
299,엉성한 cg 개연성없는 스토리 망작,1,0
300,"간만에 중간에 나와보네..., 배우님들 자괴감 드셨을 듯.",1,0
301,감독... 이건 좀 너무한거아니오.....후....,3,0
302,나만 당할순 없다 엄청 재밌으니 모두들 가서 욕하면서 나오시요^^감독아 이렇게 밖에 못만드니????어제 저녁시간을 망쳤다,1,0
303,2~3주 뒤에 VOD 직행에 내 손모가지 겁니다.,1,0
304,기대하고  봤다가 실망했습니다. 재난영화  옷입은 코미디영화였어요. 기대없이 킬링타임용이라 생각하고 보시려면 보세요.  그러면  괜찮을 지도  모르겠네요. 차승원과 이광수의 코믹연기가 재밌긴 했어요.,2,0
305,허잡한스토리 그리고  신파  코미디를 못해서 난리난  주제가뭔지 도대체 모르겠네,1,0
306,보지마라 1점도 아깝다 0점있으면 0점주고싶다 1점이상 준사람들은 범죄라생각한다 쌉쓰레기 간만에  본다 이광수 나오는 영화는 걸러야함 레이로 캠핑카 끌고다닌다는 어처구니없는 설정으로 마무리해주심 ㅎㅎㅎ,1,0
307,졸라 재미없음...,1,0
308,"재난영화이지만, 유쾌했습니다. 재난영화지만 유쾌했던 엑시트보단 다소 약한 느낌이지만 나름 재밌게 잘봤습니다. 왤케 극단적 평점을 내리는 프로불편러들이 많은지... 저런 분들 평점은 안 믿는 게 좋습니다. 맘에 들면 10점, 맘에 안들면 1점. 세상에 중간도 중상도 중하도 필요없다. 우리는 만점 아님 최하다 만쉐이~하는 분들 참 나...ㅉㅉㅉ",8,1
309,코미디면 확실하게 코미디로 가든지 해야지. 억지 눈물 좀 흘리게 하려고 하지 마라. 초반에 쬐끔 웃기고 끝이네. 뒷부분은 그냥 평범. 그런데 이게 장르가 드라마라고??? 감독의 욕심 때문에 결국 이도저도 아닌 게 되어버림,2,0
310,"♪♪♬♬♪♪기 영화~ 억지로 끼워맞춘 시나리오~ 중간중간 개연성 전혀없는 장면이 수두룩함~ 갑자기 뜬금없이 애가 뒤지지를 않나~ 119 구조대는 아무것도 하는것 없고, 무슨 재난현장이 너무 수월하게 왔다갔다 갈 수 있게 무너져있고~ 할수만 있다면 이 영화 연출한 감독, 작가 제작자 다 사기혐의로 구속시켜야함",1,0
311,평점 보니 모가디슈나 보는게 수명 연장일듯,6,1
312,초반에 별별 얘기는 꺼내고 몰입도 안돼고 개그도 없고 개연성도 엉망이다.그냥 엑시트를 기대하는 사람들은 보지말고 그냥 엑시트를 한번 더 보는게 나음,1,0
313,이어려운 시기에 영화 만들었으면  철저히 해야지 이광수 재는 빽이 있는것도 아니고  진자 거짓말 안하고 아무 길거리 남녀 노소 불문하보 딱 3시간 연기 가르치면 이광수 가 왜 나오는건지 알거다 도대체 왜,1,0
314,영화  20분정도  남기고  나왓다  보지마라 절때   알바아니다,1,0
315,니들은 진짜로 이게 재밌으세요? 진심이세요 진짜? 영화보다 잔 적 한번도 없는데 ㄹㅇ 이건 아닌듯 처음에 나온 cg부터가 말이 안나옴 ㅋㅋㅋ 장난하냐 2009년에 나온 괴물이란 영화 cg가 오천배는 더 진짜 같음 이거 보실바에 차라리 비슷한 장르로 다른 영화 추천해드릴게요 하정우 출연하는 터널이란 영화보세요 와 댓글들 진짜 말이 안나온다.. 전부 댓글 알바들이냐 ㅋㅋㅋ 할많하않;,1,0
316,기대없이 봤다가 기대보다 더 실망한 영화. 재미와 감동 둘다 잡으려다 둘다 놓친 영화. 남녀노소 공감할수 있게 만들려다 재미없어진 영화. 한국영화 특유의 억지신파와 말도안되는 전개 떡칠영화. 연기도 생각보다 별론데 연출이 더 엉망인 영화. 가족이랑 같이 보러갔었는데 부모님도 동생도 만족하지 못하고 나왔습니다. 한국영화는 발전이 없는 걸까요? 이게 2021년의 영화라니...기대작은 매번 나오는데 대작은 커녕 평범한 영화조차 찾기 힘드네요. 이 영화가 한국의 평범한 영화라는 말이 맞는 말인 것 같은게 더 안타까운 일입니다. 개인적으로 문제는 영화의 단편적인 것들'만' 보러가는 사람들이 너무 많아서 그렇다고 생각합니다. 뭐 싱크홀 얘기 적다보니 딴길로 새버렸네요..할말은 많지만 더이상 하지 않겠습니다,1,0
317,♩♩노잼ㅋㅋㅋㅋㅋㅋㅋㅋㅋㅋㅋㅋㅋㅋㅋㅋㅋㅋㅋㅋㅋㅋㅋㅋㅋㅋㅋㅋㅋㅋㅋㅋㅋㅋㅋㅋㅋㅋㅋㅋㅋㅋㅋㅋㅋㅋ,1,0
318,재미없어요  억지웃음에,3,0
319,진심 여기 10점단 사람들 제정신임? 아니 영화를 처음보는건가..어떻게 맥락이없는 영화를 좋아할수가 있지..여러분 제발제발 보지마세요 그냥 말이 안됩니다.재미도 감동도없는 쓰레기작품,1,0
320,감독이  7광구 감독이라는것만 알고 보세요,1,0
321,와~ 예고편이 더 재미있다,1,0
322,"한마디로 그냥 ♩♬♪♪♬~♪♩ 영화입니다. 1점도 아깝다.  영화제작관련하여 처벌하는 법이 존재한다면 이영화 제작자, 시나리오작가, 감독은 즉시 사형입니다,",1,0
323,올추석에 개봉하면 망할것같아,0,0
324,광수필패. 얘는 일부러 망하는 작품만 고르는건지 얘가 들어가서 망하는 건지.,2,0
