﻿,document,score,label
0,"지금처럼 돈과 사랑 앞에 갈등 하는 젊은 청춘들이나면 반드시 봐야 할 영화!  잔인한 현실, 그것이 이 세상의 모든 것이 아님을 말해주는 영화.   물질 사회 속에 진정한 사랑을 찾고 싶다면 결혼 전 반드시 봤으면 하는 영화.  ",10,1
1,지금 아내인 은비와도 이 영화 같이 사랑하리!!  인생 영화 너무 감사♡♡ ,10,1
2,얼마나  오래 지금처럼 행복하게 살 수 있을까.... ...나에게도 저런 남퍈이 있어 감사하다.,10,1
3,애절함!  가슴이 저려옴 감동이 밀려옴...,10,1
4,몇번이나 봤단 영화. 나도 내 아내를 평생 지켜줘얒겠다,10,1
5,함께 손잡고 가고 싶은 사람이 있다는게 행복   ~  가치가면 무섭지않을듯 ~  ,8,1
6,여주 약혼자 넘 안타깝 ㅠㅠ  현실이라면 사랑과 전쟁 내용인데.. 여주 남주만 보면 애틋한 사랑 이야기,9,1
7,Good~,10,1
8,"앨런의 신들린 연기와 사랑스러움, 탄탄한 스토리, 애절함을 겸비한 최고의 영화~ ",10,1
9,실화라니 더 절절함,9,1
10,멋짐,10,1
11,ㅠㅠㅠㅠㅠ,10,1
12,멋진영화네요.,10,1
13,"2가지 이유때문에 본다. 라이언 고슬링의 성장, 토렌토에 갑자기 올라옴. 레이첼의 기여움; '내 머릿속의 지우개' 같은 영화와 차원이 달랐다.",9,1
14,뭉클한 감동과 진정한 사랑을 ... 다시금 깨닫게 하는 넷플리스 노트북 영화!❣ 별⭐다섯개 만점을 주고싶은 영화 노트북 꼭 추천하고 싶은 영화입니다~👍  코로나로 방콕 Chritmas  였지만 남편이 꼭 같이 봐야 할 영화라 해서... 보는 내내 가슴이 저리고 뭉클한 감동이 밀려와... 노아와 앨리 부부❣ 진한 감동을 주는 인생 스토리~  한평생  나를 아껴주고 사랑해주는 사람! 내 사랑하는 남편이 내곁에 있어서 너무 고맙고 감사하다! 우리 둘을 짝지어 부부가 되게 해주신 주님께 감사드립니다!❣ 또한 좋은 인성으로 잘 자라준 오누이! 우리 아이들도 너무 고맙다! 우리 부부도 이만하면 성공한 부부 아닌가!!,10,1
15,처음으로 엔딩 크레딧을 흐르게 한 영화. 희망과 용기를 가지고 사랑해야 한다.,10,1
16,여러 번 보면 좋은 작품이 있고 첫번째 그 강렬함을 간진한게 좋은 작품이 있다. 이 작품은 후자인것 같다. ㅎㅎ,8,1
17,내인생은 참 씁쓸하다 ㅠ,10,1
18,사람들이 잼있다고 하는 영화는 보면 재미있다.,10,1
19,인생영화..믿고보는 레이첼 맥아담스 영화,10,1
20,이런 사랑을 의심하고 지나쳤던 옛 기억에 가슴울 울리며 보게되는 영화...,10,1
21,ㅡㅡ,8,1
22,내 인생영화...,10,1
23,이게 사랑 영화지 100번보세요1000번보세요,10,1
24,아름다운 영화,8,1
25,진짜 완벽. 더 할 말 없음 완벽.,10,1
26,좋은 영화  이런 삶을 살아간다면 .....,10,1
27,제발 꼭 보세요,10,1
28,인생영화~,10,1
29,운명의 사랑~ 나도 아내와  같은 날에  잔잔하지만 큰 울림을 주는 영화,10,1
30,인생작이다,10,1
31,최고,10,1
32,내용과 감동있는 영화였어요~,10,1
33,"내 인생영화,,, 진짜 보면서 계속 눈물 질질 흘림..ㅜ 어떤 블로그 후기에서 봤는데 해피앤딩이지만 슬픈영화라던데 동감합니다..진짜 너무 감동적이에요",10,1
34,인생이 고스란히 담긴 영화~ ,10,1
35,잔잔한 로멘스,10,1
36,슬픈 사랑의 이야기,9,1
37,.,7,1
38,내 최애 영화 ,10,1
39,사랑은 있는 그대로를 사랑해주는 것임을 알게해준 영화. 노아는 소리지르고 짜증내고 때리는 앨리에게 소리를 지르면서도 떠나지 말라고. 우리는  이렇게 사랑해 나가는 것이라고 말한다. 앨리는 자신의 약혼녀 앞에서와 노아 앞에서 현저히 다른 모습을 보이지만 노아와 있을 때 진짜 자신이 될 수 있다고 말한다.,10,1
40,"⟨노트북⟩  노인성 치매를 앓고 있는 아내를 위해 병원에서 같이 생활하면서 날마다 그들의 아름다웠던 젊은 날의 이야기를 읽어주는 남편의 지극한 사랑이 마음 속 깊이 느껴지는 감동적인 영화...  17세였던 앨라는 노아와 첫사랑에 빠졌지만 부모의  반대로 도시로 돌아가게 된다.   상심한 노아는 참전하게 되고 대학에 재학중이던 앨라는간호조무사가 되어 군에 자원한다.   ""최고의 사랑은 영혼을 일깨우고 더 많은 걸 향해  손을 뻗게 해. 우리 가슴에 불꽃을 심어주고 우리 마음에 평화를 가져다 줘"".  세자녀들과 손자손녀조차 전혀 알아보지못하는 앨라를 안타까워하며 아버지에게 이제 집으로 가자고 애원하는 자녀들. 그러나  '내 집은 바로 엘라' 라고 단호하게 말하는 노아.   서로 지극히 사랑하던 그들은 한날 한시",10,1
41,"지난 바닷가에서 진주를 발견한 느낌, 보는 내내 감동",10,1
42,감정선 건드리네..,10,1
43,서로 너무 사랑해서 잊지 못해..,10,1
44,찰나에서 영원을 꿈꾸는 모든 이들을 위한 사랑의 완성판,7,1
45,"노트북만한 멜로 영화는 없다고 생각해요. 영화 중반부에서 앨리의 행동에 답답하긴 했지만 영화속 노아가 너무 안타까웠고 해피엔딩이라지만 새드엔딩이라고도 할 수 있을것 같네요,, 마지막도 너무 씁쓸했지만 끝까지 앨리 곁을 지켜주는 노아의 모습이 ‘진짜 이게 영원한 사랑이구나’라고 생각들면서 감동적이였어요. 언제봐도 감동적이지만 슬픈영화에요.",10,1
46,잘봤어요.,9,1
47,좋았어요,8,1
48,꽤오래전 상영된 영화였던거 같은데.. 심심해서 본게..가슴 찡하네요 진부하리라 미리 치부해버리고 볼생각도안했는데 ㅎㅎ,8,1
49,그들이 사랑하게 된 과정을 보여주고 그 후 늙어서 죽을때까지의 과정은 생략이 되있다. 이러한 종류의 영화는 많지만 이 영화가 유독 이 분야에서 독보적인 네임밸류를 자랑하는 것은 지금은 대스타로 성장한 두 배우의 파릇파릇한 청춘 연기를 볼 수 있었기 때문이라 생각이 든다.,7,1
50,인생은 마완성  쓰다가 만  편지  가슴이 애려,9,1
51,"내가 왜 이걸 10년 동안이나 묵혀 두었을까. 뻔한 내용이라고 생각했었다. 맞다, 뻔한 내용이었다. 하지만 우리 인생도 뻔하지 않은가. 뻔한 삶과 세상을 채우는건 오직 사랑뿐.",9,1
52,내 인생영화 등극,10,1
53,감동이예요,10,1
54,마지막 엔딩의 짠한 감동까지.. 참 잘 만든 멜로..,10,1
55,친구가 그렇게 추천했던 영화인데  결혼후 이제야 우연히 보게된영화.  지금 남편과 저렇게 노후를 보낼수있을정도로 너무사랑하는 사람살고 있어 행복하다..,10,1
56,인생영화 ㅜ ㅜ,10,1
57,나의 아내에 대한 애정을 돌아보게 된시간!,10,1
58,평범한 사랑이야기 갖지만 애들 키우고 늙어서까지 저렇게 의리있게 사랑하기도 쉽지 않는데...치매걸린 부인까지 사랑하는건 대단하다고 본다..,10,1
59,그 시대의 로맨틱,9,1
60,진부해서...,8,1
61,가슴찐한 청춘사랑 그리고 노년이 되어 기억을 잃어도 끝까지 가고픈 고귀한 인생얘기  눈물이 나네요,9,1
62,내 인생 영화☆,10,1
63,감동적이고 정말 잔잔하고 깊은 여운이 남는 영화였어요  죽기전까지 이런 사랑을 해보았다면 정말 성공한 인생이 아닐까...,10,1
64,최고 명작 ㅠㅠ ,10,1
65,굿~~,10,1
66,내가 남주였다면 다른 선택을 했을것같다. 한 여자를 믿고 기다린게 정말 대단하다,6,1
67,.,10,1
68,"로맨스를 별로 안 좋아하는데 우연찮게 본 이 영화는 음악, 배경, 대사, 스토리 배우들까지 놓칠게 없는 주옥같은 영화다. 너무 아름답다란 표현밖에는 ...",10,1
69,시간이 지나고 다시 보니 그때랑은  또 다른 감정을 느꼈다...  가슴이 촉촉해지는 영화b,10,1
70,내 아내를 다시 돌아보고 더 한결같겠노라 다짐하게 된 영화,10,1
71,보는내내 마음이 울컥.저릿.안타까우면서 아름다웠던 영화,10,1
72,사랑한다면 그들처럼이란 말이 맞다,10,1
73,치매 ...속상하네,9,1
74,감동,10,1
75,진짜 최고 ,10,1
76,2004년에 장르도 주인공도 모르고 그냥 본 영화.. 그 후로 인생영화 됨.. 아름다운데 눈물도 나고.. 며칠 동안 마음 속에 남은 여운으로 벅차던 영화.. 레이첼 맥아덤스의 러블리의 끝장판. 다시 봐도 행복하고 저릿하다,10,1
77,말이 필요 없는 영화  가슴이 느껴지네요,10,1
78,결말은 예상 가능하지만 너무도 슬픈 노년의 러브스토리,6,1
79,너무 잔잔한 스토리 잊을수 없는 영화,10,1
80,"많은 청춘들이 직장도 없고, 저임금 비정규직에 주거비 고통에 결혼까지 포기하다가도, 돈,조건 모두 안보고 사랑만으로 죽을때까지 행복하게 사는 사람들 보면 또, 결혼에 대한 희망??을 품게 끔 하는 영화..   혼자 살기도 힘든 시대에, 결혼이 사치같기도 하지만, 그냥 평범히 부족함이 약간 있이 산다해도, 저렇게 서로 사랑하고 아끼며 살수 있는 남녀를 만난다면,난 결혼을 하고 싶다... 물론, 지금처럼 살기 버거운 시대에 그런 조건 안 따지는 여자가 얼마나 될까 걱정이 되긴 하지만... 사랑을 다시 하고 싶게 만들고, 결혼을 하고 싶게 만드는 영화다.....",10,1
81,라이언 고슬링의 그 눈빛 백조호수로의  뱃놀이...  잊혀지지 않을 듯,9,1
82,기대안하고 보니 잼나네.,10,1
83,영화 보는중간 할머니가 앨리인것 같다는 생각이 어렴풋이 들었다. 정말 한편의 시 같은 남녀의 사랑이야기 인것같다. 마지막 엔딩씬은 왠지 모르게 가슴 한구석이 찡 했다.,8,1
84,사랑에 대한 교과서적 정의.,6,1
85,라이언고슬링이 남주인줄 모르고 본 영화~라라랜드에서도 한 여자를 향하더니 여기서도~~과정은 슬펐지만 넘넘 가슴뭉클한 사랑스러운 영화입니다. 눈물흘리며 봤어요,10,1
86,가슴 뭉쿨하게 하는  영화 ♥,10,1
87,이런 사랑을 할수 있다면 모든걸 버릴수도 있다고 생각이 들게하는 영화,10,1
88,"정말 아름다웠다.  보는내내 눈물이났고 찡했다 가볍지도 너무 무겁지도 않은적당한 영화의 무게감도 좋았고, 음악까지 훌륭했다 참 행복한 엔딩씬인데 계속 눈물이 났다.......",10,1
89,인생영화,10,1
90,굿굿,10,1
91,한국 사람들중  나보다 이영화 많이 본 사람은 없을 겁니다.  인생 영화중 한편.  감동 슬픔 믿음 기쁨 설렘.이별 사랑 기다림 ,10,1
92,다 잘됐는데 아프다,10,1
93,인생 최고 영화가 되어버렸다,10,1
94,사랑의 기적...,10,1
95,  .,10,1
96,새벽에 우연히 본뒤로 잠을 못청하고 있네요.  추억에 빠져들고 향수에 젖게하는 놀라운 영화,10,1
97,"두 배우의 젊음과 아름다운 사랑이야기가 빛을 발하는 영화...... 빤한 스토리이지만 아름다운 풍경과 고슬밥씨의 애잔한 눈빛, 레이첼의 상큼한 미소가 특별함을 더한다",10,1
98,보고서 절대 후회하지 않을 영화....,10,1
99,레이첼 맥아담스는  정말 귀엽고 사랑스럽네요. 라이언  고슬링 연기도 좋구요. 아름다운 사랑 이야기. Good,9,1
100,첫사랑 영화줄 알고 봤는데  마지막 사랑에 대한 영화네요 ,8,1
101,아름답고 또 아름다운 음악과 영상..옛추억에 빠져들게 하는 영화네요♡,10,1
102,좋다,9,1
103,첫사랑이라는 것이........,8,1
104,레이첼 맥아담스 진짜 개이뻐 세상 존예,10,1
105,사랑이란 이런것,8,1
106,사랑이란 소재로 모든걸 표현해내다.,8,1
107,진짜 재밌게봤어요 두배우 너무 잘어울리고 연기를 잘해서 완전 몰입해서 봤습니다  레이첼 맥아담스의 사랑스러움은 이영화에서 최고인듯,10,1
108,뭐라 평해야 될지 모르겠다 다만 맘에 드는 영화이다,10,1
109,사랑의  또 다른 사랑이야기 이다 주인공 앨런이 론과  결혼약속 까지 하고  다시  첫사랑의  노아에게 돌아갈 수 있었는지  중간 생략 되어 잘 모르겠지만 어째든  감동이다,8,1
110,good,9,1
111,하...,9,1
112,"23살 어느날 혼자 조조로 보았던 영화 노트북. 그때의 그 청춘, 설레임, 사랑이 자연스레 떠오르는 이 영화 노트북. 그때 남자친구와 이 영화의 엔딩과 같이 보내고 싶었었다고 생각했었는데. ",9,1
113,그들이 사랑에 빠진 이유는 미약했으나 그 끝은 창대하네,6,1
114,노부부의 설정이 감동을 더해주네요,10,1
115,멀리서보면 너무 드라마틱한 스토리였지만 영화를 보고나면 그안에서 나와 내인생을 돌아보게되는 섬세하고 현실적인 웰메이드 영화.,10,1
116,감동적인 러브스토리~ 몇번을 봐도  좋은영화네요.   보는 내내 여주인공이 부럽다는 생각이.......,10,1
117,"젊은 한 때의 불 같은 사랑과 부모의 반대로 갈라짐..그 후 먼 훗날의 재회... 예상되는 스토리이면서 감동을 짜내기 위한 억지스러운 설정이 보이기는 하지만, 그래도 역시 감동으로 다가온다. 누구나 꿈꾸는, 사랑하는 사람과 함께 마무리하는 삶이 주는 힘이겠지.  오래도록 기억에 남을 만한 영화다.",10,1
118,아름다운 러브 스토리,7,1
119,최고의 감성충만 낭만영화. 압도하는 설렘유발 분위기와 떨림,10,1
120,흔하지만 그들을 흔한 스토리의 주인공으로 만들지 않는 결말은 비슷한 스토리에서 우위를 선점할 수밖에 없게 만든다. 해피엔딩 같은 열린 엔딩이 아닌 진짜 해피엔딩을 말하는 방법. ,7,1
121,"언제봐도 아름다운 사랑이야기  배겅, 연기, 구성 모두 완벽 강하게 추천합니다. 평점은 10점",10,1
122,책 사서 먼저 읽으려다 영화를 봤는데 책 안사길 천만다행. 두시간 허비한거로 끝났으니. 얼마나 여자들이 간교한지를 보여주는 영화에 불과하다.,1,0
123,영화를  다보고나면 이때까지는 감정이 복받쳐 그냥 울고 있는 나를 마주하고있었다 ,10,1
124,결혼 몇일 앞두고 첫사랑과 붙어먹는데 아름다운 사랑이라는 댓글들보고   내가 이상한지 사람들이 이상한지 영화내내 생각했다,6,1
125,아름다운영화이다.,9,1
126,나는 너무 슬펐다.. 보는 내내 가슴이 먹먹해져서..  울컥하는 마음으로 봤다. She is my home.  ,8,1
127,사랑이란 무엇일까. 처음 만나서 사랑을 하고 죽을때까지 함께 할 수 있다면 얼마나 아름다울까. 딱 한번 누군가와 사랑을 할 수 있다면 노아와 앨리같은 사랑을 하고 싶다. 두 사람이 서로를 볼 때 그 애뜻함과 아련함은 영원히 잊혀지지 않을 것 같다. 평생을 사랑하는 사람과 함께 할 수 있다는게 얼마나 행복할까.,7,1
128,나는 어떤 이를 가슴과 영혼을 다 바쳐 사랑했고 그것만으로도 저에게는 충분하니까요.”,8,1
129,❤,10,1
130,라이언 고슬링 보다 제임스 마스던이  더 멋있던 영화..ㅜㅜ 나라면 제임스 마스던이랑 결혼했을텐데ㅜㅜ 라이언 고슬링이 관람차에서 데이트하자고 협박했을때 경찰 불렀을텐데 그 정도로 남주가 매력없었음 찌질하고,10,1
131,ᆢ,9,1
132,사랑을 해본 사람만이 이해할수있는,8,1
133,감동적이에요ㅜㅜ,10,1
134,"너무 꿈 같은, 신파 같은 듯한, 감동 받았지만 어딘가 익숙했던 영화. ",7,1
135,멜로영화의 정석이랄까,9,1
136,.,9,1
137,그래 정직한 멜로야,8,1
138,이루고싶은 꿈,10,1
139,구성도 풍경도 좋고 아름다운 영화네요~,9,1
140,사랑이란…,8,1
141,기대를 너무 많이 해서 그런지...인생영화까진 아닌...  치매걸린 여주인공 곁에 남주가 끝까지 지키는게 너무 예쁘긴 했지만  약혼남과의 사랑은 사랑이 아니었을까 이런 생각도 들고.... 음 그냥저냥....,7,1
142,근ㅅ,10,1
143,왜 자꾸 반전을 기대했을까 너무나 세상에 물들어 순수한 사랑을 못본것 아닐까 반전이 없다는 것이 더 놀라운 반전이다.,10,1
144,애기야  너무 슬프지만 이런사랑이고 싶구나..,10,1
145,서로 싸우고 또 보듬어주고...그렇게 늙어가고..,10,1
146,보세요 그냥,10,1
147,그들의 사랑 이야기는 영원히 간직되어야할 것,10,1
148,감동 그  자체,10,1
149,감동 또 감동.... 이렇게 사랑하고 늙어가고픈 ..  추천하는 영화중에 하나.,10,1
150,돈이아깝지않은영화에요,10,1
151,알것같다. 내 인생이 조금 초라했다는 것을..,9,1
152,남주의 순애보에 감동은 쉬이 잊혀지지 않을거 같다,10,1
153,잔잔한 감동이 오래도록 내 마음에 자리할것 같은 영화...,9,1
154,사랑하라. 삶이 윤택하고 아름다워질 것이다.,10,1
155,최고의 로맨스 영화에요~,8,1
156,꼭 보시길~추천,10,1
157,너무 잔잔하고 아름다운 풍경과 음악에 졸릴까봐 걱정하다 어느새 영화속에 녹아들어 푹 빠져버렸네요. 내 사랑도 이런사랑이길 바라며..너무 잘봤습니다.여운이 오래가네요.,10,1
158,내 기억에 여전히 남아있는 몇 안되는 로맨스 영화 중 하나,9,1
159,사랑하고 시퍼지네..,10,1
160,망치로 맞은듯한 반전~ 영화 끝나고 더울은 영화~ 내 인생에 최고의 영화~굿,10,1
161,Cliche 투성이지만... Rachel McAdams의 매력으로 살아난 영화.,6,1
162,나이먹으니 사랑도 없고 감정도 메말라버린 나에게 이런사랑은 너무 비현실적이다 그치만 꿈꾸는사랑이네 ,9,1
163,시놉과 배우 연기는 대만족. 하지만 연출은 진부함. 일요프로 서프라이즈 보는 느낌뿐.,6,1
164,마음이 먹먹해짐,9,1
165,아련한 첫사랑이 생각나는 멋진 영화네요 ,10,1
166,❤️,10,1
167,내가 한  10년  전쯤에   본  영환데   이거  또하냐,2,0
168,"공중파에서 1번 케이블에서 3번 봤다. 최근에는 한달전,두달전? 케이블에서 재방송해줬다. 재상영하는 이유도 모르겠고. 영화산업이 어려운가 ? 창조해서 만들어서 배급하는 모험보다 안정적인 재상영을 택한다. 선택은 관객몫이지만. 올 한해는 유독 재상영이 많은 해인가 보다",0,0
169,"오래전에 이 책을 읽었다.  저자인 니콜라스 스파크스는 동양적인 냄새가 나는 글을 많이 쓴다. 물론 몇권의 책을 읽었다. 은은히 가슴을 적시는 노부부의 사랑, 한번은 볼만한 영화이다.",9,1
170,20대 뚜렷한 사랑 문신을 기록하다!! 강추!!,8,1
171, ,8,1
172,아~ 진짜 재미없어요 왜 다시 상영했는지 이유를 모르겠어요,0,0
173,순수한 사랑이 있다면 이런 게 아닐까. 노아처럼 잔잔하고 순애보를 지키는 남자가 이 세상에 몇이나 될까 그렇기에 이 영화는 더 의미있고 빛날 수 있었다 마지막에 날 펑펑 울게 만든 영화.,10,1
174,최고~~♡,10,1
175,노잼...,0,0
176,진정한 사랑이 무엇인지 느끼게 해준 영화 영화보는 내내 울었네요. 기쁘고 슬프고 행복해서,10,1
177,따뜻하면서 촉촉하다.,9,1
178,다시봐도 감동적인 영화네요~등장인물들도 멋지고~요즘은 왜 이런 영화들이 없는지 ㅠㅠ,10,1
179,정말감동적인 영화에요~~^^♡♡,10,1
180,실화라서  더  아름답고 가슴 뭉클한  ㅠㅠㅠㅠ ,8,1
181,감동적이고 눈물 흘리며 봤답니다. 아름다운 영화.,10,1
182,근래에 감동받아 눈물 흘릴만한 영화 없었는데 최고다 배경도  아름답다,10,1
183,우유빛피부의 청순한美人인 1940년대의 미국남부지방의 부잣집 간호사출신의 앨리와 노아란 가난한집안의 목재제재工과의 꾸김없는 자연적인사랑이 가슴이찡하게 감동적이라고여겨집니다.물론 사랑이란 가정형편과 직업이좋은 사람에게 서로가 끌리는것이 다반사이지만 노트북이란 작품은 예외적이네요.물론 무척재밌음    ,9,1
184,.,10,1
185,1940년 배경의 미국식 신파를 보면서 깊이 묻어두었던 사랑들이 살아나 가슴이 저렸다. 결정적인 순간마다 용기가 부족했던 나로서는 주인공들의 일관성이 대단하게 보였다. 하지만 사랑이란 미완성인 채로 덮어두는 것도 아름답지 않을까.,8,1
186,...,10,1
187,"원작소설이 더 좋다는 건 어쩔 수 없다.  그래도, 1940년대 배경을 잘 그려낸 영화. 연기자의 연기면에서는 그냥 평범하다. ",5,0
188,혼자가서봤어요~첫사랑의기억~~,10,1
189,어정쩡한 연인관계의 커플에게 확실히 자극을 줄 수 있는 로맨틱 영화 !,8,1
190,역대급 최고의 로맨스영화...감동,10,1
191, ,9,1
192,뒷부분이 예상되는 영화였지만 눈물을 안 흘릴수가 없었어요 ,9,1
193,요즘같은 시대에 없을거같은 진정한 정통 로맨스네요 보는내내 여주인공의 환한 미소와 둘의 행복한 모습을 보며 흐뭇해하다가도 펑펑울고..실화라니 더욱 감동적인 가슴따뜻한 영화입니다. 주인공 둘이 너무 잘어울림~! 눈이 부을만큼 울었넹..,10,1
194,최고의 로맨스영화!!!,10,1
195,유치..미개..한심..억지 감동..,0,0
196,정말 마음이가는대로 진심으로 하는 사랑이 뭔지 보여주네요,10,1
197,휴가후 귀국 비행기에서 보면서... 실로 오랜만에 나도 모르게 뚝뚝 흘러내리는 눈물을 맛보았다... 진정한 사랑의 승리 ^^,10,1
198,우리의 옛날에서 추억하고 20년 30년후 그림이길 소원하게 만드는 엄숙한 영화네요 한편으론 서글픔이....,8,1
199,아직까지 안본사람이 있으면 안된다,9,1
200,참좋은 영화,10,1
201,  ,8,1
202,진부하지만 지루했던시간을 한방에날려버린 결정타,8,1
203,로맨스영화의 정점.,10,1
204,영화를 보는 두시간 내내 미소가 떠나가지 않았다. 두 사람의 절절한 사랑을 보면서 진부하다고 할 수 있지만 가슴에 가장 와닿을 수 밖에 없는 진심.,10,1
205,실화라는 점에서 큰 감동과 여운을 주네요,8,1
206,오늘로써 3번째 봅니다 3년 만에 오늘 또 노트북을 보면서 노아와 앨리의 사랑에 또 눈물을 흘리게 되네요 앨리의 선택은 잘한것일까요? 현재를 사는 우리들은 돈과 금수저를 택하겠지요?,10,1
207,"짧은 순간, 강철같은 의지의 사랑이야기 ",10,1
208,.,7,1
209,사랑은 이렇게 하는것이다.,9,1
210,실화라니 그저부럽기만하다  감동,9,1
211,내전부를 흔들어 버릴 사랑 뻔해도 좋다,7,1
212,마지막 책 표지에 앨리가 쓴 문장은 절대 잊혀지지 않음. ,9,1
213,과학을 넘어 기적을 기다리는 남편.  아내는 치매다.  그녀의 정신을 돌아오도록 젊은 날의 연애이야기를 기록해논 아내의 공책을  반복해 읽어주는 남편. 끝내 의학의 한계를 넘어 아내를 만나다. 사랑의 힘. 사랑은 주는 것이다.,10,1
214,남자는 순수사랑. 여자는 저울질에 계산된 소유욕. 영화의 남녀 입장 바뀌었다면 평점 4도 안될듯.ㅋ,0,0
215,기억은 지워져도 사랑은 남아있다.. 노아와 앨리의 잔불같은 영원 사랑,10,1
216,완성을 위한 완성~ㅎ,10,1
217,내가 지금까지 로멘스 영화 보면서 이처럼 좋는 영화 보았다. 처음에 내용은 젊는 시절에 연애 했는데  부모님에 반대에   이영화 극중에서 노아 남자 배우가 인생적입니다. 어떻게 100통에  편지 보는지 현실 세계에라면 하지만 현실에는 그런지 못합니다. 영화니까.  보통에 한국 영화 보면 여자에 죽을병이나 또  이런 ,9,1
218,국내영화 장수상회가 이 영화를 보고 만든 듯... 세상에 과연 이런 사랑이 있을까 할 정도로 애틋하고 아름다운 불같은 사랑이야기... 저렇게 지고지순한 남자를 만난 여자는 정말 행복한거다...,10,1
219,완벽한 시나리오와 완벽한 여배우의 만남,10,1
220,레이첼 맥아담스가 나온 것만으로도 10점줘도 아깝지 않다,10,1
221,미국판 김종래찾기,3,0
222,미국버전 애인(2005)또는 건축학개론(2012). 이들과는 다르게 이영화는 사랑찾아가는 진부한 스토리긴 하지만,5,0
223,이런 이야기가 실화라니 대단하다.,8,1
224,사랑은이런거다,10,1
225,뭔가 살짝 유치하긴한데 그래도 감동적이고 재미가 있슴.  젊은 남주 처음에는 별로던데 볼수록 매력있고 섹시함. 여주는 사랑스럽고 우는 모습 너무 예쁨.,8,1
226,누가 보라해서...,9,1
227,오묘하게   빠져드는 영화.  그리고  뇌리에  오래 남음.,10,1
228,어디서 보는지;,10,1
229,"진부하면서 어찌보면 비현실적인 스토리이지만, 두 남녀의 사랑이 아름답다. ",6,1
230,동화같은 비현실적인 이야기군. 역시 예전 영화들이 유치하고 재미있어~~,8,1
231,이런 스토리의 영화를 좋아해서인지는 몰라도 내겐 최고의 영화였어요,10,1
232,레이첼은 로멘스에 특화된 배우라는걸 입증시켜주네요 ,8,1
233,온몸의 전율이... 내생에 최고의 로맨스! 아름답다 아름답다 아름답다 진심으로!!!,10,1
234,사랑한다면 이들처럼 해야하지 않을까?,9,1
235,너무 진부한 스토리였어요^^,2,0
236,글쎄.....,8,1
237,감정이 메말랐나봐요. 특별한것 처럼보이는 영화속의 진부한 러브스토리. 요즘엔 볼만한게 너무 다양해서 고전이되어버린것 같아요. ,5,0
238,이 영화가 왜 9점대인지... ㅠ,0,0
239,아름다운 사랑이야기 헌신적인사랑을보면서 슬프기도하면서 부럽기도하고 평생을 살아가면서 누군가를위해 진정한 사랑을 할수있을까..,10,1
240,훌륭하다!,10,1
241,"내용 만으로는 높은 점수 못 주지만 배우들의 연기, 음악과 배경이 너무 아름답고 멋져서.",8,1
242,인생을 다룬 명작 노트북 짝짝짝,10,1
243,드물게 있을 법 한 사랑이지만 존재 하지 않기 때문에 대리만족을 일으키는 것 같다.,9,1
244,시간때우기로 보려했는데...이런 멜로 영화를 두번이나 보게되다니. 젊음과 노년의 사랑이 정말 애뜻한,10,1
245,내인생 최고의 영화 진짜 사랑이란 이런게 아닐까.,10,1
246,"아, 펑펑울엇네요ㅠㅠㅠㅠ  슬프고아름답고 사랑스러운 영화예요",10,1
247,오래된 내용을 새로운 형식에 덧붙여 탄생시키다.,7,1
248,모든 시선을 노아의 입장에서 보고..  모든 시선을 앨리 입장에서 보라..  사랑인가 ?  누구를 위한 누구의 사랑인가 ??  앨리 입장에선 양손에 저울질 하는 미래를 내다보는거고 노아는 맹목적인거다. 차라리 앨리가 그를 빨리 놓아주어야했다. 그 피폐해지기전에..  둘다 사랑한다는 앨리의 입장도 이해는 한다만 ? ,4,0
249,진짜 잼나게 보았어요…주인공들이 정말 연기를 잘 하는 군요.,10,1
250,오래 기억에 남을 아름다운 영화 .,10,1
251,"당연히 연애할때랑 안할때랑, 또 완전히 잊었을때랑 아닐때랑은 보는 관점이 전혀 달라지는 영화.",8,1
252,과대평가 된 영화 중 하나... 둘의 모습과 장면과 사랑이 아름답긴 했지만 스토리와 앨리의 행동들은 전혀 아름답지 않았음..;; ,6,1
253,너무 아름답고 아름다운 영화. 영상미도 연기력도 시나리오도 너무 좋다.,9,1
254,두 분의 사랑이 정말 부럽네요^^,10,1
255,그깟 5분이라도 그녀가 기억을 되찾을 수 있게 노력하는 노아의 마음이 진짜 사랑이 아닐까 생각해본다,8,1
256,최고..,10,1
257,인생영화인듯 보고 나서  한참을 생각하게 만들었고 보고 나서 몇분동안 멍때린 기억이 사랑에 개념을 새워준 영화!!,10,1
258,이런 사랑 할 수 있을까?,8,1
259,참 아릅답고 감동스러운 영화 ^^ ,10,1
260,평생에 단 한번만이라도 이런 사랑 할 수 있을까요? 꿈결같은 멜로영화,10,1
261,영화 한 편을 보면서 네 번을 울었다..,10,1
262,최고의 영화,10,1
263,잘 만든 로맨스 영화이기는 하나.. 남녀가 바뀌었다면 쌍욕을 먹었을듯. 감동이 반감된다.,6,1
264,정말 정말 잘 만든 영화다. 세 번을 보았지만 도무지 감동의 크기가 줄어들지 않는다. ,10,1
265,어떤 사랑을 하고 어떤 사람과 사랑해야 할지 사랑과 결혼에 대한 해답을 주는 영화이다♥,10,1
266,가슴이찡 눈빛이 좋다,10,1
267,두시간이라는 시간이 무색할만큼 두남녀에 사랑이야기가 정말 이쁘고 아름답네요  평생 함께할수있는 사랑 부럽네요 마지막에 두사람에 함께떠나는 마지막여행 정말행복해  보였어요 가슴찡하네요  남자인제가 눈물을 흘리게 만든 첫영화네요 글을쓰는지금도 가슴이 찡하네요 정말좋은영화 오랜만에 봤네요,10,1
268,정말 정말 아름다운 영화... 앨리 그 환한 미소가 너무 아름다웠네요 ,10,1
269,다시봐도 아름다워 눈물이났다 그런사랑해봤고 다시못올 사랑이기에 현재에 충실해야지하면서도 다시 그런사랑 꿈꿔본다 죽는순간까지 함께하고픈 사랑,10,1
270,"운명의 상대란 그런 것일까.. 돌고 돌아 다시 그래도 만날 수 있는 것. 이 둘이 항상 아름답기만 했다면 공감가지 않았을 텐데... 다투기도 하고, 다른 그 누군가도 만나보며.. 그래도 결국은 이 사람이라는 결론이 참 아름답다. ",8,1
271,잘만든 멜로 영화인듯. 이 영화의 비밀을 모르고 봤으면 더 좋았을 영화.. 레이첼 맥아담스는 참 사랑스럽구나..하지만 이영화를 보면서 타이타닉의 여주인공이 떠오르는...,8,1
272,개꿀잼,10,1
273,"명작이고 거짓말 같은 사랑 이야기만, 여자들이 '가장' 좋아한다는 영화라는 점은 아이러니. 첫사랑이지만 앞날이 불투명한 노동자와 돈많은 귀족 약혼자 사이에서 선택하라면?",9,1
274,맘에드는 여자에게 과감할수 있는 남자라면 백퍼 공감가는 영화라는점 수많은 영화중 가장 명작이었음 5분에 한번꼴로 이건 예술이다 라고 느끼게 만드는 섬세함 이 영화는 후세에 남을것이라 확신함 안마기 돌리며 보다가 자고 다음날 보려는데 잠이 확 깨면서 안마기 끄고 볼 정도 몰입감 최고 재미와 무지막지한 감동,10,1
275,"무모하지도 애처롭지도 않은.. 거짓말같은 그들의 진짜 사랑앞에서, 왜 내가 이렇게 지인들에게 미안한지 모르겠다.",9,1
276,이별이나 이혼을 밥 먹듯이 하는 하는 현 시대에 경종을 울리는 영화가 되길... ,10,1
277,사실... 크게 공감되진 않았지만 아득한 기억들을 끄집어 내기엔 충분,7,1
278,지고지순한 사랑이 얼마나 아름다운지 보여준다. 하지만 영화에 100% 공감할수가 없다. 여주인공이 약혼자의 가슴을 짓이기고 남주인공이 첫사랑을 잊지못해 폐인이 되어 아무나 만나거나 하는 모습들은..... 사랑이 얼마나 이기적인지도 알수있게한다  ,6,1
279,평점이 너무 높다...,5,0
280,국산 영화.. 내 머리속의 지우개를 연상케 하는 치매 드라마..!! 끝까지 책임지는 사랑..!! 진정한 사랑의 힘과 의미..!!,8,1
281,불륜 미화시키는 똥 ,0,0
282,.,9,1
283,영화 끝나고 신랑이랑 부둥켜 안고 울음 ..소중함을 느끼게 해주는 영화 ,10,1
284,"시간이 흐르고 어쩌면 기억을 잃어도 변하지 않는 것, 그 모습을 보니 좋네요",10,1
285,"사랑만 하기에도 짧은 인생의시간..영화가 애틋하면서도 아련함이 있다..그리고 노아 와 앨리의 사랑처럼, 모든사람들에게도 진정한 사랑의 의미를 알게해 주는것 같다..슬프면서도 또 한편으론 행복했던 그기억들을 갖고 있다는것이 부럽다.",9,1
286,멜로 영화는 소재가 특별하지 않은 이상 별 감동이 없는것 같다 ................,7,1
287,"우연히 봤는데,,,ㅠㅠ 혼자 눈물을 흘리면서 마지막에 ㅠㅠ",10,1
288,생각없이 봤다가 생각하게 만드는 영화.강추...,10,1
289,정말 아름다운 사랑...ㅠ.ㅠ,10,1
290,예전엔 그저그런 영화라 생각해 제대로 보지도 않았는데... 사랑이 무엇인지 이게 바로 사랑이라는 것을 보여주는 내 인생 최고의 영화! 글을 쓰는 입장에서 미친 듯 반성한다. 이런 사랑... 한다면 우리 인생은 성공했다고 얘기하고 싶다. 짱~,10,1
291,마음 한켠에 접어두었던 그 사랑이 생각이 나네요. 지금 그도 이 영화 보며 그때의 사랑을 떠올릴까요? 순수했지만 서로를 치열하게 사랑했는데....  그 사랑이 생각이 나네요,10,1
292,완전 넘 아름다운 영화네요~~ 잠을 이룰수 없었네요^,10,1
293,잔잔한 감동을 주면서도 전혀 지루하지 않고 눈을 뗄수가 없네요 강추,5,0
294,기적같은 사랑..!,8,1
295,이런 영화가!!극장에서 보기엔 쫌 그럴꺼 같지만 안방에서 집사람과 같이 보고있노라니 절로 서로 가까워지네요. 영화의 마지막이 비극적일 듯 한 이 느낌은.....암튼 9점 쏩니다. ,9,1
296,몇번이나 본 영화 찡해요,10,1
297,예전에 봤던 영화임~ 내용이 생각이 나질 않았는데.. 지금 늦은 시간에 티비에서 더빙판을 해줌.. 처음 봤던 그때가 그리움.. ,10,1
298,"옛 여친이 생각나는 영화 ..., 그립고 그리운 시간들  아쉬움이  추억을 부른다 ...,",9,1
299,"역시 국산로멘스와 헐리우드로멘스는 격이달라.전자는 코믹모드로일관하지...대사가심플하면서도 감동이있다 맥아담스의연기는신들린연기..순수,슬픔,아픔모든걸잘소화한 배우...노년기의두연인이죽는모습이슬프다..",8,1
300,내가 꿈꾸는 사랑 평생 이들처럼 사랑하길,10,1
301,여자친구와같이너무공감하고울면서감상했어요훈훈,9,1
302,기냥 저냥 볼만했네요..,7,1
303,"워크 투 리멤버와 더불어 이렇게 평점이 높은 이유를 아직 못 찾은 영화,,,감성의 메마름일까?",7,1
304,"누가 사랑에 대해 이런저런 고민을 하던가. 단지 삶 속에서의 사랑인가, 사랑 속에서의 삶인가를 놓고 혼란을 겪을 뿐이다. 하지만 사랑도, 삶도 모두 세월 속에서의 일들 아닌가. 난 30~40년 후엔 누구와 손을 잡고 붉은빛 노을로 가득찬 호숫가에 앉아 지난날의 아름다웠던 사랑을 이야기하고 있을까. ",7,1
305,내가 이 영화를 선택하게 된 것은 순전히 라이언 고슬링때문이었는데.. 대규모 투자가된 블럭버스터급의 영화는 아니지만 현실적인 소재를 이용해 풀은 것이 감동이었다.. 그시대 여주인공의 의상도 참으로 아름다운 것 같고..,9,1
306,"잘만들어진 로맨스영화의 대표적인 예,  조금 이기적이여 보일 수 있으나, 이런 사랑이 또 어디에 있을까? ",8,1
307,"내생에 최고의영화입니다!!! 4년전에 봣었는데,,, 아직도 생생하네요 ㅜㅜ 보는내내 눈물이..사랑은 정말대단한거같아요!!!",10,1
308,사랑... 꼭 필요한 사람이 되어 주는 것...,10,1
309,말이 필요 없는 영화. 실화라니... ,10,1
310,내 생애 최고의 영화.,10,1
311,기대를 저버리는 영화. 반전은 너무 잘 예상되고..,5,0
312,가슴까지 따닷해지는 로맨스,9,1
313,감춰뒀던 사랑을 깨우다 ,10,1
314,3번 봤는데...어떻게 3번 모두...10년 뒤에 다시 보고 싶은 영화.,10,1
315,막장인듯 하면서도 애틋하고 지고지순한 사랑 이야기. ,7,1
316,이 영화는 몇번 보아도 여운이 남는 영화 내 처지와 비슷해 공감 백퍼,10,1
317,한번보는것에 그치지 않고 몇번이고 보게되는 영화,10,1
318,과정에서 성숙치 못했지만 우리인들 성숙할까? 우리도 지금이시간에 누군가에겐 상처일지 모른다는 사실.......  영화처럼 그런사랑이 있을까? 그런 사랑을 꿈꾸며 나도 한살한살 늙어간다..,10,1
319,감동을 주기엔 너무 뻔한 스토리. ,5,0
320,"글쎄..나이 들어 봐서 그런가.. 남에게 피해주면서 까지 내사랑을 차지 해야만 하는지... 그생각부터 먼저드네.. 아름답긴 하지만, 그 약혼자 남자와 미망인이 안됏네...",7,1
321,"왜 이 영화에 찬사를 보내는지 이해가 안됨. 다른 사람에게 피해를 주면서 까지 얻은 사랑이 아름 답다면,Dear Jhone 이라는 영화도한 번 보시길...",2,0
322,내 생에 이런 사랑을 해 볼 수 있을까.. 딱 한번 누군가와 사랑을 한다면 노아와 앨리같은 사랑을 하고 싶다. 두 사람이 서로를 바라볼때 그 애뜻함과 아련함은 잊혀지지 않는다..ㅠㅠ ,10,1
323,볼때마다 운다....ㅠㅠㅠㅠㅠㅠㅠㅠ ,10,1
324,백번봐도백번감동,10,1
325,위대한 사랑이다....감동적이다..,10,1
326,두번 되찾은 그녀,5,0
327,실화여서 더 아름답게 느껴졌던.,6,1
328,개쩔었지... 정말 안본사람 죽기전에 보고죽으삼,10,1
329,"정말 많이 울었던 영화인데, 멜로에 정말 푹 빠져 보고 싶다면 꼭 추천하고픈 영화, 또한 사랑이란 무엇인가에 대해서도 생각하게 하는...",9,1
330,멜로의 정석!최고의 영화.눈물이 멈추질 않는다.,10,1
331,레이첼맥아담스의 매력 뚝뚝 떨어지는 진한 미소가 잊혀지지를 않는다. 설렘을 간직하고 눈물 훔치며 보는 영화,10,1
332,지금껏 봐온 멜로 영화 중에서 가장 재미있게 본 영화.. 실화라서 더욱 감동이다.. 레이첼 맥아덤스 사랑해 ㅎㅎ,10,1
333,멜로영화의 베스트 작품~완전 감동~,10,1
334,라이언 고슬링이었기에 이런 지고지순한 사랑 이야기도 지루하지 않았던 듯.,8,1
335,감정에 이끌리지 못하고 주변을 생각하는 사랑과는 달리~~~,9,1
336,감동적임..,9,1
337,우리의 삶이 끝나는 그날까지 서로 사랑했노라!,6,1
338,슬프고도 슬픈 치매를 이리도 아름답게 표현할 수 있다니. 그래도 부럽습니다. 이런 아름다운 사랑을 할 수 있어서.,10,1
339,이렇게 미친듯이 사랑해본적이있던가...아련해진다..,10,1
340, 예전에 내가 좋아하던아이가 부천의 작은병원에 입원 했을때 pda에 이영화를 넣어주었던게 생각난다... 인코딩하느라 밤을 새웠는데 정작나는 7년이 지나서 보게된영화 ...  여주인공의 선택이 맘에 안들지만 그래도 이정도면 수작... 왜 난 내가 원하는것을 못하고 있을까...,8,1
341,이게 실화가 아니였다면 지루한 멜로였을 듯. ,7,1
342,글쎄.......이 영화가 왜 명작이라는지 모르겠다.. 두 주인공의 사랑에..공감을 할 수가 없다.. 이프온리같은 감성을 바라고 봤었는데..,6,1
343,한 사람을 향한 기다림... 잔잔하고 아름다운 사랑이야기,8,1
344,다운로드 좀 하고 싶어요. 왜 없나요?,10,1
345,몇년전에 보고 다시 봤는데도 감동이 물밀듯이 밀려오네요..ㅠㅠ,10,1
346,"지루한 감이 없지않아 있었지만, 진실된 사랑을 보여주는 영화. 사랑스럽기도 하고, 슬프기도 하고, 지루하기도 해서, 감정이 복잡하다...",8,1
347,감동적인 영화,10,1
348,평생을 간직해온 사랑..세상에서 가장 아름다운 영화,10,1
349,감동과눈물 그 자체,10,1
350,"시청 후, 영화같은 실화였다는것에 일단 놀람. 단순하기 쉬운 러브스토리를 잘 연출함. 허나 평점이 9점대중반에 육박할 만큼의 작품성은 아닌듯. 음악이 이 영화를 잘 포장하고 감동을 자아내는데 일등공신. 쓰인 음악이 이영화를 살림. 이 영화의 작곡가와 연주자들에게 아마 많은 개런티를 주어야 할듯함.",8,1
351,내가 꿈꾸는 사랑,10,1
352,사랑을 해 본 사람만 이해할 수 있는 영화. ,10,1
353,한결같은 사랑은 알겠는데 그것만 있다. 너무 뻔하고 너무 정석이랄까..... 평점이 너무 높게 잡혔다. 평점보고 봤는데 특별한것이 있을줄 알았던 영화가 너무 잔잔하게 흘러가서 김이 빠졌음.,6,1
354,유명한 영화고해서 벼르고 벼르다 봤는데 분명 좋은영화는 맞는데 평점이 너무너무 과대평가되어있는듯.. 그냥 좋은 멜로 영화에요,8,1
355,너무좋다이영화ㅠㅠ너무감동이다 새벽에 이영화보고 얼마나 울었는지 몰른다ㅠ,10,1
356,처음부터 끝까지 아름다운 영화. ,10,1
357,실화라는 말이 안 믿어져요. 한결같은 사랑...저도 끝까지 사랑하면서 행복하게 살래요.,9,1
358,소장가치 100프로의 이 영화..어쩌면 현실적인 부분이 강하다. 나만 그렇게 생각하고 있을지도 모르겠지만^^;; 첫사랑.. 결혼.. (빈부격차도 느끼게 해주고) 그리고 맨 마지막에 누구나 한 번쯤은 꿈꾸는 영원한 사랑.. '로망'까지 담고 있다. 무조건 슬퍼서가 아니라 공감 혹은 로망이 있어서 사랑받는 영화가 아닐까 ^^?,10,1
359,감동의 눈물이...,10,1
360,ㅊㄱ다.,10,1
361,잔잔한것이 나름 만족스럽네요..,10,1
362,죽을 힘을 다해 나도 사랑했을까?...,8,1
363,흥미롭게 전개되는 멜로드라마,7,1
364,얼마전에 봤는데 정말 감동적인 영화에요,10,1
365,정석. ,10,1
366,"아.,. 또 울었네.. 마지막 엔딩크레딧이 올라가면서 이영화의 주제곡이라 할수있는 곡이 다시 한번 나오는데..다시한번 눈물이ㅠㅠ 영화 스토리나 주인공들의 연기도 최고지만 음악또한 최고다 ㅎ",10,1
367,내 인생 최고의 영화!! 노부부가 되어서 회상하는 모습이란.. ㅜㅜ ,10,1
368,남자가 여자에게 해줄 수 있는 최고의 사랑을 잘 전달한 이 영화를 보고 오랜만에 가슴이 설레여 봅니다.,10,1
369,"예전 극장에서 봤는데, 스토리가 너무 진부하다...그리고 30분쯤 보다 보면 결말이 어떻게 될지가 짐작이 되는데.....그저 평범한 스토리의 영화였음.",6,1
370,이프온리랑 쌍벽인 영화 ,9,1
371,아..이 아련함..최고의 사랑영화. 또보고싶다. ,10,1
372,한번쯤은 꼭 봐야하는............,10,1
373,정말 꼭 소장하고 싶은 영화입니다.. 너무 멋있어요 ..,10,1
374,난 노아같은 남자가 되고싶다..,10,1
375,"현재와 과거가 번갈아 나오는데 자연스럽게 연결되기보다 흐름이 끊기는 느낌이어서 아쉬웠다. 스토리는 조금 진부한 고전소설 느낌.  눈물흘릴정도의 감동이나 , 감정을 건드리는 부분은 개인적으로 못느꼈음. ",7,1
376,원래 잘 우는데 이 영화보고 눈물이 전혀 안나서 당황했어요 평점먼저 보고 봤거든요 ㅋ근데 내용은 정말 좋았어요..평생에 이런사랑 해볼수 있을까 싶을정도로..남녀주인공 너무 매력적이였구요,9,1
377,이렇게 영화 내내 펑펑 울게 되다니....볼때마다 어김없이 얼굴이 따가울 정도로 울게 되는.....너무나 매력적인 영화...^^ 꼭 보세요!,10,1
378,전반적으로 순수한 느낌이 너무 좋아요. 첫사랑의 순수했던 . 예상되었던 반전이 이었지만 가슴절절한. 책으로도 한 번 더 볼 생각.,9,1
379,근래들어서 최고의 감동으로 보는 내내 꿈 같은 사랑에 풍덩 빠졌습니다  이제 사랑을 시작하시는 분들.. 이들처럼 사랑하세요 내내 눈물흘렸지만.. 어느 한 방울도 아깝지 않았습니다 두고두고 잊지못 할 사랑을 가슴에 깊이 묻어둡니다..ㅠ ,10,1
380,언젠간 누군가가 나를 저렇게 사랑해줬으면 좋겠습니다. 그런 사람이 저에게도 올까요?,10,1
381,:(,6,1
382,예전부터볼려고했었는데 ~~~이런사랑하고싶습니다 시간이지나도 변하지않는....... 다시봐도 감동이 넘쳐날만한  영화입니다,10,1
383,10번 봤는데 10번다 눈물나요..저도 이렇게 살고 싶어요..평생 단한사람만 사랑하면서..^^ 러브신부터 마지막장면까지 다 너무 좋음. 이시대 특유의 옷들도 좋고..연인이 봐도 좋고..가족들이랑은 보면 안되욤..ㅎㅎ,10,1
384,영화가 끝나도 눈물이 나네요 최고,10,1
385, 진심으로 사랑하는사람과 함께 늙어가며 살아가는게 가장 큰행복임 을 깨닫게해주는 영화,10,1
386,노아같은 남자가 이 세상에 없을 것 같지만 나 또한 이런 경험이 있기 때문에 너무 가슴이 아팠던 영화 보는 내내 울었고 너무나도 슬펐던.. 사랑하는 사람을 위해서는 뭐든 할 수 있는 노아의 사랑이 너무 예쁘다,10,1
387,"노아(라이언 고슬링)의 모든것을 주고 참아내며, 간직하는 사랑이 감명 깊다. 어느 가을날에 저무는 석양 주위로 은은하게 드리워진듯한 붉고 잔잔한 노을처럼 간직되어지고 같이할수있었던 사랑...아마 현실속의 모든사람이 인생의 대미를 장식하면서 하고픈 사랑일지도 모르겠다. 나도 그렇게 마지막을 장식하고 싶다!",10,1
388,"아 짜증나게 눈물날라구 그래 ㅠ,.ㅠ 감동 나도 눈물나는 인간이구나 흑흑흑",10,1
389,유사한 느낌의...,7,1
390,실화를 다룬 어느 스토리보다 더 이쁜 한남자의 헌신적인 사랑을 다룬 실화... 마지막까지도 감동적이네요... 결혼하는 부부가 꼭 보아야할 진실한 사랑...,10,1
391,한 남자의 지고지순한 사랑에 가슴이 절절하네요.  사랑받는 여자가 한없이 부럽다  !!!!,10,1
392,처음 만난 날 부터..죽는순간까지 늘 함께였고.. 서로 사랑할 수 밖에 없었던 아름다운 연인의 러브스토리~!^^*,9,1
393,로맨스영화보고 감동받긴 처음이다,10,1
394,지금까지 본 영화 중 최고의 영화에요!!! 정말 아름다운 이야기네요~ 죽기전에 이런사랑 꼭 하고 싶어요...,10,1
395,아름다운 사랑의 영화...아쉬운 점이 있다면..여자의 양다리(?) 였다고 해야되나.음 아무리 영화라 할지라도 그 부분은 이해가 안 된 부분..,8,1
396,아름다운영화,10,1
397,Perfect.,10,1
398,정말 감동적인 ....멋진 영화`,10,1
399,남자 주인공 완전 대박 멋짐 근데 이거 실화라는건 루머인거 다들 아시죠?,10,1
400,캬~ 좋다~~,10,1
401,이런 사랑 저도 하고 싶네요... 할 수 있을까요..?,10,1
402,정말 하고픈 사랑.. ,9,1
403,나도 저렇게 늙었으면 좋겠다..,10,1
404,아 정말 최고최고!! 정말 대사 외울정도로 봤는데 질리기는 커녕 넘 감동적이라 또울었어요,10,1
405,완죤 최고예요~ 봐도 봐도 감동적인 영화예요~,10,1
406,"이거 배드신만 없지,, 완전 19세...;; 집에서 가족 다있는데 민망함...;;;ㅋㅋㅋㅋ",9,1
407,하 ...............,10,1
408,오랜만에 진짜 로맨틱하면서 감동을주는 영화이네요~,10,1
409,재미있음,10,1
410,완전슬퍼ㅠㅠㅠㅠㅠㅠㅠㅠㅠㅠㅠㅠㅠㅠㅠㅠㅠㅠㅠㅠㅠㅠㅠㅠㅠㅠㅠㅠㅠㅠ,10,1
411, 나는 메마른 여자인가봐.,8,1
412,오랜만에 가슴울리는 영화를 보았어요. 레이첼 맥 아담스라는 배우에게 반한영화. 셜록홈즈.시간여행자의 아내의  주인공이었네요,10,1
413,너무잘어울리는 커플인것같다. 결별했다니 그저 아쉬울뿐이다. 실화라니 믿겨지지않는다.,10,1
414,좋은 영화 가슴이 짠하고 진정한 사랑이 뭔지를 나에게 알려준 영화,10,1
415,"노트북 보셨어요? 사랑이란 이렇게해야되는것이고 아름다운사랑이란 이런거다라는 느낌을 들게해주는 영화에요. 가슴이 두근두근 보는내내 설레여서 봄에 사랑을 하고 싶으신 분, 사랑을 다시 시작하기 망설여지는 분들은 다시한번봐도 좋을듯..[에잇!][성오공]",10,1
416,정말 멋진 영화에요! ,10,1
417,처음으로 댓글 쓰게 된 영화,10,1
418,재미지다 ㅠㅠ,10,1
419,책보다 영화가 더 와닿네요. 정말 멋진 영화.,10,1
420,재밌어요 ,10,1
421,"[♨][영읽여]""나 여친이랑 어떻게해야 달콤하면서도 진실어린 사랑을 해야할지 모르겠어""라고 상담하는 남자사람에게 추천하는 영화. 더도말고 덜도말고 이 영화 주인공의 반만큼 한다면 당신은 이제 그녀의 하나뿐인 멋진남자;)",9,1
422,너무 감동적이고 멋지다............,10,1
423,최고의 로맨습니다.. 사랑의 의미에대해 다시 생각해보게 해주네요,10,1
424,정말 가슴 뭉클한 감동적인 영화,10,1
425,노아와 엘리의 젊었을때의 사랑은 특별하진 않아요. 그런데 왜 이렇게 감동적일까요. 그건 평생을 이어온 사랑이었기 때문이겠지요. 늙은 노아와 엘리의 이야기가 오히려 잊혀지지 않아요. 지금 사랑하는 연인들 부부들.. 늙은 노아와 엘리의 사랑을 기억하세요. ,9,1
426,내게 있어서 최고의 영화이며 사랑에 대한 가치관을 정립해준 아름다운 영화. 그저 아름답다고 할수 밖에 없는 그런 영화다.,10,1
427,가슴따뜻해지는영화,5,0
428,이영화를 본후 어떤사람과만나서 어떨게 사랑하고 어떤인생을 살아야겠다는생각을 하게되었음. 세상에 저런사람이 존재하긴할까.ㅡㅡ; 근데 실화랍니다...몇천년이지나도 둘은 다시태어나서 평생 계속 사랑할듯,10,1
429,내 지금 젋은나이에  이런사랑을한다면 후에 늙어서 죽어도 여한이없을꺼 같군요 ,10,1
430,정말 실화인가?이런 사랑을 꿈꾸지만 시간이 갈수록 엉뚱하게 물들고 변해간다. 짠하면서 뭉클함을 오랜만에 느낄 수 있었던 영화.,10,1
431,최고의 영화....이런 사랑 하고싶다^^,10,1
432,아휴 최고의 로맨스영화,10,1
433,'정말 이런사랑 한번 해보고싶다'라고 느낀영화.,10,1
434,아름다움 그 자체,8,1
435,"찐한 사랑이야기,, 짜임새가 신선하다. 단지 지루한 면이 있고 크게 와닿지 않는다",7,1
436,정말 가슴 잔잔하게 울리는 사랑의 노래. 마지막 앤딩..슬프지만 아름다웠던 원없이 저렇게 사랑하고 싶다...ㅜ.ㅜ,8,1
437,동서양 어디서든 통할 사랑이야기,7,1
438,"아름다운 사랑. 특히 비오는 날, 호수에서 배를 타던 장면이 가장 기억에 남는다.",8,1
439,이런 사랑을 하려고요,10,1
440,ㅠㅠㅠㅠㅠㅠㅠㅠㅠㅠㅠㅠㅠ,10,1
441,대박...........................,10,1
442,진짜 사랑은 이런거구나.,10,1
443,사랑이란 이름으로..가슴이 먹먹해 지는 영화,10,1
444,너무 감동적이고 아름다운 영화 ,10,1
445,진짜 사랑이뭔지 알려준 영화,10,1
446,노아같은 남자가 그림같은 집짓고 날 기다려만 준다면.......,8,1
447,완전 잼있어요 ....123분동안 진짜 몰입해서 봐서..30분본것같은데 벌써 끝남..ㅠ정말 아름답단말 밖에 안나와요 ..,10,1
448,베스트 오브 베스트 for me.,10,1
449,중학생때 영화관에서 보고 이게뭐냐..했는데 다시보니까 괜찮다 마지막 압권,9,1
450,쩐다길래봤는데 .. 쩔진않고 잼슴 첫키스만50번째가 훨잼씀,8,1
451,뭔가 아쉽다..,7,1
452,정말 아름답다..라는 생각이 들게하는 영화였다.처음부터 끝까지 행복하게 봤던 영화.,10,1
453,good!!,10,1
454,아름다운 사랑인거 같아요 실화라니 더욱 감동적이였습니다.,10,1
455,그 꼬맹이가 보고싶네요.. 2004년 함께봤던 그 꼬맹이^^ ,10,1
456,채널돌리다가보면서학원도안가고본영화로맨스싫어했는데내가유일하게좋아하는로맨스영화,10,1
457,정말이지 앨리와 노아는 나의 로망이자 롤모델이 되었습니다.,10,1
458,"주인공들의 사랑은 아름답게 봤지만,,, 주인공들로 인해 피해받는 사람들은...??",9,1
459,너무멋있어요....아름다워요...ㅠㅠ,10,1
460,이런 사랑을 하고 싶다.. 사랑이 무엇인지 다시 한번 생각하게 만드는 영화이다.,10,1
461,아름다운 사랑이야기지만 왠지 세상에 이런일이 느낌이라 감점. ,8,1
462,이렇게 여운이 남는 영화를 본지가 언젠지 기억이 안나네요. 레이첼 맥아담스의 연기최고... 실화라는 믿기지 않지만 영화는 최고 입니다...,10,1
463,친구의 추천으로 봤는데.. 이런 사랑 하고 싶네용♡,10,1
464,오랜만에 다시봤는데 또다시 눈물이 나네요.. 정말 최고..!,10,1
465,최고의 영화입니다.  보면서 누물이 줄줄~~~ 나오는데 오래도록 기억에 남을것 같네요.,10,1
466,"유흥업소에서 일하는 29홉살 남자가 이거보고  대성통곡했네요  ㅠ,.ㅜ",10,1
467,이 영화에서 나는 사랑을 느꼈다.,10,1
468,참 아름다운 영화네요^^ 감동입니다ㅜㅜ,10,1
469,정말 시간 가는줄 모르고 재미 있게 본영화. 여기에 나오는 노아라는 남자 캐릭터가 참 매력적이예요,9,1
470,"도시 부자 집 딸과 시골 가난뱅이 아들에 사랑 이야기, 돈이 많으면서도 가난뱅이란 이유로 두세 번 사랑을 버리고 끝까지 돈 앞에 흔들리는 여자, 머가 아름다운 이야기인지 모르겠다.",0,0
471,로맨스 영화를 끝까지 몰입하고 본 영화는 노트북이 처음이다... 올해 본 영화중에 쵝오의 영화다...,10,1
472,실화라니 더감동이네요..2004년도겟군요 이영화를보고 눈물을 흘린게..,8,1
473,로맨스 영화중 가장 감동적이고 예쁜 스토리,10,1
474,나도 이런 사랑 하고싶다... 감동...,9,1
475,정말 재미있게 봤던 영화~  강력추천해요~,10,1
476,보고나면 사랑하고싶은 영화 ,9,1
477,.,10,1
478,저런 사랑을할수있다면....얼마나 행복할까? 정말 좋은영화입니다. 지금 사랑을 하는 연인들이라면 꼭 보라고 권하고 싶은 영화네요.,10,1
479,순수와 열정이 넘치는 시절의 첫사랑과 이렇게 평생을 함께 사랑하고 마지막 순간마저도 평온하게 같이할수있다면 대사처럼 평범했어도 성공한 인생일것 같습니다,9,1
480,아름다운사랑...,8,1
481,정말 최고이다~ 뭐라 말로 표현할수 없다,10,1
482, ~~~~쵝오.,10,1
483,"정말 이영화를보면서 .... 감탄이나오고,소름이돋을정도다!최고...",10,1
484,아직도 열렬한 사랑이 잊혀지지않는다~,10,1
485,너무아름다운사랑이었다. 특히 엔딩장면은......,10,1
486,마음으로 연결되는 진정한 사랑은 죽음까지도 함께 나눌 수있다는 것..나의 로망인 라스트신에서 뭉클 훌쩍 울었다눈...,9,1
487,뻔한얘기지만..........정말 가슴에 와닿았고 너무너무 예쁘고 아름다운 영화다 보는 내내 눈물이 났다는 사실 ,10,1
488,최고의 영화,10,1
489,개인적으로 진짜 재밌게 본 영화. 아름다운 배경때문인지 더 감동적이었음..,10,1
490,아 진짜 보면서 울었던 영화 ㅠㅠ,10,1
491,진짜 슬프다ㅠㅠ너무슬퍼 마지막에 진짜 펑펑 울었어요ㅠㅠㅠ,10,1
492,최고 감동 ㅋㅋ 마지막이 쫌 그렇긴했지만 재밌음 ,10,1
493,이 세상에서 가장 아름다운 노부부의 일생을 본 듯하다.사랑을 3분 요리처럼 생각하는 이들에게 진정한 사랑의 의미를 생각해 볼 수 있게 해 줄것이다. 머릿속으로 밀려오는 영상에 가슴이 뭉클해진다.,10,1
494,"개인적으로 이런사랑이 좋다... 정말 재밌고 슬프게 감동적으로 봤었던 영화...더 슬펐던건 이제 ""노트북""이러면..임수정이 들고다니는 디지털기기가 떠오르는 나 자신.ㅠㅠ내가 공책을 얼마나 좋아하는데...ㅠ엉엉",9,1
495,"타이타닉에 버금가는 감동영화, 타이타닉 이후에 최고의 감동이었습니다.",10,1
496,포장된 아름다움,9,1
497,실화같은 영화. 로맨스영화의 시작을 알리는 영화. ,10,1
498,우리나라 클래식과 맞먹는 슬픈 사랑이야기ㅠㅠ 사랑얘기가 다 거기서 거기 뻔하지만 (러브 미 이프 유 대어를 바라는 게 아니라면) 그 스토리를 어떻게 표현해서 어떻게 사람들의 감성을 자극하는지로 평가해야죠,10,1
499,"멋진 연애,순수한 연애를 하고 결혼해서 추억을 살려, 가슴을 아른하게 만드는 최고의 영화",10,1
500,"스토리가 아주 탄탄하지는 않아요, 평범한 로맨스 영화죠. 하지만 이 영화가 많은 사람들의 사랑을 받은 이유는, 열정적이고 무모하고 마음가는 대로 사랑할 수 있는 그 때의 사랑을 그대로 보여주고 있기 때문",8,1
501,남자인 내가봐도 눈물이 나는 영화,10,1
502,첫눈에 반해 이런사랑을 할수있다면 정말 행복할것 같다는 생각이 드네요... 아름다운 영화에요...,10,1
503,짱,10,1
504,"참 괜찮은 영화, 멜로영화 이 정도 만들기 쉽지 않죠.",9,1
505,감동철철,10,1
506,최고의 영화,10,1
507,재밌고 찡합니다. 라이언 고슬링 얼굴 너무 길어요.,9,1
508,순전히 여자들을 위한영화 ㅡㅡ; 남자가보기에 정말더럽게 지루하고재미없다 눈물이라고 한방울도 안나고 뻔한 드라마스토리 같음..부모님의반대 등등,0,0
509,감동 그자체.. 내 눈물 돌려다오. ,10,1
510,아름다운 영화. 여자 주인공으로 케이트 베킨세일도 좋았었을 듯...,10,1
511,남친생기면  꼭 보여줘야하는!!!!!!!!!!!!! must !!!!!!!!!!!!!! 영화!!  ㅠㅠㅠㅠ,10,1
512,또 보고 싶은 영화!,10,1
513,뻔한내용인것 같은데도 가슴속 깊이 들어오는 영화.....,10,1
514,"젊을 적 찌질하고 구질한 사랑의 추억을 엘리에게 들려주는 이야기. (평점이 너무 높네요.........) 내가 진짜 드라마나 영화만 보면 우는데, 이건 도저히 울 수 없었다 ㅋㅋㅋㅋ",0,0
515,사랑의 의미를 깨닫게 해주는 영화인것 같아요...,9,1
516,사랑이란 무엇인가 깊게 생각하게끔 만드는 영화.. 나도 누군가를위해 우리만의 공간을 만들어주고싶다..,9,1
517,좀 실망,7,1
518,너무 기대했나..헐..난 완전 실망했는데..제대로 된? 사랑을 안해봐서 그런가봐.....-_-.....엉터리로된 자막을 읽어서 그런가? 원래 조금만 슬픈영화만봐도 펑펑우는 나인데..왜이러지...눈물한방울도 안흘렸다는..,3,0
519,찬사받을만한 영화,10,1
520,사랑을하고 싶다면.. 사랑을 하고 있다면.. 꼭 봐야할 영화...,10,1
521,3번인가 4번 봤는데요 볼때마다 울어요......제가 제일 좋아하는영환데...ㅠㅠㅠㅠㅠㅠ,10,1
522,내가 제일 좋아하는 영화⟩ㅡ⟨,10,1
523,저는 왠지 제 남자친구랑 저랑 왠지 보는것같아서 마음깊이 와닿았습니다. 그래서 그런가 눈물이 자꾸 막 나더군요. 저렇게 사랑해보십시오. 그럼 왜  감동적인지 알테니까 ,10,1
524,아름다운 이야기,9,1
525,"보는내내 가슴절절하고 마지막에서 눈물이 왈칵 쏟아졌다.,,,,,,,,,,,,,, 해피엔드로 끝날줄알았는데,,, 이런 반전이 ",9,1
526,아! 재미없다~,1,0
527,글쎄..영화에비해 평점 너무 높음,7,1
528,풋풋한 사랑에서 영원한 사랑을 보여주는 영화.. 이게바로 영원한 사랑이 아닐까..,10,1
529,"탄성밖에나오지않는영화, 계속생각나는영화! ",10,1
530,10점이란 점수를 줘도 아깝지 않은 영화입니다~!!강추~!!,10,1
531,누구나 할수없는 그래서 더욱 아름다운 사랑 이야기 제가 본영화 중단연 으뜸이네요!!,10,1
532,"best,must,just",10,1
533,내가 늙어서도 저런사랑을 할수있을까?,10,1
534,3번째 본거 같습니다..사랑의 큰 의미와 정말 영화 잘 만들었다는 감동이 밀려 오는 작품입니다..영화의 실제 주인공들이 저와의 나이차이가 많이 나지 않습니다..화려하기 보다는 좋은 이미지로 남아 주길 바라며..,10,1
535,네티즌별점10.0 정말 내생애 최고의 영화라고 해도 과장이 아닐정도로 너무 감동적이에요. 실화라니.. 평생을 저렇게 산다면 정말 후회가 없을듯.. ,10,1
536,평점을 내리기 위해.. 평점보고 기대했다가 대박 -_-,0,0
537,최고!,10,1
538,감동을 주는 영화,10,1
539,이런내용 너무 좋아...ㅎ,10,1
540,아름다워요..누구나 한번쯤 꿈꾸는 평생의 사랑,10,1
541,꼭보세여 보면후회안함니다,10,1
542,"내 생애 최고의영화, 평점을 최초로 달은 영화",10,1
543,어떻게보면 평범할수도 있는 이야기 . 하지만 변하지 않는 사랑이라는 것은 큰 감동을 주네요 ,9,1
544,그냥말이필요없다...최고라는말밖에,10,1
545, 끝까지 자신의 아내를 사랑하는 너무나 신실한 한 남자의 사랑이 너무나 감동적입니다.,10,1
546,정말 감동적인 영화입니다... 과연.. 저렇게 사랑을 할수있을까하는... ,10,1
547,생에최고의영화..ㅜㅜ,10,1
548,정말정말 아름다운 사랑.... 실화라니 더 멋지다...,10,1
549,정말....감동적인 영화였습니다.. 사랑에대한 제 눈을 뜨게해준 그런 영화입니다. 너무 좋았던 영화인것 같습니다.,10,1
550,반에서 봤는데 여자애들은 다 울고 짠하더라구요 ㅠㅠ 감동적이에요!,10,1
551,비포선라이즈와 약간 비슷한 분위기가 나는듯 하지만 또다른 매력이 있군요!! 눈물 줄줄줄..,10,1
552,너무 기대하고봐서 그럴까.. 예고편 보고는 울었는데 막상영화보곤 .. 울지 않았습니다..ㅋㅋ,7,1
553,멜로를 넘어선 그 이상의 멜로입니다.,10,1
554,정말 감동적이였습니다. 남편에 대한 소중한 존재의식과 함께 새로운 감정이 느껴지네요  첫사랑이 나중 사랑까지 이어지는 가슴뭉클한 이야기~,10,1
555,너무 너무 감동적인 영화... 그런 사랑을 할 수 있다면...,10,1
556,흠;;너무기대로하고봐서그런건지;;감정이메마른건지;;지루하고별로였음ㅜ,8,1
557,나두 이런 사랑해보구 싶다,10,1
558,약간 지루....? 갠적으로 그저 그랬던 영화.,7,1
559,정말 최고의 러브스토리...여기에 글남기는 첨인데...정말 강추입니다..,10,1
560,눈물 없인 볼 수 없는 영화다. 실화라는게 믿겨지지가 않을 정도로 너무 감동적이고 아름다운 사랑 이야기였다. 너무 펑펑 울어서 얼굴이 따가울 정도다.. 몇 번을 봐도 시간이 아깝지 않을 영화였다.,10,1
561,"감동의 눈물을 일순 펑펑! 터뜨리게 하는 장치는 전혀 없습니다. 그런 장치를 기대하신 분들에게는 다소 밋밋하게 다가올 듯. 하지만 이 시대를 사는 젊은 한국 남성들이 공감하고, 몰입할 요소도 있군요.",8,1
562,다시생각날영화!,10,1
563,일요일 아침에 케이블로 보게 된 영화...재밌더군.. 헌데 그 과부가 나는 불쌍하더이다..완전히 새됐으니 ... ,9,1
564,내 생의 최고의 로맨스..ㅠㅠ 본지 몇달 됬는데도 아직 생생해요ㅠㅠ,10,1
565,"남.녀 간의 감정이 너무 어이없음.. 원래부터 계속 좋아해오던 사이인데 헤어지고, 남자는 외로움을 달래려 다른 여성과 붕가붕가하다 어떻게 재회하는게 좀 허술. 내용은 ""사랑을 기억하고 그리면 꼭 만나게됨..""",8,1
566,정말 아름다운 사랑이네요... 첫사랑이 이루어질 수 있다는 걸 믿게 해준 영화예요...,10,1
567,완전감동.ㅜㅜ보는내내 질질쌌어요. 저도 이런 사랑 꼭 할겁니당... 당분간 멜로영화에 빠져살듯 하군요...,10,1
568,"이런데 글 첨 써봅니다... 레이첼 맥아담스, 그리고 라이언 고슬링 정말 최고의 배우들 둘이 평생 연인으로 거듭나길ㅠㅠ 내 사랑 레이첼!!!!!!!!!!!!!!!",10,1
569,여자친구와 헤어진지 얼마 안된 저로 하여금 눈물 한바가지를 뿜게 했네요...다시 돌아가야 할까 고민을 다시 하게끔 만든 영화입니다..3년간 가지고 있다가 오늘에서야 보게 됐네요..제 마음에 와닿는 영화였습니다,10,1
570,봐야지 하면서 미루던 영화였는데 오랜만에 이 맛에 내가 영화를 봤었지하는 생각이 들게 만든영화 나는 언제 이렇게 뜨거웠던 적이 있을까??,10,1
571,"제가 본 멜로영화 중에서는 젤 최고에요. 노아와 엘리의 애틋하고 따뜻한 사랑 때문에 눈물이 주룩주룩,,, 사랑하는 연인과 꼭 함께 보세요!",10,1
572,아무 사전지식 없이 곰TV를 통해 봤다. 무료라서... 애잔한 감동.... 아름다운 영상... 배우들의 연기또한 일품.... 마지막 반전..(노트북의 글쓴이),8,1
573,시간이 많이 지났지만  아직도 내마음 속에 있는 그 아이와  이 영화처럼 사랑하고 싶다. 사랑은 영원해 !! 감동적인 영화~,10,1
574,그렇게 잼있지는 않지만 감동적인 영화임,8,1
575,여자친구와 같이보면 대박.. 아 말이 필요없는영화..,10,1
576,이미 10번넘게 봤지만 볼때마다 눈물범벅됨... 특히 마지막에 백발이된 두 주인공의 대화는 정말 눈물없이는 볼수없음 ...ㅠㅠㅠㅠ,10,1
577,"이 정도의 사랑 이야기라면 소설, 혹은 영화의 두 주인공이 되고도 남는다. ",10,1
578,말이 필요없는 최고의 멜로무비...매력적인 두 배우 연기에 보는 내내 설레였던 영화.,10,1
579,아직 보지는 못했지만 기대가 되는 작품이에요.,9,1
580,"보면서 첫사랑이 떠오르는 영화,강추~!!",10,1
581,실화라 더욱 가슴 아픈 이영화~ 강추예요,10,1
582,솔로시절 친구들과 보면서 남친생기면 꼭 봐야지 했던 영화 ㅋㅋㅋ 넘 멋져부러~,10,1
583,보고있는 내내 눈물이 흐르고 안타까웠네요.. 사랑하고 싶은분이나 사랑하고계시는 분들이 보시면 좋겠네요.,10,1
584,사랑하고 싶어지게 하는 영화ㅠ 봐도 봐도 감동적인 영화예요~!!!ㅠㅠ,9,1
585,정말 아름답고 감동적인 영화!! ㅠ  화면들도 진짜 멋있다 특히 석양질때나  백조있는 호수에서...  노아와 엘리의 사랑도 감동적~~ㅠㅠ,10,1
586,이런 사랑이 있을까? 있으면 좋겠다...,10,1
587,"아,... 너무 좋아.... 이런남자어디없나요",10,1
588,"누구나 공감할 수 있는 일상적인 얘기지만, 누구나 꿈꾸는 이야기,, 아름다운 영화~! ",9,1
589,영상이 너무 아름답다..누구나 꿈꾸는 사랑이다... 슬프다고 해서 망설이다 본건데 정말 슬퍼 결국 눈물 질질짜고야 말았다 감동에 가슴이 벅차다,9,1
590,감동적일것 같다,7,1
591,레이첼 맥아담스 완전 귀여워 ㅠㅠ 나도 죽는날까지 불타는 영원한 사랑을 하고 싶다. 마지막 그 침대에서 그들의 사랑이 완성되는 신은 너무 가슴을 벅차오르게 한다. ,10,1
592,막 가슴이 벅차올라요...아름다운 사랑이에요.,7,1
593,말이 필요없다 두 남녀배우에게 푹 빠지게 만들어버린다,10,1
594,감동을 다루었던 영화 ㅠ.ㅠ,10,1
595,   ,10,1
596,감동적이에요,10,1
597,이런 사랑을 하고싶다.,9,1
598,"말이 필요없을 정도로 설레이고 좋았던 영화, 스타와 일반인의 사랑을 다룬 소재부터 주인공의 작은 해프닝, 음악까지 최고였던 영화",10,1
599,감동~ 너무나 멋진 정열적인 사랑,10,1
600,원래 슬픈거싫어해서 멜로 안보는데 이거 보구 완전 감동이엇어여 게속 영화에서 못빠져나왔음! 나두진짜 이런사랑 해보고싶당,10,1
601,시간가는줄 모르겠고 정말 감동적!!,10,1
602,10점을 줘도 안가깝구 ㅜㅜㅜ 봐도봐도 ㅋㅋㅋ 초반부터 정말 재밌죠 .. !!!!!!! 아 .... 레이첼 정말 연기 잘하더라구요 ,10,1
603,멜로는 사랑이야기는 이렇게 보여주는것이다,9,1
604,"영화내용자체가 실화인데다가 배우들도 실제 연인이라그런지..정말 깊게 빠져든영화,,,정말 최고",10,1
605,감동적인 영화.. 대사 거의 다 외울 정도로 보고 또 봤다..,10,1
606,정말 아름다운 사랑 이야기..,10,1
607,진짜 감동적,9,1
608,보는 내내 행복했다  !,10,1
609,지금 당신 옆에 있는 사람을 진정으로 사랑하세요. 반성 많이 합니다. ,10,1
610,말이 필요없어...,10,1
611,지루하지는 않았지만 감동이 크지는 않다.,6,1
612,에구구 보면서 너무 많이 울었나봐요^^감동적인 영화..너무 슬프고 감동적인 영화!!,10,1
613,멜로영화가 다 그렇지만 약간은 뻔한 스토리..하지만 정말 아름답고 감동적인 이야기 입니다. 결국은 진정한 사랑을 택하는 결말..죽을때까지 사랑하는 아름다운 연인..너무 멋집니다. ,8,1
614,평점이 너무 좋아서 기대하고 봤는데.. 정말 아름다운 사랑이예요 ㅠㅜ 누구나하고싶은 ㅠ 저도 그런 사랑 해보고싶어요 ~~,10,1
615,재밌다고 몇번씩 봤다는 사람들 이해 못했는데 이 영화 보고 이해됬습니다. 정말 몇번을봐도 보고 또봐도 마음이 찌릿한 영화 멜로중독성을 일으킨 최고의 영화입니다,10,1
616,진정한 사랑이 무엇인지 알게해주는 아주 감동적인 영화.,10,1
617,아름다운 영화~~눈물 나옵니다~몇번을 봐도 멋진영화임///,10,1
618,이 영화 첫장면과 엔딩크레딧이 잊혀 지지 않음.. 노을 배경에 혼자서 고요히 노를젓는 캬... 정말 이영화 아직 안보신분들은 꼭보셔야함 할매 할배 연기가 좀 뷁이지만.. 정말 지루함없이 재밌는 영화임 ,10,1
619,내가 항상 꿈꿔왔던 사랑! 말이 필요없어 최고의감동,10,1
620,정말 아름다운 영화 ! 브라보 !,10,1
621,얼마나 울었는지 모른다. 너무 감동적이여서 보고 난후 내 눈에 보인 모든 사람들이 사랑스럽고 아름답게만 보였다.,10,1
622,정말 멋져요..,10,1
623,끝에 늙은 노부부가 손을 잡고 있는 모습에서 정말 눈물많이 나왔어요ㅠ 진짜 나도 저런 남자와 사랑하고 싶어요ㅠ,10,1
624,할아버지할머니만안나왓어도최고일뻔햇음레이첼너무이쁘다 ㄷㄷ,8,1
625,제가 좋아하는 영화중에서 상위권을 차지하고 있는 정말 이쁜영화~~,10,1
626,이 영화는 상당히 감동을 주는 영화가 맞다. 특히 전쟁이 끝난 후 둘이 재회해 숲으로 배를타고 갈 때 그 주위를 감싸고 도는 흰 새떼들이 나오는 장면은 압권이다,7,1
627,이 영화 보지 못했다면 당장 봐야 한다.,10,1
628,사랑에 대한 동경을 꿈꾸게 만든 영화,10,1
629,마지막에 있는눈물 마저 다 쏟게만든 영화,10,1
630,레이첼이랑 라이언은 실제로도 사귀는사이라던데... 정말 아름답고 슬픈영화. 진정한사랑이야기... 타이타닉하고도 비슷해서 좋았음.,10,1
631,지금까지 한 5번은 본듯. 정말 최고의 영화.. 실화라는 사실이 나를 더 놀랍게 했던 영화..,10,1
632,정말 이런 사랑 해보고싶다..........,10,1
633,정말 말이 필요없어요 너무 감동 꼭보세요,10,1
634,ㅠㅠ,10,1
635,뭐라고 써야하지? 딱히 쓸 말이없네...,10,1
636,아,10,1
637,아.....진짜 영화보고 이렇게 글남겨 보는거 처음이다.... 진짜 실미도 다음으로 펑펑울어본것같다ㅠㅠ 화려한휴가보다 더 많이 운듯ㅠㅠ 진짜 후회없는 영화다.... 그들의 사랑을 잊을수가 없다....,10,1
638,완전 최고!!!!!!!두번 봄,10,1
639,최고,10,1
640,"뭔가 뻔한 스토리같지만,, 잘 울지 않는 내가 펑펑 울었던 영화. 또보고싶다.",10,1
641,와 감동~~ 나도 저렇게 사랑해야지,10,1
642,gh,10,1
643,나도 이런 사랑 하고싶다! 뻔한 스토리지만 너무너무 아름다운 사랑이야기~ 감동 만땅!! ^^ ,10,1
644,111,10,1
645,나도 저런 사랑하고 싶다.. 처음 만났을 때부터 늙어 죽을 때까지..변치않는 아름다운 사랑을...,10,1
646,남자 주인공의 사랑이 너무 아름다웠다.,10,1
647,생각을 바꿔놨고 세상을 바라보는 시선을 바꾸게 한 영화입니다. 이 세상 최고의 사랑,10,1
648,정말최고............완전감동 펑펑울었습니다 ...,10,1
649,최고...정말감동최고...ㅜㅜㅜㅜㅜㅜㅜ기대도안했었는데..내생에최고의영화,10,1
650,내가몰랐던 아름다운영화. 이영화를 알게된건 정말 행운이다.,10,1
651,이 보다 아름다운 영화가 또 있을까요...,10,1
652,으..ㅠㅠ왠지불쌍해 어째든 슬프고도 가슴찡해오는영화 ~~~으으..ㅠㅠ ,10,1
653,너무 아름다운 이야기 마지막 장면들에선 눈물 참느라 혼났음 정말 소중한 영화,10,1
654,쓰레기 영화... 이런 말도 안되는 영화가 존재한다니.. 좀더 똑똑한 영화였으면 좋으련만... 뻔한 스토리에... 너무 이기적인 사람들... 남자 주인공이 그렇게 여자주인공을 택해버린다면..미망인은? 아..정말 맘에 ,1,0
655,이제까지 본 영화중에 최고야!!!!!!!!,10,1
656,해가 가고 나이를 먹을 수록 더더욱 가슴에 와닿는 그런 스토리,10,1
657,내 생의 최고의 영화!,10,1
658,진짜 첨에 포스터만 보고 사람들이 진짜 꼭 보라고 했을떄 별로여 보여서 안봤다가 지금 시간 남아서 봤는데 진짜 ... 엄청난 감동과 슬픔. 대단한영화...,10,1
659,감동ㅠ 그러나 기대보다는;,8,1
660,"정말 훌륭합니다. 남자분의 사랑이 정말 위대하더군요. 여자분의 매력이나 표정 하나하나도 영화에 폭 빠져들게 만들었습니다. 두번을 연속으로 다시보기 했습니다. 정말 슬프고, 정말 감동적인 사랑이야기였습니다.",10,1
661,가장아름다운영화,10,1
662,"뻔한 사랑이야기를 뻔하지 않게 그려준 영화, 한 남자의 사랑이 얼마나 위대한지 지독한지 그게 얼마나 아름다운지를 보면서 영화에 감동받았다.",10,1
663,레이첼맥아담스 너무너무좋ㅇ아요~~영화도 너무너무좋구요!!!!적극추천,10,1
664,"남자의 구애방법이나 여자가 겪었던 혼란은 별 흥미거리가 아니었어요 단지 마지막 장면, 백지의 일기장을 덮는 순간 모든 줄거리가 연결되면서 감동...",9,1
665,지금까지 이렇게 아름다운 사랑 이야기는 처음 봅니다 한장면 한장면 모두 감동이군요 사랑하는 사람과 다시 보고싶어요,10,1
666,정말 감동 그 자체 ㅠㅠㅠㅠ 오랫만에 울고 싶어서 봤는데 정말.....후회가 없음!!,10,1
667,뒤로갈수록 지루한감이 있긴하지만.. 정말 아름다운 이야기! 가볍고 즐겁게 보고싶을때 추천~,8,1
668,정말 감동적인 영화.. 영호 한장면장면마다 감동감동인 영화..그 감동이 마지막까지 이어지는 영화.,10,1
669,와~기대없이 본 영화.. 그러나 내가 좋아하는 스타일의 영화! 재미도 있으면서 잔잔하고 감동적인 영화였어요 오랜만에 정말 좋은 영화봤어요~,10,1
670,멜로영화 좋아하면 꼭 보시길...... 정말 아름다운 영화임.... 보는내내 울고 웃고..,10,1
671,레이첼과 라이언. ....ㅠㅠ ,10,1
672,서양에서도 이렇게 감동적인 영화를 만드는걸 보면 인간의 사랑에 대한 감정은 다 같다는 걸 느낀다. 짐캐리의 eternal sunshine과 느낌이 비슷하단 생각을 하면서 봤다. 순간적인 사랑이 아닌 진짜 사랑하는 법을 가르쳐주는 소중한 영화다.,10,1
673,엄청 울면서 봤네......그냥 막 짠해서리....,9,1
674,당신옆에 사랑하는 사람이 있다면 꼭 같이 보세요 ... 당신의 사랑이 얼마나 소중한지 새삼 깨달을테니^^,10,1
675,상당히 재미있는 영화였다. 재미있다기 보다 아름다웠다. 현실을 택하느냐 이상을 택하느냐.. 참 많은것을 생각하게 하는 영화..~~,9,1
676,티비를 돌리다 우연히 보게되었다.. 전에 본기억이 문득 나서.. 불같은 첫사랑.. 평생을 사랑속에서 아파하고 행복해 하다 같은 날 두손을 꼭 잡고 잠드는.. 세상에 이런 사랑이 존재할까.. 그런 기적이 나에게도 올까.. 이런 사랑을 해야하는데.. 어떤 악조건도 어떤 장애물도 다 뛰어넘는.. 주고 주고 또 주어도  참고 참고 또 참아도  그 사랑을 다 채우지 못할 만큼 서로를 사랑하는.. 울 수 밖에 없었다.. 너무 아름다웠기에..,10,1
677," 감동적인 러~브스토리... 슬프고, 아름다운 사랑이야기...찡합니다",9,1
678,"괜찮은영화^^ 잔잔하고 여운이 남는,,한 쪽이 쓰라린 그런 영화 좋아하시는 분들 꼭 보시길^^ 실망하지 않으실꺼에요^^",10,1
679,울었습니다 ㅜ _-,9,1
680,중간쯤보면..대충 무슨내용인지..결론은 어떻게될지가 예상되는 영화다.. 기분좋은 만남이 될 수도 있는 영화이지만 어쩐지 내겐 좀 지루한 느낌어었다...,3,0
681,"잔잔한 감동,, 영화 관람후 느껴지는 여운의 미...",10,1
682,"그리 나쁘진 않았지만, 명성에 비해서 그리 특별한 이야기는 아니었다. 반전(?)도 처음부터 너무 빤하고.",6,1
683,16년전 아무생각없이 여자친구와 이 영화를 봤었다. 그때는 이런류의 영화가 흔한영화일거라 생각했지만 지금현재는 각자 다른삶을살아가고 있고 나는 두아이의 아빠가 되있지만 내 마음한켠에는 아직도 이 영화속 주인공들처럼 16년전의 여자친구와 사랑하면서 살고싶다 생각했었던 적이 있었다. 이 영화가 재상영하면서 나는 다시금 넒은들판에서서 아무도 모르게 담배한모금과 함께 눈시울을 붉히다 녹음해두었던 첫장면의 피아노연주를 들으며 애절했던 마음 추스리느라 무척 애쓴다.  지금은 어떻게 살고있는지 소식조차 모르지만  그녀는 나보다 더 행복하게 살아갔으면 한다...,10,1
684,기대가 컸나??? 인생영화라는 사림들이 많아 봤는데  기대 이하!! ,6,1
685,모처럼 가슴 따뜻해지는 영화...,10,1
686,ㅜㅜㅜㅜㅜㅜㅜ 눈물,10,1
687,진심으로  서로에게 느끼는 첫 사랑!!   제대로 느껴보고 싶은 영화라고 생각합니다!! 보고 싶어요 ㅎㅎ,10,1
688,물론 슬퍼서 눈물은 흘렸는데 론도 좋은 사람이었는데..내 기준 더 잘생기고..돈도 많고 첫사랑이라는 이유만으로 노아에게 돌아갈 필요가 있었을까라고 세파에 찌든 아줌마는 생각해본다 론도 노아같을 수 있었을지도 모르는데... 마음이 더 끌렸겠지라고 생각해본다,8,1
689,처음엔 조금 지루한가 싶었는데...끝이 좋다.,8,1
690,영화 자체는 좋다만 정작 실제로는  ‘나와 사랑하려면! 나를 사랑한다면! 나를위해 평생 진심으로 사랑을해줄 마음보단 내가 유복한 라이프스타일을 즐길수있는 경제적능력이 최우선이니 그걸 먼저 보여봐라 그후 내게 어떻게 알아서 잘 맞춰주는지 보고 판단하겠다’ 는  뻔뻔하고 기형적인 마인드를 가진 한국여자들이 이런사랑을 꿈꾸고 아름답고 멋지다며 감동을 지껄이다니...  아이러니한 현실과 너무 괴리감이 들어 감정이입과 공감이 크게 가진 않는다,7,1
691,상남자의 눈부신 사랑이로구나  많이 늦었지만 나도 좀 품위있는 남자가 되어보자 ㅎㅎ;,10,1
692,마음속 깊은 곳에서 주체못할 감동이...  잔잔하고 아름다운 사랑에 박수를 보냅니다.,10,1
693,"나이를 먹고보니 노아도 앨리의 약혼자도 괜찮은 사람인 것 같다. 앨리가 두 남자 사이에서 갈팡질팡하는 것도 이해가 되고, 앨리의 엄마가  딸에게 간섭하는 것도 이해가 된다. 해피엔딩이라 다행이지만 실제의 삶에선 보기 어려운듯. 그래서 영화화되었겠지. 앨리는 복받은 여자. 진정한 사랑을 찾기 위해 분투한 보답!!",8,1
694,그냥저냥,1,0
695,다섯번 넘게 봤지만  그감동 그여운  오래남는   너무 부러워서  그들의  사랑이  그들이  인생이  그들의 그리움이  ..  내가 가보지 못했던길   그렇게  살고 싶었다는  간절함 때문인지  내인생의  영화  !   !라이언 고슬링   멋지네요~,10,1
696,새벽에  올리브에서 보고..정말  미친듯이  울었다...  진짜  잼있었다..   나도  저렇게  사랑하고 싶었다.. 정말로....  아직도 여운이  가시지않는거  보면  .... 정말  강추한다.. ㅋㅋ,10,1
697,"야! 이 영화가 정상적이냐?  앨런은 결혼하기직전 첫사랑 소식에 찾아가 바람 피우고, 론이랑 파혼했지?  그리고 노아는 앨런은 잊지못한 외로움에 마사 가지고 놀다가 앨런 나타나니 바로 차버렸지?  뭐가 얼어죽을 순수한 사랑이야? 이 영화는 쓰레기야",1,0
698,미치년이지.. 약혼자가 있는데 하루밤 풋사랑 남자 한데 가냐?  간통죄로 무기징역. 이런걸 만드니 불륜이 수없이 생기지..  괜히 시간만 버림,1,0
699,10점입니다,0,0
700,로맨스/슬픔을 의도하고 넣은 장면들이 그저 웃겼음,2,0
