﻿,document,score,label
0,내 나이 50이 다되었는데 외할머니가 보고싶다. 시골에서 치매걸리셨을 때 자신의 딸이였던 나의 어머니가 고생스럽게 산다며 밭에 있던 수박을 따다가 늘 장롱에 감춰두고 딸이 오면 수박준다고 하셨단다. 그 수박이 다 썩어서 외숙모님 속을 엄청 썩이셨다. 결국에는 한 겨울 실종되시고 다음 해 봄에 배수로에서 발견되었다. 손자인 나는 그 때 뭐가 바쁘다고 늦은 장례식에도 못 갔을까...ㅠㅠ,10,1
1,진짜 임한빈?  남자애 귀여워서 미치는줄ㅋㅋㅋㅋ,10,1
2,성인연기자야 뭐 다 아는 연기력이고.. 아역들 연기가 정말 최고네..  특히 공주.. 야무진것이 아주 매력부자. 이뽀  ,10,1
3,이거 보는 사림에게 말한다  웃긴 장면 나올때 팝콘드세요 나중에 눈물 받침데로 써야되요ㅠㅠ,10,1
4,보는내내 눈물이 멈추지 않았습니다 정말 오랜만에 감동적인 영화를 본 거 같아요..,10,1
5,잔잔한 감동  수안이 연기 정말 잘해요,10,1
6,돌아 가신 할머니가 그립습니다 ~~ 영화 슬프네요,10,1
7,"웃음과 눈물 , 그리고 감동이 모두 존재하는 영화야말로 최고의 영화가 아닐까 싶습니다 :)",10,1
8,아버지가 치매로 요양원에 계셔서 남일 같지 않았네요 그리고 사람들이 사고로 죽지 않는한 늙으면 치매가 걸리게 될거에요 나중에 다 자기가 겪어야 할 시련입니다,10,1
9,할머니와 손녀의 연기가 참 인상적이었습니다. 가족은 그 무엇과도 바꿀수 없는 소중함 그 자체라는 것을 일깨워 주었습니다. 감동을 주는 연기를 하느라 고생 대단히 많으셨고 영화관에서 보지 못해 아쉬웠습니다.,9,1
10,외할머니..너무 보고싶어요..ㅠ,10,1
11,다정한 담임쌤 박선생 천우희를 보러 1월 2일 밤 11시  MBC 특선영화 시청,9,1
12,Good good,10,1
13,전에는  그냥 스쳐  보았던  영화.. 다시 보다가 눈물 펑펑.. 팔순이 넘어가는 엄마를 보며 더  많이 와 닿았고..더  가슴 저린 영화..,10,1
14,세상에서 제일 무서운병이 치매. 막상 내눈앞에 다가오는 현실이라니 너무슬프다.,10,1
15,댓글중에  An영   니가 해라 그라믄...  본인이 영화 만들지도 못하면서  입 함부로 놀리지 맙시다,10,1
16,"얼마나 훌쩍였는지 머리가 멍..... 가족, 사랑을 다시 가슴에 심어봅니다 ",9,1
17,감성자극.  인생사 가족이란건 이런거죠,10,1
18,아... 할머니. 오랜만에 제대로 감성을 만지는 영화를 봤다.,10,1
19,할머니 생각네요~ㅠ.ㅠ,10,1
20,슬퍼요 계속울면서봤네요,10,1
21,잔잔한 감동,9,1
22,감동   최고의  영화   할매가 보고 싶네예,10,1
23,감동이네..,7,1
24,감성을 자극하는 좋은 영화.,9,1
25,참 잘 살고 있다고 그동안 잘 살아 왔다고  말해주는듯,10,1
26,눈물흘리면서 봤네요... 아주 감동적이었습니다..,10,1
27,가족의 의미..,9,1
28,따뜻.ㅡㅡㅡ,9,1
29,따듯한영화  잘 봤습니다  피가 안섞여도 서로를  지키려는  모습에서  진한 가족애를 느끼게하는 영화 네요 어린배우들 연기도 좋구요  물질적인 것보다  더 소중한  마음들을 가진  사람들 ᆢ,10,1
30,많이 울었다,9,1
31,야속한 세상 인생 운명. 그렇다고 사랑받지 못 할 자격을 가진 사람은 그 누구도 없다. ,10,1
32,혼밥하면서 펑펑 울었네요~극장서 봤다면 눈물에 화장지워질뻔!! 돌아가신 할머니 생각이 많이 나네요 더 잘해드릴껄...,9,1
33,심장이 찟어지는 줄...ㅜㅜ,9,1
34,괜히 높은 평점 운운하며 깎아내리는 사람들은 그냥 평점 못주게 했으면 싶을 정도,7,1
35,잘 뵜어요.. 연기들을 참 잘 하네요,7,1
36,두번째 몰입해서 봤습니다. 두 주인공의 연기는 최고라고 생각되요. 제 집사람과 딸아이에게 같이 보도록 권유했던 영화이기도 합니다. 다시봐도 눈물이 나고 감동이 있네요. 고맙습니다.,10,1
37,마음 따뜻해지는 영화 만들어 주셔서 감사합니다 감독님,8,1
38,뻔한   스토리ㆍ 눈물만  빼는    ㆍ 김수안양의  연기력에  그나마  8점  드려요 ㆍ  하지만  현실에서는   없겠죠 ㆍ저런  여자애는 ㆍ ,8,1
39,감동적입니다.,10,1
40,휴.. 너무 슬프다..ㅠㅠ,10,1
41,짱 감동,10,1
42,감쪽같은 영화를 만들어 준 배우와 감독 작가.. ㅜㅜ,10,1
43,연기 도 잘하고 잘만든 영화임,10,1
44,나문희 님...  아니 어머니 생각이  않이 납니다.....  얼굴을 그대로 꾸미지 않고 있으셔서....  너무 고맙습니다....  이시대 진정한 배우님~~  감사합니다~~^^♡,10,1
45,돌아가신 외할머니가 보고싶네ㅠㅠ,10,1
46,간만에 펑펑 울며 봤네요ㅠ,10,1
47,영화보다 배우들 보는 재미로 봤습니다. 영화는 거의 80년대 방화삘 나더군요~;; 나이어린 사람들은 잘안볼듯... 나문희배우는 전에도 이런 역할 맡았는데 좀 다른역을 하셨으면... 최정윤배우 올만에 스크린으로 만나서 좋았구요~ 글고 김수안배우 연기 좋았고 항상 행복하게 잘 자라길 바랍니다.,6,1
48,아 눈물이 멈추지를 않네요 ㅜㅜ  돌아가신 외할머니 생각이 나네요,10,1
49,"나공주 역의 김수안. 정말 연기력 대단하네요. 나문희 님의 연기력이야 대한민국 최고이고, 김수안과 나문희 님의 콤비 연기. 정말 최고입니다.",10,1
50,아역들의 극본과 연기가 다소 과한감이 있고 감정을 이끌어 내는 부분이 너무 의도적이다.  그러나 나문희님의 연기를 보는 것만으로도 다 덮고도 남았다.,8,1
51,낼모레 50인데... 고딩딸앞에서 눈물을 흘렸다... 나의 외할머니도 그립지만 손녀를 볼때마다 좋아서 어쩔줄몰라하는 울엄니&장모님 한테도 잘해야겠다....ㅠㅠ,10,1
52,ㅠㅠ 너무슬퍼요 감동입니다,10,1
53,따스하네요!,9,1
54,연기 참 잘한다. 잘 봤다.,10,1
55,스토리.엉성하지만.나문희의 연기로 다했다  너무.슬퍼요 펑펑.울었어요..,10,1
56,.,0,0
57,이런 영화 정말 오랜만에 보내요~,9,1
58,"스토리의 개연성은 떨어지지만, 마음 내려놓고 울고 싶을 때 보면 펑펑 울 수 있습니다.",7,1
59,아무리 영화라지만 너무 극단적이야 ㅠㅠ너무 울었어,10,1
60,연기는 나무랄데가 없이 잘했으나 시나리오가 현실성이  너무 없음..  특히 마지막부분도.. 그럼에도 질질 짜면서 봤네,5,0
61,"피 한방울 섞이지 않은 손녀지만, 서로 의지할데 없는 이들이 한가족이 되는 과정을 소소하게 그려냈는데. 12세용 영화라 인물들의 캐릭터가 다들 넘 착하기만 하고 후반부로 갈수록 억지신파로 흘러서 글쎄..너무 진부하단 생각이 든다..나름 관록의 연기자인 나문희와 아역배우들이 애썼지만, 전형적 가족드라마의 한계가 아쉽다.",4,0
62,너무 신파~~~.. 때가 어느 때인데.. 할머니 공주 연기는 나무랄 데 없지만..^^,7,1
63,...,4,0
64,이영화른 보고뻔하다.속았다 하는 사람들. 미숙아수준의인성아님 아직 인생을 모르니 그런 소리를 하지.. 좋은영화 잘봤습니다,10,1
65,여러 영화가 보이네요.특히 계춘 할망의 스토리나 인물구조와 특히 비슷하네요.,7,1
66,뻔한 스토리 였지만 다른해석 감동 너무 감동깊게 봤네요,10,1
67,뻔하디 뻔한 스토리에 신파까지....,4,0
68,이런글 안남기는데 어디서 내용보다 연기력을 평가하냐?? 니 꼬라지나 알고 떠드세요 최고구만 수안이도 나문희선생님은 말할것도없는데 평가를 하는게 부끄러운짓인거 아세요,10,1
69,감동주는 영화,10,1
70,우왕 천우희다~^^,6,1
71,"나름 괜찮은 영화였지만,귀에 거슬리는 억지스런 사투리는 집중력을 떨어뜨렸다.",5,0
72,연기 잘하는 배우들 데려다 참 재미없게 만든영ㅇ화,1,0
73,연기력이 출중해도 올드함과 개연성의 억지는 커버할 수 없다.  마지막 성장한 모습은 안나오는 편이 나았다.   그럼에도 불구하고 마음을 울리는.,7,1
74,구닥다리,0,0
75,눈물.............,10,1
76,7번방의 선물 보고 엄청 울었답니다~~ 감쪽같은그녀'가 또 나를 엄청 울렸네요~ 너무 너무 쨈있게 잘 봤습니다~ 이영화는  꼭 손수건이 필요한 영화~~,10,1
77,감쪽같은 게임이 좋네요~~^^,10,1
78,"어제 집에서 감쪽같은 그녀 영화를 봤는데, 내용이 너무 좋았고 만약 가족중 치매가 걸린다면 이 영화처럼 잘 모셔야겠다는 느낌이 들고, 무엇보다 ost가 다 감동적이에요^^",10,1
79,"먹먹해지게 만드는 영화다. 먹먹함, 딱 그만큼. 재미도 감동도 잘 모르겠고 한국형 드라마의 한계가 느껴진다. 이 스토리를 받아들이는 내 자신의 마음이 삭막해서 인지도 모르겠다. 그래도, 일때문에 딱 6개월 살았던 부산의 그 풍경은 참 그립고 정겹다. ",6,1
80,아역배우들 연기는 최고였지만 뭔가 억지스런설정이 아쉽네요,4,0
81,아직까지 눈물로 인해 맘이 진정이 안되네요 잔잔하게 밀려오는 감동이 마지막에는 쓰나미 처럼 밀려오네요~~~,10,1
82,마음따뜻한예쁜영화입니다.ㅎ,9,1
83,엄청 울었어요........ 영화보고 울어본건 정말오랜만...... 그냥 펑펑 울음....,10,1
84,"이 시대에 있을까? 하는 생각도 들게는 했지만 정말 가슴이 뭉클, 눈물 한바가지 를 쏟게 하는 영화였습니다. 이렇게 따뜻한 마음을 가진 사람들! 책임감 있는 사람들! 영화 정말 잘 봤습니다~^^",10,1
85,간만에 가슴이 꽉차는 영화를 봤어요 감사합니다,10,1
86,ㅜㅜ,8,1
87,부산에서 찍은 영화라   감동이 더했음,10,1
88,잊고 있던 할머니 생각이  나네요. 누군가는 사소하거나 혹은 억지 슬픔이겠지만 누군가에겐 지난날을 회상하며 다시 한번 되새겨 봅니다.,10,1
89,눈물쭉~~~ 애들 연기가 대박,10,1
90,이기 뭔 신파고- 이제 고마 해라.,5,0
91,정말 지루하지않고 처음부터 끝까지 눈을 때지않고 보게됩니다. 약간에 코믹과 슬픔이 적당하게 잘 조합해서 만든 영화네요,10,1
92,요즘은 TV에서도 이런건 안만들던데...,3,0
93,눈물나서 잘 못봤어요...,10,1
94,따뜻한 마음에 눈물로 눈과 마음이 정화됩니다. 할머니의 사랑을 다시 기억하게 했어요. ,10,1
95,우리가 잊고 사는 것이 이 영화 한편에 다 있다,9,1
96,"마음이 정말 따듯해지는 영화네요 억지스러운 설정이니 어쩌니 하는 사람들도 있는 것 같은데, 좀 억지스러우면 뭐 어떤가요 오랜만에 이렇게 잊고 살고 있던 마음을 꺼내보게 해주는데... 좋은 영화입니다 김수안 배우 팬이 되버렸네요 잘 자라서 좋은 연기 계속 보여줬으면 하는 바람입니다",10,1
97,"오랜만에 가슴이 뭉클해지는 가족영화보고 눈물이쥬르륵 눈물콧물 다뺏네요,,",10,1
98,눈물이 주르륵 어느순간 다들 울고 계실 겁니다.,10,1
99,가족이 된 삽살개..,9,1
100,ᆞ,7,1
101,전 개인적으로 너무 잘 봤습니다 가슴이 너무 뭉클 해지네요.,10,1
102,좀 억지스러운 내용이긴하지만..  중간중간 재미도 있고 감동도 있어요.,7,1
103,"어거지 신파극이네요; 좋은 배우 가지고 너무 못 만든 너무 갑작스러운 전개며, 어설픈 사투리 기대에 비해 너무 못 만들었어요",3,0
104,소리없이 흐르는 눈물에 더 가슴이 먹먹해졌습니다 더 많은 분들이 함께 보셨으면 좋겠어요,10,1
105,영화보고 오랜만에 많이 울었습니다. 손익은 못 넘긴듯 하지만 나에겐 정말 가슴에 남을만한 영화네요. 나문희 선생님은 최고세요. 세상에서 가장 아름다운이별 이후 나문희 선생님의 열연을 또 한번 보게되어 영광입니다. 감상평 안쓰는데 글 올립니다. 영화관계자 분들 고생많으셨습니다. 연말 아침부터 좋은 영화봐서 기분좋네요.,10,1
106,뭐가 급하다고 이렇게 쳐묵었노~?!  뭐가~? 아이는 어쩌라고~  벌써 이렇게 저승밥을 쳐묵고 앉아있노! 뭐가 급하다고 뭐가 ㅠㅠ 눈물 빼는 치매 영화.,10,1
107,"영화  전 잘 봤어요. 부산배경도 아니구요. 노래든, 영화든 좋음 되지.. 민족주의를 가장한 자유민주주의니  으쩌고 하는거 보담은.. 대중의 다양성을 보는게 맞을듯..",7,1
108,가슴 한 구석이 아릿해지는 . . .,9,1
109,가슴 한쪽이 먹먹해 지네요,9,1
110,엉성한 스토리에 나문희의 연기에 기댄 신파를 잠깐 잠깐 우겨넣는데... 반은 통하고 반은 튕겨나간다.,5,0
111,펑펑 울었습니다. ㅠ  ㅠ,10,1
112,이래서 너무 빨리 철 들어버린 어린 아이를 보면 눈물이 난다,6,1
113,감동적이네요,10,1
114,최고의영화 연기짱입니다 눈물이..,10,1
115,동화같은 이야기. 의사 부부 없었으면 저들의 인생은 시궁창....,7,1
116,여자애 연기가 조금 그런네요...,0,0
117,"명배우들이야 두말할거 없지만,,꼬맹이 남자애 정말 연기 잘봤어요. 너무 귀엽고 매력있는 꼬맹이였어요. 나문희배우님이야 두말할거 없고  꼬맹이 주연배우 애기도 연기 짱이었어요.",9,1
118,...,5,0
119,배우들의 연기력에만 기댄 영화. 중반 이후 시나리오 너무 뻔하더라.,5,0
120,마음이 따뜻해지는 영화네요  엄마한테 더 잘해 드려야 겠어요 ,9,1
121,볼만했습니다...,8,1
122,힘들게 사는 사람들이 주변에 많아요...가끔 둘러보며 살자구여,9,1
123,나이가 들어서 그런가 눈물나네.. 나여사님 연기야 말할것도 없고 주인공 아이 연기 잘하네,9,1
124,"나무희표 연기,,,,전에 봐던 류와 별반 차이를 못느낌,,기본은 한다,,,,",8,1
125,이정도 신파 예상하고 영화본거 아니었음?   애기들 감초연기 넘나 귀여웅^^,8,1
126,!,10,1
127,눈물과 웃음이 교차하는 진부한 스토린줄 알면서도 나문희표 영화는 언제나 값어치를 한다..,8,1
128,조손가정의 다른모습!!!,6,1
129,신파.... 3~4분마다 슬픈음악 틀어주고 하니깐 슬프지도 않고 진부하네요,5,0
130,"부보들한테 잘해라,,,극장 매너들좀 지켜라 핸드폰은 진동!!영화보는 중에는 핸드폰 불빛 안보이게해라.기본아니냐?그리고 나이쳐먹은 늙은 아저씨 아줌마들 데이트 하려면 다른데을 가지 왜?극장에서 지랄들이세요.떠들도 껌씹고 핸드폰 통화까지 한다.이런 무식한 것들이 영화는 왜 보러 오냐덜,,,정말 죽여보리고 싶다.자식새끼들도 잘보고 부모들한테 전해라 무식한 짓들 하다가 봉변 당한다고,,, 극장이 시장통이냐?",8,1
131,쓰레기는 버릴때도 마땅치않다 외국영화보는게 답,1,0
132,감동도 있고 재미도 있고 좋은 영화다^^,10,1
133,우리 아들도 주인공 부산가시내맨키로 똑 뿌라졌으먼 걱정이 없을낀데 ,10,1
134,내 조카와  너무 대비돼서 실감이 안 나더만 너무 철없는 내 조카는 주인공과 넝수 다른 환경에서 자란탓인가,7,1
135,엄~~~청 재밌고 조금 슬픈영환 줄 알았는데... 엄~~~~~~~~청 슬프고 조금 재밌는(슬픔에 대비하여)영화였어요~ 다음 내용이 예상이 가고 그렇긴하지만 충분히 재미있었습니다^^!,10,1
136,"대체적으로 이야기를 전개하는 방식은 생각보다 어색한 감이 있었습니다. 진행이 매끄럽지 않았지만, 영화 내내 감독이 전달하고자 하는 것이 무엇인지 느껴지는 영화였던것 같습니다.   가족의 의미와 자식들 출가시키고 혼자 계신 할머니의 적적함, 그리고 남아 있는 핏줄로 인해 시끌벅적한 집, 그럼에도 나이들어감에 따른 현실의 벽을 여러가지 방법으로 해결해보려는 노력, 그리고 그들이 선택한 최종적인 선택... 저라도 비슷한 선택에서 크게 벗어나지 않았을 것 같다라는 생각이 들면서도, 가족이라는 사회구성원들의 형태가 무너져 가는 요즘 여러가지 생각이 들게하는 영화이었습니다.   떠나보낸 어린시절의 친할머니 생각도 나고 부모님 생각이 들게하는 그런 영화였습니다. 웃다가 울고 나옵니다. 잘 보았습니다... ^^",7,1
137,이걸  영화라고 5분만봐도 결과를 알겠더라  거슬리는 과도한사투리,1,0
138,어른보다도  부산사투리를  맛깔나게  하는  아이들을  보는  재미가 있다.  처음에는  웃다가  눈물바다로  끝난다.,7,1
139,가슴이 먹먹해지는 영화였어요.. 아역 배우들도 연기를 너무 잘 하네요..,10,1
140,그냥 개연성이고 뭐고 없는데 눈물은 난다,0,0
141,좋은영화,9,1
142,지금보고왔어요. 저예산으로는 잘만들었다고 봅니다. 초반에 다소 엉성해보이지만 마지막까지 몰입감있게 잘 보았어요.휴지를 잊고가서 펑펑 울지못한게 좀 아쉬웠어요. 손수건이던 휴지던 충분히 챙겨서 보셔요 .,8,1
143,할머니... 엄마... 후회하고 싶지 않다면... ,10,1
144,"남의일 같지않은 이야기, 배우의 빛나는 연기가 합쳐져 많이 울었어요.마냥  슬프지만은 않은  따뜻한 영화입니다.   짜임새가 부족한게 아쉬운 영화.배우의 연기만 생각나는 영화에요.",9,1
145,남일 같지않다. 나에게도 곳 올거같은... 가슴으로 펑펑 울었다.,10,1
146,이건 뭐 작품성이나 그런건 잘모르겠는데 보고나면 기분 좋아지는 영화예요 좋은 영화예요,8,1
147,따듯한 영화입니다.,8,1
148,눈으로,1,0
149,따뜻합니다,10,1
150,아이들과 봤는데 너무 좋았어요  가족이 함께보면 좋을거같네요,10,1
151,시어머님이랑 초6  딸 함께 봤는데  초반에 웃다가 중간부터 계속 울었다네요.  감동적이라고 해요.,10,1
152,세상을 따뜻하게 만드는 영화라 좋았는데 감정을 자극하는 부분부분둘이 좀 과장되거나 부족한 것 같아 약간 아쉽다,8,1
153,대사가 글 속에나 있는 문어체다. 말하는 투가 아니다. 아역 배우들의 대사가 너무나도 작위적이다. 사소한 행동 하나하나에서도 개연성이 떨어진다. 눈물 흘리는 지점 대목대목마다 눈물은 흘렸으나 그저 음악과 상황과 연기때문이었을뿐...두 주연 배우의 연기가 아까웠다..안타까운 영화다..,1,0
154,감동적이고 스토리도 볼만하다. 수안이의 연기는 놀라울정도,10,1
155,가슴 뭉클 ,10,1
156,미안한데 영화제목이 기억나지않을만큼.. 정말 오랜만에 친정엄마와 함께 봤는데........ 주고싶은 말이 뭘까요?,1,0
157,중간중간 예상은 했지만 감동적이긴했다.,7,1
158,펑펑 울며ᆢ 잊었던   가족애를 찾아갑니다 ᆢ 고맙습니다~~^^,9,1
159,"포스터만 보고 코미디물인 줄 알고 봤는데,. 당췌 장르가 뭔지 모를 영화였네요. 성장영화인지 아동가장  얘기인지... 소질많은 아역배우를 심파극 하게하고 뒤에서 우는 분도 계시던데, 저는 하품만 하다 나왔습니다.",2,0
160,아 겨울왕국보고도 울었는데 왜 이영화는 진부하고 지루했을까요 연기력 현실성 작품성 잘모르지만 안좋았구요 억지로 눈물짜내는 느낌  반감들게 했어요 아쉬운 영화였네요...,1,0
161,친정엄마 모시고  극장 가서 봤어요  엄청 울었네요   ,9,1
162,유명한 나문희씨  나왔어요ㆍ대박나세요^^~,10,1
163,말이 필요없는 감동이었습니다. 뻔할것 같지만 뻔하지 않은 감동.. 나문희씨와 아역의 연기도 좋았네요,10,1
164,휴지필수,10,1
165,감동도 있고 웃음도 주는 영화라 조금 올드 하더라도 옛날 할머니 생각도 나고 가족들과  보기에도 거칠지도 않도 따뜻한 영화라 좋았습니다,10,1
166,아..너무슬퍼요~,10,1
167,볼만한 영화가 없어서 내돈내고 본 영환데... 올드한 스토리지루하고 재미없고.. 드라마도 아닌 영화에 너무나 어색한 부산 사투리... 부산 토박이 한사람 선생으로 붙여서 연습좀 하시지.... 영화 끝나고 영화가 주는 메세지를 엮어보았다... 가족... 외로움... 노년의 피할수 없는 병마... 어떤 관계든 혼자보단 낫다.. 혼자보다는... 뭐 그런.. 영화 보는 내내 제 거슬렸던건 너무도 어색한 부산 사투리...,5,0
168,사투리 어색했어요..ㅜㅜ,8,1
169,"두 주연배우의 연기야 흠잡을데 없었지만, 스토리 전개가 너무 억지스런 면이 많다. 자연스럽지 않다. 일부러 눈물뽑아내게 만들기 위해 스토리를 만들어간다는...?",7,1
170,전체적으로 좋은 영화. 짧은 러닝타임에 많은 것을 담으려다보니 좀 바쁘게 전개 된 것이 흠..,9,1
171,공감능력이 떨어지면 졸수도.  어릴 적 엄마와 할머니란 존재가 얼마나 당신에게 하늘보다 우주보다 큰 존재였는지 잠시 떠올려 볼 수 있다면 공주가 느꼈을 공포심과 절박함이 얼마나 눈앞을 흐리게 만들지 알 수도.  하지만 시간은 어느덧 흘러 어릴 적 엄마와 할머니란 존재가 더이상 우주같지도 인생 전체이기는 커녕 어쩌면 같이 있기도 거북한 존재가 되면서 모든게 신파로 보이게 되는듯,9,1
172,내감정이 메말랐나...여기저기서 훌쩍거리던데...난 졸았어요....,4,0
173,내돈주고 본  1인. 일단1970년쯤봤던신파가매우많았고 아역대사가너무너무판에박혀매우거슬렸음 언기는좋았으나  정서가너무올드해서 깜짝놀랐음,1,0
174,"공주 김수안의 연기에 감동. 신과함께에서도 인상 깊었지만, 감쪽같은 연기에 박수를!! 앞으로가 더욱 기대됩니다. 팬으로 등록해놓음.",8,1
175,누구나 한번쯤은 볼만한영화,10,1
176,솔직히 억지로 짜맞추려는 연기와 스토리였던거 같아요~~아역배우 사투리도  좀  거슬리고~~그러나!!!!! 가족들과 즐겁게 볼수 있는 영화임은 확실해요^^ 조연들이 뜬금없이 웃기거든요~~,8,1
177,사람을 고문하는 영화!! 눈물 참기 고문 초반부에서 후반부로 갈수록 약간참기에서 매우참기로 변한다는걸... 저예산 영화고 이정도면 괜찮게 만들었다고 생각함.  괜히 눈물 빼고 싶으신분들 추천합니다!,7,1
178,추운겨울 가족을 생각하게하는 따뜻한 영화였다 돌아가신 외할머니가 한없이 보고싶다,10,1
179,배우들 연기에 감동..스토리에 감동.. 펑펑 울다 왔어요... 외할머니가 생각나는 저녁이네요.. 잘 봤습니다. ,9,1
180,아이들이 연기를 넘 잘하고...돌아가신 할머니가 보고싶고...나문희님은 워낙 연기 잘하시고...,9,1
181,애기들 연기하는거 보고 귀여워서 보는내내 웃음이 계속 나왓습니다! 나문희님 연기는 진짜 .... 우리할머니 생각나서 너무 공감가고 와닿아서 슬펐어요....ㅜㅜ,9,1
182,영화초반은 약간 유치스러웠으나 후반으로 갈수록 감동적이었습니다. 눈물 많이 흘렸고 '가족'에 대해 생각할 수 있는 시간이었습니다. 추천합니다~,8,1
183,"수안이란 어린 배우의 연기가 돋보인 영화. 스토리는 편안, 과거 회상 가족생각",8,1
184,"판타지나 잔인한 영화보다 이런 아름다운 영화를 보는게 좋습니다. 눈물을 많이흘렸습니다. 부모님 생각나서 더 마음이 아팠습니다. 늙으신 부모님께 더 잘해드려야겠다는 생각했습니다. 그리고 주변을 돌아봐야겠다는 기특한 생각도 들었구요, 우리나라가 아직도 이렇게 따뜻할수 있다는것이 다행이라 생각했습니다. 가슴 따뜻한 영화입니다.",10,1
185,그냥 슬프고 그냥 눈물이 나요! 여기저기서 훌쩍거리길레 편하게 코도 닦으면서 봤어요. 현실은 더 혹독하겠죠!? 슬퍼요!!ㅠㅠ 그런데 애들이 너무 귀여워요! 웃음 포인트인거 같아요!,9,1
186,지루하고 예측가능한 스토리...그냥 심심한 드라마...비추  ,5,0
187,인생 최고의 영화중 하나로 설명하고 싶습니다.~ 혼자서 편한 곳에서 다시한번 보면서 넉넉히 울어보고 싶네요~,10,1
188,진짜 너무 슬펐습니다.,10,1
189,96이신 제 외할머니ㅏ가 생ㅅ각이 났어요 부친상으로 어머닌 생활전선을 전 외할마니가 케ㅔ얼.............[전 뇌병번 장애인이ㅣ래요,8,1
190,나문희 선생님 연기에 푹 빠져서 보았습니다. 영화 보고 나오니 할머니 생각이 나더군요,9,1
191,억지스럽다,2,0
192,너무나도 흥미 진진했던 이야기 전개와 영화가 끝나고 밀려오는 감동과 울림. 이 영화야말로 칸 영화제에서  상받을 영화였다. 특히 배우들의 혼신의 연기는 처절함과 아름다움을 보여주어 인상적이었다.  마지막 엔딩 크레딧이 올라가고 관객들 대부분 기립박수쳤던것은 너무 인상적이었다. 마지막 반전과 감동은 최고였다.  ////////댓글번호:253,10,1
193,울 할머니생각 엄마생각 딸생각 많이 울었어요. 가족이 되어줘서 감사합니다!,9,1
194,"외롭게 지내실 부모님 생각에 눈물이 흐르네요. 더 자주 전화드리고, 더 자주 찾아 뵈야 되겠다는 생각이 듭니다. 그리 많은 시간이 남지 않았다는 것에 생각이 미칩니다. 엄마,  아버지 사랑합니다~!!",9,1
195,시시하고뻔할것같은영화를 보면서 ..    눈물이주르륵 ,8,1
196,딸이랑 둘이 눈물 흘리면서 봤어요. ,10,1
197,너무나도 흔한 클리쉐 흔한억지감동. 아이들의 연기력에 아빠미소 짓는게 전부인 영화. 이걸 볼 시간에 집안어르신께 재롱한번 더 부리는게 생산적,1,0
198,눈물 흘리며 봤네요 ,10,1
199,"감쪽같은 그 마음을 알아챌 수 있다면... 얼마나 행복할까요? 할머니의 마음, 공주의 마음, 우리 모두의 마음이 서로 통했으면 좋겠습니다. 내내 눈물이 났습니다! 꼭 보세요~~",10,1
200,눈물을 감추고 고개를 들며 잠시 할머니를 생각하게 한 영화인듯하네요.  나도 모르게 눈물을 닦았네요...,10,1
201,조금은 지난 시대이지만 시대를 뛰어 넘는 가족을 생각케 하는 따뜻한 영화.. ,10,1
202,"할머니 포근함과  사랑이 물씬 풍기는 영화를 잘 보았어요,",10,1
203,오랜만에 마음 따뜻하게 볼수 있었던것 같습니다. 진한 감동이 있습니다.,10,1
204,눈물없이는 볼수가 없네요~ 현재 우리사회와 가족을 다시 한번 생각하게 하는 감동적인 영화네요 적극 추천합니다,10,1
205,감동적인 영화네요  적극추천합니다,10,1
206,여태껏 본 영화 중 최고입니다!,10,1
207,우는 분들이 많았습니다,6,1
208,환상적인 캐미를 볼수있는 영화이며 여운이 남는 영화,10,1
209,배우들의 연기도 좋고 약간 뻔하긴하지만 재미도 있고 감동도 있네요...,9,1
210,배우들 연기는 참 좋습니다 다만 너무 뻔한 신파와 스토리전개 그리고 적당한 선에서 타협한 연출이 너무 아쉽네요 마치 손익분기점만 넘기자 하는듯한 편집이 넘 뻔히 보이네요 배우들의 열연이 아쉽네요 진심!!!,3,0
211,내용은 충분히 인간적 서사이나... 대부분의 배우가 연기가 부족해. 밸런스가 안맞아 어색함을 지울 수가 없네요.  특히 사투리는 아주 어색하군요. 그나마 한국의 정을 느낄 수 있게 해준 내용이라 별 5개 후한 점수드립니다. ,5,0
212,어제봤는데 정말재밌기도하고 슬프기도하네요,10,1
213,개봉 3일차인데 정말 상영관이 없어요 하루 세번 상영이라니... 가족이 함께 보기 좋아요 배우들의 연기력도 정말 뛰어나구요 많은분들이 보셨으면 해요,10,1
214,다소 전형적인 내용임에도 마음을 적시게 만드는 힘이 있다.,6,1
215,마음이 따뜻해지는 영화예요~ 눈물주의보 발령,10,1
216,바람같이님? 부산이 배경이 되서 불만이 있으신지? 거의 부산에서 촬영했습니다^^  저도 보조출연자로 출연한 사람이고요 ^^,10,1
217,왜 부산이 배경이 되어야하는지 아직도 의문이다 굳이 안해도 영화에 영향없었잖아,3,0
218,한국영화를 그닥 좋아하지않는 1인인데 기대없이 봐서그런가 내가 한국영화보면서 눈물을 이리 많이 흘린 건 처음이네요. 댓글보고 절대 난 눈물따위 안 흘릴거라고 생각했는데 예상이 빗나갔어요.,10,1
219,가족들이 보기 괜찮아요.,8,1
220,연기좋고 대사재밌네요,10,1
221,감쪽같이 속았다 평점에 ㅠㅜ,1,0
222,어제받서요,7,1
223,뭔 영화가 이리도 엉뚱깽뚱할까?,2,0
224,관객을 감쪽같이 속인 영화  개개인 마다 다르겠으나 저는 비추천 합니다 나문희 배우 때문에 보았는데 감독이 나문희 배우를 감쪽같이 속인거 같음 보는 내내 너무 힘들었습니다. 이 영화는 대체 뭔가 싶어서 대사도 자연스럽지 않았습니다. 자연스러운 배우들의 연기에 어색하게 대사가 끼여든 느낌이랄까요? 각본이 너무 이상하게 쓰인거 같습니다 영화를 보다가 쌩뚱맞은 대사가 한두번이 아니었습니다 정말 발로 쓴거 같다는 생각이 연기자들의 연기는 뭐 나무랄게 없는데 시나오리나 각본이 정말 배우들을 감쪽같이 속였나봐요... 보는 내내 헛웃음이 났어요. 어쩌려고 영화를 이렇게 만들었는지? 이런 영화가 시장에 나와서 유통된다는 건 그것도 나문희 배우를 간판으로 내걸고 이런 영화를 내놓았다는 건 관,0,0
225,안봤어요 ㅠ,10,1
226,오랜만에 이런 감성 풍부해지는 영화봐서 좋았다,10,1
227,정말좋은 가족영화,10,1
228,마음이 따뜻해지고 돌아보게  합니다.,10,1
229,보지 마세요..,1,0
230,스토리가 너무 엉성합니다,3,0
231,넘슬펐어요 나문희님 연기는 정말 훌륭하세요♡,10,1
232,영화관에서 너무 울었더니 옆에서 휴지를..... 세상에 좋은사람도 많아요....  영화 너무 감동입니다 나문희배우님 최고다 진짜!! 김수안배우님도 역시 최고!!,10,1
233,너무 많이 울었어요 따뜻한 영화!!! 누구나에게 있는 마음 먹먹하게 생각나는 사람이 그리워지는 영화 관객모두 그들의 그사람을 생각하며 울었을겁니다... 이 예쁜 영화 보러오실땐 손수건 꼭 챙기셔요   겨울왕국도 보시고 이 예쁜 영화도 꼭보셔요,10,1
234,너무슬퍼 ㅠㅠ,10,1
235,정말 따뜻한 영화에요 강추  손수건 꼭 챙기세요,10,1
236,무방비로 흐르는 눈물. 부모님과 이별할 때도 이만큼은 울지않았어요.,10,1
237,"에고편을 보고 코미디영화인가 했는데, 정말 무방비 상태로 보다가 눈물 쏙 빼고 나왔네요. 가족에 대해서 다시한번 생각하게 하는 따뜻한 영화 였습니다.  개인적으로는 내용전개가 너무 빠른게 아닌가 하는 생각이 드는데, 기승전결 중 승 부분에 5~10분 정도만 추가해서 감독판으로 출시를 했으면 하는 바람도 있네요.",9,1
238,나문희 선생님 연기야 뭐 말할 필요가 없는거고 웃음과 눈물을 함께 만들어 주는 아역들의 연기가 너무 좋은 영화.. 개검들이 떠는 지랄때문에 마음까지 디럽게 추운날씨를 너희들의 따스함으로 녹여다오.  ,9,1
239,"단체관람하면서 오랜만에 평을 한번하고자합니다.  감동과 흐르는 눈물.............영화 보는 내내 ""고난한 삶""이 느껴졌습니다. 앞뒤 옆 저포함 눈물샘을 자극하며  겨울 감성을 적시는 아름다운 영화입니다. 가족의 소중함과 할머니품에 안겨 한없이 슬픔에 잠겨우는 장면에 목이 메이더군요 .",10,1
240,뻔한거 깉지만 울림을 주는 영화 모두가 보면 좋을 영화 강추,9,1
241,나문희 영화 무조건 봐야되  연기 달인이라서  오늘 보러 가야지 예고보니 벌써 눈물나네,9,1
242,무방비상태로  봤다가 눈물이 너무 나와서 ㅠ. 배우들  연기 넘 잘해요. 무조건적인 사랑을 해주셨던  할머니 생각나네요.,9,1
243,우리가족 총출동해서 봤어요. 6학년 딸은 감동적이라 했고 1학년 아들도 첨엔 지루해 하더니 나중엔 집중해 보며 울더군요. 가족이 함께 보길 권해 드립니다. ,9,1
244,부산사람이라부산배경 나와서봤습니다~,6,1
245,아이들과 보았어요.가족의 소중함을 알게해준.....,9,1
246,맘껏 울고싶은 분~~~실컷 울고.. 지금 주어진 삶의 고마움을 깨달음을 주는 영화입니다. 오랜만에 실컷 울었습니다. 가족의 소중함..,10,1
247,암보다 더 무섭다는 치매~ 할매와 손녀의 애틋한 정에 눈물이 났습니다.,10,1
248,오랜만에 직장동료들과 이른오후 회사근체 롯데시네마에서 영화를 보았다 제목으로 봐서는 재미나는 코믹일것이라생각헸다 어느새 옆에있는 여인네들은 훌쩍훌쩍 대기시작했다....나  또한 감정에 젖어들어  이미 눈물은그칠줄모르고 격해있었다  나의 미래에  ......  지금의  현재 모습과 비슷한점이 있어 완전 감동을 했다  정말 이 영화는 가족들과함께 보면 더욱더  좋을듯하다... 저물어가는 12월에  추위를 오늘하루는 행복한 하루였던것같다,10,1
249,"일반 관객들에겐 스쳐가는 치매노인의 이야기지만,어머니가 치매로 요양원에 계신 나로써는 그냥 흐르는 눈물을 참을수가 없었다",9,1
250,너무너무 슬펐어요 러닝타임 내내 울었습니다 . 사투리가 조금 아쉬웠는데 전반적으로 너무 슬펐어요....,9,1
251,"개인적으로 나문희,김수안 나오는영화 좋아해서...눈물찔끔 낮에 나이드신분들이 많이보시네요",8,1
252,영화가 아니리 방화입니다. 나문희를 모시고 이런 방화를 만드는 감독에게 퍽큐를 날립니다.,1,0
253,나문희씨영화 거의믿고보는데 이건쫌아닌듯....,1,0
254,웃음도 있고~ ㅎㅎㅎ 할머니 생각도 나고 가슴 따뜻하고 감동적이고 슬프다....ㅜㅜ,9,1
255,간만에 눈물 펑펑 흘리면서 혼영 했네요.. 뻔한 스토리지만 감동적이었어요. 배우들의 연기도 훌륭했네요..,10,1
256,잘 보았습니다.,10,1
257,시나리오의 엉성함 연출의 어설픔 단조로운 카메라의 워크 출연지의 연기는 좋으나 보는 관객은 난망한 영화,5,0
258,주조연 배우 거의 전체가 사투리를 못하셔서 몰입에 방해가 되었어요 연기는 참 좋았는데 그게 많이 아쉽습니다,7,1
259,올드함,6,1
260,처음으로 오열하면서 본 영화...,10,1
261,치매는 무섭습니다.. 누구나 다 걸릴수있는 치매.. ㅠ,9,1
262,스토리짱 ~요즘 한국사회를 잘그리셨어요~,9,1
263,감동 그 자체다 40대 남자,10,1
264,"만날 한국 영화는 그 타령, 그냥 내리시지.",0,0
265,감쪽같은 그녀 재밌어요,9,1
266,영화 잘보았습니다. 뭉클해서 보는동안 내내  눈물  흘렸네요,9,1
267,정말 피부에 와닿네요.자연스러운 연기에 박수을 보냅니다.나문희선생이야 그렇다 쳐도 김수안양 연기는 성인배우 뺨치네요.여기저기서 아줌마들 훌쩍거리는 소리가 감동을 말해줍니다.가족들은 이래야 한다고 보여주는 교과서입니다.다른아역 배우들 연기도 너무 자연스러워서 웃고 울고 잘했습니다.그전장수상회 박근형씨 치매연기와 이번 나문희씨 치매연기는 치매 그자체네요.얼마전 돌아가신 어머니 생각이나 혼났습니다.모두보셔야할 정말 잘만든 영화입니다.그리고아줌마들 떠들지좀 마세요.전화기도 진동으로 해놓으시고요.껌씹는 할머니 예의좀 알고 극장에 오시구요.중년층에게 어필이 많이될 영화지만 극장 매너을 모르는 할머니들과 할아버지들 때문에 짜증을 각오해야할 영화입니다,10,1
268,연기 너무 잘하셨어요 갑자기 할머니 생각이 났네요 제 어렸을때에 비슷한 내용이었네요 ㅋㅋ,10,1
269,아이고.  진짜...배우들 땜에 별하나는 주는겁니다. 아이고...할말이 없네...중간에 나간 사람도 있었어요. 폰만보고 한숨쉬더니. 걍 나감,2,0
270,웃음도있고 눈물도 있는 영화에요 봤는데 엄마랑 한번 더 보러가려구요~,10,1
271,눈물 흘리며서 봤네요  우리나공주 역은맡은 김수안  연기 한마디로 굿이어라,9,1
272,손수건 꼭 챙겨가세요...,10,1
273,저절로 눈물이 주체할수 없이 나와 나 자신도 놀란 영화 그냥 마음이 저려오네요~ 엄마와 계속 눈물 닦으며 봤어요 수안이와 나문희 배우님~~연기 최고입니다!,10,1
274,아역과 고령배우의 정감있는 연기와 감쪽같지예 게임과 카메오 출연의 감쪽같음도  ㅎㅎ 또 자장가로  변신한  김민식의 나의 사람아 ~ ^^,8,1
275,오랜만에 가슴을 울리는 영화,9,1
276,사투리가 걸리지만 종반에 가선 눈물이 저절로 나오는 영화 가족이 뭔지 알수 있었던 영화,8,1
277,볼꺼에요 믿고보는 나문희 심완준,10,1
278,믿고 보는 조합ㅜㅡㅜ 연말 눈물샘은 여기에 맡긴다ㅠㅠ!! ,10,1
279,단짠단짠 눈물도 웃음도 대 폭발 ㅠㅠㅠㅠ,10,1
280,뭔가 기대되는 조합!! 웃다가울다가 한다던데 기대된다!,10,1
281,진짜 시사회로 봤는데 ㅜㅜ 나만 우는 게 아니었음.. ㅜㅜ ,10,1
282,시사회로 개봉 전에 운좋게 조금 먼저 봤네요..  솔직히 좀 뻔한 스토리에 투박하고 올드한 연출이 좀 실망스러웠습니다만.. 그 모든 문제점을 커버하는게 나문희님과 연기천재 꼬마를 비롯한 출연진들의 연기력 아닌가 싶습니다. 중반부를 넘어가면서 노모를 뫼시고 있는 상황에서 눈물이 절로 났구요..   조용한 극장 곳곳에서 훌쩍이는 소리가 들리더군요..  간만에 가족애에 눈시울 적시는 서정적인 영화 한편 잘보았습니다.  ps// 전반적인 스토리 배경 시대 상황이 좀 과거인거 같은데.. 마트씬에서 비치는 상품들이나 간혹 비치는 배경 소품들이 요즘 신상들이라.. 상당히 거북하더군요.. 이런 부분도 세심하게 좀 신경썻으면 하는 아쉬움이 드네요..,8,1
283,"추운 겨울, 마음이 따듯해지는 가족 영화의 등장..! 무척 기대된다 ",10,1
284,할머니 생각나서 너무 슬펐어요 ㅜㅜ  추운겨울 감쪽같은 그녀보고 따뜻한 겨울 나세요!!,10,1
285,너무 감동적임 찰떡케미 기대되요,10,1
286,문희쌤에 수안이까지 찰똑인데 눈물빼고 단짠단짠까지 황금비!!!,10,1
287,나문희쌤과 수안이라니ㅜㅜ 재밌을것 같다ㅜ,10,1
288,시사회가서 봤는데ㅠ개봉하면 또 보려구요!가족들하고 보기 좋아요!!,10,1
289,올해 마무리는 닥 감쪽같은 그녀ㅠㅠ 이런 분위기의 영화 너무 좋다,10,1
290,"시사회로 봤는데 부모님, 친구들이랑 같이 다시 보고 싶은 영화 였어요",10,1
291,예고편만 봐도 눈물 ㅜㅜ 연말에 꼭 보기 좋은 영화네요!,10,1
292,시사회로 보고 왔습니다 연말에 가장 따뜻한 영화가 되지 않을까 싶네요!,10,1
293,연말을 마무리하는 마음이 따뜻해지는 영화로 제격일듯!,10,1
294,"시사회 당첨되어 미리 보았습니다. 정말 가슴뭉클한 영화입니다. 나문희, 김수안 배우의 역대급 연기도 일품이었습니다.",10,1
295,시사회 다녀왔는데 진짜 웃기고 울리고 다합니다 ㅠㅠㅠㅠ 개봉하면 엄마랑 또 보고싶은 영화 ㅠ,10,1
296,믿고보는 나문희 왠지 슬플거 같아서ㅠㅠ,3,0
297,가족이라는 의미에 대해서 다시 한번 생각하게 만드는 영화입니다,10,1
298,"비번찾아서 평점남겨요. 머리아픈 영화입니다. 감동적이고 슬퍼서 계속 울어요.  초대시사회였지만, 티켓팅해서 또볼거에요.",10,1
299,가족의 의미를 돌아 보게 한다,8,1
300,"나문희샘 연기도 물론이지만, 꼬마들 연기가 좋네 재밌고, 울고ㅎㅎ 따뜻함",10,1
301,또르르..눈물이 흘러간ㄷ..또르르또르르르.. 부산 좋아하는데 부산바다도 뒷배경으로 나오고 그래서 좋았슴다. ,9,1
302,나 지금도 머엉~한참 웃다가 보는데 갑자기 짜증남 ㅜㅜ슬픈  스토리 ...나 슬픈거 싫은데 ...옆사람 신경쓰여서 우는것도 싫고 그래서  감동적인거 별루인 나가 계속 눈물날까하면 딴짓거리 하면서 눈물 안흘릴라 햇는데 그러던 어느장면 갑자기 가슴이 찟는듯한 울먹임이 소리지르듯할려는 가슴찟어지는 답답함이 할머니 생각에 폭풍 오열 지금도 가슴이 말못할 복잡함이 어울려져 잇는 느낌..,10,1
303,뚝뚝..,10,1
304,나는 진짜 나문희 할문희 보면 우리 할문희 생각이 너무 많이 나 ㅠㅠ,10,1
305,나문희 쌤 연기만으로도 진짜 볼 가치가 있는 영화. 너무 감동적이에요.,10,1
306,너무 마음이 따뜻해지는 영화였다 증말 ㅠㅠ 개봉하면 꼭 또봐야지,10,1
307,겨울에 보면 따뜻하겠다... 나문희 스생님만 보면 눈물나 ㅠㅠㅠ,10,1
308,할머니가 보고싶어지는 영화...ㅠㅠ추운 겨울에 어울리는 영화네요,10,1
309,겨울에 어울릴만한 따스운 영화 ㅠㅠㅠ,10,1
310,아 너무 몰입했나봐 ㅎㅎ 진짜 닮은거 같아,10,1
311,"시사회 때 엄마 모시고 봤는데, 엄마가 엄청 좋아하셨어요! 엄청 감동적입니다~",10,1
312,"오랜만에 영화보고 펑펑 울었음, 나문희 선생님, 김수안 배우 연기는 진짜 흠잡을 데가 없다.. ㅜㅜ 아직도 먹먹함....",10,1
313,눈물 흘리다 탈진할뻔,10,1
314,"노잼. 시사회봤는데 시간 아까웠어요. 억지스럽고 거북한 부산사투리, 영화라하기에 민망하네요ㅠㅠ 나문희씨 연기만~굿.",1,0
315,"아무도 연기를 못하지 않았지만, 영화는 재미없었습니다. 별 3개는 나문희 할머니 하나, 김수안 하나, 나머지 배우들에게 하나 나눠 드립니다. 연출부와 제작사는 반성하세요.",3,0
316,한번보고싶은 영화 ^^~ 나문희선생님 화이팅입니다^^~,10,1
317,전형적인 한국 영화,1,0
318,울며 나왔어요 꼭 보세요,10,1
319,"아무생각없이 들어갔다가, 눈물 한바가지 쏟고 나온 영화였습니다.  나문희 샘과 김수안양의 연기가 과거의 나와 현재의 나, 그리고 돌아가신 할머니를 생각나게 하면서 함께 울게 만든 영화입니다. 시사회 끝나고 나오는 사람들의 눈이 모두 촉촉하더라구요!! 휴지나 손수건은 필수로 챙겨가십시오~ 개봉하면, 엄마랑 같이 보고 싶은 영화였습니다 ",10,1
320,아이들이 너무 재밌어서 처음엔 그냥 웃긴 영화인가 싶었지만 보다보니까 어느새 눈물을 흘리게 되더라고요...,10,1
321,어제 영화제에서 보고왔는데 너무 감동적이였습니다 남편도 옆에서 눈물을 닦으며 휴지찾고 억지 심파극이 아닌 언제든 우리 가족에게도 일어날 수 있는 요소라 더욱더 공감이 갔습니다 나문희선생님 김수안배우등 다들 너무너무 연기를 잘해서 몰입해서 봤습니다 시사회끝나고 인사 및 질문시간도 너무 좋았고  특히 감독님이 어떤 의미로 이 작품을 만드셨는지 설명해주셔서 더욱더 감동적이였습니다 개봉하면 다시한번 더 보고싶습니다 ,10,1
322,방금 영화제에서 보고왔는데요. 할아버지 할머니들많이보러오셔서 공감가시는지 앞뒤로 엉엉 우시더라고요...마지막무대인사및 질문시간까지 너무좋았어요.,10,1
323,"보는 내내 가슴이 먹먹하여 눈물까지 흘렸는데 ,내가 마치 10살정도의 아이들의  마음으로 돌아가 세상을 바라보게하는 듯한 고맙고 너무 재밌는 영화였습니다. 응팔이나 응사를 재밌게 보신 분들이라면 적극 추천합니다.",9,1
324,감동적인 가족영화,9,1
325,나문희 김수안 천우희면 너무 궁금하다 기대중 !!!,10,1
326,나문희쌤은 무조건 믿고봄!! 지금까지 개봉작중에서 재미없던게 없는듯!!,10,1
327,문희 문희 나문희~~~~~~~ 기대해욤!!!,10,1
328,나문희님 연기는 말할것도 없고 아역배우 너무 잘한다 완전 팬됐다 식구중 치매환자가있어 깊이 공감이되고 너무 그 상황이 이해가 되 눈물이난다 믿고보는 배우들. 탄탄한 스토리 흥행하길^^,10,1
329,끝나고도 울음이 안멈춰서 흐느끼다 집에옴...,10,1
330,보고싶어지는 영화다. 연기력은 말할것도 없겠다,9,1
331,"무임승차하는 아이돌 여가수가 출연하지 않고, 믿고보는 배우(천우희, 나문희, 김수안)들이 출연하는 작품이니 무조건 극장에서 볼께요~",10,1
332,"경상도 사람이 한명이라고  감수 했으면.....이런 엉터리 사투리는 안나왔을텐데... 그리고, 치매에 대해서..조금이라도 생각을 하셨어야지요.. 이 영화 70년대 영화 아니잖아요",2,0
333,"스토리도 그렇지만, 감독님의 역량 부족이네요...뻔하디뻔한 스토리인데 나문희님도 또 항상 비슷한 배역이라 너무 예상되고...부산행에서도 그  연기 잘하던 김수안 배우도 맞지않은 옷을 입은거처럼 어색하기만하고...(아역배우에게 라미란님이 하실만한 연기를 시키다니요...) 2000년이 되기전에 봤으면 괜찮게 봤을수도 있는 영화네요...그나마 아역들 생각해서 4점 줍니다...ㅡ.ㅡ",4,0
334,치매에 대해서도 사투리에 대해서도 연구를 좀 하시고 영화를 만드시지 대사톤과 카메라구도 이야기 구성이 시나리오 초보작가인가요? 수안이와 나문희 배우의 연기는 좋지만 대사가 자연스럽지 않아 힘드셨을듯 어릴때 보았던 저하늘에도 슬픔이 생각났어요 관객의 수준이 많이 높아졌어요,1,0
335,남녀노소가   80년대에나 쓸듯한 사투리를 쓴다 그것도 어설프게 요즘 부산 할머니나 할아버지도 안쓰는 사투리를 누가 가르친걸까 젊은 사람들은  서울말 비슷하게 쓰는게 생활화 됐다 백번양보해 영화 시대배경이 80년대라면  그나마 이해하겠지만   사투리 연출은 이질감이 크다,4,0
336,가족과 함께 보기 좋은 감동적인 영화,10,1
337,가슴 찡하고 뭉클하고 울면서 봤습니다.,10,1
338,이기 뭐꼬??? 억지 스토리에 어색한 사투리 연기에 감정이입이 1도 안 되는데... ,1,0
339,신파적 소재 어설픈 연기,6,1
340,애가 애연기를 안하고  완숙한 여우연기늘 하네ㅡ 헐ㅡㅡ,10,1
341,사투리 이게 뭐니?? 배우들 사투리 제대로 좀 배워서 해 연기가 장난이니?,2,0
342,사투리가 대구냐 라도냐 아니예 대구인가 대구는 올라가는데 혼종사투리가 망,2,0
343,나문희 연기와 주인공 아역의 연기는 좋은데 모든 상황을 최악으로 만들어 눈물을 흐르게 하고 싶은게 보인다,6,1
344,오랫동안 기억할 감동의 영화이였습니다. ,10,1
345,내리 사랑에 대한 깨달음이 아닌 온전히 나누는 치사랑.,9,1
346,"정말 강독을 줘 패고 싶다. 이 좋은 배우들로 이런 허접한 영화를 만들다니. 2,30년전 감성에서서 전혀 나아가지 못하고, 관객의 수준을 무시하고  배우의  연기를 헛되게 하고 스탭들을 허망하게 안들다니. 망한 엥화들은 다 그럴만한 이유가 있을거다. 이 영화는 누군지 잘모르는 감독이 다 망친 영화. 배우 스탭 여러분 영화를 선택할 때 보다 신중하십시오.",3,0
347,이런 명작을 47만명 밖에 안 봤다니 너무 아쉽다. 이런 영화가 천만을 넘어야 하는데. 연기 최고! 내용 최고!,10,1
348,"개연성은 어디로? 사회적 약자, 인간 사이의 정이 나온다고 해서 명작인 건 아님. 근데 평점은 왜 이리 높은 건지... 나만 당할 순 없다...로 10점 준 건가 싶음.",6,1
349,하고싶어요안될까요제발보내드립니다!네,10,1
350,좋은 내용과 좋은 배우를 이렇게 못 살렸나..싶네요 그냥  줄거리를 주욱 나열했다 싶은 영화입니다.  평점 좋게 준 사람들은 나만 죽을수 없다고 낚을려고 한거 아닌가요?,3,0
351,그냥 저냥 티비에서 볼 만한 정도.. 배우들의 연기는 훌륭했지만 극장에서 돈 주고 보기에는 좀  부족한 듯 싶네요.,6,1
352,"완전 속았어요. 좋은평 하나 보구 영화 봤는데, 완전 속았어요. 저는 친구랑 셋이 봤는데, 셋다 넘돈 아까웠어요. 돈은 물론 시간까지 아까웠어요. 대본을 중2학생 정도가 쓴거 같았어요.  어찌 이리 평이 좋은걸까요. 믿을수 없어요. 너무나 틀에 박힌 뻔한 슬픈 스토리. 현실성두 전혀 없구.",2,0
353,가슴 깊이 간직하고 싶은 예쁜 아이들.,10,1
354,평면적인 캐릭터와 진부한 이야기 전개...  주연 배우들의 열연으로도 살리지 못한 너무나도 게으른 영화. ,5,0
355,펑펑 울고 나왔다,10,1
356,수안이 연기가 대단하네요~  ㅜㅜ 감동적이었습니다.,9,1
357,역시 우리나라는 신파없으면 암것도 못한다니까,5,0
