﻿,document,score,label
0,"초반엔 비리 사학재단에 입만 열면 거짓말이 나경원과 똑같다는 생각이 들음. 아들,딸 입시 비리에 성적 조작,논문 조작까지 포함하면 완전 빼박인데 ㅋㅋㅋ 그랬으면 검찰 수사에, 법질서 파괴하는 판사들이 제작자,감독 감옥 보냈겠지. 가볍게 시간때우는덴 무난한 영화인듯.",6,1
1,정말 너무 재미있는 영화였다. 비리가 보일수 있는 그 모든 부분을 감안하여 이 부패된 정치사회를 비판하는 점이 너무나도 인상깊었다. 그 이후로 초심을 찾고 능동성을 지닌 주인공이 다시 깨끗한 정치를 찾아가는 점이 인상깊었다. ,10,1
2,이 나라에 정말 순수하게 국민을 위한다는 마음으로 일을 하는 국회의원은 얼마나 있을까..,8,1
3,라미란~~대박~~우껴요 ㅋㅋㅋㅋ  연기 짱입니다 ,10,1
4,완전 대박임 코로나 아님 대박터졌을 듯,10,1
5,극한직업보다 훨~~~씬 잼있다~ ㅎㅎㅎㅎㅎ,10,1
6,코로나 땜에 흥행 못한건가? 눈물 쏟으며 웃었는데... 너무 웃겨서 배가 아픔 최고다!,10,1
7,진짜 쉴새 없이 빵빵 터지네요ㅋㅋ 가족들이랑 가볍고 즐겁게 보기에 참 좋은 영화였어요!!,8,1
8,재밌어요 .  역시 라미란 연기 완벽해요. 집에서 이어폰 꼽고 보세요. 작게 스쳐가는 대사 너무 웃깁니다.,10,1
9,"가볍게, 유쾌하게 봤어요. 라미란님 최고에요",10,1
10,요즘 답답했는데 모처럼 웃었어요 만족,10,1
11,잘 만든 킬링타임 영화. 라미란 배우가 참 좋다. ,8,1
12,라미란 원톱 영화의 가능성! 가족과 같이보기 좋은 코메디♡,10,1
13,여자 가장으로 공감백배 대사에 웃펐다 내남편한테 대놓고 하고싶은말을 라미란이 다했다,10,1
14,초반에만 반짝 웃기다가 그 이후론 난리부르스;;;,5,0
15,라미란 진짜 배우네요 정치 풍자에 요소요소 재밌게 질 뵜습니다,10,1
16,존잼 짱잼,10,1
17,재밌어요. 박장대소했네요.,9,1
18,가볍게 볼수있는 정치풍자코미디! 재밌습니다.,8,1
19,재미에는 충실,6,1
20,뒤로 갈수록 코믹이 떨어지긴해,8,1
21,굳,10,1
22,즐거운 코믹 영화,9,1
23,빵빵 터지게 재밌네용,9,1
24,.코미디 ㅋㅋ 재밌어요,10,1
25,가볍게 괜찮네,7,1
26,꾀 제밋슴. 꼮 뵤샘ㅁ!,6,1
27,재밌게봤어요~,8,1
28,재미있게 봤어요^^,8,1
29,.,6,1
30,잼있게 봤어요 역쉬 라미란! 연기짱,9,1
31,연기들도 잘하고  너무 잼났어요,10,1
32,킬링타임용. 예고편 정도의 내용. 웃음도 감동도 찾기 힘들다.,6,1
33,재밌었어요. 그런데 딱히 기억에 뭐가 남지는 않는..? ㅎㅎ 그래도 정말 재밌게 봤습니다,8,1
34,기발하거나 참신하지는 않지만... 가볍게 보기엔 무난한 코미디 영화,7,1
35,"잼있고, 웃기긴 했지만 영화관에서 제 돈 주고 봤었다면.... 저도...ㅎ 호불호가 나뉠듯~ 킬링타임으로 가벼운 마음으로 보기 좋아요~",7,1
36,재밌게봤어요.,9,1
37,재미있어요,9,1
38,영화 재미없을까봐 고민했는데 가벼운 마음으로 보니 가볍게 웃기 좋은 편한 영화였어요.  소소하게 계속 웃겨요,7,1
39,최악. 영화가 코메디라는데 웃기지도 않고. 10점 주는 분들은 어떤 관점으로 보셨는지 배우고 싶다. 배우도 그렇고 보고있는 내 자신이 한심해서 중간에 끊었음. ,1,0
40,재밌어요,10,1
41,"예고편이 재밌길래 기대했는데 직접 영화관에서 보니 예고편의 내용이 그냥 이 영화인 것을 느꼈어요. 예고편 내용에서 그 이상, 그 이하도 아니었고 딱 예고편 내용이 영화 전체 더라고요. 연출도 정신사나웠고요. 그리고 너무 억지로 웃기려는게 거북해서 영화 보다가 나가고 싶었습니다. 이 영화가 왜 평점이 높은지 의문입니다만 그래도 현대 정치판을 잘 반영했고 비판하는 점이 좋았어서 별 하나 더 드립니다.",3,0
42,첨엔 현실성 없는 코미디로 보았는데 윤미향 사건이랑 똑같네. 코미디임에도 불구하고 웃기는 장면이 하나도 없다. 그럼 과감하게 정치풍자를 하든지. 김용림같은 대배우가 나와서 좋았지만 연기가 너무 적어서 아쉽다. 시나리오만 잘 다듬어도 웰메이드 영화가 될수 있는데 억지설정만 가득해서 공감할 수 없었다,2,0
43,좋은 영화를 보면 뭔가 남는게 있기마련. 이걸 보고 뭘 얻은건지 난감한 느낌이는다. ,3,0
44,역시 라미란배우님입니다 여러가지 요소로 비틀어놓는 부분들이 있어서 마음 편하게 열심히 웃었습니다!,10,1
45,막보기 재미남,9,1
46,정치인의 실상을 보여주는 시사적 코미디극. 초반은 좋았지만 끝을 갈수록 과장된 웃음과 감동을 미리 설정해놓았다는 아쉬움이 컸다. 하지만 현 정치인들의 모습을 가감없이 솔직담백하게 잘 담아냈다.,5,0
47,잘만든 영화.. 이렇게만 좀 만들어주라 코로나 터지고 극장가에 볼게없음 ,10,1
48,연기도 탄탄하고 재미짐,10,1
49,재밌네ㅋㅋ,10,1
50,"소재만 좋으면 뭐하나, 영화의 기본 요소들이 너무나도 부실한데.",4,0
51,존잼,10,1
52,뻥쟁이 국개의원들은 언제 철드냐?,10,1
53,생각보다 재밌었어요 뻔하지 않은 결말이 좋네요 ,8,1
54,극한재미,10,1
55,재밌네요. ,9,1
56,다소  늘어지긴  했지만  나름의  재미가  있었어요  최근  윤미향  사건도  오버랩되고,7,1
57,재밌음,10,1
58,박장대소하며 즐겁게봤어요^^,10,1
59,마케팅회사 직원들? 아님 알바? 이걸 어떻게 10점 주냐 진짜 넷플릭스 에서 볼거 없어서 걍 봤는데... 암튼 배우고 스탭이고 만드느라 고생했을테니 2점 드림,2,0
60,라미란이 최고!!!,6,1
61,생각없이 봤는데 너무 재미있게 잘봤어요 배우들 연기도 너무잘하네요~!!,10,1
62,쏘쏘,6,1
63,이게 웃기다는 사람들이 이리 많다니 내가 너무 삭막한 인간인걸까?;;,3,0
64,그냥 단순 코메디로 보세요. 뭔가 의미같은 건 절대 찾으려 하지마시고. 뭔가 저러고도 계속 정치할 수 있다는 리앙스가 있어서 저는 좀 불편했네요..,2,0
65,주연 배우 가 돋보이는~~~,6,1
66,이렇게 웃기게 만들 수 있다니... 대박,10,1
67,완전웃겨요ㅋㅋ 집에서 중딩애들과 한끼 함께 먹으며  코로나로 외출도 못하는데 ᆢ 드라마 같은 영화네요ㅎㅎ 라미란님 최고,9,1
68,재밌음. 완전 웃김. ,10,1
69,배우들 연기빼고는 와 정말..본 내시간이 아깝다 웬만하면참고보는데 결국 끔. 집에서 킬링타임용으로도 시간이 아까웠음 그러나 국회의원들이 이따위라는거를 잘알려준공은있는듯. 바뀌기전 가식적일때,1,0
70,진짜 최고네요. 부부케미도 좋았고 김무열씨도 옷에 맞춘듯 너무 연기 좋았어요. 재밌어요!!!,10,1
71,재밌게봤어요 라미란배우님최고,9,1
72,크 너무 재밌어욬ㅋㅋㅋㅋㅋ심심한 주말을 행복하게 만들어줬다는... 배우님들도 연기 넘 잘하시고 라미란님 국회의원이랑 찰떡이시네용ㅎㅎ,8,1
73,산만하고 억지웃음 유발로 끝까지 보기 힘듬,2,0
74,"감동과 착하고 깨끗하게 웃긴 영화. 감사한 영화.  여기서 감동을 못느끼면 엄마한테 한번도 감사하다고 한적없는 놈 ㅋㅋㅋ감동에 억지 아니다 까지 붙이는 참 반인륜적에 히스테리 부리는남자사이코패스 꼴 고대로 담아서 시원스러웠던 영화 @이거 알려드리고 가요 장유정 감독님 ,브라는 미국껄로 @트와이스 와 마마무는 ㅂㄹ인가?  @남자가 값비싼척 해도, 여자의 사교성있는 말투 , 누군가를 한번이라도 도왔다면 나오는 대인배 말투 , 남성격파탄자에겐 상담원 말투를 개인주의 남자들은 죽었다 깨어나도 모른다. 이것이 우리의  강력한 무기. 그들이 죽었다 깨어나도 가지지 못하는 봉사정신, 아름다운 마음, 배려, 기본 인성 , 자신이 성을 까여도 논리성을 잃지 않는 여성들 , 민주당의 대단한 스펙의 여성들 , 최근",10,1
75,이 좋은 소재 가지고 이 정도밖에 못 만드나!   평점조절.,1,0
76,"앞은 좋았는데, 뒤로 갈수록 억지 감동에  영화는 산으로......",5,0
77,겁나 웃겨...ㅋㅋㅋ 그냥 웃긴 영화 ㅋㅋ,9,1
78,"소소하게,,",5,0
79,아 ~너무 웃겨! 너무 웃어서 기분 좋아요,9,1
80,라미란이어서 빛난 캐릭터. 억지스럽지 않은 웃음과 전개가 좋았다,9,1
81,"신선한 코미디. 요즘 이만한 코미디 찾기 어렵다.  라미란, 김무열의 연기는 무르 익었으며 라미란 남편역도 수훈갑. ",9,1
82,평점 조절.,1,0
83,저는 집에서 VOD로 예고편 본 후 재밌을 것 같아서 봤는데 라미란 배우님 국회의원 역 딱이신 것 같아요 ㅋㅋ 소화를 잘 하신건지  이미지인지 아무튼 엄청 잘 딱이이여 ㅋㅋㅋㅋ  딱이에용 잘봤습니다 어색함1도 없어요 ㅋㅋ ,9,1
84,아... 도대체 몇번을 본지 미치게 웃었다... 최고에요 남자친구랑 재밌게봤어요 종종 생각날듯..^^ 라미란최고,10,1
85,그냥 무난하게 웃으면서 볼 수있는 영화ㅋㅋ 김무열도 나름 이런 캐릭터 어울리네,6,1
86,배우진 좋았음,10,1
87,우쒸~ 이런걸 영화라고 만들었나?,2,0
88,정말 화끈하고 통쾌하고 재밌었습니다!! 명불허전 라미란 배우님♡♡,10,1
89,보는 내내 몸이 아팟음,1,0
90,허탈할뿐,4,0
91,기대치는 충족시킨 코메디물,5,0
92,오랜만에 웃었네요...재미있네요.. ㅎㅎ,9,1
93,재미는 있던데 방송사에서 후보들 자리에서 떵 매럽다고 방구 뿡뿡 끼고 보좌관한테 휴지 .. 이건 억지 설정인거 같은데 이런 설정 좀 하지 말자  남자도 아니고 여자후보가 실제로 하면 좋겠냐 ..,7,1
94,정말재미있게봤네요~~^^ 근데 후반부에 조금 루즈한 느낌이 있네요 암튼 재미있었어요,9,1
95,코믹하지만 연출이 조잡하고 특히   음향감독은 누군지 목소리는 개미만하고 전체소리는 엄청커서 귀가찢어질뻔  영화소개프로보고 웃고마세요,1,0
96,큰 기대 안하고 보면 그런대로... 라미란은 잘했어.,5,0
97,각본이 너무 구리다...유치하고 개연성 없고....연출도 센스없고 CG도 구리고...예고편 봤으면 그 이상을 기대하긴 어려운 영화..폭망하지 않으면 천운이다..,2,0
98,줄거리만 봐도 한편의 내용이 그려지는 뻔한 구성의 영화임에도 의외로 재미진 구석이 많은 작품. 기대치에 비해선 좋은 코미디라 생각된다. 물론 한국형 코미디 클리셰와 유치한 연출은 감안을 해야한다. 그래도 역시 한국 코미디는 배우가 망가지는 열연이 있어야 많이 웃게 되는 듯 싶다.,6,1
99,웃긴 장면은 광고에 다있다. 마동석 장르처럼 라미란표 코믹장르가 생긴것 같다,5,0
100,...,5,0
101,디개 웃김,10,1
102,첨부터 끝까지 잼난다. 이런영화 500만은 가야 정상아닌가 ??? 라미란 정말 대박!!! 연출력도 되게 좋았고 시나리오 탄탄. 명배우들 깨알출동 !!! ,8,1
103,코로나만  아니면 천만영화,10,1
104,적당해,7,1
105,예고편이 다 인 영화 예고편 봤으면 영화 다 본거임,2,0
106,역시 라미란,10,1
107,완벽하다,10,1
108,약간 웃겼음,7,1
109,김무열 연기만 좋았다.. 재미없음....,2,0
110,"오.. 라미란은 진짜 나이 먹을수록 대배우로 성장할거 같음. 발성, 연기, 표정 죄다 너무 좋음. 외모도 카리스마가 풍김. 능력에 비해 뜬건 늦었지만, 앞으로가 더 기대되네요. 비록 지금은 코미디 쪽으로 많이 하지만, 전 장르로도 다 통하는건 이미 다 인정받았고... 진짜 믿고 보는 배우가 됐네요. 솔직히 기대 전혀 안하고 봤는데 많이 웃고 잼있었습니다. ",8,1
111,재밌게 잘 봤던거 같아요~,6,1
112,어! 이 영화 아직도 하네. 솔직히 수입영화보다 못했다.,3,0
113,볼거없어서 본건데 초반에 너무뻔하고 후반에는지겨움,7,1
114,"선거철과 맞물려.. 투표 전에 보면 그냥저냥 괜찮음. 선거 소재 영화로 기본적인 재미 + 적절한 풍자는 있으나.. 쓸데없이 판타지적 요소를 가미함으로 내용의 개연성, 흐름을 많이 반감시킴.. 그래도 캐스팅 및 배우들 연기는 괘안아서 5점.",5,0
115,영화는 별로 였지만  의미를 두고 보니 재밌네요~  zoo~  풍자로는 딱입니다,6,1
116,개쓰레기,0,0
117,대한민국 정치계에 저런 후보가 나왔더라면 어땠을까 하는 생각이 든다./ 빵빵터지게 웃으면서 본 영화/,8,1
118,흥,1,0
119,보지마세요 장난도 아니고  돈주고 봤지만 너무 유치하고 재미 없어서 그냥 껐어요,1,0
120,시간이 아깝지 않았다.,10,1
121,영화 한줄정리 zoo,8,1
122,잼나요~ 주연배우 연기 짱. ,9,1
123,재미었는데~~~코로나땜에 안타까운 영화..,8,1
124,내 생에 가장 재미 없던 영화 정말 백원도 아까운 영화,0,0
125,별의 형태조차 아까운 영화  ,1,0
126,치타여사가 다했네 킬링타임으로 볼만합니다,7,1
127,어떤 우스운 설정이 주어져서 웃기기 시작하는 영화는 그 설정을 넘어서 색다른 결론을 내는 게 항상 숙제인데 역시 숙제를 제대로 못했다.  ,6,1
128,웃을일 없는 요즘 계속 빵빵 터졌다는.. 재미있음,9,1
129,"취지는 좋았으나, 예고편이 전부인 것 같은 느낌이다. ",2,0
130,"나쁘지는 않는데 이걸 굳이 극장의 큰 스크린으로 보겠다는 생각은 솔직히 안 들음.  6점대에 점수 주려다가 그래도 코로나 여파에서도 나름 선전했다 싶어 1점 더 얹어준 경우임. 이 영화의 감독 전작이 브라더임을 알게 됐는데 그 영화는 보고나서 좀 여파가 있었다면 이 영화는 그냥 웃고 넘어갈 그런 부류의 영화라 할 만 함. 요즘, 밑에 자막이 없으면 애매하던데 대화를 모두 인지하지를 못했음. 기왕이면, 이제  한국영화도 자막이 나왔으면 훨씬 좋겠다 싶음",7,1
131,라이어라이어와 수상한 그녀가 보이지만~~~ 라미란의 폭주에~ 박수를,7,1
132,편집과 연기는 볼만.....영화는 전체적으로 노잼....호불호가 상당할듯,1,0
133,웃긴 장면 꽤 있음,8,1
134,잘봤어요 재밋네요 ㅋㅋㅋ,10,1
135,케이블 티비 에서  무료영화로 나오면 보시길,4,0
136,참신한 소재에 진부한 스토리의 만남이란.. 배우에게 잘못은 없다,2,0
137,재미있어요! 설정도 새롭고 사이다스러운 면도 있고ㅎ 간만에 맘껏 웃으며 스트레스 풀었네요^^,10,1
138,나쁘지않았음~,7,1
139,뭐가 이러냐~/,3,0
140,거짓말 하지 않는 정치인들이 나오기를 바래본다.,8,1
141,그저 그랬슴..,5,0
142,덕지덕지 배낀 시나리오 양심의 가책은 느껴지지 않나?!,1,0
143,재밌었다.,9,1
144,"영화를 끌고 가기에는 아이템이 너무 작았다.  정치 세력들을 풍자하고 싶었으면, 좀 더 강하게 갔어도 되었었다.  카타르시스가 발현되는 장면이 하나도 없었다.  아쉽다.  라민란, 김무열 내가 좋아하는 배우들인데,  시나리오에 손이 너무 많이 탄 것 같아서 아쉽다, ",1,0
145,개연성이 너무 없어서 연결이 안된다...그래도 웃기기라도 하면 머 인정하겠는데 웃긴장면이 하나도 안나온다,1,0
146,"토착왜구 눈치보느라 관점 없는 영화 만들고,  관점이 없으니 하고 싶은 얘기 못하고... 그래서 없고.  주연 욹어먹자니 설정대로 예상되는 대사만 나열되고...  블랙리스트 올라갈까 두려운 때 대본 썼나? ",2,0
147,시간 가는 줄 알고 봤다,5,0
148,1번 라후보의 내용없는 스토리로 지겨웠어요,2,0
149,나름 괜찮았음.,6,1
150,라배우 이제서야 원톱 영화 나왔네,7,1
151,아이들과 같이 vod.로 봤는데 빵빵 터졌어요 집콕생활하는데 스트레스 날렸습니다 역시 라미란~~,10,1
152,짱재밌었어요,10,1
153,재미있음,10,1
154,킬링타임용으로 딱 재밌음 걸캅스도 재밌었고 라미란 배우 작품 믿고 봄,10,1
155,시간가는줄 모르게 봤다,10,1
156,극한직업보다 이게 훨씬 빵빵 터졌다. 코미디는 이래야 된다. 유치한 영화에서만 있을법한 대사와 시나리오로 억지웃음 유발할라고 발버둥치는 그런 영화들보다 리얼리즘 최대한 살려서 영화적대사가 아닌 현실 일상에서 늘 쓰는 그런 대사로도 충분히 상황적으로 웃음을 만드는 이런 영화가 진짜 자연스럽게 웃음을 터져나오게 만든다. ,10,1
157,대략 정치 비판적이고 거기 코미디면 먹히는 때는 지났다.,6,1
158,재밌음 가볍게 보기 좋음,8,1
159,ㅐㅐ,10,1
160,믿고 보는 라미란,7,1
161,음...기생충하고 이걸  올레tv로 봤는데 기생충은 돈이 아깝고 이건 코로나를 이길 힘을 주었음,10,1
162,라미란의 하드케리어~~~..스토리는 ..무난~,6,1
163,웃겼어여 ㅋㅋ,7,1
164,확실한 캐릭터 설정이 만들어낸 편안한 웃음,5,0
165,너무 너무 즐겁게 봤네요~~ 코로나로 인해 집에서 봤는데 정말 영화관에서 개봉했으면 대박났을듯^^ 돈이 아깝지 않았어요^^ 모두 힘든 시기에 보시고 힐링하세요^^,9,1
166,정직한 평가.,2,0
167,가볍게 즐겁게 볼 수 있는 영화~  스트레스 쌓이는 요즘 딱!이네요 ^^,8,1
168,완전 웃겨요  요사이 본 한국영화중 최고 코로나만 아니었음 화재많이되었을텐데 아쉽..,10,1
169,진짜 배꼽 빠지게 봤네요 ㅋ 믿고 보는 라미란 ㅎ,9,1
170,신랄한 풍자는 없고 어색한 흉내내기만 있다,4,0
171,스토리보다 걍가볍게봄 잼있어요~라미란언니의 연기는 언제나탑!!스토리가 아쉽지만 기분좋게 웃었으면 된거죠~^^,7,1
172,"라미란은 진짜 연기를 얼마나 능청스럽게 하는지,, 재밌게 봤네요.",7,1
173,배우들의 연기때문에 그나마 참고 봤음... 영화는 스토리의 힘이 참 중요한데 그냥 급하게 만든 느낌..,3,0
174,이걸 왜 봤을까...,1,0
175,정말 개판인 영화. 의도는 좋았으나.. 너무 산만해서 삼천포로 빠진 영화.,0,0
176,진짜 재밌게 봤어요 애들도 웃기다고 배꼽잡고 웃고... 최근 본 코믹영화 중 젤 좋았어요!!! 간만에 소리내서 많이 웃었네요,9,1
177,때 마다 나오는 사람들의 바람에 풍자를 조금 더 한 정도. ,6,1
178,ㅇㅇ,10,1
179,"영화 전체를 끝까지 끌어가는 힘이 부족한 느낌,  코메디물에 교훈은 너무 뻔한 스토리랄까",5,0
180,재미있게 봤어요~~ 코로나 때문에 집에서 봤지만 보고 기분은 좋아졌네요,9,1
181,이런 세상에 정직한 노잼을 보았나...,0,0
182,재미있고 유쾌한 영화!!! 코로나 때문에 아쉽네요.,9,1
183,"라미란짱, 영화 재밌게 잘만들었는데 코로나로 아쉽~~~",10,1
184,정치는 쇼지... 국민의 눈속임일뿐. 아무리 정직하니 솔직하니 그래도 그 판에 들어가면 같이 더러워 지는것.. 그냥 라미란 보면서 웃는영화 ㅎ,7,1
185,총선이란 소재는 어떤 방식으로 표현해도 성인물이 될 수 밖에 없는데...  성인을 웃기지도 못 하고 납득할 만한 사건도 없는데 그저 해결을 위한 흐름만이 남는다.  한국 영화 진짜 뭐 같아지네;,0,0
186,이걸 영화라고 에이....,0,0
187,엄청 재미있다.,10,1
188,라미란 혼자 다한 영화.....누구든 평생 거짓말을 하며 살지만 제발 정치인들만은 그러지 않았음 좋을텐데 영원히 이루어질 수 없는....ㅎ,2,0
189,막상 보니 디게 웃기고 재밌음,8,1
190,풍자도 없고 뻔한 공식을 넘어서  이걸 돈주고 보는 분들이  있다니 ...  하다못해 전설의 성냥팔이나  김수현 리얼은 영상이라도 화려한데    이건  풍자 유머도 떨어지고   정치코미디면  추억의 개콘 이 영화 로 만들어도  이정도 까지는 안나올듯..,1,0
191,심각하게 유치 ㅜㅜ,3,0
192,풍자도 유머도 함량 미달... 중요대사시에 배경음악이 너무 커서 대사가 안들려 이해에 방해가 됨...,4,0
193,재미있게 봤는데... 코로나 때문에... 관객이 없었나봐요,10,1
194,개꿀잼 ㅋㅋㅋㅋㅋㅋㅋㅋㅋㅋ 첨부터 끝까지 재미지다 ㅋㅋㅋㅋㅋㅋㅋ 정치인들 풍자하는 것도 있고 사건을 잘 풀어가는 것도 재밌고 ㅋㅋㅋㅋㅋㅋㅋㅋㅋㅋ 토착왜구들은 지들 비판하는 거라 재미없다고 하지 ㅎㅎㅎㅎㅎㅎㅎㅎㅎ 근데 이 코로나 사태에도 극장에서도 어느 정도 흥행했고 이제는 안방에서도 흥행한다고 하네 ㅎㅎㅎ,10,1
195,"라미란의 노래 실력만 남는 영화. 웃기지만 재미가 2프로 부족하고, 정치를 소재로 했지만 현실정치와는 거리가 먼 영화. 한 발 더 다가서지 못해 아쉬움이 남는 영화.",6,1
196,바라,10,1
197,조으다,10,1
198,...,6,1
199,"유쾌하고 재밌네...  진짜 정치인이 거짓말을 못하게 된다면, 아마 감옥가게 될 정치인들 꽤 될듯...",8,1
200,능청스러운 연기에 재미지게 웃고 갑니다.,7,1
201,재밌게 봤어요,7,1
202,초중반 정직하게 잘 터트리네. ㅋ 정치세태 보단 막개그로. ,6,1
203,총선은 한오랑캐전,8,1
204,국개의원들 뻔한 공약에 뻔한 거짓말 해대는거에 뻔하게 속아대는 국민들 정신차리라는 영화... 영화 자체는 그냥 저냥... ,7,1
205,총선은 한일전. ,5,0
206,라미란님 최고 나문희님 다음에는 죽은 할머니 같은 거 말고 더 역동적인 캐릭으로 같이 나왔으면,10,1
207,"ㅅ손가락 욕만 보인다,,,,ㅋㅋ",5,0
208,간만에 재미있는 영화로 기분 ⤴︎이네요~ 정치 풍자에 여로 사람들의 각각 개성 강한 캐릭터로 즐것은 시간이 되었네요 ,8,1
209,정치꾼들 다 쇼하는 거라고 말하고 싶은 영화?!,6,1
210, 시작 부분에 작은 집에 사는 척 하는 거  우리나라 사람 정서상 큰집에 사는 사람을 찍어주지 서민아파트 살면 표떨어지잖아요,8,1
211,적어도 유치하지는 않았음. 볼만했음~,8,1
212,나경원 심상정이 생각나네,10,1
213,"라미란은 이젠 이런 코믹에 특화된 듯 ㅋ 정치에 대한 혐오 아니면 정직해지길 바라는 기대 ??  어설픈 설정, 유치한 전개, 그래서 어쩌란겨?  4.15 총선은 한일전만 기억하자. ㅋ",4,0
214,"마무리에서 힘이 빠졌지만, 라미란은 옳다!!!",8,1
215,웃음과 메시지가 있는 영화입니다.,10,1
216,주어 없네~,10,1
217,개웃겨 ~!,10,1
218,2020년 최고로 웃긴 영화~!,10,1
219,이건 진짜 대종상 후보 !,10,1
220,엑시트보다 훨 잼났음,9,1
221,아 정말 이걸 웃기라고 만든건지... 극장가서 봤으면 분해서 잠 못잤을뻔... 몰입도안되고... 뭔 얘기를 하려는건지...ㅡ.ㅡ;,4,0
222,재밋어요^^ 잘 봤습니다.,9,1
223,7라미란은 대사 하나 하나 마다 발음이 또렷하고 또박또박 하다.....그래서 잘 들린다....거지같은 조선영화음향에도 불구하고....라미란의 연기와 조연들의 도움으로....영화를 이끌어간다.......벗....흥행하기 어려운 요소들이 있어서 ....흥하지 않았다. 그리고 좀 성 범죄자들은 배제했으면 좋겠다...송영창...이경영....이놈들도 거의 오달수 급으로 매장시켜야 하는데 이 오달수 또 기어저 나온다네? 이놈의 영화판은 도덕이고 뭐고 완전 개무시하는 개판이구만.....7점 주려다 성범죄 전과자 나와서 퉷퉷....,0,0
224,"초반에 생각보다 넘 웃겨서 놀랐고, 스피디한 영상전개와 스토리가 잘 버무린 잘 만들어진 영화. 각 배우들의 연기들이 훌륭하고 라미란은 점점 이런 영화에 고착화되는게 아닌가 하는 걱정이 되기도 하지만 여성 단독으로 영화전체를 이끌어가는데 무리가 없어 보인다. ",8,1
225,질 떨어지는 영화  초딩이 영화 만들어도 이것보단 잘 만들겠다,3,0
226,약빨고 만들었네 ㅋㅋ,10,1
227,친구랑 같이 많이 웃었습니다ㅋㅋ (사람이 저포함6명이여서 웃음소리 없이 웃었습니다~~),10,1
228,VOD안나오나요  요즘 시기에 훨 좋을텐데 ,7,1
229,개웃김ㅋㅋㅋ 개인적으로 극한직업보다 재밌었음,10,1
230,정말 재밌어요‥요즘처럼 혼란과 무기력속에 있을 때 보기 딱인듯 하네요^^ 강추합니다~~,10,1
231,재밌어요. 개봉시기가 너무 아쉽네요.,8,1
232,원작도 아니고 표절작 판권을 사서 리메이크 ㅋㅋㅋㅋㅋㅋ 짐캐리 원작이나 다시 볼련다.,0,0
233,역시 믿고 보는 라미란!,10,1
234,재미나게 봤어요!!,9,1
235,ㅋㅋㅋㅋㅋ 아. 정말 개 웃김 꼭 보셈.,9,1
236,라미란 나오는 영화는 우연?하게 다 봤는데 다 웃기고 재밌었음  ㅎㅎ 특히 이번 영화는 여러모로 긍정 에너지가 올라가는 힘을 주는 영화였던거 같음.  힘들 때 일수록 우울하거나 폭력난무 영화보단 이렇게 따뜻하면서도 기대않던 감동까지도 살짝 주는 영화가 정말 최고!  라미란님 앞으로도 좋은 작품으로 관객들을 즐겁게 해주시길~~,9,1
237,코로나가 계속되는한 정직한후보 1천만 간다.,5,0
238,보지도 않고 여시들이 평점 높게 주는영화라서 1점 드립니다 . 냉정하게 5점정도 영화 .. 전형적 한국식 영화,1,0
239,생각없이 잼있게 본 일인,9,1
240, 별 기대없이 시간이 맞아서 본 영화였지만  기대이상 코믹하고 재밌게 봤네요~~~ 코로나로 답답한 요즘 스트레스 해소에도 좋겠다고 추천드립니다~ 별 기대없이 그냥 보세요~~~그럼 가족모두 실망 없을거에요~~~^^,10,1
241,재미 있엉요,10,1
242,초등6학년 아들이 고른영화.  아무기대안하고 봤는데  넘넘 잼있음.. 역시 라미란!!!!! 담에 또 볼거임.. 이 영화 빨리 내리지마삼. 요즘처럼 우울한 시기에 엔돌핀 돌게해주는 온가족영화로 추천합니다,10,1
243,뻔한 내용이지만 오직 라미란이 할 수 있는 연기력으로 재미를 극대화 시켰다고 느꼈다 나문희 역시 훌륭했고,7,1
244,"라미란, 걸캅스 역시나 믿고 거릅니다.",1,0
245,기대 많이 하고 갔는데 기대 이상으로 재밌어서 좋았어요! 라미란 배우님 최고!!!!!!!!,10,1
246,초반에 썼던 개그요소 그대로 후반에도 사용해서 지루하다,3,0
247,평점이 너무 낮아서 이 시기에 굳이 봐야할까 망설이기도 했는데 정말 유쾌하고 통쾌한 영화입니다. 현실 속의 라미란과 같은 수많은 우리 나라의 국회의원들이 그녀와 같이 뒤늦게 나마 자신을 돌아보도록 하는 할머니의 기도가 이루질 수 있으면 정말 좋겠어요^^,10,1
248,라미란 배우님 너무 재밌어요ㅜㅜ 항상 응원합니다!,10,1
249,라미란언니 연기짱.너무 잼있게봤습니다,10,1
250,코로나로 객석에 나혼자였지만 재밌었다 라미란 김무열 좋은 배우들이다 예상보다 훨씬 재밌게 봤다 ,10,1
251,좀 웃겼다. ㅎ,4,0
252,"라미란의, 라미란에 의한, 라미란을 위한 영화.. 완전 웃김",8,1
253,역시 라미란~ 우리나라 모든 정치인들이 거짓말을 못하게 되면 얼마나 좋을까! 기발한 발상덕에 살기좋은세상! 좋은나라 기대하며 재미있게 봤네요,9,1
254,"부담없이 그냥 웃으면서 즐기기 위한 마음으로 보면 9점 이상..  너무 현실적인 시각으로 바라보고, 허무맹랑하다. 현실정치를 모른다. 이런 식으로 받아들이는 분들에게는 평점 3점이하..  그냥 코믹영화라는 생각으로 보시길....너무 현실적 시각으로 영화를 판단하려하면...""나홀로집에"" 라는 영화도 말이 안되는 영화임...ㅋㅋ  재밌습니다. ",9,1
255,완전 재밌었어요~ 소장하고 있다가 우울한일 있음 가끔 꺼내보고 싶구만요^^,10,1
256,요즈음 답답했는데 간만에  좀 웃고 왔습니다. 배우들 조합도 좋고 추천합니다.,9,1
257,재밌어요.,9,1
258,완전 빵터지는 장면들 많았어요 ㅎㅎ 킬링타임용으로 추천합니다~~!,9,1
259,존잼. ,10,1
260,소재가 재미 있었고 연기가 살렸네요  잘 봤습니다. ,10,1
261,할말이없음,1,0
262,재밌었어요 ㅋㅋㅋㅋㅋㅋㅋ 증말 웃겼음 ㅋㅋㅋㅋㅋㅋㅋ ,9,1
263,재밌어요.라미란.김무열 연기가  좋았고 킬링틴임용으로 좋은듯,8,1
264,오늘 영화관가서 보고 왔어요 ㅎㅎ 역시 재밌어요!!!♥,10,1
265,ㄴㅈ 애쓴다 ,1,0
266,역시 라미란 !  재밌었어요 ~ ㅎㅎ,8,1
267,재밌습니다. ㅎㅎㅎ,9,1
268,코로나 덕에 명예로운 죽음,0,0
269,장유정 감독 응원합니다~ 유쾌하게 웃다 왔습니다!!^^,10,1
270,한번도 안웃음... 막돼먹은 영애씨가 훨씬 재미남...,1,0
271,한국영화의 한계 ..푹 자다 나왔다..,1,0
272,"온갖 비리로 재산을 축적하고 3선이나 한 정치9단인 주인공이 자신이 속한 당에 사학비린는 몰랐다는 설정. 착했던 인물이 정치를 하다보니 자신모르게 점점 타락했다는 설정. 그걸 반성하고 열심히 사는것으로 모든게 용서 되어 정치 활동을 다시 하는 설정 자체가 어이가 없습니다. 보통 저런 일을 겪으면 다시는 정치 못하도록 국민들의 준엄한 심판을 받아야 되거늘... 게다가 주인공 비리를 캐던 기자가 그저그런 현실과 타협하는 토론 진행자가 되는 모습은 선과 악은 둥굴둥굴 굴려져 모두가 똑같다는 인상만을 받았습니다. 그래서 이 영화는 씁습함을 남깁니다. 개그 영화니 개그로 봐야지 뭘 심각하게 그러냐라는 분들이 많을 것 같지만, 전 도저히 웃음이 안나오네요. 일평생 정치에 일하면서 욕심에 굴복하지 않고 돌아가신 정치인들",0,0
273,ㅉ,0,0
274,신천지 추종자 더듬어 만지당을 위한 영화네요 ^^ 그래도 웃으면서 봤습니다. 나와서 짜파구리도 먹었구요 ㅋㅋ,8,1
275,"재미있었다. 라마란언니,나문희,김무열,화이팅입니다!라마란 웃기다.",10,1
276,코믹은 있으나 그 외에는 특별한게 없다,6,1
277,웃을 일 없는 요즘 웃을을 준 영화 라미란 김무열 케미 너무 좋았어요,10,1
278,역시 믿고 보는 라미란 주연 영화!,10,1
279,아무생각 없이 보면 빵터짐,10,1
280,가족들과 재밌게 봤습니다  정치인들ᆢ쇼가 아닌 진정 정직한 후보들만 있으면 좋겠네요,8,1
281,간만에 훌륭한 오락영화,10,1
282,무슨 메시지를 주고자 하는지는 알겠는데.. 큰 재미는 못느꼈네요..,1,0
283,시간가는줄 모르고 정말 재밌게 봤네요~ 대구경북 신천지새누리 미통당 지지자 노인네들은 왜 그렇게 이 영화에 화를낼까요? 진정들하세요~~~ ㅠㅠ,10,1
284,죽도록 웃었음 ㅋㅋ 한번 더 볼 의향 있어요,10,1
285,"재미있어서 두 번이나 봄   1,000만 넘겨서 라미란 국회의원 보냈으면 했는데   이놈의 코로나...ㅠ",9,1
286,기대하지 않고 봤는데 넘 재미 있었음 나름 현실을 반영한 의미있는 웃음이었다. 라미란과 그 남편역과 비서역 연기 다 잘 했음. ,9,1
287,"극한직업처럼  그냥 웃으면서 볼 수 있어서 재밌었고, 불쾌한 장면도 없었던  즐기면서 볼 수 있는 완벽한 킬링타임 영화라 높은 평점!",9,1
288,보면서 화낸 영화 작년엔 신의한수 귀수편 였는데 이영화도 만만치 않음,1,0
289,그저 편하게 웃으면서 시간 보낼수 있을정도~~~,6,1
290,"가족이랑 같이 보러갔는데, 기대없이 보러갔거든요. 예상외로 너무 재미있어서 많이 웃었고 끝나고 다 만족해서 나왔어요. 진짜 유쾌해요 ㅋㅋ 보좌관이 특히 웃김 ㅋㅋㅋ",10,1
291,인생  최악의영화  짐캐리의  라이어라이어 따라한거같은데  정말  내용최악이다  내돈  돌려줘  ㅠㅠ  라이어라이어는  인생영화였는데  내용  비슷해서  봤는데  ㅠㅜ 배우들이  아깝다,0,0
292,라미란을 어떻게 주연으로 쓰냐? 제대로 미친거지..ㅋ.,0,0
293,유쾌하게 잘 봤습니다ㅋㅋㅋㅋㅋㅋ 개웃김,10,1
294,억지웃음주는 내용  별로 재미없었다,1,0
295,개나소나 다 감독하나? 네이버뿐만 아니라 다음에도 평점알바 많이 푸는구나..,1,0
296,올만에 걍 즐거운 영화였습니다^-^,10,1
297,주연 여배우의 연기력이 일취월장 했네요  어느 영화든 어울리게 적절한 연기가 보기 좋았습니다!! ,9,1
298,앞부분은  굿 ㅋ,6,1
299,진짜 가벼움ㅋ 뒷심부족!,5,0
300,음....어쩔...이 영화.....,0,0
301,아 진짜 너무 재밌어요. 깔깔깔,10,1
302,라미란이란 괜찮은 배우를 데려다 영화를 이렇게 허접하게 만들줄이야....,1,0
303,많이 웃었습니다.,10,1
304,살짝 웃고 나왔네요,3,0
305,웃기네 재밌네 이런 댓글 보고 봤는데 웃기려고 노럭은 하는데 헛웃음만 나오는 안스러운 영화... 솔까말 돈 아깝다. 아래 댓글 평점들 알바 푼듯 함.,2,0
306,진짜 잼씀. 이런 영화가 더 나왔으면 좋겠어요! 칙칙한 영화만 나와서 암걸릴뻔 하다가 간만에 기분좋게 영화봤어요,10,1
307,열심히 봤는데 무슨 내용인지 모르겠음,2,0
308,나만 당할 순 없지,10,1
309,.,7,1
310,아주 재미있게 봐습니다.  정치판의 본모습을 보는 것 같네요.  조국사태를 보면서 정치판의 현실을 알게  됐습니다,10,1
311,재미있게 봤습니다.스트레스 풀렸어요. 영화보면서 이렇게 웃어보기 처음입니다. 제 취향이예요.,9,1
312,라이어 라이어...,5,0
313,믿고 보는 라미란!!,10,1
314,"코미디 영화라  가벼운 느낌도 있고 많이 웃었지만, 한편으로  많은 생각이 듭니다.  지금 우리의 정치 현실과 별다르지 않은 것 같네요.  ",10,1
315,아 개너무 웃곀ㅋㅋㅋㅋㅋ미쳤나봨ㅋㅋㅋㅋㅋㅋㅋ,10,1
316,농담안하고 처음부터 크레딧 올라갈 때까지 입꼬리도 움직이지 않음. 아들 이야기에서 뛰쳐 나갔어야 했는데...,0,0
317,그럭저럭 볼만했어요,7,1
318,"재밌었어요. 생각없이 웃게 되더라고요. 근데 조금 졸렸어요. 중간에 스토리가 살짝 루즈해진달까, 집중력이 흐트러진달까 그랬어요. 그렇지만, 배우님들의 호연 잘 봤습니다.",7,1
319,와. 극한직업 보다 더 잼있고. 웃기고 유익하다.    관객들도 보면서 계속 빵빵 터지더라.  나문희 배우님. 너무 귀여우셔. 돌아가신 외할머니 생각나서 울컥했네요.  극한직업은 웃기지도 않더만  그걸  뭔 천만명 넘게  다 돈을 주고 봤대.  걍  티비에서 공짜로 보는데도 재미가 1도 없더라 ,10,1
320,개  재미  업음 영화  본것중  최악,1,0
321,정말 재미있게 봤습니다.,10,1
322,하....진짜...,1,0
323,솔직히 영화관에서 보기에는 돈이 아까운....  그냥 집에서 티비로나 보시길....,3,0
324,아들이랑 재밌게 봤어요. 라미란씨 연기도 잘 하고 재밌네요... ,9,1
325,재밌었어요 전개가 빠르고 라미란은 원톱으로 가야 더 빛나는걸 보여주는 영화네요~,9,1
326,재밌군~,7,1
327,내돈 돌려줘.. 보면 후회막심합니다.,1,0
328,ㅋㅋㅋㅋㅋㅋㅋㅋㅋㅋ가볍게 보기 좋아요 재밌음,9,1
329,정치영화 치고는 코믹한거라 너무 진지하지않고 존잼,7,1
330,"라미란, 개 웃기네요, ㅋㅋㅋ 정말 스트레스가 싸악 !~~ 없어지는 기분, 1분에 한번씩 개 쳐 웃다보면 끝날 시간 됨, 스토리고 뭐고 안 따짐, 그냥 코메디 영화의 기본에 충실한 원작을 라미란이 잘 소화 해낸 수작, 흥행 성적, 예매율도 1위, !!~ ㅋㅋㅋㅋㅋ",10,1
331,라미란을 국회로! ,10,1
332,딸이 보자해서 봤는데 기대이상으로 재미있었어요. 보는 내내 지루함 없이 즐겼네요. 역시 라미란이란 생각이 드네요.,8,1
333,역시 갓미란!! 웃을일 없는 요즘...유쾌하고 가볍게 웃을수 있는 영화입니다,9,1
334,봤던영화중  최악였네요,1,0
335,코로나만 아니었으면 대박났을겁니다.,10,1
336,댓글 알바 아니구 진짜 보고 왔는데 꽤 많이 웃었어요 재밌던데요? ,8,1
337,구성 캐릭터 스토리 너무 뻔하고 재미없었음 똑같은 컨셉; 라미란 캐릭터 질림 ,1,0
338,넘 재미없었는데.  헐,2,0
339,온갖것들을 대충 섞어만든 구질구질한 표절작,0,0
340,잘 봤어요,10,1
341,"재미있고, 웃으면서 봤습니다. 간만에 유쾌한 영화네요.ㅎ",10,1
342,가볍게 즐길수 있고 유쾌합니다.  돈은 안아깝고요.  추천합니다,9,1
343,너무 즐겁게 봤어요 오랜만에 영화보고 웃어보네요~^♡^,10,1
344,재밌게 웃으면서 잘봤어요^^,10,1
345,라미란 배우가 웃긴 줄은 이미 알고 있었지만 김무열 배우가 이렇게 웃음을 줄 지는 상상도 못했다!,9,1
346,연기력 진짜 좋아요❣,10,1
347,딱 코미디로 좋음,7,1
348,연기를 참 잘하네~맛깔나게^^ 정치인들이 진짜로 거짓말 못하면 진짜 볼만하겠다~~~^^,8,1
349,간만에 웃음코드 좋다,8,1
350,영화 어제 보고왔어요. 여성감독 여성주연 너무 좋습니다.. 앞으로도 여성 페미니즘 영화 잘부탁드립니다,10,1
351,괜찮았습니다 ,9,1
352,생각없이 고민없이 즐겁게 웃고 또 웃고~ 지인들과 함께 재밌게 보고왔습니다.,10,1
353,재미있게 잘 봤어요~ ,10,1
354,대본과 주연이 흥행에 중요하다는 점을 알려주는 영화.  지루하지 않게 빠른 전개를 가져간 점이 아주 좋았다. 라미란은 주연능력이 확실한 배우다. ,9,1
355,"웃긴데 또 또 웃김, 동물원세트, 절묘한 한방......ㅋㅋㅋ",8,1
356,구성이 너무  빨라서   좀 더  디테일면에서 정신없고  음악구성도 별로고      유머코드나  줄거리 아이디어는  좋았는데  빵터지는 유머도 좋았는데 구성적인면이  별로였어요  ,6,1
357,웃으면서도 느끼는 바가 있었음. ,10,1
358,꿀잼! 역시 라미란님입니다,10,1
359,"1. 라미란의 힘! 2. 사회 풍자 3. 다 떠나서 내내 웃다 울다 왔어요~!  이래저래 인생사 고달펐는데, 아주 신나게 웃다가 울다가 왔습니다. 주조연들 모두 연기를 어쩜 이리 찰지게들 하시는지~ 20대까지는 명절 영화라 생각할 수 있을 것 같지만, 30대 이후는... 아주 유쾌하게 볼 수 있는 영화 같습니다. 진짜 사랑합니다 라미란 배우~! 최고!!!!  :)",9,1
360,진보좌익 통진당섬멸,2,0
361,아모르파티 춤출때 너무 재미있게 봤어요~^^,10,1
362,어떤 누구와 닮은 것을 보고 빵! 터졌다. 특히 큰절.ㅋㅋㅋ,9,1
363,"시의적절하게 나온 소소한 코미디 영화. 라미란 배우의 독보적인 활약이 돋보인다. 코미디부터 감동 코드까지 다 소화해 내는데, 이 연기에 필적할 만한 배우 한 명이 더 있었으면 하는 아쉬움이 남는다.",7,1
364,오늘 보고 왔는데..재미있어서 웃느냐 혼났음! 그냥 기대안하고 보면 욱겨요 ㅋㅋ,9,1
365,이걸  왜봣는지,1,0
366,평년작이네요,6,1
367,시갼이 아까워요.,1,0
368,잘봤어요,10,1
369,생각보다 재미가 없었다? 타 한국영화 보다 수준이 떨어짐?,6,1
370,예고편 만큼 웃을일은 없던데요 앞으로 예고편 보고 영화 택하지는 않을듯요 개인적으로 라미란씨 좋아해서 봤어요,7,1
371,부모님이랑 봤는데 진짜 재밌게 보고 왔음. 스트레스 많다면 꼭 보십쇼! ㅎㅎㅎㅎ 라미란 원맨쇼 최고 !!,9,1
372,내가 왜 봤을까!,5,0
373,친구랑 둘이 완전 빵빵 터지다 왔습니다. 강추! 예고편은 ㅎㅎ 빙산의 일각입니다. 꼭 보세요~ 스트레스 확 날아갑니다.,10,1
374,예고편이 다!! 보고 댓글 담?? 진짜 웃었음?? 웃음 헤프네 ,2,0
375,재밌게 잘봤어요~ 라미란님 정말 연기 잘하시고.,10,1
376,재미있어요,8,1
377,배꼽잡고 웃었어요^^ 오랜만에 스트레스 풀리구 최고!!!,10,1
378,빵빵터지게 즐겁게잘봤어요 라미란 연기최고! 연기자모두 연기잘하셨어요~,9,1
379,여자감독이기 때문에 줄 수 있는 쾌청한 웃음,10,1
380,편한하게 보기좋구  맘껏 웃었네요 요근래 본 영화중에 최고ㅎ,10,1
381,"그냥 뇌 빼구,  생각없이 보면 된다 아쉬움은  자연스럽게 웃음을   곳곳에  터트려 주지  못하고  부자유스럼이 티다 요즘 볼 만한  영화도  없으니 그냥저냥  시간 때우는  심정으로  봐라",5,0
382,너무 너무 재밌어요ㅠㅠㅠㅠㅠ 미쳤다 진짜로 김무열도 대박이고 진짜 몇 년 간 본 영화 중에 최고다 진짜,10,1
383,라미란이 연기를 참 잘할려고 하는 노력이 있기에 이번에도 봤다. 그러나 이번엔 그저 소리를 고래고래 지르는 것 외엔 기억에 남는 건 없다. 기대가 너무 컷나 보다.,4,0
384,딱! 절반만 웃깁니다~,5,0
385,  생각보다 재밌었음. 킬링타임용으론 제법  볼만해요.,8,1
386,재미있게 구경했습니다.,8,1
387,제 2의 극한직업인줄 알고 봤는데 C8..........딱 1/100정도만 웃김. 썩소 나오는 영화. 영화소개 프로에 나오는 장면이 제일 웃김. 제발 망해서...이런거 만드는 놈들 다시는 영화판에 못나오길....,0,0
388,ㅋㅋ,1,0
389,현 정치판을 시원하게 풍자한 영화 최고!!!,10,1
390,그냥아무생각없이가서 즐겁게 웃고 왔다  정치인들이 하는일이 거짓말 하는거 직업인사람들이니 이제는 하는말 반대로만 알면 되겠구나  ,10,1
391,"짐캐리 출연작, '라이어 라이어'를 본 적 있는가? 그렇다면 왜 이 영화가..... 이만 말을 줄이겠다.",1,0
392,재밌게 봤어요 부모님이랑 같이 봤는데 부모님도 재밌었다고 하네요 진짜 추천합니다 라미란 배우님 연기 너무 좋아요,10,1
393,"주상숙 캐릭터의 특징을 잘 살렸고, 주변 인물과의 케미 또한 찰떡궁합입니다. 재밌게 잘 봤습니다.",10,1
394,라미란의 코믹 연기가 너무 좋아요. 끝으로 갈수록 긴장감은 떨어지지마 그래도 괜찮았어요,8,1
395,초반에 웃긴부분이 몰려있고 나머지는 늘어짐~라미란 코믹연기는 수준급,3,0
396,ㅋㅋ 최근에 본 영화 중 진짜 배꼽잡고 웃은 영화라 주변에 추천하고 다녀요!!! ㅎ,10,1
397,너무 재밌어요~ 역시 라미란 !! 믿고보는 ,10,1
398,아~또 속았네 이런 영화 좀 만들지 말자,4,0
399,재밌어요 ㅎㅎㅎ,9,1
400,대한민국 정치인들~~~ 꼭 이 영화보시길 추천합니다.  정치인들이 왜 신뢰받지 못하는지 적나라하게 보여주는 웃픈 영화입니다.  꼭 보세요. ,9,1
401,유쾌하게 보기 좋습니다^_^ ㅋㅋㅋㅋㅋ 저희 관에서는 관객들 하나되어 빵빵 터지고 와서 힐링되고 왔네여 ㅋㅋㅋㅋ 간만에 기분좋은 웃음소리 많이듣고 왔습니다,10,1
402,"정치적 풍자는 좋은데 웃음,감동 포인트도 애매해 핀트를 못잡네",4,0
403,주말에 봤는데 배우들 연기력은 인정. 연출력이 아쉬웠어요 소소한 재미가 있어서 편한 마음으로 보기 나쁘지 않았음,9,1
404,넘나 재밌어요. 연기잘해용 씐나게봄,9,1
405,보는 내내 계속 소리내어 웃으면서 봤어요~,10,1
406,개웃김,10,1
407,또봐도재밋을듯,10,1
408,거의 드라마수준인뎅 ㅠㅠ 기대가 컸던듯,5,0
409,어제 봤다.  신나게 웃었다. 라미란을 보고 각본을 쓴듯. 두시간이 훌쩍 가더라만..  내용은 중구난방 ㅋㅋㅋ 그러나 재미져서 좋았다.,9,1
410,무엇보다 한국코이디의 고질병인 억지감동이 없어서 좋았습니다!,10,1
411,안좋은 쪽의 페미니스트 집단이나 정치쪽에서 라미란이라는 배우 이용해서 자꾸 논란조장하려는 것 같아서 불편하다.. 댓글도 알바 많이 풀고.. 걸캅스때도 그러더니.. 이젠 그만 좀.. 그냥 배우로서 좋은 영화찍게 해주세요..,6,1
412,넘 잼있어요~~~ 무겁고 어두운 이야기  코믹으로 잘 만들어진거 같아요 짱!!짱!!!짱!!! 보는내내 즐거웠네요,10,1
413,모든 정치인들이 정직바이러스에 한번씩 전염되어 철 좀 들었으면 ~ ㅎㅎ   모처럼 많이 웃었습니다,10,1
414,"쓸데 없는, 남는 대사 하나 없이 유익한 영화입니다. 라미란씨 최고.",10,1
415,재밌음,10,1
416,"졸다가 보다가..집에서 시간떼우기로 볼영화지 극장서볼영화는 아님.평점8이 어떤부분에서 평군8이나왓는지는 모르겟고요.  라미란이 주는 호감도 때문에 너무 짜게주고 싶지않은데, 저는 솔직히 재미없엇어요. 근데 라미란배우님 주인공맡으신건 진심 축하드려요",5,0
417,존잼 꼭보세요 간만에 부모님이랑 볼만한 영화 나왔네요!!!!!!,10,1
418,개꿀잼,10,1
419,가볍게 볼만한 영화,7,1
420,크게 빵빵 터질만한 소재도 별로 없었고 그렇다고 심금을 울릴만한 큰 감동도 없었음. 그냥저낭 무난한 영화.,5,0
421,나문희배우님 나오는 영화는 다 봅니다 온가족모두가 나문희배우님 팬입니다 늘 오래오래 건강하셔요 사랑합니다♡♡♡,10,1
422,진짜 오랜만에 계속웃고 봤네요 라미란배우를 다시봤네요 원탑으로 빛나네요 진짜 재밌게 봤습니다 500만넘어라,10,1
423,너무 잘만들었습니다. 이번선거 로 깨끗한 대한민국을 만듭시다 정치인들은   정직하십시요. 당선되면 재산증식부터 하지말고 국민을위한   정치 하십시요.,10,1
424,정치인들아 정직하게 살아라..ㅋ,10,1
425,일생일대의 후회를 경험하고 싶으시다면 꼭 보러가시는걸 추천드리고요.  혹시라도 이 영화가 웃기거나 감동적이었다면 조울증 말기 증상으로 추정되며 신속히 인근 정신병원에 방문하여 검사를 받아보시기 바랍니다.,0,0
426,보면서 계속 웃었어요ㅎㅎ,10,1
427,평점 알바 하는 섀끼들 진짜 다 줘 패버리고 싶네.,0,0
428,재밌었어요 ㅋㅋ 많이 웃었어요 ~~~~,10,1
429,기분 안좋을때 전환용으로 봤습니다 저는 잘봤네요 덕분에 웃었어요^^,9,1
430,너무 재밌게 봤어요. 후반부는 스토리를 위해 조금 약해졌지만 애초에 코믹영화라고 감안하고 보면 좋을 것 같아요.,10,1
431,처음에는  코믹한데   가면갈수록 재미가  별로,5,0
432,정치의 민낯을 유쾌한 개그로 풍자한 정직한 작품,9,1
433,이 영화 볼지 고민이신분 제글 믿고 보지마세요. 차라리 집에서 티비를 보세요. 그냥 킬링타임도 안되는 영화입니다.,0,0
434,재미있음.. 라미란 연기 너무 좋아요 ㅋㅋ,9,1
435,배우들의 연기가   넘 좋았습니다 라미란  화이팅~~^~^,10,1
436,내내 웃으며 본 영화 ㅎㅎ,10,1
437,라미란 배우.. 딱 맞는 옷을 입은듯한 연기.. 굿굿,10,1
438,유쾌하고 재미있게 보았습니다. 특히 모든 배우들의 연기가 너무 좋았습니다.,10,1
439,웃다 울다가 다시 웃고 울었다..,10,1
440,기대보다 더 재밌었어요 스토리도 괜찮고ㅋㅋ,10,1
441,유쾌하고 킬링타임영화 제격!!,9,1
442,라미란이 아니면 이 주상숙 역할을 누가 소화하지 싶을 정도로 찰떡이었다,10,1
443,첨부터 끝까지 빵터진 영화 였네요 ㅋㅋㅋ,10,1
444,그냥저냥 한방없고 웃기지도 않고 볼거없음 보는걸로~,5,0
445,"전부 알바인가요? 이런 영화에 어떻게...휴 아카데미 상받는 영화가 있는 반면, 이런영화는 1점도 아깝네요.... 한국영화 아직도 멀었어요.....다시 한번 실망하네요",0,0
446,라미란×윤경호 케미대박ㅋㅋㅋㅋ,9,1
447,기대 안했는데 의외로 재밌었다!!!,8,1
448,아무 생각없이 즐기기 좋은 영화 ㅋㅋㅋ,10,1
449,남녀노소 가리지 않고 재밌게 볼 수 있는 영화:),10,1
450,추천해요 연기들이 좋네요,9,1
451,스토리 굿 연기 굿 재미 굿,9,1
452,보는 내내 어찌나 많이 웃었는지ㅋㅋ 친구 숨 넘어 가는 줄 ㅋㅋ,10,1
453,배우들 연기가 너무 좋았어요! 생활연기 같은 기분??!,10,1
454,재미 그리고 빅재미를 준 영화!,10,1
455,진짜 마음껏 웃고 나온 영화,9,1
456,너무 웃겨서 얌전히 웃을수가 없었다…,10,1
457,재밌고 유익한 영화~ 재미도 재미지만 느끼는 것도 많은 영화였습니당,10,1
458,재미있네요~~~ 현실에서 정치인들한테 이런일이 생기면   진짜     웃길듯.....,9,1
459,그냥그냥~,8,1
460,가족이 함께볼수 있었다. 예매하다보니. 운좋게 ㅋ. 무대인사시간대였다 재미나게 마니 웃고. 운좋게 배우들도보고 즐거운 토욜. 난 친구들에게 추천톡 날렸다. 아 극한직업만큼 재미났다,10,1
461,무해한 영화 너무 좋습니다,10,1
462,핵잼 ㅋㅋㅋ 가족끼리보기도 좋고 선거철에 시의적절한 작품 ㅎㅎ,10,1
463,진짜 코골고 잤음 ㅡㅡ,1,0
464,너무 재밌게 봤어요ㅋㅋ 코로나만 아니었어도 엄청 흥행했을텐데ㅜ 너무 아쉽네요ㅠ ,9,1
465,...,0,0
466,크게웃으면서보는거  오랜만에느꼈어요ㅎㅎ 라미란씨 너무웃기네요 ㅋㅋㅋ 연기너무찰져 ㅋ ,10,1
467,많이 웃고 갑니다. 극한직업보다 더 웃김 ㅋㅋㅋㅋ,9,1
468,이렇게 허술한 한국영화  오랜만이네요ㅠ,2,0
469,"장유정 감독님(귀가하자마자 검색해보니 대본도 썼더만요)! 너무 웃어 죄송해요! 충동 구매란 말은 들어봤어도 충동 영화 감상이라니....상영관 지하 슈퍼가려다 읽던 신문이나 끝내고 가려고 영화관 대기석에 앉아있다가..... 한국전 때 돌아가신 친할매가 도우셨나봐요.  작품이 얼마나 빈틈없는지 영화보는 내내 원작자(대본)가 뉘실까? 감독은?  돌무더기,반딧불이의 향연.....주조연 모두들 대단하더군요... 물론 감독의 역량이지만요! ",10,1
470,이런 영화가 8점이나 평점이 된다니 원. 100점 만점에 8점 인정.,1,0
471,재밌다.  그냥 웃겨,8,1
472,재밌게 봤음 배우들 연기도 좋고 웃긴 대사들 빵빵 터짐,10,1
473,마이너스가 있다면 -10점을 주고싶네요 이런 영화가 박스오피스1위라니 웃기지도않는 코메디에 신파묻어가기  .. ,0,0
474,존잼 근데 중간에 좀 울었네 타임킬링용으로 돈은 안아까운영화,10,1
475,재미있게 봤습니다,10,1
476,간만에 웃고왓네요~~ 역시 라미란♡,10,1
477,오랜만에 와이프랑 아이랑 가서 봤는데 실컷웃다 왔내요 라미란 연기 찰지내요 ㅋㅋㅋ,9,1
478,큰 웃음은 아닐지라도 중간중간 자연스런 웃음이있다.미스터 주에 비하면 천만관객 영화라고 말해야할까?ㅋㄷ,6,1
479,엘지폰 무료보는거로 보고왔는데 이영화 점수는 85점드립니다 돈안아까운 영화고요 지금시점에선 이영화가 최선이네요 보는내내 웃곸ㅋㅋㅋㅋ 울다왔습니다 글고 정치 파나누는 그지깽깽이들은 보지마세요 그냥 코믹영화구만 어쩌고저쩌고 하는 그지들 말은 듯지마세요 할짓없나 왜여기서 좌파우파 지랄들하시는지ㅋㅋㅋ  시간남는 백수들인듯,8,1
480,재미있습니다 .정직한 의원이라 ㅎㅎ,8,1
481,이 영화가 어떻게 재미있다고?  볼 영화도 많았는데..후회~,7,1
482,초반은.재미있는데 뒤로 갈수록 교훈을 던져줌...,7,1
483,재밋었어요 생각없이보기좋았던,9,1
484,돈주고 볼정도 아님,5,0
485,알바 ㅈㄴ 풀었네 믿고 보지마셈,1,0
486,가족과 함께 봤어요,10,1
487,가족끼리보기 정말 좋은 영화였습니다.라미란 연기가 일품이고여 김무열이 참 잘생겼네요.,10,1
488,킬링타임용!!!,6,1
489,ㅋㅋ  보는내내 잼있었습니다 부담없이  온 식구와 봐도  좋을듯요,10,1
490,완전 빵빵터짐 ㅋㅋㅋㅋㅋㅋㅋㅋ 영화관에 사람들도 진짜 같은 포인트에서 다같이 신나게 웃고왔어요 ㅎㅎ 라미란배우님 짱 !,10,1
491,재밌음,9,1
492,돈 과  시간이 아까움,1,0
493,재밌었어요 많이 웃고 나왔습니다 ,9,1
494,너무 좋네요!!,10,1
495,현탄시 - 대한당 - 옥희과학대학 - 개싸이코새끼 ,8,1
496,괜찮았어요 낫배드,10,1
497,저 밑에 작성자 핸섬김..  이 인간은 무슨 목적을 가지고 들어왔나?  무뇌아 인가? 모자람에 조의를 ..,10,1
498,장유정 감독 실망이네   이 따위 영화를 내 돈 내고 보다니 짜증나. ,1,0
499,계속 웃었습니다. ,10,1
500,너무 지루하고 재미없었습니다..,1,0
501,한국 정치상황을 반영하는거 오졌고 구멍없는 영화에요. 웃고울고 2시간이 기뻤어요,10,1
502,라미란 배우님 짱!,8,1
503,또 영혼보내기 그런거 시작임...ㅋ,0,0
504,"영화보는 내내 영화관에 큰 웃음 소리 한번 없었네요. 영화 끝나고 나오는데 뒤에서 들리는 한마디. '야, 누가 재미있다고 그랬어!!'  그 순간 가장 크게 웃었음. ",2,0
505,아들하고  시간 가는 줄 모르고 봤네요^^,9,1
506,한번도못웃어본최초의영화,1,0
507,최곱니다 ㅋㅋㅋㅋ 너무 웃기고 재밌고 멋있고 다합니다,10,1
508,라미란 연기 찰떡!! 쫀잼이니까 영화관에서 꼭 보세용(*＾▽＾)／,9,1
509,정치풍자 코믹한 영화입니다. 돈주고 영화관가서 보긴 좀 아깝고...,6,1
510,나만당할수없지~  다들꼭 극장가서보세요,10,1
511,라미란님 팬입니다 넘재밌었어요 명장면 노래할때~ 넘멋있었어요~^^~,10,1
512,저는재밌게 보았습니다.,10,1
513,좋은 배우들로 선동용 영화를?   북한도 아니고....ㅉ,1,0
514,10점 준 존만생구리들은 도대체 눈깔과 귀가 있는건지...나...원 참...쓰으버얼,1,0
515,최고로 재밌었어요 배스트작이네요~~~~~~~^^,10,1
516,유치찬란,1,0
517,잼나요.. ^^,10,1
518,정말 가벼운마음으로 웃을 준비 하고 갔는데 초반부터 핵꿀잼 ㅎㅎㅎ   연출이 엉성한 부분도 있지만 라미란의 귀엽고 정말 맛깔나는 꿀연기 하드케리로 충분히 실컷~ 웃을수 있는 영화 조연들의 명품연기들도 한몫 연기 빈틈없는 코미디 와이프랑 진짜 간만에 깔깔거리고 엄청 웃었다ㅎㅎㅎ 라미란표 코미디의 장르의 탄생~!,10,1
519,니들이 좌파영화라고 무시한 영화가 전세계적으로  좋은 영화라고 인정받았다 .,10,1
520,꿀잼,10,1
521,"가족들과 영화보는데 깔깔거리면서 웃었습니다. 저희 가족뿐 아니라 다른 사람들도 소리내어 웃는 장면이 종종 있었어요~ 영화의 내용도 나름 교훈이 있고, 특별히 자극적인 장면이 많지 않으면서도  웃을 수 있어서 초등학생 아이들과 보아도 부담이 없었습니다. 꼭 보세요~적극적극 추천입니다!!!",10,1
522,모든배우들의 조화가 굉장히 좋았음 솔직히 배우들 연기가 제대로 한 몫 했다,10,1
523,굿,8,1
524,미스터주  이거보고 반성해라ㅋㅋㅋ  이건 진짜 재밋다ㅋㅋㅋㅋㅋ,10,1
525,라미란이 하드 캐리했고 재미는 있다. 하지만 현 세태와 좀 동떨어진 듯 하다. 다가올 총선은 적폐청산 토착왜구 박멸 한일전이다. 나국썅의 원정출산이 다른 내용으로 희화화 됐지만 가벼이 넘기기엔 무거운 것이다. 김무열님의 비열한 연기를 좋아하지만 착한 연기도 볼만 했음.,8,1
526,중간중간 터지는게 재밌었어요 ㅎㅎ,10,1
527,편하게 가볍게 보기 좋음~~,10,1
528,꿀잼,10,1
529,"대놓고 어느 좌파정당 홍보물 같아서 보기 거북해,, 여주인공은 또 심 모씨라고ㅋㅋㅋ 많이 닮았네 ㅋㅋㅋ 한국영화가 어쩌다가 좌파 정치이념물로 한탕이나 노리는 장사치 보다 못한 집단이 됐냐? 누가 어디서 운좋게 뭐 받았다고 으시댈 거 요만큼도 없어. 그 덕에 그 상에 대한 환상이 깨졌으니 말이다.",0,0
530,"보라색, 몽타쥬 심모씨 빼박 좌파영화 안 봄",0,0
531,라미란 언니의 모든 매력을 갈아 넣고 만든 영화!! 코로나19  뚫고 가서 본거라 더 기억에 남을 듯~  지루하지 않고 웃으며 재밌게 봤는데 엔딩 크레딧 올라갈 때 난 울컥했다  우리나라 상황에서 100% 깨끗한 사람이 정치를 할 수 없다는걸 너무 잘 알지만 그래도 영화처럼 어느 정도 선은 지키는  분들이 많았으면...  선거 앞두고 있어서 그런가 엄청 몰입되서 봤음!!,9,1
532,말이필요없음정말재밌게봤음,9,1
533,역시 핵존잼 앞으로가 더 기대되는 라미란!!,9,1
534,너무 즐겁고 잼있고 시간 가는줄 몰랏음,10,1
535,정직한 후보.. 입소문 제대로 탈 거 같은데?,10,1
536,우리나라 코미디 영화는 잘 안 보는 편인데 이건 진짜 재밌게 웃으면서 봤습니다,10,1
537,유쾌상쾌통쾌! 기호 1위 주상숙!,10,1
538,윤경호의 매력이 푹 빠지 말았어ㅜㅜㅜ,10,1
539,라미란은 어떤 배우와 있어도 케미 돋네;;,10,1
540,지루하지 않고 재밌었어요ㅎㅎ,10,1
541,별 기대 안했는데 생각보다 재미있어서 놀랐어요,10,1
542,알바생이 너무 많네요! 오늘 보고 왔는데 스토리 빈약 억지 웃음 재미도 없고 고사를 지내면 정직한 후보가 되는지요 만화 영화보다 더 어이 없는 영화네요!,2,0
543,재미있고 배우 연기가 일품입니다,10,1
544,연출도 배우들도 너무 재치있고 유쾌하고 통쾌하다,10,1
545,모든 배우님들 다들 연기 열라 잘함 ㅋㅋ,10,1
546,이것이 진정 코미디다,9,1
547,거짓말 못하기 시작하면서 부터 쉴 틈 없이 웃었음,10,1
548,오랜만에 너무 재밌게 본 한국 영화,10,1
549,재미나게  잘 봤어요,10,1
550,배우 연출 음악 스토리 전개 모두 대박,10,1
551,루즈하지 않고 억지스럽지 않아서 더 좋았어요~,10,1
552,정직한게 이렇게 웃겨도 되냐구,10,1
553,아니 브금부터 텐션이… 처음부터 끝까지 즐겁게 볼 수 있는 영화ㅎㅎ,10,1
554,영화 보고 나오는데 개운한 느낌은 처음인거 같아요 정말 통쾌합니다!,9,1
555,주상숙같은 후보 어디 없냐 ㅋㅋㅋ,10,1
556,두시간이 어떻게 지나갔는지 모르겠어여,10,1
557,윤경호 나올때가 젤 웃겼다~,10,1
558,라미란 윤경호 부부 연기는 진짜ㅋㅋㅋㅋ,10,1
559,일베들의 열폭이 즐겁다 심상정 가자!,10,1
560,웃음도 감동도 아무 것도 없는 엉성 하기 그지 없다 그냥 노잼이다,1,0
561,식상해.식상해,10,1
562,진짜 재밌어요! 계속 웃다가 나왔어요 라미란언니 짱^^,10,1
563,스토리(연개성)부족 3백만~5백만 사이스,6,1
564,거짓말을 못한다는거지 하고 싶지 않은 말을 본인의지와 무관하게 하라는건 아니었지 공감 제로 재단고위관계자가 10년동안  엄청난 재단기금이 새는것도 모르고 있었다는 건가,1,0
565,숨 못 쉬게 웃었음. 그건 아마도 저렇게 팩폭을 날리기 시작하면 어떨까하는 상상을 하게 되어서 그런듯...,10,1
566,라미란 코믹연기가 짱이였다!,9,1
567,주인공들뿐 아니라 명품 조연들까지 합체해서 어마무시한 영화를 탄생시켰다,10,1
568,라미란 생활연기 리얼리티 연기 달인인듯,10,1
569,유쾌하고 통쾌하고 상쾌하고!!,10,1
570,간만에 재밌는 코미디 영화였어요~ 정직한 후보 응원할게요~,10,1
571,누구나 웃고 즐길 수 있는 코미디 영화,9,1
572,시사회로 보고 왔는데 다들 연기 쩔어욧..,10,1
573,라미란 윤경호 조합 너무 좋다ㅋㅋㅋ 김무열은 이런 연기도 잘어울리네,10,1
574,웃음 폭격 영화라는 타이틀이 딱 맞음ㅋㅋ,10,1
575,솔직히.. 기대 안했는데… 이렇게 재밌어도 되냐고..,9,1
576,영화 정말 재밌어요 정직한 후보,10,1
577,재미 감동 교훈 다 들어있는 영화.. 넘 인상 깊게 봄bb,10,1
578,능청스럽고 웃기고 마지막엔 감동적임,9,1
579,라미란만이 소화할 수 잇는 캐릭터였다고 생각한다 감동과 유머 완벽했어,10,1
580,이렇게 재밌고 감동적인 영화가 제일 좋음,10,1
581,보는내내 웃느라 죽는줄 알았다,10,1
582,재밌어요.. ^^,10,1
583,저도  웃겨서  뻥  뚫어서요  아주  재미 있습니다,10,1
584,자연스러운 웃음코드가 많아 유쾌하게 웃고왔네요. 연기자들의 연기도 한몫했구요 ㅎㅎ 라미란배우님은 특히 표정도 다양하고 코믹연기와 정극연기를 두루 잘 하시는 배우신거같아요~^^ ,8,1
585,미란씨 짱! 역쉭 한코믹하네요~,8,1
586,웃김. 진짜 웃김. 이거 보고 안웃기다고 하는 사람들은 뭘봐도 안웃는 사람들. 신파는 싹 배제한게 좋았음. 끝까지 유쾌한게 굿!@@,9,1
587,즐거운 영화~~,9,1
588,2시간 내내 실~컷 웃고 왔네요.. 스트레스 날아갑니다. 라미란 쵝오!,9,1
589,아.. 진짜 앞으로 평점 보고 영화관 안 가 ㅜㅜ 진짜 돈낭비... 알바 풀었나...,1,0
590,중반까지는 코미디 영화로써 괜찮았는데 의미없는 추격신 격투신에 할말을 잃음,4,0
591,역시 실망시키지 않는 라미란 최고 재미도 있고 현 정치인 연상시킨 풍자도 좋았어요,10,1
592,조조로 잼나게  봤어요,8,1
593,맘껏웃을수있는영화~잼나요 굿굿,8,1
594, 저녁 먹고   티비 보다가 잠깐 잠들었는데~~ 큰딸의 전화를 받고 갑자기 나가서 영화를 보게 됐는데~~예상 밖으로  엄청 재밌게 봤습니다~~~ 자다가 떡이 생겨 맛있게 먹은 그런 느낌을 받았습니다~~ 요즘 들어서 본 영화중 가장 재밌게 본 영화입니다~~~ 나문희님 라미란님~ 두분  너무 잘 어울리네요~~ 나라 커플 같아요~~  영화를 보고 나오면서 웬지 모르게 뿌듯하고~~ 엄청 기분 좋아졌습니다~~ 꼭~~~ 놓치지 마시고 영화 보세요~~ 후회없는 탁월한 선택일것입니다~~~ 오늘밤엔 기분 좋게 잠들것 같아요~~ 영화를 만드신 모든분들 수고하셨습니다 ~~~그리고 넘넘 고맙습니다~~제게 웃음을 주셔서~~~ 새해 복 많이 받으세요!!!~~ *.~,10,1
595,초반에 재밌었는데 끝부분으로 갈수록 지루함 엄청 웃기는 웃었음 ,8,1
596,.,3,0
597,작년포함 최근 코미디영화중 가장 기분좋게 재미있었어요,10,1
598,엄청 웃었어요  ,10,1
599,"너무재미있게봤어요,  적극추천하는데  시기가 아쉽네요~~^^대박나세요,,,",10,1
600,뜬금 없는 카체이싱은 이 영화의 수준을 적나라하게 보여준다.,4,0
601,굿!,10,1
602,재밌어요!!!,10,1
603,재밌고 유쾌한 시간이었어요~^-^,10,1
604,진짜 너무 재밌게 봤어요 진짜 깔깔 웃으면서 봤고 중간에 슬픈장면도 있었는데 너무 재밌었어요 라미란 연기 너무 잘해요!!,10,1
605,능력없는 여자 감독의 쓸쓸한 망작기  1000원도 아깝고  내 시간도 아깝다.,1,0
606,피식거릴 장면 조차 없는 영화... 구성 짜임새가 너무 부실..,1,0
607,영화보는 내내 한번도 안 웃었음..;; 그나마 3점 준 이유는 김무열씨 연기때문에..  B급 코미디영화도 충분히 재밌을 수 있는데 이런영화가 나오는것은 한국영화가 제자리 걸음밖에 못 한다는거..,3,0
608,아 너무 웃겨 라미란 배우 코미디  적중률 백프로ㅋㅋ,9,1
609,공항에서 시간 남길래 기대없이 봤는데 아주 유쾌하게 웃으면서 봤어요 라미란 연기 아주 굿~,10,1
610,웃지않고도 볼수있는 코믹영화 이렇게 평점쓰면 알바들이 정직한 댓글 못보게 알바들 댓글 수없이 달아서 내댓글 밑으로 가게할거임. ,2,0
611,세상에 넘 재미있네,4,0
612,ㅋㅋㅋ 영화 하나 보고 현 정부를 공산화 어쩌구 저쩌구 가짜뉴스 퍼트리는 건 뭐하는 것들일까? 밑에 용화...,7,1
613,그냥저냥 볼만 감독의 엉성한 연출력을 라미란연기로 멱살잡고 캐리하는 영화,7,1
614, 어이~ 밑에 용화씨 영화를 눈구녕으로보시지 똥구녕로보시나??? 좋은영화보고 왜 정치질이야??????? 현정권이 싫으면 투표를 잘해보든지 이민을가든지하지 선거앞두고 선동질하지마!!!!!,5,0
615,기대없이  봤는데...재미있었어요. 가볍게 보면 좋더라고요. 원정출산....나**씨가  연상됨..ㅎㅎ,9,1
616,스트레스 풀기에 재밌었어요.라미란 배우라 뻔하지 않았어요,8,1
617,시작전 광고가 더 스펙타클했다..,1,0
618,밑에 일베벌레가 싸논똥같은 댓글 보니 보면 안될거 같네 ㅋㅋㅋ,1,0
619,재밌게 봤다. 거짓으로 일관된 현 문정권이 어떻게 국민들을 속이며 은폐축소하고 있는지 조금이나마 알게 된듯ㅎㅎ 정치인들은 대다수가 반 사기꾼이기 때문에 정직한 사람이 너무나도 드문데 자유민주주의가 몰락하고 공산화 되어가는 현 시점 4.15 총선은 너무너무 중요하기에...국민들이 깨어나고 정신차려서 친중 정치인은 절대로 뽑지 말아야한다...,9,1
620,재미 good!,10,1
621,겁나잼없음.별로,4,0
622,그렇지.신파없는 깔끔함.,8,1
623,너무 웃기고 재밌아요. 오락용 최고. 나미란 배우 매력에 빠졌어요,10,1
624,재미로 볼만함 코믹영화 한프로에 득도 할려는 사람은 보지말고 재미로는 보세요,8,1
625,재밌게 봤어요!!,9,1
626,ㅋㅋㅋㅋㅋㅋㅋㅋ 대박이예요 ㅋㅋㅋㅋㅋㅋㅋㅋㅋ,10,1
627,정치관련 된 일을 하시는 분은 이 영화 꼭 보시기 바람.,10,1
628,완벽 라미란♡ 역시 라미란♡ 공약 정직하게 투표 잘하자,9,1
629,어        어쩌면 현실  공감,10,1
630,저질 삼류 쓰레기... 1도 재미없음.,0,0
631,선거코앞에 진짜 재밌게 봤어요 우리도 정직한후보가 당선되길 ㅋㅋㅋㅋㅋㅋ,10,1
632,노잼,1,0
633,ㅋㅋㅋㅋㅋㅋ 라미란 대박이다 정말,10,1
634,오늘 저녁에 봤어요 오랫만에 웃겼어요 ㅋ 저런 정치인이 나오길,10,1
635,라미란 체고 ㅜ,10,1
636,조조할인가자,9,1
637,꿀잼예약,10,1
638,모레보려고 1+1도 겟했음 ㅋㅋㅋㅋ 너무 좋아 라미란표 코미디는 믿고 본다 아닙니꺼,10,1
639,"솔직히 정직한후보 보면서 사이다 외먹어,,? 영화가 사이다인데 ㅋㅋㅋ보는 내내 유쾌 상쾌 통쾌했닼ㅋㅋㅋㅋ",10,1
640,일단 예고편만 본입장에서 영화보러 잘 안가는데 이건 내용부분에서 우리나라분들이 이거보고 많이 배웠으면 좋겠다는생각이 많이들어서 작지만 저 한명이라도 보러가려고합니다. 망할 미세먼지 바로잡지도 못할거 공약에 왜넣은건지...........,10,1
641,예상한대로만 나오니 지겹고 지겹다,0,0
642,설정은 짐캐리의  라이어를 가지고 왔네⟩ ,2,0
643,라미란님이라 기대됩니다. 대박사세요.,10,1
644,재밌겠네요,10,1
645,라미란님인데 안재밌으면 섭하지요~~,10,1
646,"웃음이 보약이라는데, 이거 너무 재미나서 코로나도 이겼으면 좋겠어요",10,1
647,너무기대돼요,10,1
648,라미란 역시 ㅋㅋ,10,1
649,믿고보는 라미란!!!,10,1
650,여러분이영화많이봐주새요,9,1
651,예고봤는데  빵빵터졌음 기대됨,10,1
652,빨리 개봉해라! 목 빠지겠다!,10,1
653,개봉 빨리 했음 좋겠어여! 보고푸 ,10,1
654,예고편부터 내 2월 웃음지뢰ㅋㅋㅋㅋㅋㅋㅋㅋ너무웃곀ㅋㅋㅋㅋㅋㅋㅋ,10,1
655,"☆개봉소취☆ 마스크, 손소독제 바리바리 챙겨서라도 보러 갈 겁니다  라라라 라미란 로즈♧",10,1
656,보고싶다 재밌을거같음,10,1
657,맨날 거짓말 만 하던 후보가 나중에는 거짓말 도 못하고  바른 말만 한다라는 참으로 웃긴 내용이 담긴 영화라고 생각합니다. 이 영화는 무조건 봐야 한다고 생각합니다. 주인공인 연기파 배우 라미란씨도 너무 좋습니다!!,10,1
658,걸캅스 와 짐캐리의 라이어  합작품인가?  영화가 재미없다고 정직하게 이야기 못하겠지? ,10,1
659,시사회 꿀잼ㅋㅋㅋㅋㅋ,10,1
660,시사회로 먼저본 정직한 후보!  웃긴것도 웃긴거지만 폭력이나 욕설이 거의 없는 요즘 보기드믄 착한 영화네요~ 말하려는 메세지도 좋구요~ 편하게 크게 웃을수 있는 영화를 보고싶은 분들께는 강추!!!,10,1
661,어제 시사회봤는데 진짜 재밌어요 돈내고 봐도 돈값할 재미입니다 억지 감동 억지 웃음 아니구 자연스러운 빵빵 터지는 웃음이에요 ㅋㅋ,9,1
662,"오늘 시사회로 갔는데!! 재밌습니다. 역시 라미란 배우 연기 잘 해요. 영화 보는 내내 사람들 웃음소리가 들려서 좋았어요~~ 억지로 웃기거나 감동 뽑아내지 않아서 좋아요!! 미쓰 와이프, 굿바이 싱글 같은 한국영화 좋아하는 사람이 딱 좋아할 영화입니다.",9,1
663,웃음이 넘치고 즐거운 시간이었습니다 ~ 깨알같은 감동까지 선사하는 ~~~믿고보는 라미란!!! 노래 잘 하시는거 보고 또 한번 놀랐답니다~~도대체 못하는게 뭡니까~~~,10,1
664,시사회가서 봤는데 웃음에 인색한 나도 빵빵 터짐 ㅋㅋㅋ 라미란 넘 웃껴 ㅋㅋㅋ,10,1
665,어제 시사회에 넘 즐겁게 봤어요. 정말 오랫만에 행복한 영화였습니다.  번창하시길 기원합니다. 감사합니다.,10,1
666,"조수향 배우님, 예쁘시네요. 영화 기대되고 고대하고 있습니다. 정직한 사람들이 인정받고 선택받기를",10,1
667,"리메이크한 원작은 따로 있는데, 예고편에서부터 보이는 짐캐리의 그림자는 어쩔건지....리메이크작품과 라이어라이어 짬뽕 시켜놓은 느낌만 물씬 나네",1,0
668,이거 공산주의자 심상정이를 영웅시화한 영화같다,0,0
669,막장,1,0
670,너무 멋집니다,9,1
671,기대됩니다. ㅎ,10,1
672,♥,10,1
673,믿고 보는 배우 라미란!! 꼭 볼께요~~,10,1
674,"연기파 배우들의 코미디, 기대됩니다.",10,1
675,어쩌다보니 구라를 못 하게된 정치인이라는 소재라 전개가 어떻게 될지 궁금.,10,1
676,천만찍고 정직한 후보 한명 만들어봅시다,10,1
677,ㅋㅋㅋ너무 기대되는 영화,10,1
678,진짜로 천만 가는거 보고싶다.  아줌마 짐 캐리 ㅎㅎㅎ 이런 카피 영화가 천만가면 지금까지 반미 외치던 영화계 얼마나 쪽팔릴까?  하기는 쪽팔린거 알면 이렇게 대놓고  카피하지는 않았겠지. ㅎㅎㅎ,10,1
679,줄거리만 봐도 이미 재밌음ㅋㅋㅋㅋㅋㅋㅋㅋㅋ,10,1
680,영화 개봉도 전에 까이네;;; 주연만 봐도 존잼각나왔는디 왜,10,1
681,예고편만 봐도 벌써웃김ㅋㅋㅋㅋ,10,1
682,한국영화를 망치는 것들을 평점을 조작하는 인간들이랑 알바생들을 풀었던 충무로네 만약에 거짓말을 할수가 없는 상태가 되면 이영화가 재미가 있다고 말할수가 있나 만약에 이영화가 흥행한다고 치면 한국영화는 망했다 내년아카데미에서 절대로 한국영화들이 상을 받을수가 없는 이유를 이곳에서 볼수가 있구나 어차피 이영화는 망했다 어떻게 같은 여성이 만들었던 영화가 이렇게 차이가 날수가 있는지 그냥 아카데미에서 봉준호감독 통역했던 여자가 영화를 만들었다면 이보다 훨씬 잘만들겠다 그리고 여기에 만점을 주거나 좋은 점수를 줬던 인간들아 양심이 있어라 2020년 엄복동을 이렇게 평가하나 어이가 없다,1,0
683,역시 라미란~~예고만 봐도 기대됩니다,10,1
684,재밌겠다 설에 맞추어 개봉해야지 이런건  ㅠ,9,1
685,기대되요~~~,10,1
686,기대하볼랍니다^^,10,1
687,시사회 보고왔어요. 기대보다 더더더 재밌었습니다! ,10,1
688,또 3류 아류 영화나오네 하..,1,0
689,독보적인 코미디 장인 라미란 인정하지만....걸캅스는 사실 존망했잖아... 제 아무리 라미란이라해도 다 살리진 못해~!!,2,0
690,기대합니다 ,10,1
691,라미란... 한국 영화계의 보물... 여러 번 천만을 달성한 연기력 만렙 배우... 코미디는 당연지사... 믿고봅니다...,10,1
692,ㅋㅋㅋㅋㅋㅋㅋㅋㅋㅋㅋㅋㅋ기대됩니다!!!,10,1
693,라미란ㄱㄱㄱ ㄱㄱㄱㄱ너무좋아진짴ㄱㄱ ㄱㄱㄱㄱㄱ꼭봐야지,10,1
694,포스터만 봐도 개웃길듯,10,1
695,아웈ㅋㅋㅋㅋㅋㅋㅋㅋㅋ라미란ㅋㅋㅋㅋㅋㅋㅋㅋㅋㅋㅋㅋ아 개웃기겠땈ㅋㅋㅋㅋㅋㅋㅋㅋㅋㅋ,10,1
696,라미란ㅋㅋㅋ 이번에도 캐릭터 소화력 미친듯,10,1
697,재밌을꺼같은뎈ㅋㅋㅋ  ,10,1
698,기대되는 영화이네요,10,1
699,뭐야 평점 왜이래요. 예고편만 봐도 빵빵터지네요! 얼른보고싶어요 !,10,1
700,재밌어요!!,0,0
701,시사회 평이 좋아서 바로 개봉날로 예매!,10,1
702,그냥 가벼운 코미디영화~ 코미디요소는 있다만 뻔하고 지루해요...,6,1
703,"국회와 청와대에 들어앉아있는 도둑놈들에게는 상당히 불쾌할만한 영화. 풍자하는 수단이나 내용은 그냥저냥이지만, 영화 자체의 재미는 또 나름 잘 챙기고 있다. 현실에서도 거짓말만 일삼는 위정자들에게 한번쯤은 진짜 일어났으면 하는 작은 바람도 생기게 해준다.",7,1
704,설마설마 하면서  끝까지 봤는데  뭔내용인지  웃음포인트도 없고  맹숭맹숭하던데요   각본도 허술하고   그냥  추석날  특집으로  보면  딱  맞을듯,4,0
705,전직한 후보라고 이름 바꿔라.,1,0
706,재미도 없고 감동도 없고 영화 너무 못 만든 티가 난다. 감독의 연출이 얼마나 중요한지는 이런 영화 보면 잘 알 수 있음,3,0
707,마누리가 아쉽지,8,1
708,"정치인은 거짓말도 많이 하지만, 마음에 없는 말도 많이 한다. 정치 하는 사람들은 국민의 표를 먹고 사니까. 표를 얻으려면 사람들의 환심을 사야 하고, 그 사람이 듣기 원하는 말을 해야 한다. 선거 때만 되면 여야 할 것 없이 지키지 못할 공약을 내 놓는다. 일단 당선만 되면 그 후에 일은 갖은 핑계를 대서라도 흐지부지 넘어가면 그만이다. 선거가 끝나고 그 누구 하나 이를 문제삼는 경우도 없었고 또 문제껏리 조차 되지 못한다.",5,0
709,감동을 주려고 애쓰나 90년대 박중훈식 코미디 영화를 보는 듯 하다,4,0
710,시원하게웃었어요,10,1
711,굿!,8,1
712,19금 농담짤들이 촌철살인,10,1
713,재미있게 잘 봤어요~,10,1
714,킬링타임용이라고 하면 괜찮은 영화,6,1
715,국산에서도 인정안하는 국산차,5,0
716,재미있다 ,8,1
717,tv에서 무료로 봤는데도 보는 시간마저 아까웠어요..,2,0
718,..,1,0
719,평점을 누가 줬길래 7.3인가?? 정말 한개도 안웃긴 코미디영화임! 그렇다고 메시지가 있는것도 아니고 그냥 TV단막극 수준임. 좋은 배우들의 연기력만 낭비된 영화!,0,0
720,재밌어요♡♡,9,1
721,너무 유치하게봣던영화,4,0
722,미란언니 보고싶어 본 영화.^^  진짜 연기 짱! 유쾌해요~~^^,8,1
723,진짜 너무너무 재미없네,1,0
724,"코미디 영화인데, 한 번을 못 웃어봤습니다. 이 영화를 100번 보느니, 짐 캐리의 '라이어 라이어(1997)'를 1번 보겠습니다~",1,0
725,생각없이 봤는데 너무 유쾌한 영화!!!라미란씨 팬입니다요,9,1
726,기대 안했지만 대박 웃음 만땅 영화.,10,1
727,여자들이 조금 더 공감되는 영화같아요  사이다 대사들과 라미란배우의 연기도 찰떡이네요,10,1
728,예측 가능한 유치빤스가 될뻔했지만 킬링타임용으로 보기 편한 유쾌한 영화,6,1
729,자꾸 이렇게 만든거 내보내면 한국영화는 정말 집에서만 볼래. ,2,0
730,정치인들 꽤 찔리겠다 막판 신파땜에 -2,8,1
731,이런 가벼운 코미디 말고 정치인의 치부를 대놓고 까는 블랙코미디로 만들었으면 어땠을까 싶다.,6,1
732," 예고편 안봤으면 모르고 5점 때렸을꺼임...  예고편을 보고 나니...   선거용으로 홍보하는거 너무 티나...    여주인공도 사기꾼이고...  마치, 모든 국회의원이 사기꾼인것처럼 이미지화 시키는거 꼴불견이다...   ",0,0
733,예고편 안보고 봤다면 7점 더 줄 수 있을거 같은데!!  예고편 보고 보면 .....  그냥 예고편이 엑기스여서  본편 더 시시해지는??  ,6,1
734, 예고편은 엄청 잘 만들었던데?  라미란씨가 주연으로?  작품을 잘 살린 거 같다.,7,1
735,이 정도면 걸캅스보단 볼만하다,6,1
736,영화 시나리오나 구성이 좀 허술해서 지루한 감이 있다. 하지만 배우들의 열연으로 점수 좀 더 준다. ,7,1
737,온가족이  보러 갑니다,10,1
738,1여녀간 코믹영화 최고라 평가~ 유쾌하다.비교불가지만 히트맨 이런거는 저리 가~~,9,1
739,라미란이 나오면 무조건 봐야지!! 너무궁금하고 기대중⟩  ⟨,10,1
740,내 아래에 있는 대한민국국민이라는 놈은 영화 평점쓰고 다니는게 외국영화들은 다 10줘놓고 봉오동전투같은 영화는 문재인 대통령 욕하면서  0점주더라. 니 정치적 의견여기서 얘기해서 찌푸리게 하지말고 조용히 사라져라. 제발.,9,1
741,라미란 ㅋㅋㅋ 나오는거 다 재밌음,10,1
742,..,7,1
