﻿,document,score,label
0,각자의 인생의 깊이만큼 보고 느낄 수 있는 영화.  애들은 가라.,10,1
1,30년만에 다시 봤다. 명작은 명작이다.,9,1
2,눈물이 나네요..장국영...,10,1
3,변퇴들  옹호하지마시오.,0,0
4,장국영 공리 두 사람이 다시 생각나는 영화  어렸을 적에 보고 다시 보니 영화가 보이네,10,1
5,장국영이 너무 그립다.  ,10,1
6,장국영의 팬이라 영화관에서 첫번째로 보았을 때에서는 장국영이 눈에 띄었지만 두번째로 본 영화에선 공리의 연기가 훌륭하다고 느꼈습니다. 시대적 배경을 알고본다면 더더욱 훌륭한 영화. 이번주에 또 보러가려구요.,10,1
7,장 국영~♡ 보고싶은 그 사람~ 개봉당시 20번두 더 극장 들라거리며 봤더랬다~,10,1
8,추악한 인간은 전부 소탕하라. 두안샤오로우 추악한 인간이다. 경극배우들을 처단하겠다는 무리의 군중들 또한 추악하고역겹다.,10,1
9,"역사의 무자비한 광풍속에 견디어내기는 하였으나, 상처가 너무 깊고 처참하여, 더 살기가 어려워진 패왕과 별희. 이제 바람은 잦아들었으나 무슨 소용.  --- 옛날 감동을 기대하여 영화관을 찾았으나 화질이 나빠서 -1",9,1
10,"   전에 봤을 때는 장국영만 생각나고 공리가 기억도 잘 안났었는데 지금 다시 보니 공리가 눈에 들어오네요,  여전히 문화혁명은 도저히 이해가 안가는~~",9,1
11,"시대의 격변에 따른 풍랑, 두 남자의 직업적 브로맨스, 그 속에서 예술이기도 아니기도 했던 경극의 고통스런 살아남기! 어려서볼때는 보이지않았던 장국영의 극중 우희의 눈물어린 눈을 많이 보게되었다.  세상에 예술 혹은 문화의 기준은 없다. 그래서 모두 기준이다. 오늘은 이것일 뿐. 그대들이여 규정짓지 말라. ",9,1
12,답답한 마스크 너머 인생의 숨을 쉴 수 있는 영화. 3시간이 느리게 빨리가는 영화!,10,1
13,장국영... 귀하가~~너무도  그립소~~ 이 영화는  원데이 말대로   우희역할로 장국영 뿐입니다~   너무보고싶습니다 장국영,10,1
14,감독님 중공이 우리나라침공했던 역사를 영화로 찍는다면서요.  실망입니다. 패왕별희라는 명작을 만들었으면 고인이 되신 장국영선생님과 그분이 찍으신 패왕별희라는 명작에 흠집이 나지 않도록 처신을 좀 잘하셨으면 합니다.,8,1
15,개쩌는 영화,10,1
16,진작 볼걸 그랬나.  ㅜㅜ,10,1
17,인생영화 재개봉이라니 감사합니다 감사합니다,10,1
18,걍 최고임.,10,1
19,러닝타임이 세시간이라 지루할까봐 사실 걱정했는데 지루함도 느끼지 못하고... 그냥 주인공에게 빠져서 그렇게 봤다. 정말 잊을 수 없는 영화.. 한동안 데이와 주샨의 눈빛을 잊을 수 없을 것 같다,10,1
20,꼭 봐야 되는 영화. 그것도 중국 영화를 본다면.,10,1
21,역사와 인물의 갈등. 사랑 그리고 인생 전반에 대한 걸작. 세시간 동안 중국으로의 역사여행. 장국영이 수명을 다한  이유,10,1
22,20대에 봤을때보다 30대에 다시 보니 여운이 남는 영화 중국에 대해 몰랐다가 몇년 살고 왔더니  3시간동안 중국이 많은 이데올로기의 변화속에서 경극을 하는 두 주인공이 시대에따라 적응해 변해가거나 적응하지못해 떠나가거나 하는 모든 부분을 담은것이 새롭게 느껴졌어 좋앗음 이게 옳았는데 해가바뀌니 그것을 그릇되다고 말하는 세계에서 그들이 얼마나 많은 혼란을 느끼고  방황하며 변화하는지 새로운 관점으로 보임,9,1
23,폭력적인 영화임. 정말이지 감정의 난타와 지금은 어려울것 같은 아역배우들의 역활과 생 날것과 같은 연기와 영상이 사람의 감정을 마치 못움직이게 묶어놓고 때리는 것 같은 느낌을 줌. 현기증 나는 영화 미열과도 같이 봄이면 아련하게 만드는 그런 영화.  Leslie Cheung  RIP~~~,10,1
24,어렸을땐 장국영에게 커서는 공리에게 감정이입하게 되네요. 다른듯 같은 청데이와 주샨의 운명 ,10,1
25,작정하고 만든 영화,10,1
26,진짜 B급 고어 영화 안봤구나? ㅎㅎㅎ,10,1
27,시대가 변해가면서 이념과 의식의 거대한 힘 앞에서 우정도 사랑도 약속도 무참히 짓밟히는 장면은 거의 공포 수준였어요. 지금 한국의 앞날에 대해 때로 정치적인 위기와 이념적 공포를 느끼게 되는 부분은 예전 처음 개봉 당시와는 너무도 판이한 것이 오늘 이 영화를 보면서 충분히 공감하게 하네요. 배우들의 명연기는 세월이 많이 흘렀음에도  여전히 가슴이 떨립니다. 장국영과 공리!,10,1
28,공리 사랑한다 ,9,1
29,나이를 먹고 다시 보니 또 다른 감동이 몰려 옵니다. 그때는 장국영만 보였는데 공리가 이렇게 멋진 여성이었다는 걸 알게 되네요.  ,10,1
30,개봉 하고 10년 마다 한 번 씩 다시 봐도  그 감동은 갈수록 더해가네,10,1
31,이십여년전 본 영화지만 그 감동이 여전하네요,10,1
32,중국영화도 이런 수작이 있구나~~~를 연발한 작품,10,1
33,"너무 아름답고 먹먹하다, 공리는 너무 예쁘고 장국영의 연기는 대단했다, 금붕어 하늘하늘씬은  정말 탁월하다",10,1
34,중국인들도 우리처럼 아픈역사가 있었다는걸 절절히 느낌..,9,1
35,3시간이 어찌 갔나 모르게 집중해서 봤어요 나라를 떠나 시대의 아픔이 다 같이 있다는게 맘이 아팠어요 다시 한번보고 싶어요 강추,10,1
36,"93년도 작품 ,, 이런 좋은 영화를 27년 지나서 이제야 보다니 영화에 대한  실례였다 ",9,1
37,!,10,1
38,장국영 정말 가슴 아픈 여자연기 끝까지 가슴 아픈 여자인게 너무 가슴아파요,10,1
39,어릴땐 몰랐는데 다시 보니 장국영 연기가 진짜 감동적이에요. 데이역에 장국영을 대체할 배우가 없다는 생각이 들었음. 영화보다 보면 3시간이 금방 지나가요,10,1
40,장국영=청뎨이=우희,10,1
41,장국영...아름다운 사람..ㅠㅠ 다시 스크린에서 볼 수 있어서 고마워요..,10,1
42,재개봉 정말 감사합니다.,10,1
43,긴  시간의 영화임에도 불구하고 전혀 길다고 느껴지지 않았음. 소장하고 싶은 영화. 장국영이 아니였다면 없었을 영화,10,1
44,"어떻게 표현해야 할까요? 경극에 대해서는 잘 모르지만 중국의 전통문화를 통해, 그리고 이를 지키고 이어나가려는 그들의 열정과 사랑을 통해 중국에서의 역사적 아픔도 함께 보았습니다. 일제의 침략과 해방, 그리고 이후의 정치이념의 대립 그리고 분단. 그 속에서 살아남기 위한 처절한 몸부림과 분노. 어쩌면 그 당시 한반도에서의 아픔과 이리도 닮았는지~. 이 모든 역사적 비극의 시발점이 저 못된 무리들 때문이라는것을 다시 한번 우리의 뼈아픈 역사를 되뇌이게합니다.",10,1
45,말이 필요 없음  마지막 장국영의  오묘한  얼굴이  안잊혀짐,10,1
46,"13억 중국 인민들은 보지못하는 문화혁명 시절장면 위화의 소설 ""형제""가 생각나네요  대한민국 그리고 민주주의여 만세 ! 캬 ~~  주모 ~  여기 막걸리 한되 더 ~",9,1
47,명작에 무슨평가가 필요할까요 쓸데없는 사족이죠,10,1
48,다시 봤는데 또 다른 느낌을 받았습니다 ㅡ좋은 영화 ,9,1
49,아 폭풍 감동,10,1
50,생각만 해도 가슴이 저리는.. 대형 스크린으로 보았던 그 순간을 평생 잊지 못합니다,10,1
51,그냥 무조건 보세요,10,1
52,경극을 너무 좋아하기에 노래를 듣기 위해 또 보러가야겠네요  극장에서 세번째 보지만 충실한 오리지널이어서 넘 좋네요. 중국의 전통예술 경극 아름다움의 극치라고 생각되며 격변의 중국 현대사 속에서 파란만장한 경극 배우들의 삶과 예술을 참으로 탁월하게 표현해 낸 걸작이라 하겠습니다.,9,1
53,이 영화를 영화관 스크린을 통해 접할 수 있는 것도 축복이자 행운 !! 이미 너무 많이 봤지만 또 봐도 가치 있었습니다.,10,1
54,최고다 그냥 더 알아볼 것 없이 보세요 ,10,1
55,참가슴절절하게 보았던 영화예요. 배역에 동화되어 살아야 했던 경극배우의 파란만장 인생에 격변하는 시대적배경까지 참 많이 가슴 아팠던 기억인데 다시 개봉하는군요... 장국영이 또한 동화되어 살지 않았나 싶어요 장국영의 애띠고 곱상하고 우수에 찬 모습이 눈에 선합니다.,9,1
56,재개봉해서 감사함ᆢ,9,1
57,"1993년 중국에서 유학할때 극장에 혼자가서 봤음 중국어로 봤는데도 감정전달에 전혀 문제가 없었음 그때 그시절 대련 생각난다 중국 친구들,,,대련 해변가...아련한추억과 함께 떠오르는 영화 ",10,1
58,아름답고  슬픈  이야기 다시   스크린에서  만나 너무  즐거웠네요,9,1
59,마지막 황제도 보고싶네요,9,1
60,시대의 흐름속애 문화의 희로애락을 가슴아프게 느꼈다,9,1
61,"이 영화는 아는 만큼 더 많이 보인다. 그냥 킬링타임용 영화로 볼 생각은 하지 마라. 그런 사람에겐 재미 없다. 작게는 개인의 성 정체성에서 시작해, 예술의 자유와 표현의 자유, 크게는 중국 근현대사 최근 100년의 흐름과 그로 인해 변해가는 중국인의 인생을 담았다.",10,1
62,경극이 무엇인지알고 왔습니다. 저의무지로 무술영화 옛날영화 재개봉인줄갔다가  경극인줄 알았습니다. 저와 같은생각으로 영화시청한다면 조금 지루한맛 있을것입니다.,5,0
63,"명작은 명작, 말이 필요없어요.  한적한 극장에서 감상 잘 했습니다.",9,1
64,"장국영의 감정선이 잘 나타난 영화.  맞으면서 배운 경극. 일평생 경극이 삶이고, 하나라는 장국영의 미친 예술혼. 중국역사와 예술인의 삶을 잘 조명했다. 영화 보고 느낌은 마음이 먹먹함",10,1
65,경극을 다시알게 된영화,9,1
66,인간은 무엇으로 사는 가?  역사와 문화 그리고 인생에서. ,9,1
67,울며 봤다. 스토리와 연기가 너무 좋아서. 장국영이 보고 싶어서... ,10,1
68,3시간의 러닝타임이 아깝지 않을 만큼,10,1
69,배우들 너무 감동임  감정선 정말..  1993년인데  왜 홍콩영화의 전선기였는지 알겠음 너무 연기 잘함 대단함  장국영 연기 할때든 하고나서든 힘들었을거 같음 섬세한 연기 .. 대단해요 공리도,10,1
70,아역배우 연기좋고 장국영 비롯한 성인배우 연기 다 좋고... 광기어린 문화대혁명등 역사적 대사건 묘사도 좋고... 걸작이라 본다.,9,1
71,"시간이 지날수록 빛나는 마스터피스.  욕망, 사랑, 예술, 인생.......그래서 더욱 그립고 안타까운 사람이여.",10,1
72,방금 보고 나왔습니다. 한 번  더 보러갑니다.,10,1
73,"시간지나서 다시보면 너댓개 정도의 약간 무리한 전개들이 보이지만  대륙 또는 경극식 과장법에 쩌든 여타의 중궈영화에 비하면 가장 준수한 편,  게다가 감독이 건네려는 얘기와  내가 들을만한 얘기는 절절하게 통했으니  이거면 되지 않은가? ",10,1
74,3시간으로도 담아내기 부족한 이야기와 인물들... 하지만 장국영의 연기는 정말 아름답다,8,1
75, 마지막에 우희가 패왕의 뒷모습을 바라보는 게 인상적. 눈빛만 봐도 ‘아 죽겠구나.’ 싶었음.... 지금 다시 생각해보니까 장국영이 진짜 연기를 잘 한 거네요. 영화에서 그런 눈빛 처음 봤어요... 참 슬프고 안타깝기도 하고...그런 영화...,10,1
76,인생은 짧고 욕망은 길다 욕망은 짧고 예술은 길다,10,1
77,역시 좋은 작품은 시간을 거스르는 강렬한 뭔가를 발산한는듯,10,1
78,평생 한 영화만 보라고 하면 선택할 영화,10,1
79,경극이란 무대를 위해 그렇나 수많은 고초를 겪는 아이들을 보면서....역시 예술의 경지에 이르기란 결코 쉽게 얻어지는 게 아니란 생각이 든다..... 시대상황에도 흔들리지 않는 예술의 혼이 느껴진다...정말로 너무 급변하는 격동의 시대에 처절한 예술인의 삶과 죽음을 보여준다...결국은 모택동때문에 그들은 우정도 사랑도 모두 배신하고 목숨을 이었으나...더 이상의 연명은 의미가 없어졌다...그런데도 천안문 광장에 떡하니 걸려있는 모택동의 사진...정말 아이러니 한 짱꼴라들.... 매 장면 장면 눈을 뗄 수가 없고 공리의 죽음은 너무 안타까워 코끝이 시큰해졌다....조연이면서도 굉장한 연기력 그리고 그녀만의 볼 수록 빠져들게 하는 아름다움...공리가 나와서 실망한 영화는 하나도 없기에...장국영은 굳이 말할 필,10,1
80,"내가 장국영에게 푹 빠지게 됐던 영화.... 천녀유혼, 영웅본색에도 무덤덤했던 나에게 장국영이란 배우가 어떤 배우인지 제대로 각인시켜준 영화.  상영이 기다려진다..",10,1
81,다시 보고 싶었는데...  정확한 날짜 아직 인가요?!,10,1
82,좋은 영화네요 강추해요,10,1
83,■ 오래 전에 봤었는데... 심금을 울리는 감동~!! 섬세하고도 스케일이 크다. 격동하는 역사의 흐름과 중국 고유의 문화가 잘 표현된 ..... 장국영의 대표작 중 하나~!! 이걸 안 보고는 영화 매니아 라고 할 수 없지.,10,1
84,진심으로 서정적이면서 잔인한 사랑 영화로  두지가 시투에 대한 마음이 크다고 할수 잇는 영화라 말해봅니다. 정말로 마음이 아픈 영화!!,10,1
85,어딜 평가질 ㄷㄷㄷ,10,1
86,"♥많은 분들과 함께 ♤이 서사적이고 서정적인 우수한 마스터피스 영화♤를 #장국영님#의 뛰어난 예술성을 경험할 수 있기를 바라며, ♧4월1일♧꼭 보러갑니다.♥",10,1
87,얼른 보고싶다 레슬리,10,1
88,재개봉   기쁘네요~ 보고싶은  국영오빠...ㅜㅜ,10,1
89,* * * * * * * * * *,10,1
90,내 인생에 본 가장 아름다운 남자. 보고싶은 나의 레슬리.  곧 보러갑니다.,10,1
91,"영원한 나의 레슬리, 기억할게요",10,1
92,"이런 영화 안보면 자기만 손해. 정말 명작이고, 최고의 연기를 영접할 수 있다!!",10,1
93,다시 봐도 최고의 영화,10,1
94,내인생 최고의 영화,10,1
95,로맨스로 치부하기엔 담고있는 서사가 깊고 넓다.  나의 인생 영화. 거짓말처럼 가버린 4월 1일 개봉이라니..이제보니 원작은 12월 24일 개봉이었네..,10,1
96,아직도 두지의 눈물을 기억합니다. 그리고 아름다웠던 장국영을 기억합니다.,5,0
97,내 인생 최고의 영화... 어떤 말로도 표현 할 수 없을 정도로 기대가 된다.,10,1
98,인생 최고의 영화. 다른 말이 필요 없을 듯 하다.,10,1
99,누가 장국영과 같은 연기를 또 할수 있을까 ?  그의 연기는 섬세하면서 강하고  완벽했다 .,10,1
100,이십때때 보던 패왕별희와 그만큼 더 살고 본 패왕별희는 감흥이 다르다 ,10,1
101,중국 근현대사의 굴곡을 표현한 사실적인 영화. 그러나 원작과 비교해보았을 때 너무 서양에서 바라보는 중국의 틀에 갖혀 있다는 인식을 받음. 개인적으론 중국 내 관람객들의 유치를 위해서 자연스러운 설정이 부각되면 좋겠다고 느낌.,7,1
102,극에 달아 피어오른 예술,8,1
103,경극을 은유로 삼아서 풀어낸 중국 근현대사의 비극.,8,1
104,말이 필요없는 내인생최고의영화 다시없을 최고의 배우~장국영♡ 장국영 보고싶다~,10,1
105,처음엔 자신의 성정체성 흔들리는 남자의 이야기 인줄 알았는데. 중국 역사 그 자체를  보여준다. 지루할 수는 있지만 높게 평가 받아야 한다.,10,1
106,다시 봐도 너무 아름다운 영화,10,1
107,격동기 시대의 풍랑과 사랑에 쓸려간 그들의 경극. 두지의 모졌던 삶과 우미인으로 점철되는 마무리도 가슴아팠다.,9,1
108,시대를 관통한  예술이란게 이런건가?  공리가 작게 보일 정도로 장국영의 연기가 크다. 경극 장면을 롱테이크로 찍었으면 10점 줄텐데.. ,9,1
109,"화면이 가득 찬다. 역사성, 예술성 다 갖추었음",8,1
110,설마 이 영화를 변태 영화로 보는 변태는 없겠지. ,9,1
111,"다시 없을 꿈 속의 연인, 장국영!",8,1
112,覇王別姬 姬別覇王,10,1
113,"말이 필요없는 영화....  그리고, 이 영화를 동성애 영화라고 평가하는 사람들이 있는데  이 영화를 일차원적으로만 봐서 그런거임.  이 영화는 동성애가 주제가 아님.",10,1
114,"인생의 덧없음, 복잡한 감정을 이렇게 잘 풀어낸 영화가 있을까. 멋지고 아름다운 예술영화",10,1
115,장국영 죽음의 예견,9,1
116,.,10,1
117,걸작,10,1
118,경극의 끝판왕!,10,1
119,"처음 좋아했던 사람과 마지막으로 같이 본 영화.  그래서인지 오래도록 기억에 남는다. 그땐 제대로 감상 못했는데, 20여년후 다시 보니 새롭고 좋다. 그 사람도 패왕별희 보면 내 생각이 날까? 첫사랑 같은 영화! 안이뤄져서 9점ㅋㅋ",9,1
120,명작. ,10,1
121,장국영을 못 잊게 만든 영화! ,10,1
122,10점 만점이 당연한 영화,10,1
123,"전설로, 명작으로 남는다는 건 시나리오, 편집, 촬영, 배우, 그리고 메시지가 완벽해야 한다. 패왕별희가 그러하다. 무엇하나 모자라지 않는다. 첫 관람후 20여년이 흐른 지금 다시봐도 다른 평을 할 수 없는 명작이다.",10,1
124,I miss you so much Leslie.,10,1
125,내 인생 최고의 영화.,10,1
126,"사람의 인생은 한 편의 극과 같다. 그 운명에서 벗어날 수 없다. 자기가 맡은 시간만은 장한 듯이 무대에서 떠들지만, 연극이 끝나면 잊혀지는 배우일 뿐이다. 인생이란 바보가 지껄이는 이야기, 시끄러운 광포로 가득하지만 아무것도 의미하지 않는 시대를 노래한다, 결국 연극이 끝나면 사라지는 가련한 광대의 운명이다",9,1
127,몇년만에 다시봐도 엄지척을 안할수가 없네요 장국영의 연기는 최고,10,1
128,최고~~,10,1
129,의미 있는 영화예요~~~,10,1
130,일생에 꼭한번 봐야되는 영화,10,1
131,장국영  최고의 연기 ㅜㅜ 천재는 이렇게 가버리는것인가 .스토리도 연기도 화면도 뭐하나 부족함이 없는 영화.,10,1
132,"영화 후반부에 구시대의 모든 것을 파괴하고 말살시켜 버리려는 문화대혁명의 홍위병들을 보면서 오늘날의 꼴페미들과 무척이나 닮아 있다는 생각을 했다. 구시대의 것을 그대로 따르기를 강요하지 않겠다. 하지만 지난 세월의 문화와 전통, 관습에 대한 최소한의 존중과 이해를 오늘날의 페미나치들에게 바랄 뿐이다.",10,1
133,"문득,, 20년도 더 흐른 지금 패왕별희를 극장에서 같이 보았던 사람이 불현듯 떠오른다. 그때 막 시작하던,, 풋풋하던 사랑의 기억이 지금은 아련한 기억으로 남겨진듯.. 기나긴 인생에서 아름다운 기억으로 남겨진 그분께 행복하길 빈다.",8,1
134,"아무도 당시 조센의 역사와는 연관짓지 않네? 당시 조센은 더 처절하고 치열했다. 장국영은 청나라 지주넘한테 겁탈당하고, 군벌시대 지주넘한테 겁탈당하고, 일본넘들에게 노래를 바쳐야 했고, 국민당한테 치욕당하고, 공산당한테 (마무리)시마이 당하는.. 결국 그넘이 그넘... ",8,1
135,영화제목만 들어도 눈물이 나오는 영화.  역사의 소용돌이 속에 던져진 인물들의 삶이 참 기구하다.  영화가 끝나도 장국영의 잔상이 아른거려 진한 여운을 남겼다.,10,1
136,시대를 담은 묵직한 영화. 어떤 평가도 쉬이 내리기 버겁다.,10,1
137,왜 죽기전에 꼭 한번 봐야 할 영화인지 알겠다.,10,1
138,'첸 카이거' 최고의 작품이라고 부를만하다. 최근 영화를 보면서 좋은 영화들은 많았지만 이렇게 집중하기는 오래간만이라고 할수 있는대 뒤늦게 본것이 오히려 더 좋았다...지루할수도 있는 아역들의 이야기부터 흥미롭게 진행되며 '경극'을 역사의 한 중심에 올려 놓으면서 모든것을 보여주고 있다. 영화 역사에 남을 걸작이다.,10,1
139,이 영화 다시보면 미처서 죽을 것이다..............,10,1
140,"파란만장한 서사, 역사와 개인 모두....",9,1
141,평가할수없다 감히,10,1
142,벌써 20년이 넘은 작품이네. 이 영화를 몇번을 봤는지 셀수도 없다. 명작 오브 명작.,10,1
143,생각만 해도 눈가가 뜨겁고 가슴이 뜨거운 ,10,1
144,어떠한 말도필요없다 최고의 걸작!!,10,1
145,중국이라는 한 국가가 제시 할 수있는 가히 최고의 영화.,10,1
146,별점을 주는 것 자체가 말이 안되는 영화..진짜 세계사에 남을 명작이다,10,1
147,장국영의 완벽한 연기.. 예술이라는게 바로 이런거구나.,10,1
148,감동적인 서사시. 영화에 존경심을 갖게하는 명작.,10,1
149,말로 표현 할수가 없다,10,1
150,"지난한 중국 현대사에 굴곡 많은 삶을 살아야 했던 경극배우들의 슬픈 인생을 장국영,공리,장풍의의 명연기와 리얼리즘이 살았있는 시대극의 거장 첸카이거가 멋지게 연출했던,,당시 전율을 느끼면서 봤던 영화..다시보니 장국영이 그리워진다..",10,1
151,너무 훌륭했다....,10,1
152,사람의 인생은 파도와 같고 바람과 같다. 어찌 변할지 알 수 없다. 잔잔하다가도 거센 풍랑을 일으켜 집어삼킨다. 다시 고요해지면 눈부신 햇살을 보게 된다. 사람은 저마다 각자의 운명이 있다. 진나라를 멸망 시킨 항우의 운명은 비극으로 끝났다. 누구도 운명을 거역할 수 없다. 혼돈의 시대에 태어난 것 또한 운명이다.,9,1
153,남자지만 여자보다 더 이쁘다. 연기력이란 이렇게 경이로울수가...,10,1
154,이 영화는 보고 나면 너무 힘들어져서 다시 보기 꺼려지는 영화다. 장국영을 만나야해서 더욱 그렇다,10,1
155,역대 최고의 영화 한편 꼽으라면 패왕별희다. 장국영의 연기는 정말 경이롭다.,10,1
156,이렇게 평점이 낮을수가. 역대 최고의 명화다.,10,1
157,"패왕별희 20년,,,,처음15년은 장국영만보이더니 그후 5년은 공리만 보인다,,,,",10,1
158,장국영...ㅠㅠ,10,1
159,"격동의 시대를 살아간 세 사람의 갈등과 증오, 그리고 사랑. 마지막 장면의 먹먹한 여운을 대체할 수 있는 영화가 또 있을까?",10,1
160,장국영이라는 배우를 다시 보게 만든 영화..그리고 마지막 엔딩에는 정말 눈물 쏙빼게 만드는 그런 영화였다.,10,1
161,장국영의 연기내공을 볼 수 있었던 영화이고 중국의 근현대사를 볼 수 있다,10,1
162,당시 매우 충격적이었던 영화,9,1
163,눈물나게 즐겁고 슬프면서 웃긴다 ,10,1
164,몇번이고 봐도 감동. 연기력 폭팔.. 봐도봐도 질리지 않음,10,1
165,헐...이영화를 동성애 영화로 보는 사람도있구나...,9,1
166,슬프고 애잔한 중국 역사 속에 재구성된 별희 이야기. 그리고 되풀이된 현대판 별희 고인 장국영. 정적속에서 별희의 슬픔이 전해온다..,9,1
167,대박. 연기. 짱. 이런. 연기력을. 갖고. 일찍. 가다니...,10,1
168,"이 영화를 왜 동성애가 주제인 영화라고 생각하지? 이해가 안된다.어렸을때부터 사내아이가 아니라 계집아이, 두지(데이)가 아니라 우희로 자라왔던 데이에겐 패왕(샬로)가 전부다. 사랑의 개념이 아니라 그것이 데이의 인생 그자체인것. 이 영화는 인간의 복잡하고 미묘한 감정선을 적나라하면서 가장 잘 표현해낸 영화다.",10,1
169,넋 놓고 봤다 그럴 수밖에 없는 영화였다,10,1
170,와 이거 평가가 왜이래? 영화볼줄 모르는 사람들만 평가해놧나.. 대작인데 이걸 몰라보네 ..,10,1
171,집단 광기가 무섭다. 공산당이든 문화혁명이든 심지어 애국심까지도. 현실과 동떨어져서 경극에 한몸 바친 데이와 좀던 현실적인 샬루. 그리고 가장 현실적인 주샨이 인상적이다.,10,1
172,장국영의 완벽한 연기.....그립다 장국영,10,1
173,"아~장국영과 경극의 신세계,",10,1
174,20년전 함께 패왕별희를 보다 잠든 남자친구와 헤어짐.글구 20년후...중국어 짜증나서 패왕별희 시러한다는 남편과 10년째 살고있음...올만에 다시본 패별...흘러간 세월만큼 변한 내 모습이 슬퍼진다 ㅜ,10,1
175,장국영ㅠㅠ,10,1
176,이보다 더 완벽한 영화는 나오지 않을듯하네요....,10,1
177,마지막 황제와 함께... 날 울게 만들 단 두편의 영화.,10,1
178,장국영...,10,1
179,"초딩때 처음 봤을땐 15분 보다가 잠이 들었고, 중학생 땐 지루했으며, 고딩 땐 보이지 않았던 것들이 보이더니...대학생 땐 울고말았다. 몸짓이며 눈빛이며...너무나도 그리운 배우, 장국영.   ",10,1
180,장국영의 명작중 하나. ,10,1
181,그냥.. 감동.. 먹먹함,10,1
182,이걸 평점 안 했더라고.명작,9,1
183,예술과 역사. 중국의 시대상을 나타낸 영화 중에 완성도가 가장 높다.,9,1
184,이 영화에 10점을 안주면 어떤 영화에 10점을 줄 수 있을까,10,1
185,내가 본 최고의 중국영화. 장국영이 그립다ㅏ,9,1
186,진짜 이영화는 죽기전에 꼭 한번은 봐야 할 영화이다. 내 30인생 이 영화보다 감동받은 영화는 없다. 이건 그 어떤 예술작품보다 더 위대하고 가치있는 예술작품이다,10,1
187,시간이 가는 줄 모르는 영화..영상+연기력+내용 모두 대단합니다. 그 중에서도 연출력이 상당합니다. 별 10개에 20개 정도는 주고 싶은 영화,10,1
188,내 인생 최고의 영화,10,1
189,인터넷으로 봤지만 그 당시 극장에서 엔딩크레딧이 올라가는순간 박수를 치지 않은사람이 없었으리라 짐작해본다.패왕과 우희역을 맡은 주인공 장국영.장풍의 연기도 대단했지만 극중역활이 200%를 뽑아내는 공리의 연기에 찬사를 보낸다,9,1
190,도대에 누가 장국영만큼 데이 역을 소화해낼 수 있을까. 명작중의 명작. 그냥 보면 알게 된다.,10,1
191,죽기 전에 봐야지? 이거 안보고 죽으면 억울하지,10,1
192,장국영의 작품 중 최고의 작품이라고 생각합니다. 20여년이 흐른 지금도 감동이 줄어들지 않는 대단한 작품입니다. 개인적으로는 장국영이 보고싶을 때마다 보는 영화입니다. 그가 또 보고싶네요.,10,1
193,아무리 시간이 지나도 이 영화가 주는 감동은 가시질 않는다. 최고!!,10,1
194,장대한 중국역사를 아름다운 영상 속에 녹여낸 영화 너무 잘만들고 탄탄한 시라리오에 제옷입은 연기까지...모든게완벽해서.그리고 슬퍼서 다시보고싶지않은영화,9,1
195,중국어를 배우시는 분들은 꼭~ 한번 보시길 추천합니다.  저~~엉~~~ 말  감동깊게 본 영화에요~~!,10,1
196,그리운 그 이름 장국영 ,9,1
197,"연출,연기,영상.... 정말 모든게 완벽한....  장국영이 그립다.",10,1
198,내인생 최고의 명작.. 연기력들이...정말 압권이다..,10,1
199,요즘 나오는 어떤 삼류 영화와는 비교할수없는 작품이다... 심오하다.... 여운이 남는 영화. 아직 어려서 그런지 잘모르겠지만 어쨌든 훌륭한 영화임엔 틀림없다. ,10,1
200,그리운 장국영.. 희대의 명작이다,10,1
201,와씨 이거 왜 다운로드 안해주얼니마ㅓㄹ아;ㅣㅁㄴㄹ;이날;ㅣㅁ알어 ㅠㅠㅠㅠㅠㅠㅠ,10,1
202,두말할것도 없는 최고의 영화 !!! 이 세상 모든 영화중에 최고이다. 아름다운 영상과 장국영의 감정 연기가 너무도 좋았던 영화 .....,10,1
203,예술이다...,10,1
204,이건 최고,10,1
205,직설적인 플롯 속에 뛰어난 심리묘사. 인류의 그것처럼 유유히 흐르는 3시간. 강하다.,7,1
206,:),9,1
207,첸카이거 장국영  ,10,1
208,장국영이라는 배우가 있어 더욱 빛난던 영화... ,10,1
209,지금보니 진짜 명작이다.  그 당시 난 왜 이게 명작임을 몰라봤을까?,9,1
210,명작.ㅠ ㅠ 장국영이 지금까지 살아있었더라면! 이라는 생각이 드는 영화.,10,1
211,말이 필요없는 명작...그냥 보세요..,10,1
212,대단하다...,10,1
213,"3시간의 러닝타임 동안 다른 생각을 할 수 없다. 깊게 몰입되며, 중국의 혼란기에 녹아든 경극,, 중학생 시절에는 도저히 이해할 수 없었던 이 영화. 평점 10점도 모자라다. ",10,1
214,"말로말하기에는너무어렵네요,,ㅎㅎ 장국영이 왜 유명한지몰랏는데.. 유명할한하네요.. ",10,1
215,중국 현대사를 개괄적으로나마 알고 보면 훨씬 나은 감동. 공리는 최고! . 패왕과 우미인의 비화정도는 알고 봐야함.,10,1
216,명작순례 장국영 ㅠㅠㅠㅠ,10,1
217,장국영의 연기는 개인적으로 처음봤는데 그가 죽었다는 사실이 아쉬울 뿐입니다..,10,1
218,"[영읽여]제가4살때나온영화로군요..영화의장르는 그야말로시대극입니다.중국대혁명의시기를명배우와명연기,웅장한스케일로 감동스럽게 묘사합니다. 93년도에 이런 영화가 나올 수 있다는 것이 놀라울 따름. 중국의 근현대사가 궁금하시다면 꼭 한 번 볼만한 영화!",9,1
219,[movieon] 오늘의 첫번째 영화입니다.여러분들의 인생 최고의 영화는 무엇인가요? 제가 생각하기에 100분에게 이 질문을 던지면 이 영화가 안나올 수 없다고 생각해요! 중국 영화의 최고 명작이라고 불리우는 패왕별희! 영화 보는 내내 소름이 돋았네요. hen hao!,10,1
220,항상 영화는 빨리감기로만 보던 내가 처음으로 몰입한 걸작 보는내내소름돋았다 정말,10,1
221,아 볼때마다 너무 먹먹해ㅠㅠ,10,1
222,뭣모르는 어렸을때 봤는데도 충격과 함께 가슴이 벅찼습니다- 정말 이런게 영화이지요.살면서 꼭 챙겨 봐야할 명작'입니다.,10,1
223,한마디로 미친영화 이렇게까지 감동을 주는 영화는 처음 정말로멋있는영화 감동은말할것도 없고 짠하고 여운이 짙은 영화 안보면후회할영화 살면서한번쯤은 꼭봐야하는영화,10,1
224,장국영같은 천재가 왜 자살을택했을까 ㅠㅠ,10,1
225,장국영 어떻게 이런연기를. 연기에도 천재가 있는건가 싶게 하는 ,9,1
226,아. 아쉽다. 왜 한참 졸릴 새벽에 봤을까. 말짱할 때 봤어야 더 느낄수 있었을텐데. 정말 강력한 감동.. 조금 더 느끼고 싶다. ㅠㅠ,9,1
227,중국의 경제 사회 문화 가 다 나와있는.... 게다가 연기도 최고였고.... ㄷㄷ 글구 또 경극배우는 어린애들 맞는게 너무 불쌍했다 ㅠ,10,1
228,이 영화 보고 뿅~ 하고 반했었다.. 모든 게 다 훌륭했다.,10,1
229,아마도 21세기 최고의 영화 10편을 뽑아도 들어갈 영화...역대 아시아 최고의 연기..장국영,10,1
230,장국영 영화 너무 좋아하지만 글쎄요... 개인적으로 이영환 별 감흥이 없네요.,5,0
231,"보면서 가슴이 저며올만치, 매혹적인 영화입니다.. 장국영이 보고싶어지네요.",9,1
232,아무것도 모르던 12살 꼬마때 봤었지만 아무것도 모르고 봤어도 뇌리에 깊이 박힌 영화. 15년이 지나 다시한번 보니 눈물이...,10,1
233,처음엔재밌었는데 갈수록좀지루하다.너무길다. 근데영화는잘만들었고 장국영하나때메본영화.,9,1
234,아아 이 영화를 왜 이제사 보게 되었을까 ㅠㅠ 너무 한스럽네 ㅠ ,10,1
235,장국영 그만이 할 수 있던 영화. 더이상 그를 볼수 없음이 안타깝다.,10,1
236,말로표현하지않아도 그냥보면 느낄수있다.,10,1
237,170분 러닝타임이 부족하게 느껴질 정도.. 최고의 영화. ,10,1
238,이제는 다시 만날 수 없는 장국영... 그의 우수에 찬 눈빛이 아름다웠던 영화...,9,1
239,다시 보고싶은 수작중에 수작.. 데이의 눈빛연기가 더더욱 애잔하게 느껴지는것은 그가 세상에 없어서 일까..,10,1
240,잼 있게 본 영화 였다.,10,1
241,아장국영그가너무보고싶다.100년의한번나올까말까하는배우임이틀림없다,10,1
242,최고의 영화,10,1
243,클래식이 될 영화!,10,1
244,"잊혀지지 않는 역작,,",10,1
245,너무좋아요,10,1
246,"인생의 모든 희노애락을 다 겪은느낌.....감독이하 스탭,배우들에게 찬사를 ",9,1
247,어떻게 말로 표현해야 되는건가.....멋지다. 최고다...,10,1
248,정말최고..생애 최고의 영화!,10,1
249,실로 '데이'보다 더 경탄스러운 배우는 그를 연기한 장국영이었다,10,1
250,내가 가장 사랑하는 영화...유일하게 세 번 본 영화...,10,1
251,패왕별희를 보면서 중국의 문화를 자연스럽게 받아 들일 수 있었다. 경극이란 문화에 많이 어색했고 남자가 여장하는 것에 대해 거부감도 좀 있었던 나였는데 이 영화를 보면서 장국영이라는 배우와 문화를 배웠다.,10,1
252,"어떤 수식어도,어떤 말로 표현할 수 없는 최고라고 밖에....",10,1
253,최고의 영화!!,10,1
254,어릴 적 보았을때 느끼지 못했던 감동을 이제서야 겨우 느끼게 되었습니다. ,10,1
255,최고의 영화라고 밖에,10,1
256,스토리도 멋있고 배우들 연기도 대단했고 이건 첨 나왔을때 장국영이 주연이라서 봤던 영화인데 장국영의 다른 영화보다도 더 각인돼고 여운이 많이 남는 영화같아요...,8,1
257,줄수있는 점수가 고작 10점이란게 가슴아플정도로 대작. 이건 내인생 최대의 영화다. 연출 연기 배경 구성 모두다 완벽하다. 그리고 주연부터 조연 아역배우까지 모두 엄청난 연기력을 가지고 있다. ,10,1
258,너무 재미있었다 또 보고 싶을 정도...,10,1
259,그토록 쓸쓸하고 쓰라리게 죽어가는 삶이란..,10,1
260,배우들의 연기가 끝내 준다.보고 판단 해야 할 영화,8,1
261,이영화는 한번봐선 이해못한다. 최소 2번 정도는 봐야한다. 데이가 왜 그토록 비극적이었는지  극 속에 빠져 살기까지 얼마나 고통스러웠을지  진짜 마지막 장면 보고  너무 슬퍼서  한동안 멍때리고 있었다는,10,1
262,내가 본래 사내아이로 태어나.. 라는 대사와 그 뒤의 사건은 여러 해 울림으로 남습니다. 아..장국영은 왜 그리 허망하게 가셨는지요. ,10,1
263,진정한 영화~~깊이를 알수 없는영화,10,1
264,정말 말이 필요없음..,10,1
265,무척이나 시리게 아름다왔던 영화,10,1
266,어릴적 봤던 영화인데 너무나 충격적이였던 영화..,9,1
267,킹왕짱........,10,1
268,홍콩 영화 최대 걸작중의 하나. 15년전에 봤음에도 아직도 기억이 남.,10,1
269,장국영의 걸작. 생애 남겨놓은 감정의 서사시.완전 좋습니다. ,10,1
270,함께 느끼고 추억할 수 있는 영화,9,1
271,감동의 파노라마! ,9,1
272,별이 몇천개있어도 만점을 줄 영화..,10,1
273,이런게 영화가 아닐까... 멋진영화입니다,9,1
274,화제작으로 불러모았었지만 예전에 봤던 영화라 기억이 가물가물하네요 ,8,1
275,이 영화를 몇번 봤는지 모르겠다. 이 영화에 관련된 글 한 조각이라도 보게 되면 장국영의 죽음이 안타깝다. 정말 중국 최고의 배우인데...,9,1
276,최고,10,1
277,연기력 최고인 영화!,9,1
278,"장국영의 연기사상 가장 훌륭했던 걸작. 각본,연출,미술 모두 너무나 완벽....",9,1
279,역사의 소용돌이 속의 개인. 장국영씨의 연기가 좋았습니다.,9,1
280,어른이된지금 이제는 그마음을 알것같다,8,1
281,슬프다 장국영이라서 더 슬프다....,10,1
282,말 그대로 명.작.  어렸을 때 봤지만 가슴아팠던 그런 영화입니다,9,1
283,명작 중의 명작! ,10,1
284,최고의 영화 이걸 이제야 보다니,10,1
285,보고 싶어요~~~~ ㅠ_ㅠ ,9,1
286,무슨 말이 필요한가.. 보는 모든 관객의 눈은 같을듯.. 최고의 영화,10,1
287,이 영화............ 안 보면 후회합니다. 명작중의 명작이라고 할 수 있지요 ㅋㅋㅋㅋㅋㅋ,10,1
288,"최고의영홥니다.너무슬펐어요,보는내내눈물이났죠; 고인장국영씨의 연기력,매력 그시대의아픔,경극의매력,동성애의아픔,비극 등많은것을 느낄수있습니다.결말마저 영화의마지막과 너무어울려 더욱슬픈영화였습니다..",10,1
289,장국영의 가슴을 찌르는 연기 눈물이 줄줄줄,10,1
290,"베티블루,말레나,양들의침묵,포레스트검프,향수..패왕별희.. 이런영화가 만점짜리 영화!! ",10,1
291,"학교에서 수업하는 중국어 시간에 보았는데, 정말 기대 이상이었습니다. 중국의 역사와 경극, 그리고 사랑",10,1
292,왜 이제야 봤는지.. 말이 필요없을 정도로 최고입니다!,10,1
293,"넘 오래전에 보긴했지만 그때의감동은 아직생생하다 장국영의연기도조았구,새로운 문화에대한 호기심도 충족시켜주었고,,하나의작품,,멋지구 웅장,,감동!",10,1
294,"경극도 인상깊었지만, 남자의 질투는 무섭다...는걸 느꼈습니다.",9,1
295,이 정도 걸작이 다시 또 있을까...,10,1
296,중국의 경극과 비극적인 삶의 주인공의 모습에 한시도 눈을 뗄수 없었던 최고의 걸작,10,1
297,"역사의 도도한 흐름, 이념의 허망함.... 인생을 어떻게 단순화해서 평가 할 수 있으리...",10,1
298,장국영과 장풍의의 연기는 길이길이 기억될것이다..그정도로 감명깊었다..,10,1
299,다른 나라에서는 흉내낼 수 없는 중국만의 힘.,10,1
300,정말 퍼팩트 합니다....,10,1
301,중국어 시간에 봤떤 영화//      다들 연기는잘하더군용. ,10,1
302,고인이 된 장국영이 독복이는영화 경극이라는 매력에 빠뜨린영화 영원한 것이 없다는 것을 알게 해준영화,10,1
303,젤 아름답게 생각되는 사랑이란 테마부터 인간의 가장 추한 부분까지 한번에 보여준 걸~작~,10,1
304,내 인생의 최고의 영화,10,1
305,어릴적 봤을때와 지금에서야 와서 봤을때 정말 다른 느낌으로 다가온 영화... 결국 비디오 샀다..,10,1
306,최고,10,1
307,어렸을 적에 봤는데 뭔지 모를 매력에 빠져 지금도 좋아하는 영화임.,10,1
308,최고,10,1
309,최고 ,10,1
310,"말이 필요없다,,다들 보아라",10,1
311,최고,10,1
312,중국에서 이런 영화가 다시 만들어 질 수 있을까..?,10,1
313,끝까지 남을영화 ,10,1
314,최고,10,1
315,"영화를 보면서 왜 패왕별희가 그렇게 유명한지, 장국영이 상을 받았는지 알게 되었다. 장국영연기도 최고였고, 영화 자체도 정말 괜찮았던  영화, 중국영화 중 유일하게 내 맘을 사로잡은 영화다.",10,1
316,"영화보는내내 소름이 돋았으며 쓰고있는 지금역시 소름이 돋는다. 일분일초 영화에서 눈을뗄수없었고 , 다시금 영화내용을 되씹어봐도 눈물이 날것같은 감동은 여전하다. 장국영에게 엄청난 버닝을 남겨준영화.",10,1
317,최고.,10,1
318,다시보고싶은 영화입니다.,10,1
319,"10점이 최고란 사실이 너무 아쉬울 정도로 완벽한 영화라고 생각해요~~영화의 내용, 연기 모든 것이 과연 최고!!! 꼭 다시 보고싶은 영화~ 몇번을 봐도 여전히 재밌는 영화!!!",10,1
320,"영원한 감동, 예술 영화의 극치, 그야말로 대작... 아직도 심금을 울리는 경극의 아찔함  ",10,1
321,"저두 그렇게 생각해요..왕의남자도 패왕별희를 보고 이걸 했다더군요,..ㅋ",10,1
322,어렸을때 비디오로 정말 몇번이나 봤던가.....,10,1
323, 중국영화의 예술성에 첫 감동을 준 영화,10,1
324,장국영님으로 인해 우희란 인물을 좋아하게 되었네요!헌데 첨엔 19금이었다 상을 받았단 연유로 12방이 된?,8,1
325,몇달동안 이 영화에 빠졌었더랬죠..이것만 보고 이것만 생각하고..많이 울었습니다. 이제 디비디 장만 해야되는데..ㅋ,10,1
326,우리의 영원한 꺼거의 빛나는 연기가 돋보이는 영화져..보고싶습니다!,10,1
327,어렸을때 보고 또 몇달전에 봤었는데 감동이었다.!!!!!!!!!!!,10,1
328,말이 필요없는 최고의 영화.. 너무 아름다운 영화.. 장국영의 연기에 소름이 돋았던 영화...,10,1
329,"데이의 발걸음 걸음마다 손짓 하나 하나 모든걸 표현한...... 우리 레슬리가 있었기에,.... 아름다운영화 보고싶다..레슬리!!!!",10,1
330,동성애 소제 영화 중 최고...경극의 완벽한 재현 및 예술성을 파악 가능토록 한다...내용 역시 가슴 뭉클함,10,1
331,장국영이 왜 장국영인지 알게해주는 영화,10,1
332,패왕별희..별 생각없이 본 영화가 내게 최고의 영화가 되었다.. 정말 패왕별희를 생각하면 이상하게 가슴이 뭉클하고 저려온다. 특히 데이의역을 너무아름답게 잘표현한 장국영의 연기가 가장 감명깊다.패왕별희최고,10,1
333,어린시절에 본 영화임에도 불구하고 가슴에 와닿았던 영화. 커서 다시 봐도 여전히 그 감동은 쉬이 잊혀지지 않는다.,10,1
334,말이 필요없다. 봐야안다..,10,1
335,영화랑 장르가 얼마나 위대한 지를 알게 해준 작품입니다. 문혁의 광기를 몇 분 만에 알게 해 주었으니까요...ㅜㅜ 아 장국영 너무 보고 싶다...ㅠㅠ  ,10,1
336,10점 밖에 줄수 없다는 게 아쉬운 영화.. 장국영의 연기가 너무 좋아.....,10,1
337,관객에게 감정의 기복을 심~하게 영향 주는 영화. 징그러울 정도로 청데이를 완벽하게 소화해낸 장국영과 정말 슬프고 멋진 시나리오와 큰 스케일의 영화가 전혀 지루하지 않았다.,10,1
338,만점이 단 10점이라는 것이 아쉬울 정도다. 내가 이 영화를 보고나서 느꼈던 감정의 무한함 만큼 무한한 점수를 선사하고 싶다. ,10,1
339,leslie......,10,1
340,다음 세기에도 이런 명작이 나올수 있을까? 내 생에 최고의 영화였다.. 영화가 끝난후 난 움직일수가 없을 정도였으니.. 장국영씨가 생존해 있다면 계속 아름다운 영화를 감상할 수 있었을텐데..,10,1
341,이렇게 슬픈 사랑이야기가 있을까!!??? 장국영의 애절한 눈빛에 어느누가 질투하지 않으리..,9,1
342,옛 선조시절에 선인들은 개고기를 먹으면 집에 우환을 불러들인다하였습니다.★★★     다음카페 [한국누렁이보호협회]  충격영상 개도살. 보신탕척결 시민모임 http://cafe.daum.net/Bulsanghan ,10,1
343,!!!!!!!!!!!!!!!!,9,1
344,"내 생애 최고의 영화,,, 내가 영화를 느낄 수 있게 만들어준 영화,,,",10,1
345,연기란 이런거다 라는 정의를 내릴수 있는 스토리도 멋진 영화.,10,1
346,아름다운 장국영만으로도 충분히 볼만한 영화.,10,1
347,"배우들의 연기, 의상, 사운드.. 모든 것의 조화를 잘 이룬데다 스트로까지 훌륭한 영화.. 그전까지는 장국영을 잘생긴 배우로만 생각했었는데, 이 영화를 보며 진정한 연기자라고 생각했다.",10,1
348,경극의 극치를 보여주는 작품.. 장면장면 한 컷이 중국의 역사를 알게 해주며 사랑과 야망의 기로가 흥미 진진하고 긴장하게 만드는 영화. 배우들의 연기도 수줍급이다.,10,1
349,이미지와 서사를 봉합해내는 솜씨는 인정할만 하다.,8,1
350,최고,8,1
351,장국영의 슬프고 여린 눈빛이 아직 기억난다..,10,1
352,최고의 영화,10,1
353,"최고다'''''' 찰리채플린 영화보다., 괴물이나 왕남보다 (이거보고 왕의남자 보면 존나 유치하다) 머 할리우드 대작들 보다.. 이건 쉰들러리스트 이상급... 존경",10,1
354,ㅜㅡ,10,1
355,이 영화를 생각하면 눈물이 난다. ,10,1
356,세월이 지나도 전해지는 감동이랄까........... 어떻게 표현할 수 있을까.. 온 몸으로 표현되는 그 마음을.... 대단한 영화다.,10,1
357,방금 보고 그 감동에 이글을 씁니다. 지금 마치 제가 그영화속에 있는 것 같군요. 잠이 오지 않습니다. 손도 떨리네요. 마음에 차오르는 무엇...그 느낌에 밤을 지새웁니다.,10,1
358,이영화를보고..너무슬퍼서.잠을못잤습니다. 후유증이일주일가더군요...,10,1
359,그대가 그대이길 바라는 마음. 장국영의 짧은 생과 아름다운 그의 사진들은 나를 미치게 했다. 끊이질 않는 그의 영상이 잊혀지질 않는다. 슬픔에 전주곡. 동성애를 새로운 눈으로 보여준 이 영화가 너무 좋다.,10,1
360,나를 3일동안 가슴아프게 했던 영화...,10,1
361,내 인생 최고의 영화라고 감히 말 한다. 보지 않고서는 모른다. 온몸으로 외로움을 말 하는 것 같았던 데이.. 그리고 장국영... 어떻게 잊을 수 있을까... 패왕별희를 처음 보고나서 느꼈던 우울함은 이루 말 할 수 없다.,10,1
362,이보다 완벽할수는 없다.  예술+비판+역사의식+작품성+훌륭한 표현력+화려한 영상미+감정의 동화+감동+재미=패왕별희 아직도 데이의 마지막 눈빛은 선명하다. ,10,1
363,이제야 보게 되다니....orz,9,1
364,"어렸을 때 봤을 때는 단순히 잘 만든 좋은 영화라고만 생각했는데, 아는 만큼 보인다고 나이 들어 다시 보니 참... 한국인인 내가 봐도 이렇게 안타깝고 가슴 아픈데,  중국인들은 이 영화를 보고 어떤 생각들을 할까? 하는 생각이 영화를 다 본 뒤 스쳐지나갔다.  그리고 공리가 왜 1990년대에 중국을 대표하는 얼굴이라는 평가를 받았는지 알 수 있었다.  패왕별희도 그렇지만 장 예모 감독 초기작들에 출연한 공리를 보면 자연스레  그 말에 수긍할 수밖에 없다, 진짜.",10,1
365,완성도 높은 명작.,9,1
366,무슨 말을 할까요? 그냥 보세요.,10,1
367,나이 31살 먹고도 아직 이해하기 어려운 삶.영화. 타인.감독의의도.을 이해하기엔 어린 나이인듯 해요 멋진 영화에요 영상미와 작품성. 다만 어린 나이에 보면 이해도 안되고 충격적이니 으~른들의 영화네요,9,1
368,"또 한편의 인생영화에 등극. 극장 큰 화면에 잡히는 장국영의 얼굴과 눈빛에, 그가 떠나고 없어 더더 가슴이 저려죽는 줄 알았다ㅠ 후반부에 클로즈업 된 공리의 얼굴 표정도...",10,1
369,너무 여운이 많은 영화입니다  시간이 흘러도 명작입니다,10,1
370,며칠전 서울교통방송서 해주길래 봤는데 이 영화가 명작이라고 알고는 있었고 예전에도 봤었는데 이렇게 완벽한 영화인걸 어제 보고 알았음. 장국영이 대단한 배우인것을 어제 보고나서야 비로소 알게 됐음.,10,1
371,이 영화가 이렇게 걸작인줄 그 옛날 어렸을  땐 몰랐네요. 엄청 울었네요,10,1
372,"내 인생 영화, 영원한 우희 장국영, 운명을 거스리지 말아라! 는 사부의 말이 생각나네요. ",10,1
373,두치 자체가 그냥 장국영. 그냥 인생영화.,10,1
374,시대적 비극적 인간의 삶 가슴아픈 나의 영원한 영화,10,1
375,공리의 눈빛이 많은 것을 이야기함.,10,1
376,故장발종 옹이 맨더런 때문에 꽤 애먹었을 거 같은 영화!그럼에도 불구하고 잘 봤음.특이한 점은 오대유라는 대만 배우가 있는데 얘가 어떻게 문화대혁명 홍위병 역을 했는지 의아했음.,9,1
377,장국영! ,7,1
378,격동의 시대 국가와 개인의 비극을 잘 보여주는 영화. 소신 있게 제자리를 지키는 사람들과 살아남기 위해  자리를 옮겨다니는 사람들. 누구도 풍랑에서 자유롭지 못하다. 명배우들의 뛰어난 연기가 영화를 더욱 빛나게 한다.,9,1
379,秀作,9,1
380,"다시보기. 중국역사를 배경에 두고 봐야하는 영화. 그 거친 흐름속에서 청데이와 단샬로는 같이걷다, 따로걷는다. 가혹한 시대를 두려움 가득안고 많은 것을 잃어버린채 살아낸다. 오래된영화 다시본영화~~ 경극의 아름다움은 덤이다",9,1
381,완벽한 영화...이런 영화를 다시 보게 되다니!코로나 때문....,10,1
382,"경극 파트너 청데이와 단샬구의 격동의 시대사를 겪으며 표현하는 내면성과 관계의 변화, 그 진통을 담았다.",9,1
383,보고난후  이전으로 다시돌아갈수 없다 깊은 여운    후유증은  나의 몫,10,1
384,오우쉣,1,0
385,아는만큼 보인다는 말 공감 보는 내내 숨이 턱턱 막히더라 장국영이 그립다,10,1
386,동성애 아웃!,0,0
387,"저 당시는 홍콩이 여전히 영국의 식민령이라서 동성애 영화도 찍을 수 있었다. 그런데 이 동성애 영화는 경극 배우들을 호모로 오해하게 만들었다. 성룡, 홍금보, 원표, 원규도 한 스승에게서 배운 경극단 출신이라는 걸 알까? 경극을 동성애자들이 하는 게 아니다.",2,0
388,나의 인생영화. 이 영화보고 장국영 팬이되었어요.,10,1
389,감동이고 거장이고 간에 호르몬 혼동류는 보기 불편하다,6,1
390,아역들 연기까지는 정말 재밌게 봤는데 그 후로는 늘어지는 감이 있어서 조금 지루했다. 명작이라면 명작일 테지만 중국 사회에 대한 이해가 부족하니.. 영화가 백퍼센트 와 닿은 느낌은 아니네. ㅋㅋ 지조도 없고 근본도 없는 기회주의자 시토보다는 정말 예술가 그 자체의 모습을 담아놓은 데이의 모습이 왜 이리도 처연,7,1
391,"영화는 다큐도 아니고, 오락도 아니고, 드라마도 아니고 감동도 스토리도 없고 그저 그렇네요",1,0
392,장국영 광팬이었을때 봤던 영화.. 하지만 그당시 언론에서 신들린 듯한 장국영의 연기라했었다 너무 기대해서 본듯 개인적으로 장국영영화중 젤 재미 없게 본 영화 ..,0,0
393,이런....,0,0
394,중국을 보게되다,10,1
395,조선족의 평점 조작?? 我们的秘密协会知道，看过这篇文章的所有同志都是以中国政权垮台为目标的同志。 如果我们保持耐心，中国政权将崩溃。,0,0
396,진짜 재미없다 길긴 더럽게 길어서 보다가 뛰쳐나가고싶었다~거기다 게이 영화ㅡㅡ,0,0
397,3류 쓰레기 영화,1,0
398,최악의영화 이런영화는 못본게 다행 너무 무거운영화,2,0
399,"내가 영화를 볼 줄 모르는구나.. 다들 극찬하는 영화, 평점에 혹해 코로나 위험을 무릅쓰고 보고 왔는데...  재미를 위해 역사적 배경까지 알고 갔는데 그냥 So so.......",0,0
400,"이건 그냥 역겨운 b급 고어 영화라고 생각함. 명작? 웃기고있네. 팩트만 쓸테니 판단은 알아서 하시길 바람 1. 주인공이 육손이라서, 애미가 작두로 애기 손가락 자름. 2. 주인공이 대사 틀렸다고 생이빨을 뽑아버림. 3. 아이들이 연극실수할 때마다 칼로 두들겨패는 등 학대가 기본 패시브. 4. 실제 살아있는 거북이 목 잘라서 그 피를 마시는 장면. 5. 임산부 발로 밟아서 유산하는 장면. 그 외에 게이할배가 아동이었을태의 주인공을 성폭행한다든가 주인공 친구의 자살, 주인공 친구의 아내 자살, 주인공 자살 등등 역겨운 장면이 계속 나옴.이걸 명작이라고 부르는 사람들의 의도는 아마 나만 당할수 없지 라는 생각으로 다른사람을 낚으려고 하는게 아닐까싶다.",1,0
401,"평점 높아서 봤는데 괜히봤다.. 나는 중국영화랑 안맞는듯 . 중국의 이념 변화와 근현대사를 볼 수 있는데 과거 아이들을 학대하며 기르는 등 사실적 묘사는 좋긴한데 게이느낌, 중국 감성등이 안맞는다 평점 왜이렇게 높은지도 모르겠다",2,0
