﻿,document,score,label
0,이것도 연금인가? 이제 그만~!,6,1
1,8.7짜리 영화는 확실히 아닌데.. 7점정도?,1,0
2,한번도 영화를 끝까지 본적이 없다. 매번 자!,5,0
3,"재개봉해서 봤는데, 역시 명불허전입니다! 각 캐릭터가 다 개성있구요",10,1
4,설렘 가득! 겨울이면 다시 보고싶어지는 영화!,10,1
5,어이없음,1,0
6,"여자의, 여자를 위한, 여자에 의한 영화. 애들 동화인 신데렐라 이야기보다 더 심하다.",5,0
7,사랑은 변하지 않는다,9,1
8,그냥 킬링타임 용 ,5,0
9,스네이프 교수는 분명 바람난건데...   누군가에게는 상처인 크리스마스를 러브 액츄얼리라고 하다니....   그런건 좀 빼던가...,5,0
10,그냥...,4,0
11,로마의 휴일 이후 최고의 로코,9,1
12,다양한 사랑들,10,1
13,또 곧 있으면 여름 그리고 지나면... 크리스마스.,8,1
14,크리스마스는 사랑의 계절,7,1
15,평범한 사람들에게 일어나는 사랑 이야기를 솔직하게 풀어냈다...,7,1
16,명작!,9,1
17,내용이 현실과는 많이 동떨어진다. 재규어는 역시 옛날 디자인이 갑이다.,7,1
18,크리스마스니까 용서되는 '말도 안되는 낭만',7,1
19,love~ love~ love~,8,1
20,크리스마스만 되면 생각나는 영화,9,1
21,ㆍ,10,1
22,아이들에게  앞으로 이런 영화 많이보라고 할 따뜻한영화,10,1
23,해외본의 충격이란,7,1
24,"혼자가 편하고 좋다지만 사실은 둘이 될 수 없는 것에 대한 자기 위로가 아닐까. 사랑의 감정이 메말랐다면 서글픈 일이고, 사랑하고 싶지만 할 수 없는 거라면 한없이 우울한 것이다. 고백하는 사람이 한 명도 없다면 죽은 것과도 같다. 사실 영원하지도 진실되지도 않은 게 사랑인데, 있으면 행복하고 없으면 아프다.",6,1
25,기분 좋아지는 영화,10,1
26,스케치북씬보다 남편에게 씨디 선물받는 씬이 개인적으로 더 기억에 남는 영화. 그 선물을 받고 안절부절 못하는 연기는 왜 상을 못받았나 이해안갈정도.,7,1
27,사랑스러운 영화 크리스마스 캐롤같은 영화,8,1
28,감동....,9,1
29,별점 누르기도 아까운 영화,0,0
30,나를로맨틱코미디에입덕하게해준장본인,9,1
31,오래전에 보았지만 추억으로 남는영화이다.,9,1
32,믿고 보는 워킹타이틀,8,1
33,휴 그랜트 짱!!  다만 상대역 꽝,9,1
34,"이영화를 본 순간, 같이 본사람, 명장면, 잊혀지지가 않네 ㅎㅎ",7,1
35,스토리는 너무 많더라,8,1
36,꼬마의 사랑이 제일 설렘,8,1
37,"크리스마스를 위한 작은 판타지...  어떻게 보면 개막장인데... 처음 본 여자들이랑 집단으로, 사장이랑 여직원의 불륜,  친구의 아내에 대한 연정, 동생이 마누라랑...",8,1
38,언제봐도  기분좋은  연말되면  보고싶은 영화.,9,1
39,볼때마다 행복해짐♡,10,1
40,내  생애 최고의 영화,10,1
41,진짜ㅜ볼때마다 눈물나고 최고!,10,1
42,정말 재미있게 봤습니다...,9,1
43,불륜을 미화하는 영화,1,0
44,키이라나이틀리 기펴자!!!,10,1
45,사랑은 정말로 있다. 정말로 있을 수 있는 사랑의 형태를 모두 보여주려한 작품. 깨알 재미는 결코 끝까지 들을 수 없는 빌 나이의 크리스마스 노래. ,10,1
46,모르겠다... 이게 왜 좋다는 건지...,5,0
47,"원래 10점 주고 싶은데, 초딩이 보기에는 섹드립이 너무 많아서  -1점깜.",9,1
48,로맨틱 코미디 영화의 고유명사.,8,1
49,기대없이 봤다가 대박난 영화 유쾌 상쾌 통쾌한 영화 또 보고 싶은 영화다 ,10,1
50,재미없다 ............ 나홀로집에 또볼래ㅣ,3,0
51,재개봉 될 만한 가치가 있는 영화인가..  ,3,0
52,킬링타임용,7,1
53,이영화가 내가 한창 사랑으로 힘들어하고 잇었던..2003년 개봉작이라니..그때의 난 진짜 순수했었는데..지금은 권태롭고 무기력한.. 사랑따윈 없어진지 오래인 중년의 나이..근데 이영화에 나오는 노래들  정말 좋다...내가 좋아했던 노래들...예전의 감정들이 새록새록 떠오른다..순수하고 사랑에 아파한 그날들이... 종현이가 싫어한영화 나도 싫다 젠장 2003년 12월 10일 비즈수술했었는데 그때로 돌아가고 싶다 ,1,0
54,"9점대를 넘길만한 영화는 아닌데.. 진정한 사랑의 의미는 빠져있는것같아요. 꼭 보고, 듣고, 만져야만 사랑한다고 말할수있는거 아닙니다. 말초적인 흥분이 일시적인 감정이 진짜 사랑인가요? 불륜과 음란함이 가득한 영화, 러브액츄얼리! ",2,0
55,사랑하라! 365일 크리스마스 같이!,8,1
56,사랑스런 영화.  굿,10,1
57,왜 재밌다고 하는지 ,2,0
58,진심 나도모르게 기쁜눈물나는 영화네요^^,10,1
59,세상에는 여러가지 사랑이 있다는 것을 보여준 리차드 커티스 감독 인생의 역작. 다양한 사랑이야기와 OST들의 조합이 매우 뛰어난 작품.,9,1
60,"다채롭고, 아름답고, 사랑스럽다.",9,1
61,재개봉이라니!에피소드가 추가되었다니!!벌써부터 설레고 행복해지네요~^^ 추운겨울 아주 따뜻하게 만들어줄 영화를 만날수 있겠네요!! 모두를 웃고 울게 만드는 멜로 영화는 러브 액츄얼리 뿐인것 같아요♡ 12월에는 러브 액츄얼리와 함께할께요~사랑하는 사람과 손꼭잡고 볼께요^^,10,1
62,올해 불어닥친 재개봉 열풍의 정점을 찍는 감성의 영화 러브액추얼리 기적같은 사랑의 감동을 함께하고 싶습니다.,10,1
63,크리스마스엔 꼭 봐야 하는 영화. 사랑에 용기가 생기는 영화!,10,1
64,크리스마스 하면 떠오르는영화 러브액츄얼리!!! 가슴따뜻한 이야기 최고입니다 ㅜㅜ,10,1
65,크리스마스엔 역시 러브 액츄얼리!! 따뜻함을 안고있는 영화,10,1
66,열한개의 사랑이야기를 통해서 사랑에 대한 다양한 모양과 색을 낭만적으로 다시 만나볼 수 있을거라고 생각해 '러브 액츄얼리' 기대해요~ 사랑이라는 명작이 잘 담긴 영화의 명작이라고 생각하기에 다시한번 따뜻한 설렘을 안겨줄 '러브 액츄얼리' 보고 싶네요~ ,10,1
67,아직 못보신 분들은 이번 크리스마스에 꼭 봐야 할 영화,10,1
68,러브 액츄얼리 크리스마스에 가장 떠오르는 영화! 재개봉 반갑네요~ 잔잔한 감동 다시 느껴보고 싶어요^^,10,1
69, 아직까지 모두에게 익숙한 OST명곡들과 명장면이 생각나는데 영화로 꼭 보고싶습니다!,10,1
70,12년이 지났지만 배우들의 모습만 조금 젊을뿐 대사 하나하나 행동 하나하나에서 오는 감동와 메시지는 그대로인거 같아요. 러브액츄얼리가 제 인생의 열손가락에 드는 영화이에요.,10,1
71,따스한 사랑을 느낄 수 있는 정말 가슴이 따뜻한 이야기죠,9,1
72,다시 보는 러브 액츄얼리 재미도 감동도 두배가 될 것 같아요!! 기대됩니다!! ,10,1
73,심장을 뜨거워지게 만들 사랑스러운 이야기과 심장을 불태우는 배우들의 매력에 빠져들고 싶은 최고의 영화입니다. 개봉하면 바로 극장으로 달려가야 할 것 같습니다.,10,1
74,사랑을 갓 시작하는 연인들 다룬 그 분야 영화에선 최고 같아요. 지루하지도 않고 재미남,10,1
75,크리스마스에는 토마스 브로디- 생스터가 나오는 러브 액츄얼리~♥,10,1
76,크리스마스는 맥컬리 컬킨과 러브 액츄얼리와 함께...,7,1
77,진짜 내생에서 최고인 영화 ㅠㅠ 이영화는 떠올리기만해도 가슴이 설레고 코끝찡해짐 ..  초딩때 봤는데도 그 감성이 잊혀지지않아서 찾아보곤했는데.. 특히 공항에서 시작해서 공항으로 끝나는 장면은 잊혀질수가없다 ..,10,1
78,영화는 걍 그래도 솔직히 배우는 개쩜 리암니슨 콜린퍼스 휴그랜트 엠마톰스 특히 리암니슨 정말 멋있음,10,1
79,맛보단 분위기로 먹는 크리스마스 케이크.,6,1
80,비빔밥 같은 영화다,7,1
81,최악의 개쓰-레기 영화,0,0
82,크리스마스는 사랑하는 사람과 함께!,10,1
83,로맨틱 코미디가 존재해야 될 이유,9,1
84,크리스마스란 마법의 주문이 불러온 사랑의 용기. 각각의 사랑을 보고 있으면 크리스마스에 누군가에게 고백하고 싶게 만든다. 그것이 어떠한 사랑이든 조금은 특별해질 수 있음을 알리며.     ,9,1
85,영국에서 봤던 영화 더욱 감동이었다,10,1
86,재미있었다 We Are Family Team WAF,10,1
87,메리 크리스마스,7,1
88,멋진 영화.겨울 강추!,10,1
89,다시 봐도 정말 좋아요.음악도 굿.,10,1
90,크리스마스를 맞아 이 영화를 봤습니다. 말이 필요없습니다. 최곱니다. ㅎㅎ,10,1
91,돈 명예 사랑중에 사랑이 제일 낫더라~♪ 사랑이 제일 낫더라~ 사랑이 제일 낫더라~♩♪♬ ,9,1
92,모를 때 보단 알 때 봐야 보이는 영화.,8,1
93,말도 안되는 스토리와 그럴 듯한 스토리가 적절히 잘 엮어있고 밸런스도 잘 맞는 로맨틱 코메디. 칼-사라 이야기가 아쉽지만 모두가 해피엔딩일 수 없는. 빌 나이 스토리가 특히 맘에 드는 스토리. 콜린 퍼스는 이 영화에서도 말도 안되게 로맨틱한 역할. 크리스마스 클래식 영화.,8,1
94,너무 보고싶으나 청불이라서 보지 못하는ㅠㅠㅠ 어른되면 꼭꼭 보고 싶은 영화이다. 배우들 진짜 다 너무 좋다ㅜㅜ,10,1
95,정말 봐도봐도 질릴수없는 영화,10,1
96,스네이프 미워,9,1
97,참 따뜻하고 포근한 영화. 인물 한명 한명이 사랑스럽다.,7,1
98,정말 가슴 따듯하고 미소짓게 해주는  Love Actually 영화임ㅋ,10,1
99,시작은 유쾌하고 마무리는 감동을 준 영화. 포르투갈로 이민을 가야되나~,9,1
100,이 영화 이후 모든 옴니버스식 사랑 영화는 이 영화의 표절이라고.. 한번쯤 의심을 받죠. 성탄절 마다 지겹도록 틀어줘서 이제 안 볼만도 한데..  채널 돌리다가 우연히 나올때 마다 또 한참씩 보게되는.. 감동+ 재미 함께 두루 갖춘 영화.,9,1
101,이 영화이후로 어떤 로맨틱코미디영화든 러브액츄얼리와 비교되는 것을 피할수는 없을 듯. 모든 커플들이 사랑스럽고 공감가기 힘든데 그걸 해낸 최고의 영화,9,1
102,끝판왕은 같은 회사 작품인 어바웃타임에게로...ㅎ,7,1
103,나는 별로였다. 어딘가 이상함.,6,1
104,로코의 끝판왕.,10,1
105,사람들 이야기다,5,0
106,10년이 지나도 새로운 커플로 인해 조금 달라졌지만 감동적인 영화입니다. 리차드 커티스 감독의 작품은 믿고 본다는 말이 괜히나온게 아닌것 같네요.,9,1
107,10년만에 다시 보는 영화.. 다시봐도 좋은 영화로 추천합니다.,9,1
108,"사랑은 어디에든 있다. 11개의 다양한 사랑을 잔잔히 잘 전해준 영화.. 사랑하는 사람, 가족과 함께 볼수 있는 영화로 추천합니다^^",9,1
109,따뜻해지는..,10,1
110,연전에 TV로 보면서 마침내 클쓰 영화도 진화했구나..했던 유쾌한 옴니버스코메디. 특히 기억나는 장면은 에마톰슨이 남편선물에 대한 기대가 실망으로 바뀌고 아이들 앞에서 눈물 안보이려 잠깐 방에 들어가서 주르르 내리는 눈물 진정시키고 스프레드 한켠을 손바닥으로 함쓸고 나오던 장면..그외엔 깨알같은 웃음코드들 ,7,1
111,좋은영화,10,1
112,크리스마스 시즌에 가장 잘 어울리는 따뜻하고 사랑스런 영화..,9,1
113,좋아하는 배우들은 거의 출연한 듯..하지만 사공이 많아 조금 산으로 가려는 부분도.. 남편 베프에게 짝사랑 고백받던 장면은 지금도 많은 연인들이 따라하고 있고 OST 또한 최상의 궁합..야한 부분은 완전삭제된 한국판이 전체적으로 더 좋은 듯..,6,1
114,홀로 집에 있는 케빈은 놓아주고 크리스마스에는  러브 액츄얼리가 주구장창 나왔으면 합니다. 그건 그렇고 지들 기분 뿅 간다고 아무데서나 쪽쪽 물고 빠는  무개념 커플들아! 이 영화를 보고 반성해라!! 때와 장소를 가리지  않는 길거리 키스도 영화니까 예쁘게 보이는 거지 니들이 하면  외설이야!   ,8,1
115,사랑에 관한 크리스마스의 작은 기적들... ,9,1
116,정말 훈훈하고 감동적인 크리스마스 영화! 단순한 로맨틱 코미디가 아닌 인생에 대한 성찰이 돋보이는 영화!,10,1
117,이영화 같이 봤던 전여친은 머하고 지낼까...,10,1
118,이맘때 쯤 보면 딱 좋은 영화 러브 액츄얼리 ~ 오랜만에 DVD로 봤는데 2시간 동안 완전 몰입해서 봤네요 ㅋㅋㅋ 정말 최고 강추 영화~~~~~~,10,1
119,10년전에 본영화. 극장에서 다시볼 수 있을까 싶었는데 정말 꿈만같네요,10,1
120,아 항항~!!  이렇게 재밌을 수가~~~  ^^   정말 행복한 영화,9,1
121,크리스마스의 새로운 고전! 그 수많은 선남선녀 속에서도 빛나는 '빌 나이'의 존재감이란~,9,1
122,러브 액츄얼리는 남녀노소 누구나 봐도 마음이 따뜻해지는 영화인거 같아요ㅠ_ㅠ,10,1
123, 사랑은 모든 곳에 있다 ..  메시지가 잘 반영 되었어요 ~ ~,10,1
124,휴 그랜트의 춤을 볼 수 있어서 너무 좋았어요.. 웃겼다는게 정답이겠죠 ? 영국적인 정서를 느낄 수 있었고 재미있었다는게 좋았어요.. 별 부담없이 볼 수 있었던 영화,7,1
125,로멘틱 코메디의 교과서.,9,1
126,"단언컨대, 21세기에 나온 가장 완벽한 크리스마스 무비! 버릴게 단 하나도 없다.",9,1
127,2006년 크리스마스에 본 영화를 다시 한번 보다. 사실은 15세 등급의 국내 개봉에 맞추기 위해 삭제된 한 커플의 이야기가 보고 싶었다. 얼마나 야하길래? 삭제하지 않아도 괜찮았을 텐데... 역시 크리스마스에 잘 어울리는 영화.,9,1
128,로멘틱코메디 장르에선 정말 독보적인 레벨의 영화. ,10,1
129,성탄절 로맨틱 코미디의 고전이 되어버린 영화입니다. 하지만 십년전 영화가 우리에 가슴에 남는 것은 마치 막 쏟아낸 이야기들 같아도 공감할 수 있는 내용이라는 것이죠. 성탄절은 캐빈이 아닌 워킹타이틀과 함께!,8,1
130,크리스마스에 친구 또는 연인과 보기에 좋아요 ,9,1
131,로코의 정수! 각각의 에피소드에 모든 종류의 로코가 다 있다!,9,1
132,무삭제판 예전에 봤는데 영화관 개봉 판이랑 크게 다르지 않았음.여전히 감동적이었음. ,9,1
133,잘린 부분까지 복원된 버전보면 좀 놀랄지도 모릅니다 ㅎㅎ 영화 전반적인 분위기와는 안어울리게 너무 리얼한 베드신이 나오거든요.일반적인 성인물이람 별거 아니겠지만 이 영화치곤 수위가 높습니다.,8,1
134,매년 연말에는 러브 액츄얼리..  우리나라에도 이런 달달한 명작이 개봉하길..,10,1
135,병림픽,1,0
136,크리스마스엔 사랑에 당당하게 !!,8,1
137,러브액츄얼리,10,1
138,"46남_후반 10여분의 인물별 스토리를 보면서 연이어 나오는 찬사 "" 메리 크리스마스 ""_휴 그랜트 멋있네요_사랑에 대해서 생각하게 해주는 좋은 영화_2013년 연말이 쓸쓸하지 않네요.^^",9,1
139,많은 상황들에서 느낄수 있는 상황 그리고 노래.. 너무 좋다. All you need is love..                                                           안녕하지 못한..현실이지만..메리크리스마스~,9,1
140,한마디로 멋진영화^^,10,1
141,아름다운 영화. 평범한 우리들의 사랑이야기.   ,9,1
142,매번 봐도 질리지 않는 내생애 탑3중 하나. 크리스마스가 오면 꼭 다시 본다.,10,1
143,나에겐 좋은 추억같은 영화... 재개봉으로 다시 봤는데 젊은 시절 배우들을 보니 그 시절로 돌아간 느낌... 다시 봐도 너무 사랑스러운 영화!! ,10,1
144,크리스마스잖아 그말이 맘에드네. 많은걸 용서하고 사랑하는 계절,9,1
145,"다소 황당무계하지만 어때, 크리스마스잖아? 찬란하리만큼 아름답다!",8,1
146,역시 이맘때 보기 좋은 영화. 사랑은 사실 괴로운 거지... 영화처럼 아름답진 않아...ㅠㅠ,8,1
147,워낙에 유명해서봤지만 평점 10점은 아니고 8점이 적당한듯. 크리스마스라는 특수성때문에 그나마.. 아니었으면 7점.,8,1
148,"해피에서 러브로 끝난다.  메마른 마음을 적셔준다. 명작수작은 아닌거같다,  재미나 여러가지 요소로봤을때",6,1
149,극장에서 다시 볼수있는 기회가 생겨서 기쁘다~~ ,10,1
150,이제야 이 영화를 보다니.. 사람마다 영화 보는 관점이 다르겠지만 나에겐 넘 행복하게 해주는 영화였다^^,10,1
151,2005년에 성탄절 즈음에 영화관에서 본 영화..불륜이야기도 포함되어있고..이게 왜 재밌다는 건지...재밌다고 해서 봤다가 돈만 날린 영화.,3,0
152,사람 사는 곳에 사랑이 있구나,9,1
153,평점은 믿을게 못된다  진심으로 이 영화보다 우리나라 영화 내사랑이 훨 낫다 ㅆ ㅂ ................,5,0
154,천재는 디테일에 있다.,10,1
155,훈훈하고 최고의 크리스마스 영화,9,1
156,아름답지만 솔직히 화려하고 유명한 배우들의 연기빨이 반이상은 먹고가는~,8,1
157,이해가 안됨..,2,0
158,보고 또 봐도 아름답다..,10,1
159,옴니버스식 사랑영화의 정석,10,1
160,로맨틱 코미디는 이렇게 만드는거야,8,1
161,"내가 본 수많은 영화중에 가장 많이 봤던 영화. 지난 10년간 최소 200번 이상 본 로맨틱코미디의 결정판. 매력적인 캐릭터부터 전개, 연출까지 정말 최고의 영화중 하나. 이프온리, 세렌디피티와 함께 내가 꼽는 최고의 로맨스멜로물. 아직도 내 인생에 가장 기억되는 영화중 하나.",9,1
162,많은 이야기를 끌고 가도 거뜬하다.,7,1
163,판타지는 아니지만 판타자같은 크리스마스 매직,9,1
164,크리스마스 = 러브 액츄얼리가 진리일 정도로 몇년째 봐도 훈훈한 영화! OST는 물론이고 스토리 또한 진한 감동과 여운이 남는다...,10,1
165,재미만으로는 10점이지만 뭔가 현실성은 너무 동떨어지는 커플들이 많아서 현실성은 1점정도 그래도 재미있게 보았으니 10점 줌.....솔직히 결혼한 친구와이프한테 하는건 내 생각으로는 너무 이해가 안되는 행동...여자들이 무척 좋아할 영화지만 남자인 내가 봐도 재미는 있네요 ㅎㅎ,10,1
166,중학교땐 뭣도 모르고 봤는데 지금 다시보니까 새롭네요,8,1
167,"역시 러브엑츄얼리죠 ,,   ㅎㅎ  한번빠지고 나서는 몇번을 다시 봤는지 모르겠다는 ㅎㅎ",10,1
168,영국 발음 개간지*_*,9,1
169,크리스마스 분위기 영화의 최고봉,10,1
170,한 해를 보내는 연말에 보면 너무 좋은 영화. 씨줄과 날줄처럼 엮인 여러 커플들의 사랑에 빠지다보면 어느새 훈훈한 마음으로 사랑을 하고 싶게 만드는 영화. 옴니버스 영화를 싫어하는 분들도 이 영화의 매력에 푹 젖어들게 될 거에요.,9,1
171,이거 원래는 19금인감요? 그런거 같은데... ,8,1
172,하도 많이 들어보고 유명한 영화.. 크리스마스날 집에 숨어서 혼자 봤네.. 생각이랑 다른 영화..,7,1
173,옴니버스를 만드려면 이렇게 만들어야지! 모든 배우들이 매력이 넘쳐서 죽는 캐릭터들이 없어서 눈이 즐거운 크리스마스 영화.,9,1
174,감동 그 자체,10,1
175,솔직히 글로 표현하는 고백씬에서 너무 오글거렸음..전체적으로 흐뭇한 미소가 지어지는 크리스마스 판타지 영화지만 왠지 감동보다는 훈훈함만 가득했던 듯..나에겐 좀 유치..,7,1
176,겨울에 너무나도 어울리는 영화. 무지 따뜻하고 행복한영화.,9,1
177,"훈훈 .. 친구끼리, 가족끼리, 연인끼리, 또는 혼자서 보기에도 참 좋은 영화.",9,1
178,사랑스러운 사람들의 사랑스러운 이야기,7,1
179,"별별 사람들의 사랑 이야기가 다 들어있는데, 하나도 복잡하지 않고, 또 그 사람들이 건너 건너 알고 있다는 점도 신선하고... 이래저래 신선했던 영화입니다. 스케치북에 글 써서 프로포즈 하는 장면은 너무나도 유명해졌고.. 이래저래 보기 즐거운 영화입니다. :D",9,1
180,훈훈한영화~~,7,1
181,굿,10,1
182,나만 별로였나...멋진 장면은 있었지만 억지스러운 장면들이 더 많았는데...,7,1
183,"""있을 때 잘해!"" 라는 교훈을 남기고 간 감명깊게 잘 봤어요.",9,1
184,이건 그냥 봐야하는 영화같네요. ,10,1
185,출연진들이 네임밸류가 상당한 배우들을 많이 모았다. 그리고 그들은 이름값에 걸맞은 연기력을 선보인다. 옴니버스지만 옴니버스가 아닌것 처럼 느껴진다. 크리스마스에 이런 영화같은일이 일어날 수 있을까?,8,1
186,아쉬워ㅠ,8,1
187,120분동안 여러 이야기를 담기엔 조금 부족해보이나 이것빼곤 괜찮네요,8,1
188,로맨스영화 별로 안좋아하는데 최고의 로맨스영화~,10,1
189,로맨스 코미디의 금자탑.,8,1
190,겨울엔 꼭 한 번씩 봐 줘야 하는 영화,9,1
191,세상의 이런 저런 사랑의 유형들을 한데모아 참 따스한 시선으로 잘도 다뤘군 빌리의 능청스러움과 마크의 짝사랑 고백은 두고 두고 기억 될...,9,1
192,이런 영화를 지금에서야 보다니... 따뜻한영화!,10,1
193,:),8,1
194,겨울 영화의 교본. 기대이상의 행복을 주는 영화.,10,1
195,나홀로집에 처럼 성탄절날 꼭봐야할 영화로 고전영홥니다. 이거 안보면 안댐,9,1
196,개인적으로정말재미없었음 기대를많이해서그런가 어쨋든뭔가다들안됐으면하는마음이자꾸들어서 영화에집중이안됐음 드럼치는애기커플빼고뭔가억지스러운기분과 캐릭터들이좀비호감,1,0
197,언제봐도 재미있고 감동적이에요 크리스마스에 가장 잘 어울리는 영화같아요! 여러 이야기가 나오는데도 복잡하지 않은 느낌이네요! 정말 추천합니다~,10,1
198,쓸쓸한 가을 끝자락에 봐도 좋은 영화..스케치북 고백은 다시  봐도 명장면,8,1
199,남의 이야기...,3,0
200,다시봐도 최고의 크리스마스 영화 같습니다.  사랑이란 너무 위대한 존재이지만 그에 상응하는 고통도 따른다는 사실을 항상 염두해야 할것 같습니다. ,9,1
201,그 해에 가장 감동적으로 봤던 영화입니다.,10,1
202,마음이 훈훈해지는~~,9,1
203,"세상을 긍정적으로 바라보며, 진솔한 사랑을하며 살아가는 사람들의 이야기... 많은 등장 인물에도 불구하고 산만하지않고 정돈된듯한 느낌으로 가슴을 따듯하게 해 온다. 제목답게 사랑스런 영화다.",9,1
204,언제봐도 설레는 영화,10,1
205,진정한 겨울용 영화로구나~,8,1
206,사랑이라는 단어는 언제나 가슴 설레게 한다.,8,1
207,추운 겨울날 첫사랑과 함께 했던 영화.. ,10,1
208,나랑 안맞는듯...  재밋다고해서 봣는데 최악임 ,0,0
209,나에겐 그저 그런 로맨스 ,5,0
210,억지스런 느낌이 들어서 그런지 생각보다 재미없었어요. 너무너무 깜찍하고 귀여웠던 샘만 기억나네요 ㅎㅎ;;;,4,0
211,아름다운 사랑이야기가 하나도 아니고 여러개가 ... 괜찮은 영화네요.,8,1
212,"러브 액츄얼리[★★★★][영화][쩡쩡미_의재기발랄문화생활] 그래요. 전크리스마스를기다려요. 아직아직멀었는데, 그날이오기만을기다려요. 그이유는, 생각해보면, 이영화때문이었던것같아요. 크리스마스낮, 혹은이브저녁에늘봤던이영화, 아름다운영화, 동화같은영화, 러브액츄얼리입니다!",10,1
213,good,10,1
214,세월이 흘러도 최고의 크리스마스 영화!!,10,1
215,최고의 로맨스영화중에 하나~,10,1
216,4월달에 봐도 크리스마스의 감동이 몰려오는 이 영화란.. 참 ㅎㅎㅎ,10,1
217,러브 액츄얼리[★★★★][♨][영읽여]겨울만 되면꼭 들어야할명곡들이 잔뜩있는옴니버스영화입니다. 남녀노소모두아우를수있는스토리들이잔잔하게엮어나와부담없이아름다운 영화지요.이영화를 통해옴니버스영화의 팬이되신분들도많구요.하지만 이영화가 최초의 옴니버스는아니었다는사실알고 계세요?,8,1
218,"사랑의 따뜻함이 느껴져 나까지 사랑하고있는 듯 느끼게 만드는 영화. 특히 6커플들중 콜린퍼스의 국경을 넘은 순수한 청혼, 키라나이트리(캐리비안 해적 여주인공)에 고백하는 남편의 절친의 모습이 인상적. 아 나도 사랑하고 싶다.",10,1
219,진심재밋음ㅋㅋㅋㅋㅋㅋㅋㅋㅋㅋㅋㅋ,10,1
220,"나온지 꽤 된 영화지만, 감동적인 영화. 설날에 심심한 나를 위로해준 영화(ㅋㅋ) 10번 넘게 돌려 본 거 같은데 감동은 고대로다. 좀 더 깨닫는게 있는듯! 개인적으로 샘의 사랑이야기가 가장 감동적이었다. 풋풋하고 때묻지 않고.. [어떤영화]",10,1
221,중간중간 삼류같은 장면도 있고 굉장히 재밌는 장면도 있고 나름 괜찮은 느낌도 있고 그런게 막 섞여있는 영화였어요. 그냥 그래요. ,7,1
222,다시 봐도 역시 달달하니 좋쿠나..~~ 영국 명배우들의 달콤살콤한 사랑의 캐롤송~!,8,1
223,사랑스러운 크리스마스 특집.. ,7,1
224,로맨스 영화는 러브 액츄얼리 전과 후로 나뉜다,9,1
225,"어수선하고 억지스럽지만, 귀여우니까 7점.",7,1
226,아.. 지금 EBS에서 다시 몇 장면 봤을 뿐인데 예전 기억과 어우러져 눈물이 핑 도네요.. 정말 크리스마스를 따뜻하게 했던 아름다운 영화!,10,1
227,"아아~ 나 키이라 나이틀리 너무 좋아~ 그 장면이 그런상황이었을 줄은 상상도 못했던.. '이젠 그만, 이걸로 충분해'라니.... // 다른 것들은 음.. 억지가 상~당~히 들어갔지만 나름 뭐.. 잘 봤습니다~",9,1
228,에혀~ 억지스런 짝짓기 ㅉㅉㅉ,0,0
229,"그럭저럭 뭐 그냥저냥, 크리스마스에 딱 어울리는 영화. 사랑스럽고 달콤하긴 하지만 이런 영환 내 취향이 아닌가봐. ",7,1
230,진짜 명작!,10,1
231,아........사랑하고 싶어라....,9,1
232,때론 키스보다 더 사랑스럽고 아름다워 보이는 게 포옹이라는 것을 아주 잘 표현한 영화다. 포옹이 이토록 가슴에 와닿을 줄이야.. 오래도록 가슴에 남을 것이다.,10,1
233,볼만하다,7,1
234,ㅁㅇㄶ,10,1
235,크리스마스면 생각나는 영화다. 크리스마스 이브 전 날 헤어지고 집에서 치킨에 피티맥주 마시며 TV에서 봤는데 눈물날라 하더라.  이제 그만~ 쓸쓸한 크리스마스에 다시 보고 싶지안은 영화1위다,10,1
236,사랑하는게 죄는 아니다. 대신 지킬껀 지키자. 그리고 나중에 후회가 남지 않을 그런 사랑을 하자. ,10,1
237,젊은 연인들의 사랑은 시간이 지나고 익숙해지면 바랜다  이 이야기 속의 중년 부부처럼.  목걸이 선물을 아내가 아닌 여자에게 준 그 남자도 젊었을 땐 아내를 깊이 사랑했었을 꺼다.  사랑의 유한함- 비극!,9,1
238,진짜 보고 싶던 영환데 캐실망 했음,3,0
239, 사랑은우리주변에많다는좋은영화에여 첫씬이기억에남아여 늙은가수와매니저의이야기도감동적이고 ost가되네여,7,1
240,아띠 이거 생각하면 짜증나. 왜 하필 남의 마누라한테 꽂히냐!!!! 불쌍해서 못봐주겠어.,8,1
241,다른 내용들은 잘 모르겠고 포르투갈까지 가서 사랑을 이야기하는 제이미의 사람부분이 아직도 기억에 남는다..평생남을 듯. 아 그 신은 왤캐 멋지냐. 연출 진짜 잘했구려!,8,1
242,내가 이상한가 ? 평점 9.4는 아닌것같았다.,8,1
243,뻔하지만 감동적이고 사랑이넘치는 영화 ,8,1
244,괜찮았어요...,7,1
245,볼 때마다 달콤하고 기분좋은 영화에요~! ,10,1
246,크리스마스 시즌마다 두 번씩은 봄.. 정말 기분 좋아지는 영화,10,1
247,사람과 사람사이의 사랑할 수 있는 관계를 여러 측면에서 보여준 영화 대박 추천입니다. 감동 훈훈한 이야기,10,1
248,볼때마다 가슴 따뜻해지는 영화..항상 크리스마스였으면 하는 바람이 드는 영화!ㅎㅎ,10,1
249,로맨틱 코미디 이만한 영화 없지ㅎㅎㅎ,10,1
250,애프터러브를 보고서 생각이나 이 영화를 다시 들쳐보았다. 흠... 유머가 약간 부족해서 8점 줬다... 아.. 오해는 마시라.. 이 영화 재미있었다.... 특히 유명배우들의 종합선물세트같아서...,8,1
251,"로맨틱 코미디가 줄 수 있는 재미와 감동이 있다. 단, 당의정같은 판타지성의 약점!",7,1
252,부러우면 지는거지만 부럽다. 짜임새는 꽤 마음에 든다. 주인공들도 마음에 들고.. 그리고 재미있다는거. but. 진짜 unreal. ,7,1
253,중1거의 끝날때쯤에 국어쌤이 보여주셨는데 진짜 훈훈했음 ㅋㅋㅋ언젠간 꼭 보리라 생각했는데 정확히 3년후에 또보네여,10,1
254,굳이 점수를 깎고싶지 않다 ㅋㅋㅋ........뭐 재밌음....훈훈함 ㅋㅋ,10,1
255,"크리스마스때마다 보고싶어지는...가슴따뜻해지는 영화, 참 맘에 드는영화!!",10,1
256,솜사탕 처럼 달콤하면서도 난로 처럼 따뜻한 영화. 드라마 구성이 너무나도 잘 짜여진 영화. 배우들의 자연스런 연기가 보기 좋다. 사랑에 대한 깊이있는 시선보단 명료하면서도 친숙하게 사랑에 대해 접근한다. ,7,1
257,헤어짐을 경험하고 이별을 선언하고 있다면 이영화를 권하고 싶다. 잔뜩 지푸린 날씨처럼 구겨진 마음을 사랑이란 묘약으로 또다를 누군가에게로 손 내밀수 있는 용기를 줄 수 있는 영화라 생각한다.,9,1
258,좋아요,10,1
259,명성에 비해서는 좀..   이정도 영화는 흔하지 않나?  크리스마스라는 것과 몇몇 장면들 때문에 부풀려진 면이 있는듯..   생략이 많아서 공감도 잘 안되고..  그래도 기분이 좋아지는 영화인 것은 사실.,6,1
260,정말 좋네요 역시 명작입니다 감동적이고 가슴히 훈훈해짐,10,1
261,세번은 본거같은데요~~~볼때마다 ~가슴이 따듯해져요^^,10,1
262,따뜻한 영화! ㅋㅋㅋㅋㅋ 훈훈해서 크리스마스에 보기 딱 좋은 영화죠!,10,1
263,와우 굿 잡.ㅋㅋㅋㅋㅋ 이렇게 하는구나.ㅎㅎㅎ,10,1
264,"볼만하지만, 전 이 영화가 그렇게 감동적인지는 잘 모르겠습니다. ",6,1
265,한 마디로 영화의 깊이가 없습니다.,2,0
266,평점이 ㅎㄷㄷ 내가 이상한 넘인가 ㅠㅠ 뭐 불륜관계도 흐지브지 끝나고... 넘 비현실적이고;;;그래서 영화겠지만 솔직히 감동도 별루 없구 좀 지루해요;;,4,0
267,완전 잼있음 ㅎㅎㅎ,10,1
268,"My favorite movie... very attractive british accent, the best actors and it's the best movie.",10,1
269,따뜻한 영화 ㅋ,10,1
270,겨울만 되면 생각나는 영화,10,1
271,최고의 영화...아직도 크리스마스때되면 이영화를 본다,10,1
272,"음,, 감동감동 ",10,1
273,볼때마다 새로운 영화. 이렇게 아름다운 영화가 또 있을까 싶은 명작 중 명작,10,1
274,봐도봐도 볼때마다 너무 재미있는 최고의 영화,10,1
275,좀 뒤늦게 이영화를 봤는데요 정말 사랑하고싶은 영화에요♡!!,10,1
276,모든 장면 하나 하나가 정말 감동이고 명품이고 특히 Bill Nighy는 정말 훌륭합니다. 100편에 한번 있는 너무 맘에 드는 영화. DVD로 6번 봤는데 앞으로 몇십번을 더 볼 것 같습니다. 제가영국매니아라서 더 그런 듯,10,1
277,사랑하는 사람을 안아주세요 ^^,10,1
278,♡,10,1
279,보고 또 봐도 안 질리는 영화,10,1
280,휴그랜트의 코믹 엉덩이 춤이 기억에 남는 영화입니다. 아마 현실에서는 이뤄지기 힘들듯한 얘기들과 있을 법한 얘기들이 적절히 잘 섞인 영화라고 생각됩니다. 갠적으로 이 감독 영화는 항상 좋아라하고 기대됩니다.,9,1
281,상관없는듯...연결되어 있는 인물들의 관계... 그 속에서 진하게 우러나는 감동..정말 다시 보고 또 보고 싶어지는 영화다..,10,1
282,아 너무 좋아ㅎㅎㅎ,10,1
283,글쎄...,8,1
284,"영원한 갈증,그것은 사랑의 샘인가~~~",8,1
285,유일하게 감동받은 로맨틱코미디. 이거 보고 영국이 좋아짐. 미스터빈의 연기가 가장 기억에 남는다.,9,1
286,이 영화 아직도 안 본사람 있나???,10,1
287,멋진 장면 많음 ^^,10,1
288,와 사랑하고싶다! ,10,1
289,"많은 사람들이 열광하는데는 그만한 이유가있다. 스케치북 프로포즈가 불륜이야기인것에 충격을받긴했지만,.,.,.눈,귀 모두즐겁고 마지막 공항에서 사람들이 만나고 헤어지는 장면은 정말 명그림,.",10,1
290,ㅋㅋㅋㅋ그 유명한 스케치북 프러포즈가 사실 친구의 부인에게 고백하는 상황이였다닠ㅋㅋㅋ 신랑들러리들이 신부에게 불러준노래와 크리스마스파티에서 아이들이 부른  캐롤 장면이 제일 좋았다,10,1
291,good,10,1
292,사랑.. 하고싶게만든다.ㅋㅋ 아우 ,10,1
293,"보는 내내 웃음이 지어지는 영화,,근데 너무 여러커플들을 표현하려다보니 살짝 어색한부분들이 있음,,볼만하네염",8,1
294,역시~~,10,1
295, 매 한순간도 버릴게 없는 눈을 뗄수 없는 나를 설레게 하는 영화. ,10,1
296,정말 최고의 크리스마스 영화... 매년 크리스마스마다 보고있슴ㅋㅋㅋ,10,1
297,"완전.,..크리스마스엔솔직해지자..!!!! 와닿는다..",10,1
298,크리스마스엔 기적이 이루어지는 거야 ~~~,10,1
299,따뜻한 영화....,10,1
300,다시봐도 멋진 영화 ^^,10,1
301,사랑을 이야기 하면서도 감동을 주는 최고의 영화!!!,10,1
302,근 10년 이내의 최고의 로맨스물,10,1
303,사랑스러움. 보고 또 봐도 여전히 눈물 핑. 마음 찡. 입가엔 미소.,9,1
304,유쾌하게 잘 봤던 영화,9,1
305,해마다 크리스마스 이브날이면 보는 영화~ 사랑스럽다. 크리스마승 제일 어울리는 영화! ,10,1
306,늘 가슴속에 보고싶은 영화로 자리잡아버렸어요.. 이번기회에 또 봐야겠어요 ,10,1
307,어지러운 세상 주위에도 잘 돌아보면 사랑이 어디에나 있다는 휴그랜트의 명대사는 저의 마음을 언제나 울리네요.. 영화는 감동 그 자체 입니다.!,10,1
308,사랑에 대해 조금 알게해준 영화...정말 멋진영화에요 ,10,1
309,프로포즈 할때 이영화 꼭 보삼~~~감동적임.,10,1
310,수많은 옴니버스식 사랑 얘기를 만들게끔 한 그 영화. 굿~,9,1
311,크리스마스마다 보고 싶어지는 영화,10,1
312,크리스 마스에는 이영화!!! 노래 너무 좋아요 사랑하는 사람과 함께 보는^^,10,1
313,크리스마스엔 쵝오~,10,1
314,역시 로맨스 영화의 베스트 중의 베스트 영화이다,9,1
315,로맨틱 코메디의 새로운 시도랄까...,9,1
316,캐스팅을봐  일단 스케일이 다르잖아..  영국식 로맨틱코매디를 전형적으로 보여준 모범적 영화.. 말이필요없잖아,9,1
317,"크리스마스가 항상 이 영화 같았으면 ,, ",10,1
318,정말 사랑을 생각나게 하는 영화~매년 크리스마스때마다 빼놓지 않고 보는영화,10,1
319,최고최고!! OST는 매년 크리스마스 때마다 듣고 있어요^^ 크리스마스에 꼭 사랑하고 싶게 만드는 정말 좋은 영화~ 러브 액츄얼리,10,1
320,이 영화 누군가를 사랑하고싶게 만든다.  ,8,1
321,내 인생 최고의영화 중 하나!,10,1
322,따뜻하고 잔잔하게 다가오는 사랑의느낌...,9,1
323,많은 등장인물이 번갈아 가면서 나오지만 결코 산만하지 않았던 영화. 그들이 말하고자 했던 것은 '사랑'이었다. 크리스마스에 개봉해서 솔로들의 염장을 질렀던 영화.,10,1
324,내가 가장 좋아하는 스타일의 영화... 역시 휴그랜트는 이런 영화에 매력만점,9,1
325,매력있는 은은한 감동의 영화,10,1
326,ㅋㅋ따뜻한영화,10,1
327,사랑에 빠지고 싶거나 외로운 사람에게 추천 사랑하는 모습을 보는 것만으로 행복하다,10,1
328,사랑하고 싶어지는 영화^^,9,1
329,이쁜 영화,8,1
330,스토리마다 다 재밌었음,8,1
331,각자 꿈꾸는 사랑. 짧막하지만 사랑스러운... 크리스마스 선물같았던 영화.,9,1
332,달~콤 하면서도 조금은 씁쓸한 초콜릿같은 영화,9,1
333,공감은 잘 안 갔음,8,1
334,이젠 프로포즈의 방법이 되어버린 종이 넘기면서 하는 고백 ㅋㅋㅋ 볼때마다 설레이구요~사랑하고 싶게 만드는 영화에요^^예비 연인에게 추천합니당 ㅋㅋㅋ,9,1
335,크리스마스 시즌이면 언제나~,8,1
336,옴니버스 형식의 최고봉인 영화인 것 같다. 각각의 사랑과 크리스마스 타이틀이 너무도 잘 어울려서 행복을 주는 영화,10,1
337,크리스마스마다 나올것 같은 예감..,9,1
338,좋은 영화...크리스마스에 보면 더 좋을 영화....크리스마스에 못 본게 한이다 ㅋ,8,1
339,가슴이 따뜻해지는 영화,9,1
340,처음의 짧막짧막하던 이야기들이 결론으로가면서 각기 다른 감동을 주는 그리고 알게모르게 이어지는 최고의 영화로 서슴없이 꼽을 수 있다! 쵝오!,10,1
341,사람들이 너무 재미있다고 해서 기대하고 봤는데 전 어찌나 재미가 없던지..  제 심리상태때문에 그랬는진 모르겠지만.. 별 감동을 못받았습니다..,4,0
342,너무 이뻤던 영화.. 사랑하고 싶었던 영화~,10,1
343,내가 좋아하는 휴그랜트! 짱! ,10,1
344,보기만해도 행복해지는 영화 중 하나!!사랑을 막막하고싶어진다 ㅠ.,9,1
345,말을하면 진짜가 아닌게된다,10,1
346,굿!,8,1
347,감동적인 크리스마스 영화. 수많은 스토리와 수많은 배우들이 전혀 복잡하지 않고 너무 웃기면서 감동적,10,1
348,난 왜 사람들이 이 영화에 대해 자꾸 이야길 할까 생각했는데..보고나니 알겠어요..역시 사랑은 감동이고 표현이고 영원한것 같아요  ,9,1
349,미국에서 가장 내 가슴을 따뜻하게 했던 영화.... 3번보고 오늘 또 봐도 가슴이 훈훈해지게 하는 영화... ,10,1
350,많은 사람들의 이야기가 나와서 그런지 지루하지 않았다 난 이런영화를 언제봐도 훈훈한 느낌이 든다는^^,10,1
351,전 우울할 때마다 이 영화 봐요. 이세상에 완벽한 사랑은 없을 수 있지만 사랑이 있다는 것 그 자체가 살아가는 의미라는 생각이 듭니다. 어디서나..누구에게나 사랑받는 것보다 사랑하는 것이 더 큰 기쁨이라는 것.,10,1
352,"많은 여운과 감동을 주는 영화입니다. ""때로는 어떠한 증명이나 이유없이 확신이 들때가 있잖아요... 당신은 나에게 그런 존재랍니다.""명대사가 기억에 남네요^^",10,1
353,3점준놈제정신인가 늑대의유혹이나바라,10,1
354,맙소사 진심으로 재미없던데 ....,3,0
355,행복해지는 영화 ^-^,10,1
356,최고의 로맨틱 영화^-^,10,1
357,크리스맞이 감동 종합선물세트!,10,1
358,흠.예전에 봤던것도 성탄절전후인가 본거같네 하두오래되시리.가물 음악이 정말좋아서 다운받어서 듣고했는데 내용도 웃음과 감동을주고 사람파트별로 나눠줘서 지루하지도않고 재미있게 본영화..,9,1
359,토마스생스터 진짜 기여웠음 ㅋㅋㅋㅋㅋㅋㅋㅋㅋㅋㅋ ,10,1
360,보면서 행복감을 느낄 수 있는 영화!!,10,1
361,방금 OCN에서 하길래 봤는데 감동이었음.....  사랑을 하고싶은 생각이 들었어요,10,1
362,가장좋아하는 영화중에 하나!! 몇번을 봐도 정말 감동감동!!,10,1
363,굿굿 굿이야~,10,1
364,"내가 가장 좋아하는 영화,아름다운영화!!",10,1
365,내 감성이 매말랐나...아님 사랑에 매말랐나..,5,0
366,.,10,1
367,ㅋㅋ 나도 저런날이 오려나 ..하게만드는영화 ~ ㅎㅎ,10,1
368,멋있어,10,1
369,이 영화를 보니까 마음까지 행복해지네요,10,1
370,정말 맘이 따뜻해지는 영화,10,1
371,이 영화를 보면 왠지 행복해지는... ,10,1
372,정말너무재밌게 봤습니다 못보신분들있으면 꼭보세요 행복하게 만드는재주가있는영화에요 ^^,10,1
373,정말 겨울만 되면 생각나는 영화입니다~ 따뜻하고~특히 스케치북으로 고백하는부분은 잊을수가 없네요~ 남자친구랑 다시 한번 봐야겠어용ㅋ,10,1
374,올 겨울에 여자친구랑 풋풋하게 손잡고 볼 만한 영화 중에 하나...감동과 아름다운을 표편한 영화이죠..,10,1
375,막판으로 갈 수록 가슴 찡한 감동과 사랑을 느낄 수 있는 영화. 작은 것에서 얻을 수 있는 소소하지만 큰 감동. ,10,1
376,영화한편이 이렇게 많은 사람들을 동시에 행복하게 만들 수 있다니...,10,1
377,이 겨울에 생각나는 가슴  찌릿한 아름다운 영화입니다. ,8,1
378,따뜻한 눈물과 따뜻한 웃음이 나는 영화,10,1
379,다시 봐도 감동의 물결이 가슴에 맴도는 영화~,9,1
380,사람이 사람을 어떻게 사랑할 수 있는지 보여주는 영화...,10,1
381,"극장에서 보고, 비디오로 봐도, 계속 생각나서 소장할 수 밖에 없는 영화. 내가 크리스마스에 원하는건 당신뿐이에요...",10,1
382,to me you are perfect.. 디토가 이 글을 넘길때 너무 감동적이였다 ,10,1
383,크리스마스가 될 때면 라디오를 들고 커다란 종이에 글을 적어 사랑하는 사람에게 고백을 하고싶게끔 만든 너무나 아름다운 영화... 다른 에피소드들도 좋았지만 저는 고백하는 장면이 아직도 감동으로 남아있어요..,10,1
384,주위의 추천에 너무 많은 기대를 해버렸다 그냥 그랫다,5,0
385,사랑하고픈 모든 이를 위한 영화. 크리스마스되면 항상 생각난다.,10,1
386,'2년 7개월 13일 되고도 7시간 30분 동안' 내 하드에 들어있어도 지우고 싶지 않은 영화!,10,1
387,"크리스마스, 사랑, 뭉클함등 가슴이 따뜻해지게하는 영화..",10,1
388,미소지을 수 있는 영화,10,1
389,다시오는 크리스마스에 또보고싶은 영화.. ,10,1
390,마음이 따뜻해졌던 영화,8,1
391,제일좋아 ~ ♥요새도 디비디산거로 계속 보고있어요~ㅋㅋ,10,1
392,최고,10,1
393,최고최고!!!!!!!!!!!!!!!!!,10,1
394,연말마다 한번씩 봐줘야만 하는 영화,10,1
395,감슴 따뜻해지는 영화..ㅋ,9,1
396,로맨틱코미디의 완소 작품,10,1
397,크리스마스의 따뜻하고 사랑스런 분위기를 잊을 수 없다. 서로의 언어가 통하지 않아도 같은말을 하던 그들 ..  사랑하고 싶어지게 하는 영화!,10,1
398,"쏠로라면 따뜻한 사랑이 하고싶고,커플이라면 곁에있는 사람이 더욱 소중히 여겨지는 영화",8,1
399,"보고 보고 또 봐도 질리지 않는, 볼 때마다 기분을 새롭게 해주는 비타민과 같은 따뜻하고 출연진 모두의 개성이 잘 드러난 각자의 사랑이 모두 아름다운 기분 좋은 영화 ",10,1
400,솔로든 커플이든 크리스마스든 아니든 언제 누구랑봐도 좋은 영화 보고있으면 행복해지는 영화~ ,10,1
401,무엇보다도 사랑이란게 뭔지 잘 보여주는 영화. 사랑에 대한 참고서 같은 영화,10,1
402,성탄절을 즈음해서 본 영화중 최고로 기억되는 영화,9,1
403,행복한 영화..,10,1
404, 마음이 따뜻해 지는 영화. 음악도 최고… 정말로 사랑은 온 세상에 있는 것 같은 착각을 일으키게 만드는 영화 ,10,1
405,정말로 사람들을 행복하게 만드는 영화였습니다. 저절로 웃음이 나고 행복해지더군요,10,1
406,이번에도 이런 영화 또 나오길 !!!!,10,1
407,진짜 마음이 따뜻해지고... 위로가 되는 영화,10,1
408,정말 멋지고 감동적이며 무언인가 남을수 있는영화  !!,10,1
409,정말조아요!,10,1
410,영화도 영화지만 노래들도 참 좋다는...,10,1
411,크리스마스에 연인과 꼭 봐야하는 영화죠. 정말 재밌고 사랑을 하고싶은 영화로 기억됩니다.,10,1
412,zz,10,1
413,사랑에 빠졌을때 꼭봐야하는 영화,10,1
414,정말 사랑하게 만드는 웃음을 주는 영화**,10,1
415,사랑하고 싶게 만들어주는영화^^,10,1
416,사랑에 빠질것 같은 영화,10,1
417,"사랑하기를시작하고있는사람,사랑하고있는중인 모든사람들에게 추천하는영화!",10,1
418,오랜만에 느낀 훈훈함이 좋았던 영화로 기억한다.,10,1
419,진정으로 가슴이 따듯해 지는 영화 ^^,10,1
420,최고!!!,10,1
421,짱,10,1
422,겨울이 되면 생각나는 영화...생각나면 마음이 설레이는 영화,10,1
423,이 영화를 안본사람은 꼭 보시오!!  라는 이 한마디뿐...,10,1
424,몇번을 다시봐도 끌리는 영화~,10,1
425,로맨틱 코미디의 진수!乃,10,1
426,"봤던것을 또 보는 일이 없는 나에게, 5번정도 보고 책도 구입해서 읽었던 영화이다.",10,1
427,마음이 따뜻해져서 몇번이고 본 영화^^,10,1
428,ㅋㅋㅋ,10,1
429,우후!,10,1
430,쵝오,10,1
431,짱~,10,1
432,짱!! 러브액츄얼리 ㅋㅋ,10,1
433,이건 진짜 최고지♥,10,1
434,진짜 셀수없을정도로본영화 ^ ^,10,1
435,정말 사랑스런 영화였어요. 영화를 보고나면 막 사랑하고 싶어요 ^^,8,1
436,너무 좋았어요~보는 내내 눈을 다른곳으로 돌릴 수가 없었어요 ,10,1
437,잔잔하고 따뜻한영화...♡,10,1
438,이런영화 100번봐도...질리지 않는다~ㅋㅋㅋ,10,1
439,너무예쁘고평생간직하고픈아름다운영화♡ocn에서봤는데 완전반했다는+_+,10,1
440,정말 우리에게 필요한 영화. 웃음을 주면서도 그 안에 훈훈함이 묻어나는...,10,1
441,최고.. 이말바께 생각안남,10,1
442,로맨틱영화중 최고! 너무 예쁜 영화,10,1
443,보고 반한 영화 ㅋㅋㅋ진짜 재밌었어요,10,1
444,사랑할때 이들처럼 할수 있다면 좋겠다... 머리로 이해하지 않고 가슴으로 이해할수 있는 영화.. ,10,1
445,외국영화중  드라마틱 부분에서   최고중의 최고의 영화    모두 행복하라는 메세지,10,1
446,정말 최고의 영화!,10,1
447,여태껏봤던영화중가장마음에 드는 영화,10,1
448,사랑 사랑 사랑..,10,1
449,영화 음악을 지금 들어도 그때 영화장면이 떠오릅니다^^,10,1
450,이거보면 사랑할거 같아서...,10,1
451,음악과 배우들의 연기가 너무 따뜻했던 영화!,10,1
452,마음이 따뜻해지는 영화.. 각기 다른 사람들의 사랑이야기,9,1
453,겨울이면 항상 다시금 보는 가슴따뜻해 지는 영화..,10,1
454,정말 아름다운 영화입ㄴㅣ다 ,10,1
455,보고 또 보고 겨울이면 늘 생각나는 영화,7,1
456,"가을에 봤던 영화지만 정말 최고다 , 3년이 지났지만 못본사람들은 크리스마스때 사랑하는 사람과 같이 또는 혼자서라도..",10,1
457,내가 여지껗 봤던 영화 중에 최고 작품이다...,10,1
458,외모 지상주의 풍조에 있어서 사람을 마음으로 사랑해야한다는 것을 깨닫게 된 영화,10,1
459,정말 마음 따듯한 영화에요.,10,1
460,보고 나서 새삼스럽게 사랑을 하고 싶다는 생각이 드는 영화 ,10,1
461,로멘틱 코메디 나 드라마 는 영화로 보기에는 지루하다.... ,3,0
462,사랑 스러운 영화 사랑하고 싶어 지는 영화 ,10,1
463,"To me, you are perfect.",10,1
464,"진짜 가슴 따뜻했던,",10,1
465,여기나오는 old가수 이름 까묵엇는대 넘잼있음 ㅎㅎ.. 집에 비디오도 사놯어요 소장가치 충분!! 세상이 그다지 어둡지만은 않다는걸 느끼게 해주는영화에요(특히 클라이막스 장면...),10,1
466,쫌씩밖에 못봤지만.. ㅎ 아름다워요!!ㅎ,10,1
467,이 영화는 정말.. 자기도 모르게 입가에 미소가 번지게 되는 그런 영화죠.. ^-^,10,1
468,마음따뜻하게 하는 정말 최고의 영화!! 특히 친구의 부인에게 글로 사랑을 고백하는 씬은 절대 잊을수 없는 최고의 명장면이죠....,10,1
469,미스터 빈 (로왓 앳킨슨) 씨도 재밌었음 ㅋ,10,1
470,흐뭇해지는영화..,10,1
471,정말 재미있는 최고의 영화!!!,10,1
472,다른 영환 몰라도 이영화만큼은 진짜,10,1
473,사랑이 행복하다고 느낄수있는영화^^ ,10,1
474,"배우, 스토리, 연기, 감동, 따스함, 사랑스러움 그 어느하나도 박수받지 않을게 없는 영화.",10,1
475,내가 본 영화 중에 가장 가슴 따뜻하다고나 할까....좋아요,10,1
476,^^,10,1
477,정말 행복한 영화인데..전 마지막 장면에서 눈물을 흘렸죠. 그건 무엇이었을까요..왜 그렇게 다들 행복해보이는 걸까요,9,1
478,후훗..보면서 내내 미소가 지어졌던 영화.ㅋㅋ 아하 여기서 휴 그랜트의 매력에 다시 한번 빠졌다는..,10,1
479,보면볼수록 설레이는 영화,10,1
480,정말내가너무좋아하는영화에요ㅋㅋㅋ,10,1
481,제인생에서 정말최고의영화...,10,1
482,예전 여자친구와 함께 본 영화입니다. 가슴 따뜻해지고 사랑을 어떻게 해야 하는건지 보여주는 영화입니다. 더 긴 말은 필요없습니다. 정말 최고라는 수식어가 필요할 만큼 제게는 멋진영화였습니다.,10,1
483,마음이 따뜻해지는 이쁜 영화,8,1
484,"기대 안하고 본 영화인데, 보고난후 너무나 행복했구, 영화가 사람을 행복하게 만들수도 있다고 생각했어요",10,1
485,정말로 극본 쓴사람과 연기한 사람을 존경하게 되는 영화였죠.ㅋ,10,1
486,멋진영화짜임새있는스토리,10,1
487,너무 재밌었던 영화 였죠..멜로와 코미디를 합친 그런영화^ㅡ^ 적극 추천!!,10,1
488,마음과 눈마저도 뜨거워지는 이야기... 우리 주변을 돌아보게 되요... ^^,10,1
489,"기대도 안하고 봤는데, 정말 재밌게 본 영화 1위를 뽑으라면 당연히 이 영화다.",10,1
490,정말 재밌게 보고 보자마자 인터넷 찾아보고 그랬던 유일한 영화. 진짜 말이 필요없음 보셔야암..^^,10,1
491,좋은 영화,10,1
492,가슴설레는영화~,10,1
493,제목그대로 사실적인 사랑만을 보여주는 영화.. ,9,1
494,다양한 사랑방식을 보여준 따뜻한 영화☆,9,1
495,보면사랑하고싶은영화,10,1
496,무엇보다도 노래가 좋은 영화...,9,1
497,수십번 봐도 질리지 않는... ,9,1
498,Good,10,1
499,크리스마스가 아닐때도 생각나는 영화!!,10,1
500,다채로운 사랑이야기~ 정말 사랑하고 싶게 만드는 영화였다~,10,1
501,내가 알고 있는 최고의 로맨스무비!!,10,1
502,크리스마스 최고 영화. 매번 봐도 푸근하고 사랑스런 영화! ,10,1
503,[푸른바다] 너무 아름다운 영화.. ,10,1
504,"크리스마스와 잘 어울리는, 우리 주변의 자연스러운 사랑의 이야기들을 엮어놓은, 아름다운 영화 한편으로 기억에 남습니다...",10,1
505,나는 결혼 한 여자를 짝사랑하는 남편 친구의 이야기!!! 너무 좋아하는 영화!!!! 진짜 아름다움..,10,1
506,크리스마스에 딱 어울리는 따뜻한 영화~백번을 봐도 후회하지 않을 영화~,10,1
507,가장 기억에남는 영화...보고 또봐도 감동적인 영화...,10,1
508,사랑을 하고 싶은... 사랑으로 눈물짓게 만드는 마음 따스히 데워주는 ^^사랑하고픈 영화입니다,10,1
509,ㅋㅋㅋ남자아이의 사랑이야기가 가장 좋았음.,10,1
510,마냥 훈훈해지는 영화♡,10,1
511,"보아라, 왜 10점을 줄수밖에 없는지 알수있을것이다.",10,1
512,봐야지 하면서도 안봐지던 영화..어제 티비에서 하길래 볼것도 없어서 봣는데... 정말..현실적인 이야기..나도 하고 있는 행동들..동감이 되더군요.. 가슴이 따뜻해지는 영화입니다♥,8,1
513,왜.100대영화에 끼인것인지? 글쎄...,1,0
514,"사랑은 늘 가슴아프고, 행복한 일인 것 같다. ",9,1
515,입가에 흐믓한 미소를 머금게 해주는 영화... 훈훈한 기운으로 마음이 가득하네요..,10,1
516,You're perfect to me..,10,1
517,마음이 따듯해지는 영화 첫시작과 마지막 엔딩 공항씬이 앞권 물런 중간 중간 각기 다른 삶과 다른 사랑이 이루어질때 마다 행복한 웃음을 자아내게 하는 좋은 영화 였습니다..강추,10,1
518,크리스마스=러브액츄얼리라는 공식이 생각날만큼 기억에 남는 영화죠~,10,1
519,이 삭막한 세상에 따듯한 사랑들이 있어 살만한 세상이라는걸 말해줘요.,10,1
520,마음이 따뜻해지는 영화,10,1
521,최고최고최고최고최고최고,10,1
522,옴니버스식 영화의 새바람을 불게 했다고나 할까. 그동안 많았찌만 장면장면들이 짜임새 있게 이어져 꽤 재밌었다.,6,1
523,"영화속 명장면, ⟨매트릭스⟩의 총알 피하는 장면처럼,,이 영화에는 휴그랜트의 혼자 춤추거나 키이나에게 사랑고백장면등이 기억에 남는다",10,1
524,독특한 이야기로 무언가 가슴에 남는 영화...재미도 있고..,10,1
525,오랫동안 뿌듯한 느낌으로 남는 잔잔하고 깨끗하고 애틋한 영화,10,1
526,좋아여,9,1
527,크리스마스에 보기 좋은 명쾌하고 유쾌한 영화......,8,1
528,더이상 있을까?.......,10,1
529,It ain't over till it's over!,8,1
530,겨울에 보면 맘이 따뜻해지는영화~~~보는내내 행복해진다.~,9,1
531,종합선물세트같은 영화,9,1
532,세상의 사랑을 다양하게 그렸다.,10,1
533,그들이 우리곁에 있기에 아직 살아갈만 하다,10,1
534,사람들이 재밌다고 하는데ㅜㅜ 저는 아직 못봤다죠ㅜㅜ.....좀있으면 추워지는데 남자 아무나 데리고 같이 봐야겠습니다ㅋㅋㅋ,10,1
535,크리스마스엔 아픔조차 행복이 되는.... 이 영화가 알게 해줬습니다.,8,1
536,보고또봐도 질리지 않는 영화..,10,1
537,크리스마스잖아요. 나에게 당신은 완벽해요. 가슴이 아파도 당신을 사랑할 겁니다. 백번을봐두 재밌어요.,9,1
538,남친과 이 영화보고 사랑이 뭔지 알게 되었고 결혼하게 됐어요 ^^ 지금도 이 영화를 연인들에게 추천한답니다.,10,1
539,보면 행복해지는 영화,9,1
540,크리스마스에 보기 정말 딱 좋은영화.,10,1
541,내 인생 최고의 영화....크리스마스를 기다린다면 꼭 봐야할 영화,10,1
542,최고,10,1
543,세상에서 사랑을 할 수 있다는것에 감사하게된 영화이다!,9,1
544,가장 좋아하는 영화. 질리지 않는다..,10,1
545,"감독, 각본, 연기... 딱 할만큼 하는 영화.",8,1
546,따뜻함을 느낄수있었다. 사랑은 어디에나 있다.,9,1
547,아기자기한 사랑의 느낌을 전해주는 영화,9,1
548,"사랑이란,,,",10,1
549,기분너무너무조아지는영화에요~시간이지나도죽 생각나구요..,10,1
550,재밌을꺼같아요 ^ ^ 완전기대,7,1
551,사랑의 완성,10,1
552,사랑한다는게 어떤건지 너무나도 잘 보여준 영화!!! 행복하고 가슴따뜻해지는 영화!!!,10,1
553,역대최고의 로맨틱영화,10,1
554,다가오는 올 크리스마스에도 또 볼꺼에요.ㅋㅋ 즐겁고 행복하면서도 괜히 눈물이 나고 가슴이 찡~해지는 영화지요.^^,10,1
555,사랑하는 사람과 같이 보면 더욱 행복한 영화..보고나서 입가에 미소가 걸립니다.~,8,1
556,"겨울이 되면, 크리스마스가 가까워지면 어김없이 다시 보고 싶어지는 영화!",10,1
557,마음 따뜻해진 영화~영화 속 음악도 참 마음에 든다^^ 각 등장 인물들의 사연이 모두 좋았다.,8,1
558,보면 행복해요~,10,1
559,연말이 되면 이 영화가 떠오른다,9,1
560,최고의 크리스마스 영화,10,1
561,3번이나 보고도 또 보고싶은 영화~~크리스마스가 되면 떠오르는 영화~~OST도 너무 좋아서 CD 낼름 사버렸었어요~남녀노소를 떠나 누구나 사랑이란 걸 하는 모습이 너무도 예뻐 보였습니다. ,10,1
562,생전처음 느낀 그 감동..영화가 끝난뒤에도 감동에 겨워 한동안 일어날 수 없었던 영화입니다. 사랑..모든걸 포옹할 수 있는 단어임을 알면서도 표현에는 한계가 있을 거라를 상식을 싸그리 뭉개버린 영화,10,1
563,사랑을 하고픈 맘을 갖게 해준 영화..마음이 따뜻해지는 영화..,10,1
564,최고 !!!!!!,10,1
565,"따뜻함과 웃음이 베어나오는 영화, 크리스마스에 어울리는 영화. 연인과의 사랑뿐아닌 가족의 사랑, 친구와의 우정이 모두 어울리는 액츄얼한 영화입니다.",10,1
566,love is all around...,9,1
567,그다지..,7,1
568,대박,10,1
569,사랑의 종합선물세트!! 세상 사람 수 만큼이나 다양한 사랑이 존재하는 걸 가르쳐준 영화예요,9,1
570,"사랑이란,,이런것,,이란 평을 내린 영화~~",10,1
571,정말 최고에요!! 감동 MAX★,10,1
572,겨울이면 생각나는 잔잔한 감동의 최고의 영화~~,10,1
573,몇번을 봐도  지루하지 않아요..,10,1
574,정말 최고의 영화.,10,1
575,정말 감동적이고 최고의 영화다.멋있다~,10,1
576,정말 마음 따뜻한 영화~ 두고 두고 마음에 남는다.,10,1
577,"이 영화 너무 마음에 들어서 DVD로 구입까지 했답니다....출연진들이 다 좋아하는 분들이예요~! 콜린퍼스,키이라나이틀리,휴그랜트,엠마톰슨,등등 출연진들의 조화가 너무 돋보였던 영화였습니다*^^*",10,1
578,"아빠의 사랑 ,연인의사랑등 다양한 사랑의 형태를 볼 수 있어 즐겁다.. 휴그랜트의 귀엽게 춤추는 모습은 재미있군요~~",8,1
579,너무 기대하고 봐서 그런지 별루던대요 -_- 몬내용인지 헐 임 ,6,1
580,췍오!~~,10,1
581,최고다 시발 흑흑,10,1
582,"아마도 원본을 보신분들은 더 반하셨을거예요... 우리 나라에서 개봉했던건 너무 많이 짤려서... 좀.. 이해가 안가는 부분도 있었죠,,..",10,1
583,너무 좋았음!,9,1
584,"정말 아름다운 영화 같아요~!! 또,, 여기 배경음악이 너무 좋아요",10,1
585,good!!,10,1
586,유명하대서 봤더니 본게 아깝다.  어린시절 추억으로 봄. ,1,0
587,"절대 여자를 위한 영화는 아니예요!!! 이 영화중 여자 캐릭터가 주체성이 있는 사람 한명도 없어요. 여성성적대상화, 남성의 시선으로 바라보는 느낌이 너무 강해서 불편했어요. 옛날 영화라 그럴수 밖에 없나보지만.... 감동은 아주 조금.  근데 여자로서 이 영화는 로맨틱하지 않아요....",4,0
588,가슴 따뜻해지죠,8,1
589,다양한 사랑을 보고 있으면 가슴이 저절로 따듯해지는 기분 좋은 영화. 1년에 한번 이상은 다시 보는 영화,10,1
590,"어린 시절, 선물 받으면 기분이 매우 좋았던, 종합선물세트 상자를 열어보는 느낌. 모든 이야기가 사랑스럽지만, 그 중에 더 취향저격하는 에피소드가 있다. 볼 때마다 다른 느낌을 주는 영화.",8,1
591,크리스마스마다 본 러브액츄얼리가 도대체 몇번인지!!  ㅎㅎ,10,1
592,이게 크리스마스 영화지,7,1
593,참 유쾌한 영화였다,10,1
594,매년 찾아보는듯~ 정말 잘 만든 영화~,10,1
595,ㅎㅎㅎㅎㅎㅎㅎ,10,1
596,가슴 한아름 사랑보따리를 안겨주는 선물같은. 크리스마스를 위해 태어난 최고의 사랑 영화. 명작엔 별다른 수식어가 붙지 않아도 언제나 반짝반짝 빛이 난다~,10,1
597,교과서적인 가족영화,10,1
598,"여러 캐릭터와 이들간에 일어나는 관계들을 잘 묘사했고, 이들을 하나로 모아 연계시키는 것 또한 훌륭했음. 스케치북 씬은 영화사에 길이 남을 명장면이었고, 군더더기없이 훌륭한 로맨틱 영화임. ",10,1
599,오늘 처음 보았는데.....아주 재미있었음.....,10,1
600,진짜진짜 사랑스러운 크리스마스 영화❤❤ ,10,1
601,크리스마스니까....,10,1
602,키이라는 참 ... 연기 노답이여,0,0
603,이거 별루였다. 콜린퍼스랑 늙은록가수 외엔 다 시시했음.,2,0
604,대충 보면 감동이지만 연출은 개쓰레기,5,0
605,크리스마스에 와 짜증나   크리스마스니까   와우 항상 제대로못봤는데  맙소사  뭐야 이건    맞다 바람핀 남자  딱 걸려  맙소사 하네   어이없네 헐 괜히 봤다    노트북  생각 많이 했나 다보고 기분 더럽다,1,0
606,해바라기 같은 영화 안본사람은 있어도 한번만 본 사람은 없는 그런 영화.,9,1
607,도대체 몇번을 보는 건지!!!,10,1
608,볼때마다 넘 재밌음 ㅋ ,9,1
609,오랜만에 웃으며 눈물 흘린 영화,10,1
610,내감성을  모두  가져가버린 두시간짜리 인생작,10,1
611,다시봐도 감동과 사랑❤,9,1
612,10년 넘게 크리스마스면 보게 되는...,9,1
613,출연진 화려하다,10,1
