﻿,document,score,label
0,여운이 많이 남는 영화였어요 죽음과 영원에 대해  생각해보게 돼더군요 박보검님의  순진무구한 눈빛에서 날카로워지는 폭발하는 눈빛 연기 인상적이었습니다.  편집부분이 매끄럽지 않은 부분이 좀 있었는데 그래도 잘봤습니다,10,1
1,생각이  많아지는 영화네요,10,1
2,가볍지 않고    메시지가 있어  많은 생각을  하게되는 영화네요. 박보검  연기 잘하네요 . 말이아닌  눈으로   감정을 전달하는데... 공유씨의 깊은 눈물이 여운이  남네요.  장영남님 면기좋아하는데 너무  분량  적어서  아쉽네요. 전반적으로 감성이  좋은  영화네요,10,1
3,영상보니 언능 보고싶네요. 박보검 공유 둘 다 넘 좋습니다.,10,1
4,"삶속에서 늘 품고 사는 주제, 그래서 더 와 닿았습니다. 오늘도 무언가가 되고 싶은 희망을 갖게 되네요. 주저하지 마시고 앞으로 나갑시다.  서복 화이팅!",10,1
5,⟨서복⟩박보검배우의 첫 주연 영화~!! 공유와 박보검의 조화!!  ♡서복♡이보다 더 좋을 순 없다!!!  너무 기대되는 영화입니다~!! 두 배우님과 감독님을 응원합니다~~!! ⟨서복⟩ 화이팅~!!,10,1
6,서복 박보검 기대합니다!!,10,1
7,서복이란 캐릭터는 박보검 연기가 압권임 영화 재밌게 봤어요 CG도 화려하고,9,1
8,삶과 죽음 인간에게 어쩔수없이 일어나고야 마는 일이라 많은 걸 생각하게 됩니다 잘 봤습니다,10,1
9,박보검님서복기대합니다홧팅!♥,10,1
10,오늘 보고왔습니다.  sf박진감 넘치는 영화는 아니고 생각할게 많은 메세지를 주는 영화였네요  갖을수없는 것에 대한 인간들의 끝없는 욕심이 쓸쓸함으로 다가오는 영화였습니다 보고나면 먹먹해져요ㅠㅠㅠㅠ 배우들 연기 특히나 정말 굿굿 입니다!!!,10,1
11,"서복, 이렇게 슬프고 마음 아픈 영화일 줄이야. 박보검은 연기고 뭐고 할 것 없이 딱 서복이었다, 최고다!!! 그리고 두 시간이 훌쩍 지나갈 정도의 몰입감과 뛰어난 완성도!",10,1
12,"시나리오의 짜임이나 연출, 작품성보다는 관람 관점  포인트를 영화의 메시지에  두고 보면 인간의 삶,죽음,욕망의 묵직한  감동. 박보검의 연기와 대사, 그것이  주는 메세지가 영화가 끝나도 여운을 남게 하는 영화",10,1
13,ott도 괜찮지만 영화관에서의 감상을 추천합니다 화제의 영화라 티빙으로 먼저봤다가 바닷가씬때문에 큰스크린으로 다시 감상하고싶어져서 주말에 아맥스관으로 보고왔는데 여운이 굉장하네요 이 영화 참 묘해요 왜 재탕이 더 맛있죠? 어떻게 두번째 볼 때 감흥의 크기가 더 큰걸까요 오징어다리 뜯으며 감상하는 식상한 sf물이 아니었네요,10,1
14,여운이  남는 영화..,10,1
15,"소재의 특별함과 타이틀 롤인 박보검 배우가 서복이란 인물을 어떻게 그려냈을지 기대가 됩니다.  감독, 배우들 모두 호감인 작품.",10,1
16,"여운이 크고 먹먹하다. 극장에서 또 보고싶은 영화. 배우들 연기가 훌륭하고 묵직한 메시지도 울림 준다.  신비롭고 양면적인 분위기의 복제인간에 박보검이 정말 잘 어울린다. 영상미, 액션 특수효과, 음악도 다 최고",10,1
17,티빙으로 봤어요 의외로 괜찮아서 놀람 그저 액션인줄.. 두 배우의 연기도 일품이었고요~,10,1
18,기대하고 기다려요!,10,1
19,많은 메세지를 주는  영화~~*,9,1
20,너무너무 기대됩니다.,10,1
21,"아름답고 슬픈 동시에 철학적인 영화, 예상되는 결말이지만 헐리우드 못지 않은 CG기술을 보며 저 정도 예산을 쓰지 못한  영화""마녀""의 박훈정 감독이 엄청 부러워 했을것 같은 생각, "" 뱀파이어와의 인터뷰"" 영화와도 비슷한 고찰, 꼭 극장에서 봐야 아깝지 않은 영상입니다",9,1
22,박보검 공유  대박  화이팅  ,10,1
23,인간에 대한 많은 점을 돌아볼 수 있는 영화아닐까해요,10,1
24,믿고보는 배우 공유님  보검님 ...상영시간이 너무 짧게 느껴질만큼  몰입해서  보게된  오랫만에 느껴본  잔잔하게  깊은 감동을 주는 영화였어요...모두가 겪을 두려움을 공유하는  위로감...,10,1
25,"두 배우의 연기가 돋보이는 영화이며,  삶과 죽음에 대하여 계속 곱씹게 하는 영화입니다.",10,1
26,공유×박보검 조합만으로도 기대 만땅인데 예고편보니 더욱 기대됨,10,1
27,곱씹게 되는 영화!  좋은 영화를 만날 수 있어 고맙다.  영화가 던지는 묵직한 화두...  배우분들의 감성 깊은 연기!  두고두고 오랫동안 생각날 것 같다.,10,1
28,공유 아이러브유 ~~서복 너무 보고싶어요 박보검 군대 가기전에 찍은 드라마 에서 완전 홀릭  공유는 항상 든든한 산같은 그런분 항상 두분 응원합니다 공유 아이러브유 행복하시구요 새해에는 제발 좋은분 만나 결혼도 하시길축복합니다,10,1
29,무려 공유x박보검! Nn차 관람할게요,10,1
30,정말 오랜만에 깊은 울림을 주는 영화를 봤네요 두 배우의 연기도 눈을 뗄수 없었음 특히 박보검의 절제된 감정연기와 눈빛 진짜 쩔었음,10,1
31,서복 기헌 동행 시작되며훈훈재미나고  후반 시원통쾌그리고 예견된 운명 아쉽고 아련해서 오래 기억날 영화,10,1
32,여운이 많이 남는 영화네,10,1
33,무조건 믿고 보는! 배우 공유 기다립니다,10,1
34,계속 뭔가를 생각하게 하고 울컥하게 만드는 영화 오랜만인듯 싶다 거기에 배우들 연기와 비쥬얼은 보너스인듯,10,1
35,영화를 보고 난 후 계속 잔상이 남는다. 왜 그럴까 계속 생각하게 된다. 처연함으로 힘든 마음이 이제는 자유롭게 떠나지 않았을까 하는 위로로 다스려본다. 슬프고 또 슬프다.,10,1
36,누구보다도 가장 인간적이었던 그래서 더 마음아프게 느껴졌던 서복. 삶에 대해 많은 생각을 하게해준 여운이 깊은 영화,10,1
37,"계속 생각나고, 다시보고 싶어지게 만드는 영화네요. 영원한것은 무엇인지, 어떻게 살아가야 할것인지. 얼마나 사는것이  적당한것인지. 사람들의 욕심에 대해서.. 많은 여운이 남는 영화입니다",10,1
38,언젠가 마주할 죽음에 대해서 깊게 생각해 볼 수 있는 영화 서복의 날 것 같은 질문이 콕콕 박혀온다,10,1
39,삶과 죽음 인간의 욕망에  대해 많이 느낄수 있어서 좋았어요 배우들의 연기는 말할것도 없고,10,1
40,보고나서도 계속 생각나는 영화입니다.,10,1
41,묵직한 주제에 대해 많은 생각을 하게 만드는 영화 서복! 영상미도 좋았고 배우들 연기도 최고였어요 극장에서 보길 잘했다는 생각이 들어요,10,1
42,두 배우 연기 너무 좋았고  보고 나서도 계속 생각나게 하는  힘이 있는 영화,10,1
43,박보검이 아닌 서복은 상상이 안됨 서복역에 찰떡 죽음과 영원이 산다는 것에 대해 영화를 보며 고민해 볼 수 있었던 시간  생명 윤리에 대해서도  생각해 볼 꺼리가 있는 의미있는 영화,9,1
44,두 배우의 열연이 빛나는 영화ᆢ삶과 죽음에 대해 다시 한번 생각해보게 되네요,10,1
45,그러지 말지... 서복의 눈빛이 아팠다,10,1
46,"오랜만에 극장에 가서 본 영화 서복.  연기 잘하는 배우들이 출연하는 영화라서 그다지 좋아하지 않는 SF 영화임에도 보러갔는데, SF 는 소재일뿐 근본적 인간의 삶과 죽음에 대한 여러가지를 생각해보게하는 철학적 질문들로 묵직한 울림을 주는 영화였습니다.  영화가 끝나고는 여운이 길게 남아 한동안 자리를 뜰 수 없었네요.  흥미 오락위주의 영화가 아닌, 인간이라면 누구나 생각해볼 이야기를 영화를 통해 보여줘서 모처럼 의미있는 시간이었습니다.  앞으로 이런 영화들이 더 많이 나왔으면 합니다.  큰 맘 먹고 영화관에 간 보람이 있었네요.  티빙 가입해서 또 보게되네요.",10,1
47,짧은 여정속에서  처음맛본 컵라면과   바가지쓴알록달록   옷 그리고 찍직이신발    ㅠㅠ  지금을사는 기헌 영원을 사는서복    서복과엄마의 서사가 좀 더  있었으면 좋았겠다 생각했고 공유 박보검  비주얼과 연기가 너무 좋았어요,10,1
48,재미있게 잘 보고 왔어요 자꾸 생각이 나고 곱씹을수록 서복도 기헌도 짠하네요,10,1
49,오랫만에 메세지있는 영화 ~굳!,9,1
50,보고 나면 서복이가 마리에 박혀 계속 맴돌 수 밖에 없을겁니다 ㅠㅠ,10,1
51,아쉬움도 있지만 두배우 덕분에 재미있게 봤어요. 단순 재미로만 본다면  지루한감이 있을수도... 잔잔한 걸 좋아한다면  무언가 생각할 만한질문을 던져준다.,10,1
52,죽음이 두려운가?  누구보다 인간적인 서복이 인상깊네요 공유랑 박보검 캐스팅 신의 한수입니다,9,1
53,유한한 삶을 사는 인간의 무한한 갈급증에 대하여,9,1
54,좋은영화  잘  봤습니다.   인간의  욕심으로  슬픈현실이  생겨나지 않길...  주어지는   그날까지  좋는거 보고  좋은생각으로  참된삶을  살아나갑시다.,10,1
55,"독득한 소재, 철학적인 생과 사의 읨를 알게해준 영화, 많은 생각을 하게 해준 영화였음. 강력히 추천함.",9,1
56,이용주 X 공유 X 박보검의 황금 조합 기대기대 ,10,1
57,재밌게 잘 봤어요 배우 연기가 좋음,9,1
58,서복의 슬픈 얼굴이 자꾸 떠오른다. 스토리는  약한데도 배우의  눈빛이  다 표현해서  오히려 여운이 깊은 영화인것 같다.다시  티빙으로 봐야겠다.,10,1
59,재밌게봤어요 영원하게산다는건 인간의욕망인거지요,10,1
60,"서복의 질문이 내내 어린왕자를 떠올렸다.  깊은 애정과 냉정이 철학적으로 어우러져 직관과 통찰을 넘나드는 듯 했다.. 영화를 보는 동안, 그리고 막을 내린 후에도 그 질문들을 곱씹는 시간이 되어도 좋을 듯하다.",10,1
61,보고 또 봐도  멋지고 먹먹하고!!! 박보검  배우님의 극과 극의 표정 연기가 심멎♡ 하게 합니다!!!,10,1
62,영화 완전 기대됩니다♥,10,1
63,엄청 울었다ㅠㅠ 왜이렇게 마음이 아프냐..복제인간의 운명이 너무ㅜㅜ,10,1
64,신선한  소재로  묵직한 메세지를  던져주는  영화,10,1
65,한국영화도 눈부신 발전을 하고 있네요 장르가 드라마던데 액션 cg도 훌륭했다 진한 여운을 남김  한번 더보고싶은 영화 두주연배우의  연기가 압권  박보검은  서복 그자체 재밌게 봄,10,1
66,서복 눈빛 연기 놀라울 정도입니다! 10살 아이부터 분노에 찬 눈빛까지 깜짝 놀랐어요 많이 슬프더라고요,10,1
67,맘이 징하고 먹먹하네요.... 배우들 연기도 정말 밫나네요~,10,1
68,박보검 복제 인간 연기 완벽하네요. 공유와의 조합이 어떨지 어색할거 같았는데 너무 잘맞아서 편하게 영화봤어요 공유 영화는 믿고 가네요..기대안했엇는데 복제생명에 대한 많은 생각을 하게 만드는 영화입니다.,10,1
69,티빙으로 다시 봤는데... 역시 대형 스크린으로 또 봐야합니다! 서복배우 눈빛연기가 대박!   삶을 살아 가는 동안  내 자신에게~ 모든 인간에게  어떻게 살아 가야 하는지 반복되는 여러가지 질문을  주고 생각하게 만드는 오래오래 기억될 영화 입니다.,10,1
70,죽음에 대해 한번더 생각하게되는 영화 보고나서 잔상이 남는 영화 배우들의 연기도 너무 좋았음,10,1
71,영화 보는 내내 가족의 질병으로 고통과 죽음을 가까이 겪으며 느꼈던 공포 허무함 여러감정을 다시 느끼게 되었다 그 두려움을 회피해왔던 내게 이상하게도 많은 울림을 준 영화여서 좋았다,10,1
72,오늘 보고 왔는데 완전 꿀잼!!!!!!! 박보검 찐졸귀ㅠ🧡,10,1
73,"처음엔 조금 의문이 들던 부분들도 지나고 나서 생각해보니 모주 연결되어 있어서 신기함. 무언가고 돠고 싶어도 되냐는, 의미있는 무언가가 되고 싶었을 뿐이라는 서복의 아픈 눈빛이 오래 기억에 남을 것 같다.",10,1
74,sf 오락 영화인줄 알고 갔다가 묵직한 메세지에 곱씹을 수 있는 영화라서 놀랐음 자꾸만 생각나는 영화가 바로 서복,10,1
75,박보검 공유 서복 왕기대,10,1
76,내내 여운이 남아 마음이 먹먹하다. 질물들을 스스로에게 던지며 다시 보고싶다.,10,1
77,삶과 죽음의 물음에 많은 생각과 눈물나게 하는 무언가가 있는 한편의 드라마였음. 또한 박보검배우의 연기와 외모가  대박였음!,10,1
78,인간의 가장 원초적인 문제  삶과 죽음에 대해  다시 한번 생각하게 되는 영화,10,1
79,"영원한 존재와  영원하지 못한 존재를 통해  살아 있음이 참 감사하고 고마운 ..우리는 지금 의미있는 삶을 살고 있는지  되돌아 보게 하는 시간이었다.  다만, 집중할 수 있는 요소를 조금더 친절하게  편집했더라면 하는 아쉬움도 있지만 무엇보다 배우들의 흡입력 있는 연기는  말해 뭘해.. 흑칠, 피칠갑을 해도 빛이나는 잘생김은 물론이지만   특히 공유의  몸짓과 표정 눈물 연기 정말 좋았고 박보검 서복은.. 순수함과 날카로움, 폭주하는 그의  눈빛이 주는 힘은 어마어마 했다.  처음 두 배우의 팜플렛을 접할 때의 느낌과 영화를 보고 난 후 이 두사람이 마주한 팜블렛은 그 의미가 너무 다르게 전달 됀 영화였다. 언제 또 이 둘의 조합을 볼 수 있겠나...",10,1
80,강추합니다 간만에  볼만한 영화 나왔네요 이거 평점 왜이래  두배우 명연기에  몰입하며 봤어요 바닷가씬 넘나 아 름답고 슬프고  영생이 과연 행복할까  어떻게 사는게 좋은지에 질문들   서복이가 던지는 질문들이 잔상이 오래간다  아름답네요 살아있다는게 ........비루한 삶이지만 열심히 주위를 사랑하고 살이아겠다 는 생각을 하게됨  여운이 깊음 액션 볼만했고 cg굿,10,1
81,박보검 공유조합인데 뭐가 더 필요하죠? 거기에 가볍지않은  내용이지만 많은 여운으로 생각할 거리를 던져주네요.  서복의 눈빛과 대사가 너무 슬펐습니다.,10,1
82,두 주연배우가 연기를 너무 잘해서 자연스럽게 몰입되는 영화였어요 특히 서복의 처지가 영화 끝나고 곱씹게되면서 점점 더 가슴아파지는 ㅜㅜ 바닷가 장면과 마지막 폭발신도 기억에 남네요 가슴이 먹먹해지는 영화였습니다,10,1
83,열살 서복. 열살 아닌  서복 모두 좋았다.  보고 난 후 나라면? 내가 임박사라면?  이란 질문을 하게 된 영화,10,1
84,언제 어떻게 끝날지 모르는 게 우리들의 삶이라 늘 두렵지만 하루를 살더라도 의미있게 보내고 마지막 순간이 왔을 때 순리대로 의연하게 잘 받아들이고 싶다는 생각이 들었다. 먹먹하게 눈물나는 장면이 많았는데 이 글을 남기는 지금은 엔딩이 많이 생각이 난다.,10,1
85,방금  티빙에서 봤습니다. 오랜만에 울어봅니다.  지루하지 않습니다.,10,1
86,두배우조합 좋았고 몰입해서 봄  바닷가씬  환상,10,1
87,많은것을  생각하게  하는  영화였습니다  더  인간  다웠던  서복이  짠해서  아직도 먹먹합니다,10,1
88,최소 두번은 봐야 하는 영화  몇년동안 본영화중 최고였다 재미도 있고   슬프고 많은 생각이 들게하는  공유 박보검 두분 조합 굿굿 박보검눈빛 넘 슬퍼,10,1
89,보고나서도 계속 생각나네요 기헌과 서복의 눈빛이ㅠㅠ,10,1
90,재밌게 봤네요!,9,1
91,"주변 서사를 걷어낸 채 감독의 화두에 집중하는 다소 촌스러운 연출임에도 궁극에는 인간의 삶과 삶에 주어진 필연적인 죽음에 대한 두려움, 생명윤리에 도달하게 되며 그 순간 기교없는 묵직한 질문이 고마워지게 되는 희한한 영화.  조우진의 대의명분은 여전히 납득불가이지만 영화를 마치고 나올 때쯤 서복의 에두르지 않는 노골적인 질문들이 민기헌을 지나 마음에 남고야 만다. 나는 '그럴만한 가치'가 있는 삶을 살고 있을까.  민기헌으로 분한 공유가 용의자에서의 날섬이 하나도 보이지 않은 채 죽음을 앞둔 나약한 인간임을 믿게 하는 것, 목소리를 잃은 역할을 하게 되어도 대사를 전달하겠구나 싶은 박보검의 명불허전 눈빛 연기는 무엇을 상상했든 그 이상.  SF,블록버스터, 빅재미 를 지운 채 관람한다면 충분히 가치로울 작품",10,1
92,"기대하던 조합이라 첫날 보고왔어요 보면서 두 배우의 연기에 놀랐고, 아쉬운 점도 분명 있었는데 보고나온 후에  며칠이나 잔상이 꽤  남더라구요 기대와 다른 영화라 그런가 혹평이 많던데 생각할꺼리 많이 남겨주는 괜찮은 영화였네요 티빙 동시개봉이지만 영상미와 배우들 눈빛연기 제대로 보려면 역시 극장이 최고네요. 다시 한 번 보고싶어 재관람 예매헸네요",9,1
93,코로나 시국에 티빙으로나마 볼 수 있어 다행이네요. 생각할거리를 던지는 영화... 좋았습니다.,10,1
94,장면 곳곳에 숨겨져 있는 상징성이 돋보였던 영화,10,1
95,암울한데 여운이 진하다  집에 와서도 계속 생각난다,10,1
96,박보검 비주얼과 연기에 감탄했습니다.,10,1
97,공유와 박보검의 조화 기대중입니다 ,10,1
98,난 재밌게봄 박보검 연기👍,10,1
99,기대된다. 넷플릭스도 보게 해달라.,10,1
100,공유 X 박보검 기대감 폭빌 서복 파이팅 박보검 파이팅,10,1
101,재밌어요  본중에 최곱니다  잔상과 여운이 깊은 서복이 대사가 콕박혀서 슬프고  시리고,10,1
102,재밌어요 요즘 이만한 퀄의 한국영화 첨이라 뱐가움  cg기술 상당하다 한국도  영화보고 나서도 생각이 많이남 액션씬도 스케일 ㄷㄷ  두주연 연기가 아주 훌륭해 몰입감 좋았어요 서복역 박보검  존재감  앞으로 보여줄 박보검의 작품이 넘 기대된다 연기 침찬 마구 해주고싶음,10,1
103,가벼운마음으로 갔는데  여운이 남는 영화네요~  나름 재미있게 봤습니다. 주연배우들의 연기도 좋더라구요. 특히 서복을 연기한 배우는 몰입력이 짱입니다.,10,1
104,삶에 대해 생각하게 만드는 영화. 시간이 지난후에도 꺼내어 볼만한 영화.,10,1
105,영화 넘 기대됩니다. 빨리 보고싶어요~,10,1
106,과거의 나와 막연히 생가했던 미래를 꼭 집어 주는 영화  나의  삶에 대해  한 번 생각하게 되었다,10,1
107,기대합니다,10,1
108,박보검이 아닌 서복은 그 누구도 떠오르지가 않는다,10,1
109,여러 생각과 여운이 길게 남는 영화,10,1
110,서복 이 불쌍해,10,1
111,두 주인공의 열연과 서사가 인상 깊었습니다. 한참동안 먹먹하네요.,10,1
112,"해외영화에서는 흔하게 다뤘지만, 국내영화에서는 처음 다룬 주제잖아요? 그래서 전 신선했어요. 비주얼 보러 갔다가 어떻게 살아야 하는지 생각하라고 숙제도 얻어왔어요.",9,1
113,보고나면  잔상이  서서히 가슴을 파고드는  영화,10,1
114,또보러 갈려구요 서복이가 계속  생각나네요,10,1
115,대사 내용만 들어도 책 한권을 읽은  기분...공유아 왜 출현한지 이해가 되는 영화 10점은 부담이고 9점으로 평을 마무리한다,9,1
116,지금 보고 나왔어요~ 주연배우들의 연기는 물론  훌륭했고  장면도 좋았지만 복제인간  문제에 대해  생각해 보는 계기가  됐어요. 특히  과학기술  발전의 부작용으로 생겼다고 의심되는 바이러스로 인해 일상이 무너진 지금 과학자들의 윤리의식이  정말 중요하다는 생각이  듭니다 서복 박보검은 너무 사랑스러웠어요ㅎㅎ,10,1
117,많은 걸  생각하게 한 영화 긴  여운이 남은 영화,10,1
118,"솔직히 뭘 전하고자 하는지 모르겠다는 분은 이해할 수가 없네요..인간의 두려움, 영원한 삶에 대해 너무 잘 전달했어요.  배우들의 연기는 말할 것도 없고, 특유의 영상미도 좋았습니다. '서복'이란 이름도 너무 찰떡같이 지은것 같네요. 서복의 대사 한 마디 한 마디가 영화가 끝난 후에도 계속 생각하게 만들었어요.  정말 좋은 영화였습니다 !",10,1
119,매일 생각해요~내 운명에 대해서....서복👍,10,1
120,"서복의 눈빛이 계속 남아있네요ㅠㅠ 서복의 살아온 시간, 임세은 박사와 어떤 이야기를 나누고 무엇을 공유했는지 궁금하네요!",9,1
121,"오늘 기사 보니 촬영감독이 공유 박보검 두 배우의 비주얼에 감탄했다던데, 이런건 스크린에서 봐야하죠!",9,1
122,삶은 아름답다 죽음도 나쁜것만은 아니다,10,1
123,감동받은게 가슴깊이 느껴진다,10,1
124,세번을 보니 더 와닿는 영화 대사도 쏙쏙 들어오고  감독의 의도도 여운이 길다,10,1
125,1년동안 기다림,10,1
126,서복 눈빛이 아른거려서 먹먹해요,10,1
127,배우들 이 좋았던 영화다 빨리 코로나 끝나고 서복 같은 대작들도 다 개봉해라,8,1
128,"히어로물로 계속 나와도 좋을뻔 ㅎㅎ 그러나, 이런 삶에 대한 가치이야기 좋네요",8,1
129,"공유, 박보검의 연기는 더할 나위 없었다.",8,1
130,신선한 복제인간 소재로  삶과 죽음에 대해  진지하게  생각해보는  계기가  되었다.,10,1
131,서복 보고 왔는데 나름 볼만했어요 두 배우가 호감이라서 보긴했지만  좋아하는 장르가 아니어서 재미는 크게 기대하지 않았는데 의외로 감성적인 작품이어서 뭔가 뭉클하고 여운이 남는 영화였어요   공유하고 박보검은 연기좋고 잘해요,10,1
132,박보검 공유  꿈의 조합  서복 최고,10,1
133,많이 울었어요 생각이 많아지고 여운이 긴 영화에요 나도 죽는 건 두렵지만 영원히 살고 싶지는 않아요 어리석은 인간의 욕심에 대해서 반성하게 해요 박보검의 양면성 연기 최고였어요 눈빛이 계속 생각나요,10,1
134,겉만 핥으면 느끼지 못할 감정,10,1
135,삶과 죽음에 대한 답을 얻으려 사람들은 수 없이 자신에게 반문한다 서복을 생각하며 삶과 죽음 그리고 동물 실험에 대해서 생각해 보게 되었다 자신의 운명에 대해서 순응 할 수 밖에 없는 처지에서는 둘 다 똑같다 하지만 선택 할 수 있는 지점에서는 다를 것이다 복제된 생명체지만 인간보다 더 인간다운 서복이었다 두 주연 배우들의 탄탄한 연기와 영화가 끝난 후에 더 생각나는 영화다 곱씹어 줄 거리를 던져 준달까,10,1
136,삶에 대해 다시금 생각하게 만드는 영화네요..,10,1
137,많은 생각을 하게 된 영화!,10,1
138,"평상시엔 인간의 잠에 대해 그닥 깊이 있게 생각해 본 적이 없었어요. 영화 보고 나니까 인간의 삶과 죽음, 영생, 수면 등의 주제에 대해 제 나름의 철학적 고찰을 해 보게 되네요. 묵직한 주제와 분위기에 어울리는 주인공 두 배우의 연기도 너무 좋았고, 사운드랑 영상미도 근래 보기 드물게 좋았던 것 같아요. 역시 영화는 극장에서 큰 스크린으로 봐야 한다는 걸 새삼 절감했습니다. 추천합니당.",10,1
139,많은 생각을 하게하는 영화네요 과장되지 않은 두 배우 섬세한 감성 연기가 좋았습니다,10,1
140,화려한액션의 영화일꺼라 생각하고 봤는데 액션도 훌륭하지만 여러가지 생각을 하게 해주는 영화였어요.박보검 배우와 공유배우의 브로맨스도 넘좋았고.서복의 눈망울이 잊혀지지않아요.,10,1
141,"죽음을 두려워하는 인간의  본성과 영생에 대한 욕심이 얼마나 처참한 결과를 만들어낼 수  있는지  보여주는 영화, 중간중간 좀 지루한 감은 있었지만 전체적으로  액션과 영상미,스토리도 좋았음.",8,1
142,"삶과 죽음, 영원함에 대해 고찰하게 만드는 것만으로 충분히 볼만하다. 설정에서의 과함이 있지만...",8,1
143,가볍게 생각해왔던 복재인간에 대해 다른 방향으로 다시 한 번 깊게 생각하게 하는 영화였어요. 두 배우님들 연기도 너무 훌륭했어요~잘 봤습니다^^,10,1
144,정말 많은생각을 하게되는영화 다시보고싶네요ㅠ,10,1
145,여유 오래남는 영화 박보검 못된 눈 칭찬해요^^,10,1
146,음........... 메세지는 알겠는데 감정선이 별로 이해 안갔고 공감이 되지 않았음.  박보검 공유 두 배우를 같은 스크린에서 본 것에 만족..,6,1
147,박보검 배우의 연기와 공유 배우님의 연기가 정말 너무 합도 잘 맞고 약간 브로맨스와 오묘하게 복합적으로 얽힌 서복의 감정이 너무 잘 표현되었고 많은 여운을 남겨준 영화인 것 같습니다. 정말 이 영화 잘 만들어진 영화고 다만 코로나 때문에 많은 관객들이 영화관에서 관람하기 어렵다는게 안타까울 따름입니다. 코로나 시국이 끝나면 영화관에서 또 재상영을 했으면 좋겠습니다.,10,1
148,한없는 인간의 욕망! 자연에 순응하면서 살아라는 메세지!!!,10,1
149,아무 예고편도 안보고  불쑥 본 영화..역시공유님 박보검님 연기에 빨려 들어감  인간의 영생에  대한 욕망 그 누구도 피할수 없는 죽음 아무리 줄기세포 복제 인간이라도 감정이 있다는거  나도 무었인가 하고 싶다 등 . 너무 짠하고 슬픈 영화 잘 밨습니다 감독님...,10,1
150,"재미있게 잘 봤다.  한국인의 정과 인간의 운명과 인도주의에 기반한, 심도있고 깊은 내면묘사와 심리분석이 좋았다.  액션신도 뛰어났고.  단지, 마지막 전투신이 좀 짧은 게 아쉬웠다.  그리고 이게 흥행이 안 되고 있다는 게 놀랍다.  우수작인데!!!",8,1
151,주관적인 평가로는 두 배우의 연기는 정말 보기 좋았지만 반전이라고 할만한 요소가 너무 예상이 갔다 너무 뻔한 떡밥을준 것 하지만 보기에 재미가 떨어질만한 요소는 아니였다 그리고 개연성도 완벽하지는 않았다 약 110분짜리에 어찌 완벽하게 하리 그리고 뭐 보기 불편할 정도는 아니였고 의문을 품지 않으면 재밌게 느껴질 정도이다 자신이 이 영화를 까려고 불편하게 보지 않는 이상 굉장히 재밌을만한 영화 영화에 의문을 한 번씩 던진 나도 재밌었고 이 작품을 n차 관람하여도 지루하지 않을 것 같다 굉장히 괜찮은 영화,9,1
152,배우들 연기 좋고 많은 생각을 하게되는 영화네요. 영화관을 나올때 가슴이 먹먹했어요.,10,1
153,간만에 여운 많이 남는 좋은 영화였습니다. 감사합니다. 잘 보고 갑니다.,10,1
154,배우들 보자고 봤는 데 영화 보고 울었네 공유 박보검 연기를 특히 잘해서 추천해요 오랜만에 대작 영화인 데 만족함,8,1
155,존재의 이유와 인간이 이기적이고 덧없는 욕망... 서럽고 안쓰러운  서복의 의지 ...여운이 많은 영화입니다,10,1
156,박보검배우님♡화이팅 영화 서복 화이팅 대박 기원합니다,10,1
157,좋은영화  이게 바로 영화지 ..,10,1
158,죽음을 두려워 하는 기헌과 삶을 두려워 하는 서복이 서로 구원받는 영화ㅠㅠ인간의 욕심은 왜 끝이 없는건지ㅠㅠ단지 무언가가 되고싶었을 뿐인 서복에게 가혹하네요ㅠㅠㅠ,10,1
159,삶에 대해 진지하게 생각해 보게한 영화입니다 메세지가 묵직하게 전해지고 다시 보고 싶네요,10,1
160,생명과 관련된 과학기술의발달에대해 진지하게 생각해볼수있었습니다. 좋은영화였습니다.,10,1
161,공유 박보검 조우진 연기 넘 좋았어요,10,1
162,오랜만에 영화관에 가서 보기좋은 색감과 시원한 전개가 좋은영화였다. 두배우의 연기도 좋았다. 서복이라는 아이가 마지막 장면에서 스스로 죽음을 받아들일때의 표정이 인상깊었다. 좋은 영화였다.,10,1
163,좋아요 정말 재미있는영화,10,1
164,"이렇게 여운이 많이 남는 영화는 오랜만이에요 정말 잘 본 영화이고, 또 잘 만든 영화라고 생각합니다",10,1
165,두 배우의 멋진 어우러짐 멋진 영화,10,1
166,인간의 욕심과 죽음에 대한 두려움을 생각해 보게 하는  여운과 감동이 있는 좋은 영화라 추천해요~ 👍,10,1
167,니들 같은 것들이 영원히 살게되면 그게 바로 지옥일거야,10,1
168,마지막 서복 눈빛이 잊혀지지 않네요  삶과 죽음의 대해  생각해볼 좋은 기회가 되었어요,10,1
169,간만에 큰스크린에서 볼만한영화나왔녜.,10,1
170,볼만합니다~~,10,1
171,욕심앞에서 인간은 어디까지 잔인해질수 있는지 생각이 많아지는 영화네요 영화가 끝나고 먹먹해집니다 그리고 인간들의 탐욕에 씁쓸해지고요 배우들의 연기가 진짜 좋았고 액션 cg 다 볼만했습니다 다만 중간에 좀 편집이 튀는  부분이 있네요 서복의 눈빛이 가슴에 남습니다 슬퍼요,10,1
172,공유의 자연스러운 연기가 몰입도를 높이네요 시나리오도 좋고 기대 안하고 봐서 그런지 잘 봤습니다 우리에게 던지는 서복의 물음들을 고민해보면 좋겠어요  박보검도 서복에 잘 어울리는 캐스팅이라 생각합니다,9,1
173,박보검이여도 공유여도 갈텐데 둘인데 안갈이유가?12월2일 영화관으로 뛰어간다,10,1
174,"박보검 얼굴 보는 순간, 이미 마음 아프기 시작.. 잘 만든 영화다 답 없는 질문을 던지지만 이제부턴 누구라도 피해갈 수 없는 질문이니 이제부터 생각해보기로 하자",10,1
175,죽음이 있어야 삶의 의미를 가진다는 대사가 기억에 남네요. 삶에 대한 고민을 던져주는 영화에요. 거기다 공유와 박보검의 놀라운 연기력때문에 더 몰입해서 볼 수 있었네요! 강추입니다!,10,1
176,어차피 죽을건데  왜살아요  ...   너무   감동깊게  밧서여  .   CG 영상고  훌륭하고   요글래 밧던  영화중  최고  엿습니다,10,1
177,"마음이 무거워 지는 영화,,,,,생명이란 무엇인가,,,,,,,박보검의 재발견,,,,,,,,그래도 인간은 자연의 섭리대로 살아야 한다,,,,,,",8,1
178,무척 기대됩니다.,10,1
179,그리운  집착이  만든 욕망,8,1
180,인간은 항상 욕심때문에 자신을 ...모두를 불행하게한다 눈감을때 나 잘 살아왔다고...가치있게 살다 가고싶다 오랜만에 다른 장르의  한국영화를 봐서  참  좋았습니다,9,1
181,서복 기다리고 있어요,10,1
182,12월2일까지 살아 있어야 하는데.. 심장터질까봐 걱정 ㅠㅠ,10,1
183,CG가 다소 어색하지만 삶과 죽음에 관한 메세지도 좋았고 두 배우의 연기도 좋았다...  이런류의 영화에 기대를 많이 해서 그렇지 시각적인 효과 보다 인간 본연의 내면적인 감정 표현에 좀더 중점을 둔것 같다.. 그런 관점에서 본다면 기대이상인 영화다..,8,1
184,인류의 과학 발전으로 인한  무분별한  dna 복제는 결국 인류  스스로가 파멸을 가져온다~,9,1
185,어제 극장에서 봤습니다. 극장에서 보길 바래요. 좋은 영화!,10,1
186,기대됩니다요,10,1
187,예고만으로도 볼 이유 충분하다. 박보검이 서복이어야만 했고 공유님이 기헌이어야만 했던 이유 이 조합 무조건 찬성임ㅋㅋ 이미 재밌다.,10,1
188,이세상의 삶에 대한 생각하게 했네요~^^!! 삶의 로드무비~~,10,1
189,가슴 시린 인간 아닌 인간의 인간에 대한 예의를 말하는 영화 박보검의 눈물이 진주같이 또르르,10,1
190,꼭 마스크 잘 챙겨 영화관가서 큰 스크린으로 두 미남의 연기를 보고 와야지! 공유와 빅보검의 콜라보 너무너무 기대된다!,10,1
191,기대 안 하고 봤는데 너무 좋았던 영화!!!! 공유 연기 너무 좋았어요. 또 보고 싶네요.😍,10,1
192,기대하는 영화입니다!,10,1
193,"저도 댓글보고...영화 아들과 함께 봤어요. 아들(30) 엄마(55) 와.....이렇게 재미없는 영화는.... 스토리를 탄탄하게 구성해서 저렇게 괜찮은 배우들과 잘 짜 맞출수 있지 않았을까 싶은데....너무 대사도 1차원적이고 기대나 설렘, 긴장 전혀 없는 영화 정말 지루한 영화 첨부터...끝이보이고....아...얼른 끝나기만 기다린 영화 정말 10점 만점 준것들 보고 보지 마세요. 영화표 돈주고 산게 아까웠어요. 저 괜찮은 배우들 데리고 감독님 뭐하신건지....",2,0
194,영화를 다 보고 나왔는데도 먹먹함이 가시질 않는다.,10,1
195,빨리 크인하고 개봉하고~!,10,1
196,이용주×공유×박보검이라니..이건 꼭 봐야된다,10,1
197,보고싶으나 가질 못하네,10,1
198,기대되는 영화입니다 ^^ 박보검~~ 홧팅! ^^,10,1
199,예고편만 봐도  존잼삘,10,1
200,예고부터 이건 꼭 봐야하는 영화라는 느낌이 왔다 공유 박보검 조합이라니 ,10,1
201,12월에 마스크 5겹은 끼고 극장에서 살거다.  서복 보려고. 공유 박보검 조합 미쳤는데.. 세계관은 더 미침.. 제일 기대중,10,1
202,얼굴만 봐도 이미 재밌는데 예고도 찐으로 재밌어보여,10,1
203,자꾸만 또 보고싶은 서복~~👍👍👍,10,1
204,서복 기다립니다 박보검 공유 대박,10,1
205,박보검 서복 소년미 예민미 신비로움 ㅠㅠ,10,1
206,보다가 졸은 분 추천 눌러주세요 아함 ~~수면제용으로 좋은 영화 입니다 그래서 1점,1,0
207,감독이 무능력 너무 뜬금없는 전개가 너무 많다,6,1
208,오랜만에 여운이 남는 영화를 봤습니다. 철학적 메세지를 SF물로 풀어내어 더 흥미롭게 봤습니다. 박보검.공유. 두 배우의 연기 너무 멋졌습니다. 처음으로 다시  또 보고 싶은 영화였습니다. 대사 하나하나 가슴을 먹먹하게 하네요. 좋은영화 잘 봤습니다. 감사합니다.,10,1
209,"공유,,, 벌써 대박이네요 평점 1000점 드립니다.",10,1
210,무척 기대됩니다.,10,1
211,두 분의 연기 너무나 기대됩니다,10,1
212,"그유명하고 완성도 높은 영화 건축학개론 감독이시니, 확실히 명작이라고 믿습니다. 개대 완전 만빵입니다.!!!!",10,1
213,기대만땅. 최고의 투탑.,10,1
214,티져를 보고 나니 기대감  공유X박보검 믿고보는 조합,10,1
215,나오면 꼭 볼게요!,10,1
216,공유다♥♥,10,1
217,얼른 보고싶다ㅜ,10,1
218,심장이 아픈게 이런건가요😭  넘 슬프고도 먹먹한 여운에 감동으로 n차관람합니다 대박기원하고 박보검배우님 공유배우님 멋져요...,10,1
219,두 배우님 보는 재미로 봤어요..그래도 꽤 시간 가는 줄 모르겠던데요..영화 내용은 좀 별로지만 개인적으로 공유님과 박보검님의 팬이라서...ㅋㅋㅋ,8,1
220,간만에 보고싶은 영화입니다.기대중,10,1
221,연말 개봉하나요? 연초까지 기다려야 하나요? 공유씨 응원해요!^^,10,1
222,영화보고 본 사람보다 알바가 더 많다. 평점 다 보고 확신했다.  대한민국의 병든자본주의 현실이 이렇다. 사람을 망가뜨리고 노예로 만드는 미친 자본주의다.,1,0
223,보고싶다,10,1
224,플롯이 단순 밋밋하고 연기력으로 커버하려는 느낌  생각할 기회없이 감독이 다 결론 내린 영화 음악은 발랄한 부분도 분위기 가라앉게 하고 잔잔히 감정을 흔들수 있는 부분도 신파행으로 만듦 민기헌은 끝까지 비겁하게 끝났다 열심히 한 배우들 위로차 별1개짜리 4개준다ㅉ,8,1
225,난 누군가에 무슨 의미인가 생각케 하는  영화네요 서복의 성장과정 이 있었음 하는 아쉬움입니다,8,1
226,기대된다기대된다 공유 얼마만에 컴백이냐!!,10,1
227,불면증엔 서복하세요~ 영화보면서 잠든적은 오랜만이네~ 보다가 두번쯤 졸았고 결국엔 잠들어 버렸음. 자고 일어나서 그냥 바로 꺼버림. 애들 장난 같은 참 허술한 영화.,1,0
228,보검씨의 동물적감각..느끼고싶네요..,10,1
229,서복 공유 기대하고 있어요 개봉하면 꼭 볼게요❤,10,1
230,숙면에 좋은 영화. 피로회복에 짱!!!,1,0
231,박보검.. 공유.. 포스터를 보는 순간 재미있어졌다,10,1
232,기대합니당 ,10,1
233,코로나시국 아니었으면 흥행대박났을 영화  이게 평점 1 나올 영화인가   정작 평점테러하는 알바는 따로 있는듯    단순오락영화라 생각  공유 박보검 보려고 갔는데 와 여운이 많이 남는  생각할거리를 주는  이상하게 자꾸 서복이 던지는 질문들이 생각나네요  시간 흐른후에도 다시 찾아볼것같은 영화  잘봤어요  박보검 연기  너무 잘하네요 새로운 모습 굿,10,1
234,0점은 왜 없는거죠...... 10 점은 나만 당할 수 없다 이건가... ㅋㅋㅋㅋㅋ,1,0
235,언제 하냐고  보고싶습니다    12월  언제 하냐요   보ㆍ고싶은데   날짜가 언제지 없네요,10,1
236,갓보검 기대중  요~~~~내년에  언제 개봉해요~~~넘 기대된다,10,1
237,서복 개봉만 손꼽아 기다립니다!,10,1
238,공유 박보검 캐스팅만으로도 10점 만점,10,1
239,액션이 있는 감성영화였어요.. 한두번으로 잊어넘기기엔 무게감이 깊은 메세지가 깔려있어서 보는 내내  많은 생각을 해보게 하는 영화였어요..,10,1
240,탁월한,10,1
241,삶에 관한 다양한 고찰을 끌어내주는 영화이다. 우리가 당연하게 누리던 것들이 무엇의 희생으로 가능한지도 생각해 볼 수 있었다. 우리 사회에서 생명 및 연구 윤리에 관해 더 적극적인 토론이 이루어졌으면 좋겠다.,10,1
242,추천!  완성도 높은 영화!,9,1
243,기대,10,1
244,얼굴만봐도 벌써 존잼,10,1
245,개봉을 애타게 가다려보긴 처음 ㅋ  한국영화에 처음 등장하는 소재이고 박보검 공유 한 화면으로 볼 수 있는데 어케 안 봄  얼굴만 봐도 재밌을 삘,10,1
246,박보검 서복 정말기대됩니다❤️,10,1
247,"진시황의 끝없는 영생에 대한 욕망이 반영된 서복....  인간이라면 누구나 죽는다... 그래서 삶에 대한 가치를 가지고 살아간다... 죽지 않는다면 인간의 욕망에 의해 현 사회는 무너질 것이다... 서복을 보는 복잡 미묘한 감정들이 여러 인간군상에 의해 느껴진 영화! ""엄마, 난 무언가가 될 수 있는거야?"" 코 끝 찡... 결말이 약간 아쉬웠네요.",7,1
248,영화도 모르는 애기들이 1점 주길레 평점 조절용...  개인적임 평점은.....  6.25점 정도 ㅡㅡ,10,1
249,한마디로 연출 부족을 보검으로 커버친 영화,6,1
250,"인간 욕심의 결과를 보여주는 뉴스로 가득한 요즘 꼭 필요한 메시지를 아름답고 분명하게 전달하는 영화입니다. 서사 구조가 단순한 것 같으나, 여러 요소를 섞으려 했었으면 오히려 애매한 영화가 되었을 것 같습니다.",8,1
251,와이프 때문에 봤다....,2,0
252,10점  알바 650명 푼거냐?  ㄷㅐㄷㅏㄴㅏㄷㅏ 날려버린 내30분 돌려줘라  ㄷㄷㄷ  하구만 영화진짜,1,0
253,...,6,1
254,기대없이 봐야 할듯 뭔가에 여운이 남긴한데 삶과 죽음 그리고 인간의 욕심...,7,1
255,보검화이팅! 화이팅!!!!,10,1
256,박보검배우님의 영화가 기대가됩니다 홧팅!!,10,1
257,"박보검의 첫 주연영화 ⟨서복 ⟩ 기쁘고 설레는 마음으로 기다립니다^^ 대체불가 캐릭터, 웰메이드 영화로 무한사랑  받을 수 있길 응원하며 기도해요♡",10,1
258,영화 서복 너무너무 기대되고 설렙니다. 제가 영화관하고  담쌓은 사람인데 박보검배우 보러 영화관갈생각에 벌써부터~ㅎ,10,1
259,짜임새나 연출이 못하면 영화로서의 가치가 없는거아님? 그냥 진지하게 생각하고싶으면  철학서적을 읽지.. 뭐하러 영화를 봄?  영화로서의 재미는 없네요.  그렇다고 꽤 고급스럽게 철학에 접근한 영화도 아닙니다.  메세지가 받고싶은 사람들은 차라리 책을 읽으시길. 시나리오 자체가 이미 재미없어요.. 배우가 아깝네요.. 저 배우들을 써서 이런 영화를 만들다니..... 휴,7,1
260,액션과 철학...... 두 마리 토끼를 쫓다 한 마리도 잡지 못하다,7,1
261,눈감았다 뜨니 엔딩이네,5,0
262,"댓글들이 생각이 많아진다고 하니...생각을 많이 하고 싶으신 분들이 보시면 되겠네요.  저처럼 재미를 위해서라면 극장을 안가는게 정답인거 같습니다.  오랜만에 극장 한번 같는데, 볼게 없어서 선택한 영화라  아무 기대 없이 봤음에도 매우 평범하였습니다.",3,0
263,결국 알바도 못이긴 상황이네요~~마니 아쉽다,5,0
264,빨리와라,10,1
265,화이팅 ,10,1
266,지철오빠~ 제가 기다리고있어요.. 빨리와주세용~❤,10,1
267,.,10,1
268,공유 보검  좋아하지만... 스토리가 너무 흔했고 연출은 촌스러웠다.,4,0
269,공유 샤릉해요~ 캬~~~~~~~~~~~~~ 기대~ㅎㅎㅎㅎ,8,1
270,12월 서복~~ 어서 빨리오자. 무지 기대중^^,10,1
271,서복만 기다리는중  12월 빨리와라,10,1
272,서복 예고편 보는데 재밌고 기대된다,10,1
273,기대를 너무한듯~ㅠㅠ 배우들 연기는 넘 좋았음,6,1
274,울림이 있는 맴찢이네요. ..,9,1
275,박보검이 보여줄 서복 기대,10,1
276,팬들의 10점 몰표로  균형을 위해 1점  공유 + 박보검을 붙여놔도 영화가 재미 없으면 망한다는걸 보여준 영화,1,0
277,보고나니 시간아까운..,4,0
278,생명윤리..... 윤리...,8,1
279,코로나 시국이 안타깝다,10,1
280,쓰레기,1,0
281,0과 1의 개념 논쟁.  그 안에 0.000123으로 살아가며 마치 1인양 착각하는 사람에게 던지는 비웃음.,7,1
282,영화’서복’X 박보검 배우님 정말 기대돼요 ❤️,10,1
283,보검님 영화 서복 대박날거예요 보검님 화이팅,10,1
284,"박보검 배우님 ⟨서복⟩ 무한 응원합니다! 스크린에서 만나는 배우님의 훌륭한 연기, 멋진 모습 기대할게요! 박보검 배우님 ♡ 화이팅입니다.*",10,1
285,4년만에 스크린에서 만나뵐수있어서  너무좋고 축하드립니다 설레는 마음가득안고 개봉일까지 기다립니다 우리의자랑 박보검,10,1
286,"보검님 ‘서복’ 응원해요❤️ 스크린에서 보검님을 만날 수 있다니, 너무 행복해요 : )  ‘서복’에서는 어떤 모습을 보여주실 지 너무 기대되네요 ‘서복’이 개봉하는 그 날까지 응원하며 기다릴게요!!❤️",10,1
287,서복이라는 영화는 SF 영화가 나왔는데 재밌습니다. 부산행에서 서석우 역할에는 공유가 나왔네요,10,1
288,속지 마세요 1점입니다,2,0
289,두 주인공이 너무 좋아~~,10,1
290,굿,10,1
291,"엄복동 이후로 최고의 감동이였습니다.  감동의 영화 TOP10에 입성할 정도.  하지만 클레멘타인, 멘데이트, 리얼, 7광구, 성냥팔이 소녀의 재림을 뛰어넘기는 역부족이군요.   다음작품에선 반드시 TOP3를 뛰어넘을 영화를 기대합니다.",10,1
292,이런 엄청난 영화를  남기고 박보검은  군에 간거였군요. 오랜만에 제대로 된 영화를 본 것 같아요. 공유와 박보검의 호흡도 좋았고 영화가 끝나고 남는 여운도 좋네요. 한 번 더 보고 싶고 깊게 생각하게 되는 영화입니다. 좋은 작품 무한 감사합니다 .,10,1
293,정말 잘봤습니다!! 다들 한번쯤  볼만한 영화입니다 강추~~,10,1
294,댓글 알바  때문에  낮은 평점 줍니다. 영화 캐리  이상도 이하도 아닙니다 새로운 아이디어도 없었고 ㅡ 복제인간을  다룬  미국이나 중국영화와 비슷 해요. 한국에서의  시도는  높이 사지만ㅡ 스타배우 둘이 나온게 아깝고 반전 하나 없는건 더 아깝지요,4,0
295,"알바들 자꾸 쓰레기니 뭐니 하면서 평점 깎는데 쓰레기는 평점 깎는 알바들의 머리속에 든 뇌와 그 알바들의 삶이 쓰레기인듯..   염동력을  쓰는 장면들은 솔직히  죽음과 불사, 삶과 죽음에 대해 얘기하는 주된 내용에 방해되는 느낌이었지만,  박보검과 공유의 대화들에서 삶과 죽음에 대한 명대사들과 생각할꺼리들이 많은 좋은 영화였다. 다만 후반에 마치 옛날 엑스맨3편과 비슷한 전개의 장면은  별로였다.",8,1
296,기대됨,10,1
297,박보검때문에 코로나를 뚫고서 개봉날 조조로 보러갑니다 복제인간 연기하는 박보검 진짜 기대돼요 서복 대박나길,10,1
298,아직 개봉도 안 한 작품에 별점 1점을 주는 사람은 멀까,10,1
299,❣️❣️❣️👍👍👍,10,1
300,기다리고 있어요  기대기대♡,10,1
301,영화 서복 공유형님아 보고싶어요 ,10,1
302,빨리 보고 싶네요ㅎㅎ 믿고보는 배우 박보검 화이팅!,10,1
303,대박날듯. 예고편만봐도 분위기 장난아니네,10,1
304,ㅋㅋㅋ 네이버 다음 다 10점 알바풀었네. 삶과죽음의 의미가 어째? 어이가없네,1,0
305,평점을 보아하니 150억 행방을 알았다...,2,0
306,재미없다. 대실망,1,0
307,여운,10,1
308,"영화계 최대 화두였던 비주얼이자 브로맨스 캐미가 기대되는 작품이었다. 복제인간을 통해 영생을 노리는 인간의 탐욕, 신과 인간, 실험체의 경계에서 인간이란 무엇인가 고민하게 만들 '뻔' 했던 작품이다. 하지만 정작 그 메시지엔 깊이가 없고 가벼우며  마케팅에 활용된 비주얼적 요소가 훨신 크게 작용한게 아닌가 싶다. 나쁘진 않다, 적당한 볼거리도 있다,  하지만 비주얼을 넘어서는 무언가는 없어 보여 아쉽다. 늘 기대가 크기에 실망이 있는 법이니까.",6,1
309,저는 차라리 서복이 코로나 끝나고 터졌으면.. 그러면 진짜 대박날텐데.. 좀만더 기다립시다! 팬 여러분,10,1
310,서복 기대중입니다 한여름 고생하신만큼 좋은 결과있었으면 좋겠네요 출연배우님들 촬영스텝님들 화이팅!박보검 완전 화이팅~!,10,1
311,오랫만에 스크린에서 박보검 배우님을 만날 생각에 서복 너무 기다려집니다!! 어떤 멋진 모습 보여주실지 벌써부터 기대되요^^  서복 화이팅!! 박보검배우님도 화이팅입니다!! ,10,1
312,별3개  이상은 알바인거지? 한 마디로 돈 아깝다 물론 나는 공짜로 봤지만 시간이 아깝다,1,0
313,삶이란 무엇인가?,7,1
314,과거에 많이 보아온 SF와 철학 남는건 서복의 눈동자 뿐,6,1
315,"기대가 컸던만큼 배신감이 큰 영화. 80-90년대 sf영화에서나 보던 클리셰로 버무러진 졸작. 한국에서 잘 다루지 않는 소재를 배우와 연출로 잘 버무려진 비빔밥을 만들려 했으나, 소재는  영화속 배경과 따로 놀고 배우들은  과거 sf영화에 나오는 콤비들을 그대로 답습하고, 연출 또한 지루하기 그지없이 의미없는 장면들로 시간을 채운 비빔밥이 될려던 개밥같은 영화.",1,0
316,죽음이 사라진 사회는??  끝없는 욕망을 채우기 위해 인간성을 잃어버릴 것이다   한 번 생각하게 만드는 잔잔한 영화??  2탄으로 죽음이 중지된 사회를 바탕으로 영화 나와도 핵잼일 듯,7,1
317,"이 어설프고 뜬금없는 상황들은 뭔가 이상하다. 짬뽕에다 짜장 부은 것 같다. 제각기 짬뽕, 짜장의 맛이라도 좋았으면.",6,1
318,배우들 연기도잘하고 너무 재미있게 잘 봤어요,10,1
319,와... 대단하다...  ㅎㅎ  영화 말고 평점.,4,0
320,"봐도 되고, 안봐도 되는 영화....궂이",5,0
321,"이제 보니 알바들 또는 남자배우 빠X이들이 평점 떨어지는 거 방어하려고, 수시로 여기 드나들면서 작업하는 거였네.  그리고 알바들 작업하는 방법은 이렇구나! 개봉 한두 달 전부터 알바들 우르르 몰려와, 10점 테러한 다음 추천수 왕창 올려서 10점 영화평 상위 자리에 줄줄이 올려놓고, 개봉 후 진짜로 영화 본 관객들이 올린 영화평이 안 좋으면 그거 방어하려고 2차 알바 10점 테러 공격 감행하는 식이었네.  평점 또 떨어지면 알바 또 쓰려나? 총알을 얼마까지 준비해 놨으려나? 3차 공격까지는 여유있게 감행할 정도로 두둑하겠지 아마.  다음은 알바들로 인한 피해를 최소화하기 위해서라도 개봉일까진 영화평 쓰는 거 막아놔라.  평점조절.",1,0
322,영화의 소재와 의미는 괜찮았는데 개연성과 결말이 꽤 아쉽다,7,1
323,"기생충, 미나리 같은 영화로 쌓은 한국 영화의 가치를 갉아 먹네. 짱깨 냄새 물씬 풍기는 제목부터.",2,0
324,다신 없을 이 조합은 후회없게 스크린으로 보렵니다~ 그 어떤 남녀 캐스팅 조합보다 설렜음! 게다가 이용주감독님 영화라서 더 기대되요. 서복이후로 한귝영화의 새로운 활로가 열리기도 응원합니다,10,1
325,재미는 없었다 그런데 펑펑 울었다 이상한 영화다,10,1
326,"차마 안 줄수는 없어서 별을 반절 주었어요. 진짜 박보검팬이어서 박보검이 잘 나와서 본 거였지, 내용은...무슨 이야기를 하려고 했는지 영화를 보는 내내 알 수가 없었어요.  그리고 영화가 끝난 지금도 알 수가 없어요.",5,0
327,서복 박보검! 기대합니다. 화이팅!!,10,1
328,서복(가제) 이미나왔나요??아니면...언제나오는지 아시는분..ㅠㅠㅠㅠ공유씨 보고싶어요ㅠㅠ,10,1
329,공유때문에 10점 그러나 왜 공유가 절케 연기하게해찌? 작가 감독 맘에  아주 안듬 순전히 공유때문에 봄 테라나 소주에 말아야그따,10,1
330,박보검♡♡ 예고만봐도 흥미진진,10,1
331,박보검 배우~완전 기대하고 빨리 보고싶네요.,10,1
332,예고 예술이다ㅡ 꼭 보러가야지,10,1
333,예고부터 존잼 박보검 공유 조합이라니ㅜㅠ,10,1
334,오지고지리고!!!!! 두번볼께요 아니 백번볼께요 ㅠㅠ,10,1
335,박보검 공유 서복 기대합니다 ,10,1
336,❤,10,1
337,박보검 배우님의 서복 응원합니다,10,1
338,너무너무 궁금해 빨리 보고 싶어요!!,0,0
339,개봉만 기다리고 있어요,10,1
340,너무 기대되고 박보검과 공유를 스크린에서 볼 수있는 기회가 왔다,10,1
341,서복  대박,10,1
342,무조건 무조건 nn차 찍어야 합니다 ,10,1
343,화면 구성이 아쉬움. 공유와 박보검이 안나오면 독립영화 같은 느낌?,6,1
344,잘생긴 프랑켄슈타인. 실존에 대한 고민의 개연성이 떨어지니 아쉬운 영화가 되었다.,7,1
345,박보검 버전 아키라 순한맛,7,1
346,"불멸의 삶이 인류에게는 구원일까, 아니면 재앙일까, 이 영화는 유한한 삶을 살아가면서 죽음을 두려워하는 인간에 대해 철학적 질문을 합니다. 빅재미를 기대하시면 다소 실망할 수 있습니다.",6,1
347,"공유,박보검~이라  코로나의 위험을 무릎쓰고라고 영화관 입성해야겠습니다",0,0
348,예고만봐도 존잼이야 서복 박보검 화이팅 ~,10,1
349,예고편 봤는데 너무 재밌어보임 ,10,1
350,예고만봐도 존잼 94마스크 두개쓰고 매일보러갈거임,10,1
351,꼭 볼 예정,10,1
352,서복 기다리고 있었는데 드디어  ㅎㅎㅎㅎㅎㅎ,10,1
353,서복 기다립니다 박보검 공유 대박나자,10,1
354,서복 완전 기대된다 박보검 공유면 봐야쥐 열번 봐야쥐,10,1
355,개봉일만 기다리고 있습니다!! 감독님과 두 배우의 합이 기대되는 영화에요!!!,10,1
356,완전 기대해 박보검 공유,10,1
357,정말 기대해 ,10,1
358,박보검 ..서복에서 어떤 모습일지 기대됩니다..,10,1
359,박보검 서복 티저 예고  보고 나니 기대감 200%,10,1
360,공유씨 겨울까지 기다리겠습니다!!!,10,1
361,기대만땅입니다,10,1
362,너무 너무 기대됩니다!!!!! 서복 화이팅!!!,10,1
363,김신이닷♥,10,1
364,대박,10,1
365,포항  북부시장 촬영중,9,1
366,박보검 서복 정말 기대됩니다!!!,10,1
367,개봉개봉개봉 기다립니다압!!!!,10,1
368,"빨리 보고 싶네요! 박보검,공유 배우님 화이팅!",10,1
369,공유 영화 기대하고 있습니다~  아무쪼록 무탈하게 영화 찍으시길 ^^,10,1
370,나처럼 공평한 사람이 영화보기전에 10점주는 경우도 있구나 일단 최소 3번 볼꺼임,10,1
371,기대합니다 ,10,1
372,재밌을거 같아요!,10,1
373,우와 벌써 재밌다,10,1
374,공유 배우님 완전 기대~박보검님까지~ 빨리 보고싶어요.,10,1
375,기대되요~,10,1
376,드디어 서복이 온다ㅠㅠ,10,1
377,안 봐도 10점 만점에 10점,10,1
378,박보검이랑 공유 ㅠ 빨리 보고싶어요,10,1
379,라인업보니깐 정말 기대되네요,10,1
380,최고로 잘 나오길 기대합니다.  서복 곧 촬영돌입 하는데 다들 화이팅 ^^ ,10,1
381,기대~~~~♡♡,10,1
382,.,10,1
383,기대합니다~~,10,1
384,엄청 기대 중 ,10,1
385,진심으로 기대하고 있습니다.,10,1
386,기대되요!! 응원합니당,10,1
387,서복 박보검  공유  기대할게요,10,1
388,"소신있는 감독님! 박보검,  공유 캐스팅 만으로도 평점 10점 만점이요~^^ 즐겁게 촬영잘하시길~^^ 멋진 작품 기대하고 있을게요♥ 응원합니다♥ 서복 화이팅!! 박보검 화이팅!!",10,1
389,"공유 연기 퇴보, 조연 배우 특히 노친네 박사 발연기 압권",1,0
390,공박조합 늘 바랬는데 진짜 볼 수 있다니 꿈같다  예고편 분위기 쩔어서 기대감 치솟는데 누르느라 힘드네 n차 찍어야지 ,10,1
391,서복 기다렸는데  서복 박보검  최초 복제인간 좋다  빨리오자 12월  ,10,1
392,서복 박보검 꼭 봅니다,10,1
393,♥,10,1
394,보검 화이티잉~~ 10점 드려요^^,10,1
395,영화 정말정말 기대하고 있습니다!,10,1
396,서복  박보검×공유 기대합니다!!,10,1
397,"4월부터 촬영에 들어가는 ""서복"" 기대하며 ... 응원하며... 기다립니다~~ 오랫만에 영화 ""서복""으로 저희 곁으로 오시는 배우 박보검님~~❤❤  열심히 응원하며 기다릴께요~화이팅!! 영화""서복"" 화이팅!! 박배우님 화이팅!!",10,1
398,너무 기대가되요~~ 영화촬영 하는동안 작은사고도 없이 무사히 잘 마치길. 응원합니다~ 박보검 배우님 화이팅♡♡ 대박나세요~~,10,1
399,기대하며 기다립니다. 촬영 즐겁게 잘 하시고 영화관에서 만날것을 기대합니다. 박보검 배우님~ 화이팅!!,10,1
400,기대합니다. 엔젤 박보검 홧팅!!,10,1
401,서복 대박 보검님 화이팅,10,1
402,기대됩니다. 영화 서복 화이팅~! 박보검 배우님 화이팅❤,10,1
403,박보검  화이팅!!!@,10,1
404,박보검 배우님 화이팅❤️,10,1
405,박보검 화이팅!!! 서복 대박 기원합니다 ♡,10,1
406,박보검  서복    화이팅 ,10,1
407,영화 서복으로 내사랑 박보검 배우님  또 한번의  꽃길을 갑시다~~,10,1
408,"영화 서복 '최초 인간복제' 박보검 , 영화 기대됩니다. 서복  화이팅!! 천만가자!!",10,1
409,'박보검' '서복' 화이팅!! 영화 기대됩니다.,10,1
410,인간의 죽음이 갖는 기능에 대한 통찰...멀지 않은 미래에 죽음을 넘어선 인류가 어떻게 될지...,8,1
411,ᆞ,6,1
412,기대하고 보면 개실망 스토리가 너무 빈약해 추구하는 가치는 좋은데 내용이 너무 엉성해,4,0
413,진부함의   종합....,1,0
414,"폭발로 시작해 대폭발로 끝나는 전형적인 비주얼 중심의 영화지만 점입가경도, 일파만파도 제대로 드러나지 않은 채 진부한 질문만 늘어 놓는다.  누구나 들어봄직한 진부한 주제의식을 돋보이게 해줘야 할 연기는 매너리즘에 빠져 있고, 그것을 지휘했을 나이브한 연출은 결국 신선함 대신 고루함만 남았다.  그 결과 영화가 던지는 철학적 메시지는 관객과 섞이지 못한 채 겉돌기만 한다.",5,0
415,앞으로   시나리오  잘써라 억지로 끌고가는 연출은 하지마라 덕분에    잘잤어 ㆍ1시간정도는,6,1
416,기대 안하고 봤는데 의외로 여운이 남는다 역시 남의 평만 보고 판단하지 않고  보기 잘 했다는 생각이  들고 공유 박보검 너무 멋있고 잘하더라,10,1
417,싫망했다ㅡ돈 아까움,1,0
418,"코로나가 도리어 다행인 영화.  이 영화가 재앙, 개봉했음 폭망",1,0
419,기대이하네요 ㅠㅠ  안타깝습니다,5,0
420,". .  . . . 서복, 추천수 해킹 조작 동영상 유투브에 올렸습니다. .  2건 . . . .  .",1,0
421,시나리오 4명이 썼다는데  셋은 졸았고 하난 발로 쓰셨나. 시나리오는 왜 썼어요? 어차피 재미없을건데....,5,0
422,인간복제에 관해서 다시 한번 생각은 해볼 수 있었으나... 보면서 읭....이게 뭐지 싶은 느낌이 좀 들었음. 소재만 생각하고 마무리는 얼레벌레 한 느낌,7,1
423,오늘 보고왔다 복제인간이라는 소재의 딱 예상가능한 얘기들이다 둘이 도망다닐때 에피가 더 재미있는게 있었음 좋았을텐데  아쉬웠고 공유의 대사들중  예상했던 대사들을 해서 놀랬다 복제인간 소재에 뻔한 내용들 두배우가 아깝다 아까워,6,1
424,기대치를 가지고보면  실망합니다 생각보다 별루에요,4,0
425,과잉 감정과 미숙한 각본의 대사처리  악마를 보았다의 시골의사는 여전히 반말하고 신세계의 변호사는 영어도 잘함  초반 폭발씬과 총격씬 부터 전반적인 사운드는 좋았으며 음악은 너무 감정 유도해서 그닥  불필요한 씬도 많고 전반적으로 연출력이 떨어져서 몰입이 안됨   극장에는 공유와 박보검 보러온 팬들이 꽤 있음,5,0
426,서복 빨리보고 싶어요,10,1
427,". . 무려 73,000개에 육박하는 댓글로 이 사건을 알렸습니다.  이미 알만한 사람은 다 아는 사건입니다. . 그리고 이제,  서복 홍보 시기에, 70년대 입막음질 당하고 있습니다.   모든 유툽 동영상에 내가 쓴 댓글을 해킹 공격으로 원천 차단시켜 놨습니다. 단지,동영상 주인만이 내 댓글을 차단시킨 것이 아니라, 모든 동영상에서 다 블라인드 됩니다. (딱 한곳만 보이게 한 것은 다른 의도가 있는 것 같습니다)  (혹 테스트로.) 계정을 처음 만들자 마자, 댓글을 올렸는데, 그 댓글이 안 보입니다.  (동영상 찍어서 유툽에 올렸습니다) . . 뒤에서 겁박질 하다하다, 이제는 물리적으로 입막음질까지. .  공유, 너, 그 사건 숨기는 거 정말 이상해 보여 너는 이 겁바이 누구짓인지 아니?  . .",1,0
428,우라까이면 각오해라,1,0
429,박보검 서복 기대합니다.,10,1
430,"예고 영상에서 뿜어져 나오는 박보검의 포스에 놀랐다. 소년마에 냉미남인데 목소리 눈빛 표정에서 처음보는 박보검이 보였다. 박보검,공유,이용주 감독의 서복 너무너무 기대된다. 12월 개봉. ",10,1
431,엔딩이 완전 빵점이다....,6,1
432,공유와 박보검때문에 끝까지 봤다. 액션과 스토리가 빈약하다~,5,0
433,시나리오는 괜찮은데 지루한 연출,6,1
434,복제인간으로 다룬 SF영화  한국에서는 희귀 영화이기도 하고 공유와 박보검의 투 샷을 보게 된다니 기대 엉첨 하고있어요!!!,10,1
435,박보검 6년 만에 스크린 컴백이라 너무 기대되는 작품,10,1
436,보고싶오 서 영화관 클릭을 해도 아직 개봉이  두배우와 그외의 배우분들 믿고 볼 수있는  언제 개봉하나요?,10,1
437,오랜만에 극장 갈 날을 기대하고 있습니다,10,1
438,많이 기대하고 있어요 어서 개봉하길!,10,1
439,개봉만 기다리고 있어요~박보검 공유의 조합을 안 볼 수가 없죠!,10,1
440,기대됩니다,10,1
441,"일단 공유가 나온다는건 공유가 골른 작품이기에 밑밥이 깔렸고,공유의 연기력에 박보검까지 콜라보를 한다는건 대작이라는거.",10,1
442,촘촘하지 못한 브로맨스 좀 더 스토리가 두터웠다면,8,1
443,보거미죠아,10,1
444,근래 보기 드문 이따위 쓰레기를 영화라고 만들었냐  배우들 연기 다 따로 놀고 진정 일점도 아깝다  점수 주느라 알바들 고생 많슈,1,0
445,생략,1,0
446,누군가에게 의미가 되고 싶었어요 라는 말에 공감과 감동이...또 보고 싶을정도로  훌륭한cg와 공유 박보검의 연기에 박수를 보낸다. 코로나 19시국이라 흥행이 안되어 해외에서라도 대박나기를 바래봅니다.,10,1
447,크게 나쁘지도 좋지도 않았음.,7,1
448,감독님을 비롯해 배우까지도 한 몫하는 영화. 정말  많이 기대가되는 작품입니다. 박보검 배우님을 비롯해 모든분들 축복합니다.,10,1
449,박보검 배우님을 스크린으로  볼  수 있다는  것만으로도 심장이 바운스 바운스 하네요~ 박보검 배우님 화이팅입니다 ❣❣❣❣❣,10,1
450,박보검 배우님의 ☆☆첫 주연영화⟨서복⟩☆☆ 기대하고 응원하겠습니다♡♡,10,1
451,박보검 배우가 그려내는 서복은   어떤 모습으로  우리에게  올까요   응원 하며  기다릴게요. 영화관에서  만나요   ,10,1
452,박보검배우님 너무너무 응원하고 사랑합니당,10,1
453,벌써부터 대박 느낌이 보이는 서복 감독님 영화 불신지옥 건축학도 다 보고 자라온 1인 대박날것입니당 ㅎㅎ,10,1
454,"박보검배우님의 차기작으로 영화""서복"" 정말정말 축하드립니다 무사히 아무사고없이 촬영잘하시고 힘차게 응원하고있을껍니다 무대인사에서 만날생각하니 너무너무 설레고 행복합니다  영화 ""서복"" 화이팅! ""박보검배우님 "" 화이팅!",10,1
455,연기가 왜이래?,1,0
456,박보검이 복제인간이라니 하는김에 복제 많이하자 ㅠㅠㅠㅠ,10,1
457,티빙에서 봤다 역시 연기력은 굿 내용은 글쎄..,7,1
458,박보검표 엑스맨~!,7,1
459,뭘 말하려는지는 알겠는데... 설득력제로.개연성제로. 공유오빠. 보검아.. 시나리오  읽어보고 작품 선택한 맞아요? 막  그냥 대충 보고 하겠다고 한거죠? ㅎㅏ...그리고 회장할배...연기 개 못해.. 할배 나와 대사 칠때마다 몰입 방해되고 한숨이 나와요.. 우진씨...악역때 그때 그 카리스마 어디 버리고  온거에요..ㅜㅜ,1,0
460,공유가 화만내는 연기를 반복해도  연기가 어설프게 보이는 기적을 보여주며  -공유가 이렇게 연기 못하는 배우였던가?- 머리에 기름 발르고 눈만 찡그려주면  조우진의 냉혹한 악역이 살아 난다는  환상을 관객에게 강요한다.  스토리와 전개는 어설픔으로 덮어둔 채  어디서 본 듯한 특수효과만 싸지르면  관객은 미치겠지 하는 자신감이 부럽다.  관객은 묻고 싶다 영화 좀 잘 만들어라? 그러면 실험체의 실험체다운  무연기한 연기 톤으로  감독은 말할거냐?  어-떻-게-요?,2,0
461,"요즘 웬만한 드라마보다도 밀도가 떨어져 이런 철학적 질문하는 sf는 널렸어 상황으로 생각을 끌어내는게 아니라 인물들 대사로 주입시키려 하고 감정에 호소하는 식이라 깊이가 얕아 초능력자 캐릭이 좋아야하는데 매력이 너무 없어, 초능력 묘사도 많이 본 형태 전체적으로 뭔가 나올랑말랑하다 말어 cg 자체는 좋았어",5,0
462,재미없다,5,0
463,저는 40분 보고 도무지 못보겠더라고요 .. 말을 할 수 없을정도라 ..  보시고 판단해보세요,1,0
464,추격자같은 영화를 만들어주세요. 위에 영화는 볼 생각이 없어요.,1,0
465,엄브랠러 아카데미에 한국드라마 입힌 느낌 초능력 스토리에 자주 나오는 철학적 고민인데 얕다,5,0
466,글쎄  연기가 믿고보는배우가 없네,1,0
467,기대가 크면 실망도 크다. 스토리 구성이 산만해.,6,1
468,"급하긴 급했나 보다. 70년대 입막음질을 하네요.  (유투브 동영상에 그 댓글이 올라오는 것이 무서운가 봅니다.)  (서복 홍보시기에) 모든 동영상에 내 계정의  댓글을 안보이게, 원천으로 해킹 차단시켜 놨네요.  (동영상 찍어서 유투브에 올렸습니다.) (딱 한곳만 보이게 한 것은 다른 의도가 있는 것 같습니다)   어떻게 해도 내 입을 막을 수 없으니..    . . .  공유 네 사건 관련 댓글이 무려 73,000개에 육박한다 그리고 나는 70년대에서 벌어질 법한 겁박을 몇년동안 당하고 있다.  밥줄도 서슴없이 쥐고 흔들어 댄다. 내가 어떻게 이런 걸 감당하며 살고 있는지...  공유, 너는 이 겁박이 누구 짓인지 아니?   공유, 너 이사건 숨기는 거 정말 이상해 보여.",1,0
469,공유가좋아서 봤는데 생각하게 하는영화,10,1
470,"좋은소재, 명품배우에  어찌 이정도밖에 못 풀어 냈을까",7,1
471,"이제는 하다하다, 물리적으로 댓글 차단 해킹 공격으로 입막음을 하다니... 동영상을 찍거나 말거나.... 이게 무슨 벌건 대낫에 총질이냐?  (서복 홍보 시기에)  70년대 입막음이 오늘 벌어지고 있다.   . . 자 보세요.  사건 관련 입도 못 여는 공유를.  공유 팬들의 이상한 태도를.   이글은, 사건 관련 입도 못여는 공유를 보여줌으로써.. 뒤에서 내가 얼마나 겁박에 시달리고 있는지를, 간접적으로나마 보여는 주는 것을 목적으로 합니다.(sos)  지금도 현관문을 나서면, 여러명의 스토커가 따라다닙니다. (아마 맞은편에 감시 카메라가 설치된 것 같습니다) 밥줄도 서슴없이 쥐고 흔듭니다. 어떻게 내가 이런 폭력에 시달리며 살고있는지. 몇년동안 말입니다.  . 이 겁박 누구짓일까 . .",1,0
472,얼른 보고싶은  영화네요 코로나로 영화 못본지 언 1년 이번엔 꼭 볼려구요,10,1
473,SF도 아니고 액숀도 아니고.. 어중간한 멜로드라마 느낌날듯.,2,0
474,Sf가 주가 아니고 감성 로드무비라니 기대가 되네요 거기다 박보검 공유의 브로맨스  이  두배우의 브로맨스를 언제 또 볼수 있으리오!,10,1
475,". . .  내가 당하고 있는 이 겁박을 어떻게 세상에 알릴까요.   유툽 모든 동영상에 내 계정의 댓글을 차단시켰습니다. 해킹 공격입니다. (원천으로 내 댓글을 차단시키는 해킹 동영상을 유투브에 올렸습니다)  70년대 입막음이 오늘 벌어지고 있는 겁니다.  (사이버 수사대는 너무 소극적입니다. 마치 독재시대)  저들은 내 입 막는데에 사활이 걸린 것 같습니다.  몇년동안 매일, 입 닥치라는  무지막지한 겁박에 시달리고 있습니다. 밥줄도 서슴없이 쥐고 흔들어 댑니다.   공유가 서복 홍보하면서, 이것 관련 입도 못여는 것을 보여주고,  공유 팬들의 이상한 태도를 보여주고.  내가 뒤에서 얼마나 감시 겁박에 시달리고 있는지를 (간접적으로나마) 보여주는. sos 입니다. . . .",1,0
476,글쎄요..재미보단 볼 거리가 있을 듯 합니다.,1,0
477,얼굴이 벌써 재밌다,10,1
478,❣기대❣화이팅 ❣,10,1
479,평점 7.4 놀고 자빠졌네. 공유 연기 더럽게 못 함.,1,0
480,박보검 서복 기대합니다,10,1
481,박보검 서복 ㅎㅇㅌ,10,1
482,12월 2일은 언제오나요 ㅠㅠ,10,1
483,박보검 잘되라고 응원하는 맘으로!!,10,1
484,박보검 배우님이 그려낼 복제인간 ‘서복’이라는 인물이 너무너무 궁금하고 기대됩니다! 응원하며 기다릴게요 :),10,1
485,서복 박보검 기대하고 있습니다,10,1
486,완전 기대됩니다!! 박보검이 보여줄 서복이란 복제인간이 어떨지~ 박보검 파이팅!!!,10,1
487,우리영화 수준을 한단계 퇴보시키는 졸작.,2,0
488,부실한 스토리를 형편없는 연기로 가리는 영화,1,0
489,쓰레기 영화  그냥 배우들 얼굴로 밀어붙힘 영화,1,0
490,감독님 첫사랑영화만 만드시길,4,0
491,평점이  무슨일? 지루하고  각본편집 불완전 신파 CG도 마지막씬 빼곤 유치 서복 실험실 왜케 유치허접? 보검 연기는 봐줄만함,6,1
492,헐..,2,0
493,제발 영화좀 보고 평점 좀 해줘라 이건 마치 나 알바다 인 것 처럼... 어제 저녁 21:40분꺼 봤는데  뭐지???? 둘다 조곤조곤 한 말들만 해서 난 중간에 잤다  앤딩도... 앤딩도 잠온다,1,0
494,"그냥 배우가 다 한 영화에요... 복제인간과 죽음에 대한 철학, 가족애 이런 걸 너무 다 밀어 넣으려고 하니까 시나리오가 많이 산만하고 이야기 전개가 별로에요. 공유의 힘만으로 이야기를 이어나가려고 하는데 편집 문제인건지.. 뚝뚝 끊겨서 이건 뭐냐.. 하는 느낌이 강하게 듭니다. 킬링타임은 괜찮지만 뭐 기대하지 마세요. 이건 SF 같은 영화는 절대 아니에요. 그냥 복제인간이라는 소스 하나 넣은 드라마에요. 공유 좋아하지만.. 그래도 너무 배우빨로 가는 건 너무해요.....ㅠ.ㅠ",6,1
495,너무 팬심에 의한 평점 공정성 없네 난 그래서 공유와 박보검 얼굴에 1점 줄게요,1,0
496,좋은 소재와 배우를 가지고 이렇게 재미없고 졸리게 만드는 것도 능력임.  불면증을 가진 분들에겐 최고의 수면제가 될 수 있으니 보러 가는 것도 나쁘지 않음.,4,0
497,보고나서 평점남기자 !! 팬이면 이런기본정도 알아야지 평점뭐야  우리나라영화의 특징 은 고상하게나가다가 뜬금포로 욕을한번씩한다 서정적감수성을 주는영화에서 저렴한 욕설로 영화가 감점이된다  욕을해야 사실감을 준다고생각하나? 사장아저씨 연기못하는거 빼고 공유 보검은 정말 잘어울리는 비주얼 보는것만으로 흐믓  국정원아저씨 마지막 총살씬은 좀 과한 광기였음,6,1
498,삶. 살았을 때가 좋았어?? 죽음이 뭐야?? 죽음이 무서워??  삶과 죽음을 생각 못한 분이라면 비추!!,4,0
499,ㅠㅜ 더이상 말할수 없음.. 폭망.,1,0
500,이 배우 쓰고 그 돈 들여 영화를 이 따위로 만들기도 쉽지 않을 듯.,2,0
501,"댓글 알바와 팬클럽 부대들이 만든 10점 평점들에 속아서... 부실한 스토리, 오글거리는 대사,부자연스런 연기. 억지스러움,식상 지루..",1,0
502,다 10점이라 걍 저 혼자 1점 드립니다. 나 같은 사람도 하나 있는 거 아이요? 어? 근데 재밌겠네? 흠...,1,0
503,박보검 서복 두근두근.  박보검 화이팅,10,1
504,무조건 봐야되는 영화!,10,1
505,복제인간 서복을 통해서 본 미래의  혼란이라는 주제를 끌어 올린 영화!!   진심으로 보고 싶어요!!,10,1
506,박보검  공유 이용주감독 너무 기대되는 조합 . 12월 꼭 보러간다 젤 기대하고 기다린영화 . 예고부터 넘 짜릿 설렘,10,1
507,시도는 칭찬한다,2,0
508,서복이 날 욕쟁이로 만드는군. 요즘 한국영화 넘 대충 제작하는 것 같아. 그 대표적 케이스. 누가 이 영화를 철학적이라는거지?,1,0
509,알바를 정말 많이 풀어놓으셨나봐요 ? ㅋㅋㅋ 아님 충실스런 팬들이 오셨나? 이게 170억 짜리 영화라면  공유 박보검 캐스팅에 한 169억 쓰고 나머지 1억으로 영화만들었나봐요  복제인간을 서로 차지하기 위한 진부한 스토리에 화만내는 공유 질문충 박보검 뭐 그외는 말안해도.. 특수효과 라고 말하기 민망할 정도의 cg수준에 엉성한 총격신? ㅋㅋㅋ  그리고 왜 차타고 갈때 풍경까지 cg로 찍으셨나  낙원의 밤도 쓰레기인데 그영화는 그래도 풍경볼맛은 있었지 이쓰레기 영화는 진짜 볼게 단 하나도 없음  아! 박보검은 시장옷을 입어도 귀티가 나는거? 그거 하나있네 ♩♪ 진짜 ♪♬♬♪♪~ 3류 영화임 절대 돈 내구 보지마세요 ^^,1,0
510,"영화 개봉 6일 전에 와서 봤더니, 영화평이 290개가 넘게 달리고  평점 9.3점이 넘더만... 영화가 별로긴 별론가 보네.  알바들하고 남자배우들 빠X이들이 올려놓은 점수가 점점 떨어져 가네.  앞으론 알바들이 개봉 전에 우르르 몰려와서 올려놓는 평점에 속아서  극장 가는 사람들을 최소화하기 위해서라도 다음은 영화 개봉일까진  평점 못 달게 시스템 개선해라. 그리고 영화평 수정기능도 원상복구시켜놓고.  평점조절.",1,0
511,"박보검, 공유 인생 졸작 스토리도 없고 3류 영화입니다. 보면 후회해요",2,0
512,0점주고 싶은데 ㅇ아......,1,0
513,줄라 알바듷 많네.  시나리오 여기 저기 카피의 냄새. 겉도는 대사들. 어울리지 않는 공유 역활.  음 초짜의 시나리오..,1,0
514,내마음 평점은 5. 알바들한테 속아 본 게  짜증나서 괘씸죄로 평점 1.,1,0
515,한국영화의 질을 떨어뜨리는 영화,1,0
516,"어디서 많이 본듯한 설정과 느낌이 난무하는, 연기마저 식상한 영화",5,0
517,그냥 시간 떼우기에는 괜찮은 영화. 다음 영화의 평점은 그래도 믿을만 했는데 서복 평점을 보니.....  이제 다음 영화 평점도 걸러야겠구나,5,0
518,배우들의 연기력이 아깝다 스토리가 너무 단조롭네,6,1
519,보다가 잤네요.,5,0
520,설득력이 너무 떨어져서 몰입이 안되네요.  무슨 몇십년을 함께 한 연구원들은 인간성이 하나도 없고  오로지 단 며칠 함께한 공유만 유일하게 인간적이라니...  어느 정도여야 하는데...ㅡㅡ,5,0
521,박B검은 응팔 역 말고는 어울리는게 없네요~ 간질거리고 느끼 합니다. 이준Kee 나 권상Woo 처럼 영화나 드라마에 나오면 망작이 됨 그런 이미지는 아이돌 가수나 예능에 딱임,1,0
522,지금 보는 중.....,3,0
523,..,5,0
524,오!! 응?? 흠...,6,1
525,초중반까지는 괜찮았지만 후반으로 갈수록 도대체 무슨 내용인지를 이해할 수가 없었네.. 갑자기 100% SF를 바뀌면서 이게 무슨 내용인지를...,7,1
526,공유 보검 조우진 장영남배우님...  와우~  기대됨,0,0
527,생과사의 철학전 관점에서라기보다는 염력의 초인적 능력에 눈길이 더가는 이유는...,7,1
528,댓글알바 너무 심하네 인간적으로 이게 평점 10점준다는건 오바다 안본사람도 생각해줘야지 쓸데없이 평점이 너무 높아 ㅡㅡ 공유 박보검 때문에 평점 1점드립니다,1,0
529,저런 배우를 섭외해서 저런 수준의 영화를 만들어 놓다니... 금요일 저녁 시간에 극장 관객이 5명밖에 없는 이유가 있는듯.. 돈 내고 보기에는 너무 열받는 뭔 내용인지 하나도 이해가 안 가고 공감도 안 되는 졸작임,1,0
530,공유 영화중에 제일 재미없었음... 작중 인물에 대한 설정도 빈약하고  집중도도 떨어짐  서복 역할 배우의 나이도 안 맞고 차라리 아약배우가 했으면  더 몰입 됬을 것 같음,1,0
531,여기 평점 정말 영화보고 주는거 맞나 모르겠네요,1,0
532,"주말에 보고왔는데 깜짝놀랐네여ㅠ.ㅠ 어떻게 저리 명품배우들을 흐미~~액션,재미,감동 어느것하나 없더군여! 감독이 뭘말하고 싶은건지 저만 그런줄 아랐는데 보던사람들은 중간에 나가더라구여~재미완전 없다면서  제가 너무 기대를한건지 실망했져뭐 공유완팬인데ㅎㅎ",6,1
533,재미없다,1,0
534,방금 극장에서 보고 나옴.    대사 하나하나가 오장육부를 후벼파는구나.......   이런 영화 자꾸 돈 벌면 우리나라 영화수준 떨어질 듯...,1,0
535,유치하고 어설프고 오글거리고 민망하고 단순 무식하기까지 한 영화입니다. 공유와 박보검의 비주얼에 속지 마세요ㅠㅠ  극장을 나서면서 간만에 화가 남.. 전체적으로 연기도 다 못 함. 근데 총체적 난국이니 그럴 만도..,6,1
536,평점이 왜 이리 높은거죠? 평점에 속았어요,1,0
537,마치 누군가 10점 테러하는거 같네 부푼 기대를 갖고 딸과 함께 봤지만 꽝~~!!! 제작비가 많이 들어갔다면 괜한짓 한것이요 공유 델꼬 이따구로 밖에 못만드나 진짜 박보검은 주연인데 존재감이 제로다,4,0
538,대사가 너무 빨라 집중이 안되고  CG는 좋은데 내용도 별로 없고 .... 뻔한 결말,1,0
539,아쉬움이남는영화..,1,0
540,배우빨로 50만은 가려나?  휴 음악감독 누구냐? 몽환적인 음 만드려고 했나? 진짜 이상하네 멜로디가 싼티 나 그리고 160억 버리지말고 그냥 쓰고 그러지 이런 영화에 투자하고 그러냐~에휴~ 집에서 보는데 재미있는지 없는지 무잼이네,1,0
541,지루하고 재미 없다,1,0
542,이영화 비추다  어느정도 기대를 했었는데 아무래도 잘못된 생각이었다  스토리에 대한 뭐랄까 발상도 그렇고 수준도 실망스러웠다 개연성 역시 안타깝게도 떨어졌다  혹시나 행여라도 화끈한 액션장면이나 있을까 기대했건만 아예 네버 없었다  오히려 역으로 이건 그냥 뭐 인간의 욕심에 대해 생각을 하게끔 하는 지루한 드라마 타입이었다   또한 공유 때문인지 아니면 박보검 때문인지 암튼 두 간판배우가 내러티브를 힘차게 끌고가야 함에도 둘다 맥없이 힘없이 보였다  둘다 카리스마가 없었다   왜일까 내 주관적이지만 아무래도 공유+박보검 둘사이 케미스트리 서로 맞지가 않아보였다,3,0
543,공유 연기발음 레슨좀 받던지 초반부터 몰입방해 극심하네 말투,5,0
544,이것저것 짬뽕.......CG가 열일한 영화. 분발하시길......,4,0
545,스토리가 상당히 지루했고 결말도 참 평범하고 예상 가능하다.,5,0
546,박보검 나오는건 사지도 보지도 않는다,1,0
547,깊이 있는 의미를 담아내지 못한 아쉬운 서사,6,1
548,이시점에 굳이 중국인물을 소재로 하는이유는？ 중국자본때문인가 정방폭포위에도 서복전시관이라고 있던데 중국관광객들호객일환으로지은게아닐까싶은데.. 천박하다천박해,3,0
549,참 이런걸 영화라고 만들었나 싶다. 송혜교.;;;;,2,0
550,뭔가 뭔가 뭔가 아쉽네요. 그게 뭔지... 이동진 평론가님의 한줄평이 뭘지 궁금하네요,6,1
551,12월에 마스크 5겹은 끼고 극장에서 살거다.  서복 보려고. 공유 박보검 조합 미쳤는데.. 세계관은 더 미침.. 제일 기대중,10,1
552,한국에서 보기 드문 시나리오! 괜찮은 영화 일듯~~~,9,1
553,제목에  끌려 들어왔습니다.  기대할게요.,10,1
554,서복 너무 기대됩니다. 극장에 오랫만에 가려고합니다.,10,1
555,어쩐지 박보검 제대와 동시에 개봉할 것 같은 예감 ㅜㅜ,10,1
556,마녀랑 비슷,7,1
557,와! 이 정도일줄이야. 낙원의 밤을 이겨버리네. 재미 없기로,2,0
558,재미없음.,4,0
559,"시나리오 만들 때.....과학  동아리 고등학생이라도 참여시켜라.  그리고...니 생각을 설명하려면 논문을 써라, 영화를 만들지 말고",3,0
560,평점을 보며150억이 넘는 순수제작비를 대체 어디에 썼는지보다 이 영화에 별점10개를 준 사람들이 살면서 지금까지 어떤 영화를 봐온건지가 더 궁금해졌다. 10개의 별점에 붙은 코멘트는 더 가관이다. 아니 장관이라고 해야하나? 블레이드 러너도 이런 찬사는 못받았었는데...그 아류도 못되는 영화에 너무들한거 아닌가?  너무나도 당연하게 알바들이 붙었겠지만...그래서 더 씁쓸하네요,1,0
561,솔직히 노잼...,1,0
562,마녀짝퉁인데 재미없음,5,0
563,무거운 주제를 더욱 무겁게(?) 더욱 가볍게(?) 만드는 영화. 기대에 못 미치는 졸작.  이런 주제 좋아하는 영화인으로서 실망이 큰 영화. 왜10점이 많은지 이해 안되는 1인!,1,0
564,영화보고 평점 줘라.,3,0
565,할많하않  박보검의 머리카락이 갑자기 짧아져서 나오는 장면이 최고의 장면이었다고 생각함,2,0
566,"sf영화 클리쉐 떡칠로인해 스토리 흐름이 '예상가능하게' 누더기가 되어 지루한 영화, 말미에 호소하는 진부한 철학적 메세지가 폭발적 울림을 주지못함. 그냥  이거 보면서 시간소모할 바에야 관련 책 한권 읽는게 나을듯",5,0
567,"정보국, 안기부, 마피아, 조폭..... 헛뻥을 토대로한 영화들중에 제대로된 스토리 못봤음",10,1
568,"잔잔바리, 마지막은 엑스맨을 보는 느낌",6,1
569,1년을 기다린 영화 기대되서 앞구르기 함 @.@,0,0
570,뭡니까 이게 감독님 나빠요~,5,0
571,응?,3,0
572,"배우들이 아깝다. 너무 철학적으로 흐르는데다,  신파로 끝을 내려하니... 이야기 흐름이 하나도 개연성이 없이 억지로 짜맞춘듯 해서 끝까지 영화보기가 힘드네.  SF보라고 만든 영화인지...참나.",3,0
573,에이... 이건 아니지...,3,0
574,ㅋㅋㅋ 코로나핑계로 개망작들 면죄부주지 말자 거르니 좋다 배우들도 개거품벗고 재평가들가자 감독포함 ㅋㅋㅋ 한국관객들이 너무 착했다,1,0
575,보기도 전에 기대합니다라고 떠들며 10점을 누룬 바보들 때문에 8.5의 말도 안 되는 평점을 받고 있는 졸작. 보지도 않고 팬심으로 점수를 주는 한심한 짓거리 적당히 좀 하지. 뻔하고 맥락없고 참신성 떨어지는 영화라 배우들이 아깝다.  8점대 영화 절대 아님.,5,0
576,나만 별로였나.. 희안하네,1,0
577,댓글알바들인가? 평점들이 너무 후한데... 내용도 뻔하고 배우들이 아까움,4,0
578,"죽음이 역설적으로 삶에게 가지는 의미를 전체적으로 잘 보여주기도 했고, CG 장면도 훌륭했습니다. 다만 스토리가 많이 아쉽네요. 개연성이라던지 긴장감 조성 등 모든 부분에서 좀 의아했습니다. 잘생긴 수면제라는 말.. 좀 이해가 가더라구요.",7,1
579,장땡을 들고 94 파토 맞은 기분?,1,0
580,보지마셈,2,0
581,감독 포함 네 명의 사람들이 이렇게 별로인 영화의 시나리오를 쓰고 투자를 받았다는 게 놀랍다 볼 거라곤 공유와 박보검의 얼굴과 연기 밖에 없는 영화 마지막에 공유가 박보검에게 하는 말이 있는데 그 말에 대해 물어보고 싶다 스포일러가 될까 봐 무슨 말이었는지는 말 안한다,4,0
582,빨리 만나고 싶어요 서복 대박,0,0
583,이거 시나리오 쓴 작가 다시는 글쓰게 만들면 안된다,2,0
584,"박보검,공유 주연쓴다고 돈을 다쓰셨나 조연을 대충 쓰셨네 조우진 하나로는 약하다고 생각을 못하셨나?  스토리가 탄탄하지 못하면 중간중간 웃음을 넣어도 주셔야지 상업영화지... 아까비",6,1
585,예고편이 거의 다 보여준.....스토리 영상미 둘다 잡지는 못한 느낌,5,0
586,"재미없음.   기대가 너무 컸었나? 엔딩올라가고 일어서는데 ""에휴~~~""하는 한숨이 나왔음.  공유의 연기마저 어설퍼 보이게 만드는 매직~!!  포크는 웃으라는거였죠??  장영남.조우진배우를 이렇게 쓰고 버리나??  캐릭터 어느하나 마음을 움직이는 스토리나 서사가 없음.  서복의 주인공은 회장할베. 그 분 얼굴밖에 기억안남. ㅡㅡ;;;;  영화 내~내 지루하다가 끝에 십여분만 보면되는듯.",2,0
587,없다.다,1,0
588,"비쥬얼 좋은 수면제, 우주 관련 다큐 보는듯 했다 ㅠㅠ",1,0
589,"서복 자체에 대한 존재이유나 의미가 부족하고, 초능력 과잉의 캐릭터가 영화를 좀 유치하게 만들었다. 기대에 비해서 재미도 없고, 영화적 우수성도 떨어진다. 중국시장 겨냥해서 이름도 서복이라 지었지만, 우리 이름으로 했으면 좋았을 듯...",4,0
590,헐리우드에서는 스티븐스필버그가 20년전 만든 영화 ai가 있었다. 우리는 20년 늦었단거지.,4,0
591,"캐릭터들은 전부 평면적이고, 공감도 안되고, 서사도 미적미적 거리고, 마녀가 정말 재밌는영화였구나",3,0
592,한국영혀ㆍㅇ,6,1
593,전달하고자하는 것이 너무 노골적이다 따라서 약간은 지루하고 유치하다 연기는 좋았다,7,1
594,너무 루즈하고 보다가 나올까 고민한 영화,3,0
595,주말에 축구기다리면서 티빙에서. 딱 볼만한 극장에서 안봤으니. 욕은하지 않겠습니다,3,0
596,중간에 졸았네요.,5,0
597,"그리다 만 그림, 게으른 장소 섭외팀,   흥분해서 반말하는 게 긴장감 up의 유일한 수단",5,0
598,배우들이 아깝네요 ~스토리도 엉성하고  공감도 안되고 연기 언결도 이어지지 얂고~~안타깝네요,1,0
599,.,1,0
600,어디서 많이 본것같은 플롯에 영화 홍보는 마치 액션 영화처럼 하고 막상 가서 보면 신파극.,6,1
601,내기준에서는 넷플릭스에 있는 B급 영화한편 본 느낌,6,1
602,"아키라+x-man.    재미는. ,,,,",3,0
603,.,4,0
604,진짜  영화비24000원이랑 100만원 입금해주세요ㅜㅜ너무합니다요ㅜㅜ 진짜 보는내내 힘들고 저 침도 맞았다구요ㅜㅜㅜㅜㅜ 으앙ㅠㅠ,1,0
605,"입 닥치라는 겁박에 시달리고 있습니다.  밥줄 쥐고 흔듭니다.  몇년째 계속되고 있습니다. 지금 직장도 심상치 않아요.   연예인 공유 갤러리에 미투글을 올리면, 급삭제 당합니다. 하루에도 수십개의 글을 삭제시킵니다.  예전에 연예인 공유 기사에 미투댓글을 올리면, 무언가 우루루 몰려와서 나를 정신0자 몰이하더니. (그들의 아이디를 살펴보면, 내 개인정보와 관련있는 키워드가 주를 이루곤 했고요) . . 공유, 너 언제까지 이 사건 숨길건가.  너는 이 겁박이 누구짓인지 아니",1,0
606,지루하고. 개연성없고 스토리 재미없고. 박보검 로봇연기만 빛난다.,4,0
607,멋진 출연 배우들로 이런 스토리를... 잠자기 딱 좋은 영화.. 영생과 죽음에 대한 이야기는 한스푼...,4,0
608,팬심을 버리고 영화를 객관적으로 판단하세요. 영화는 스토리가 중요한데 얼굴만 보려고 하는거 아니잖아요? 어디 팬클럽에서 몰려와 10점 평점만 주고 갔네요.,1,0
609,오글오글,3,0
610,Ott로 와이프 보여주었는데 미안했다. 심하게 재미도 개연성 심지어 연기도 없다,1,0
611,뻔한 스토리   배우는 좋은데,2,0
612,"알바들이 총출동했네....실제로 봤다면, 이런 평점 안나올텐데......공유, 박보검의 조합이 기대이하다...실제로 보고나서  평점 좀 달았으면..좋겠다..ㅎㅎㅎ",6,1
613,노잼~~~,6,1
614,"연출, 스토리, 연기 한숨",5,0
615,.,1,0
616,"정말  배우가 아까운 영화입니다 스토리  느린 전개 ..초능력  같은 설정, 내용 빈약, 실망입니다.한국  영화이 떨어지는 영화",2,0
617,"오랜만에 극장가는거라 비싼돈 주고 더부띠끄 예매했는데 나중에 iptv로 볼걸 후회막급..ㅜㅠ 내가 아무리 공유팬이지만 이건 좀 아니다 ..그래도 수고한 공유,박보검 몫으로 별두개 드림.. 뭐랄까..이건 니맛도 내맛도 아닌  그런  인스턴트  평양냉면 맛.... ㅜㅠ  미안하지만 아닌건 아님...",4,0
618,sf 연극제에서 공연중인 소설'매미'가 영화로  만들면 훨씬 재미있을듯,1,0
619,아키라?,1,0
620,진짜 너무한다 이거 평점 잘준사람은 뭐가 좋다는건지 ㅠ 서복아 이건 아니잖아 무슨 스토리가이래,2,0
621,내용도 개연성도 전혀 네버 볼거라고는 배우들 연기뿐  그것도 개연성이 전혀 없지만 ㅠㅜ,1,0
622,무슨 영화를 보지도않고 평점을 메겨..어이없네.,1,0
623,포스트가 에러네요... 포스터는 전혀 보고 싶지 않는 포스터인데..  영화 소개 프로그램 보니까 흥미가 생기네요..,6,1
624,알바들 득실 ㅋㅋㅋ,2,0
625,"스토리는 늘어지고, 설정은 억지스럽고, 연출은 촌스럽고, 연기는 오버하고, 감독은 무능하다.  지금 이 평점은 영화는 보지도 않고 공유, 박보검 팬들이 높여놓은 평점.",3,0
626,교훈을 주기 위한 억지,4,0
627,다른거보세요제발 ㅠㅠㅠ,2,0
628,평점 알바 조절용.,1,0
629,엉성한 대사발에 말도 안되는 구성. 왜죠?? 왜 이따구로 시나리오를 쓴거죠?? 짱나...,4,0
630,....지루함의 끝..,1,0
631,이작품 별점 7.9  맞나요? 공유 배우 박보검 배우 아니고 이름없는 배우에 이내용이라면  과연?,1,0
632,왜  왜 왜,1,0
633,보지도 않고 10점이  많아 평점 조절용,2,0
634,기대 이하네요 좋은배우들 데려다놓고 한숨만 나옵니다.,2,0
635,그야말로 졸작이다. 이것저것 짬뽕했지만... 그냥 한심하다.  이 영화를 돈 내고 보는 사람들이 있다면 어디가 이상한 것 아닌가.,1,0
636,일본 애니 아키라 +  미국 영화  아일랜드  =  서복,2,0
637,.,3,0
638,"스토리 ,액션,  cg ,  모두 3류영화 ‥ 주연 조연 으로 그나마 3점 ‥ 스토리가 엉성하니 연기자들도 연기 못하는 것처럼 느껴짐 ‥",3,0
639,너무 걸음마 수준.. 러닝 타임도 너무 길어 반만 되어도 충분할 듯... 이미 20년 전에 만화로 본 것 같은 소재...,1,0
640,뻔한 스토리의 뻔한 액션...박보검 미스캐스팅의 망작...,1,0
641,와 진짜 피로감드는 영화. 무슨 말을 하려는 영화인지는 알겠는데 이건 아니잖아요 감독님,1,0
642,스토리가 너무 뻔하고 감독이 10년간 고민한 시나리오가 이정도인게 놀랍다. 결말도 허무하고 줄거리 개연성 떨어짐 CG가 너무 어색하고 160억은 어디다 갖다쓴건지...,1,0
643,뭔 영화여   이런 개  쓰레기,1,0
644,"할말은 많지만,, 안하겠습니다",2,0
645,스토리도 없고 박진감도 없고 스펙타클함도 없고,4,0
646,한심하다,1,0
647,보검아.. 나도 졸리다,1,0
648,수준미달,1,0
649,완전 망작이네요.... 공유... T.T,2,0
650,다른 댓글들 보내.... 공유가 이상했나??  난 보검 연기가 옛날 연기에서 갇혀있던 것처럼  어디선가 본 듯한 모습이라서 별루였는데...   화내는건... 안어울렸고...   제일 그럴듯한 연기는  용병들 ^^,6,1
651,흔하디 흔한 헐리우드 소재를 우리나라가 만드니 죽도밥도 안되는 액션씬 찔끔 cg 엉성 철학을 논하기엔 영화가 너무 재미없고 엉성하다 그리고 보검아 연기 공부 좀 해라 응8의 택이 연기랑 뭐가 다르노????,4,0
652,알겠는데...,1,0
653,갑자기 분위기....아키라?,2,0
654,인기배우만   얼굴만으로    보기앤.....,2,0
655,아 진짜 너무 빠라재끼네 ... 환불해줘,1,0
656,0점은 없나요..,1,0
657,"정말 공감 전혀 안되고 개연성도 전혀~  전 너무 재미없었네요  다른분들은 어떨지 모르지만 ,,공유 용의자 같은줄 알았는데 완전 실망요 ㅠㅠ 마지막은 정말 ...",1,0
658,노잼;;;;,1,0
659,박보검은 도대체 이 영화를 왜 찍었을까?????,1,0
660,"생각보다 별로고, 평점은 왜 일 높은지 모르겠네요",1,0
661,영화 재미있게 보았는데 영화속 제목인 서복은 진시황때 불로초를 찾아 떠나는 신하 서복을 따왔다고 설명해주는 배우님들 대화부분에서 혹시 이 영화도 중국 자본 들어온거 아닌가 하는 의구심이 들었습니다 설마 그렇진 않겠지요?,6,1
662,여기 사람들 왜 다 영화도 안보고 평점 10점을 주나요 영화평점은 영화보고나서 하라고 있는건데 공유 박보검 나와서 들뜬거봐라,4,0
663,엄복동도 이거보단 낫다 ♪♬,1,0
