﻿,document,score,label
0,영화는 영화일 뿐. 이라고 생각하며 봤는데.  저만 김대중대통령을 떠올린게 아니었네요.  배우들 연기좋았어요.  진지한역도 괜찮네요.,8,1
1,"사람사는 세상!!!  김대중대통령님도 생각나고 노무현대통령님도 그립고....  그리고  지금 우리의 대통령님 문재인대통령님이 생각나고...  배우분들 모두 연기는 👍👍👍 보면서 웃고,  울고  좋은 영화 잘 봤습니다!!",10,1
2,배우들 연기력 10점드렸습니다 김대중 대통령의 인생을 다시 한번 생각하게 되었네요,10,1
3,제주 오늘13시.... 꽉찬극장(우리포함 8명쯤 ㅎ) 웃음..눈물..흐뭇..시간가는줄  모르고  잼있는데 평점이 왜케나자?  그러게요 (짝꿍)  빠른 코로나 종식을 비라며~,10,1
4,김 대 중  노 무 현  두 분의 대통령의 역사를 재미있게 담았네요. 대통령이 되서 목욕탕에 문을 열고 들어오는 모습에  노란넥타이가 눈에 들어옵니다.  그 순간 미소가 피어오르지만 눈가가 촉촉해 지더군요.,9,1
5,배우들 연기 최고!! 초반엔 깔깔 웃다가 뒤에서 펑펑 울었네요 진심 최고입니다,10,1
6,김대중대통령님 보고싶어졌어요 울컥했구요,9,1
7,배우 정우  기다렸어요  그리고 응원해요,10,1
8,"예나 지금이나 대통령해서 한나라를 휘어잡을라고 무고한 시민들에게 총질하고.. 북한에 돈주며 미사일 쏴달라하고..  지들과 다르다는 이유로 걸핏하면 빨갱이, 좌파라 외쳐대는것들이 정작 진짜 빨갱이짓 하고 다니는...  그렇게 대통령만 되고나면 온갖 편법과 불법으로 결국엔 교도소나 들락거리고... 그런 출신당이 어디 출신이지? 당명만 바꾸면 뭐하냐 정작 중요한 인간들이 안바뀌는데...",10,1
9,평점 알바 풀었다면서 영화도 안보고  평점테러 하는 인간들은 뭔지. 그들은 알바 아니고 직원인가?,9,1
10,정우님 !!!!!!   너무 보고 싶었어요ㅠㅠ;;;; 빨리 영화관에서 만났으면 합니당... 정우님 화이팅!!!!!★★♥♥,10,1
11,한참 영화를 보고 있는데......  김대중 대통령이 보고 싶어졌다......,7,1
12,영화 재밌어요. 오달수 정우 두배우의 주연연기 좋습니다.,10,1
13,런 보러 갔다  이웃사촌하길래 이웃사촌으로 티켓구입하고  관람했는데  많이 웃고   감동적이고 생각지 않게  맘 뿌듯한 영화 봤습니다.,10,1
14,정우 배우님  영화에서 자주 보고싶습니다 ~^^,10,1
15,영화는 김대중과 김영삼의 이야기를 절묘하게 각색! 툭하면 빨갱이로 몰아 50여년 넘게 정권을 잡았던 수구권자 집단의 야욕과 그 야욕에 놀아난 어느 지역 동네 사람들의 이상한 애국심을 사실적으로 잘 그린 영화! 아직도 그 툭하면 빨갱이로 몰아가기 프레임을 가지고 조.중.동과 연합하여 이땅의 시민들에게 조롱하고 각색하고 그시절부터 지금까지 살아남은 어느 동네 집단 사람들이 이영화를 본다면 어떤 생각을 할까 고민해보기 좋았던 영화. 그리고 저항했던 시민들과 의사들이 있었기에 진보된 우리나라에서 아직도 웃지못할 블랙코미디.,10,1
16,아  내가 좋아하는 배우들 싹다 나오는데..... 극장을 못가본지가 얼마냐  이렇게 좋은 배우들이 나와 연기하는데 못보다니 오달수 김병철 김희원 염혜란 김선경 지승현 배우님들  ... 뭔말을 더할까 ..화이팅입니다,10,1
17,배우들이 살린 영화. 아직도 진행중인 민주주의 실현에 대한...21 세기 이후 많이 바뀌기는 했지만 썩은 뿌리는 쉽게 사라지지 않으니..,10,1
18,김대중 전 대통령님의 일화를 모티브로만든 영화. 집에서 봣는데 정말 볼만햇음~재밋어여~ 반드시보시기를 강추!!,10,1
19,정우 괜찮다,10,1
20,좋아요,10,1
21,"코미디가 좋겠다 싶어 본 이웃사촌  근데   배우들의 연기도 좋았지만  스토리가 배우 좋았고  80년대  시대극으로 회상  ,감상 , 웃음,감동을 선물해주는 좋은 영화 다 지금의 민주주의를 생각하게 되는 시간도 되었다~^^",9,1
22,"굉장히 재미있게 봤다. 앞부분은 옛날식 개그와 몸개그로 상당히 경쾌한 느낌을 준다. 요새 애들은 모르겠는데 나는 상당히 많이 웃었다. 끝부분으로 가면서 좀 신파로 흐르지만, 생각할만한 대사 도 있었고 개인적으로는 좋았다. 마지막 결론은 좀 그렇지. 트럭은 좀 억지라고 생각한다. 결론을 좀 성급하게 끝내려 고 한 부분은 아쉽다. 영화의 대본 자체를 상당히 재미있게 잘 쓴 영화 같다. 오달수씨가 코믹 연기뿐만 아니라 이런 연기도 잘하는구나 라는 생각을 들었다. 사생활은 모르겠고, 오달수라는 배우가 연기를 잘한 것 같다. 다른 사람이 물어보면 보라고 추천하고 싶다.",8,1
23,잔잔한 웃음 한 스푼에 또르르 눈물 한 스푼을 더한 80년대 다방커피같은 영화. DJ 전대통께서 실제 겪으신 고초의 1/10도 안 푼 것 같은데도 목이 메어오는 그 시절..  영화속 그들처럼 빨갱이 입에 달고 다니는 이들인지 그 시절을 그리워하는 것인지 어이상실의 평점테러. 유치하고 졸렬하다.  좌우를 가르는 영화가 아닌 실제 있었던 일을 극적으로 만든 영화일 뿐이다. 실제가 더 드라마틱해 보이기도 하지만.. 나도 8점 정도지만 평점테러를 생각해서 만점.,10,1
24,좋았어요~~,10,1
25,나쁜정당에 투표하지말고 나쁜신문은 보지 않고 집회에 나가고 인터넷에 글을 올리고 하다못해 담벼락을 쳐다보고 욕이라도 할수있다 하려고 하면 너무 많다 -고 김대중 대통령-,8,1
26,평점테러 있겠네 일베들한테..  꽤나 재미있는 영화입니다 꼭 보세요,10,1
27,군더더기 없는 깔끔한 영화..  운동권 미화라고 얘기하시는 분들은 제대로 다시관람 하시길.. 현재도 극중 김희원 같은 모략꾼들이 존재한다는게 안타깝네요,10,1
28,굿,10,1
29,정우  연기 너무 잘  하네요. 힘들게 만든 민주주의  다시 생각하게 되네요 .,10,1
30,아직도 민주주의는 진행형이란게 다소 서글프다,10,1
31,민주주의를  위해  희생하신  모든 분들에게 감사드립니다.,9,1
32,재밌게 잘봤습니다   코로나 만 아님 성공할 영화,8,1
33,훈훈한 영화였다   오랫만에 극장을 찾았는데 문화의날인데도 관람객이10명안밖이라....,8,1
34,좋았습니다!,10,1
35,문재인을 욕하며 민주주의와 인권을 비난하는 머저리들이 많아지면 저 시절이 다시 온다. 이 영화를 보고 독재와 친일 후예들의 뿌리를 뽑는 그날까지 정신 똑바로 차리자.,10,1
36,"근래에 보기드문 수작...  유치하고 어설픈 손발 오그라드는 억지 코미디가 아닌... 감독의 자연스러운 연출력이 돋보이며,  한편 가슴 뭉클하게 만드는 영화!!!!  코미디 장르 영화의 편견을 깬 영화",10,1
37,아무기대 없이 보다가 펑펑 울고 온 영화!  뻔한 감동 스토리와 약간 엉성한 면이 있지만 내가 더 자유롭고 정의로운 나라에 살 수 있게 노력한 그분들을 생각하게 한 영화네요 감사합니다,9,1
38,제2의 변호인 아직두 저때 기득권들이 지도층에 잇다는게 화가나는... 블랙코미디와 드라마의 적절한 조합 코로나때 개봉했다는게 단점... 국가에 대한 애국과 사람에 대한  에국을 착각하는 인간들이 아직두 많이 잇다는 현실이 답답해지는...,9,1
39,무거운주제를 유쾌하고 감동있게~~^^ 배우들의 연기도훌륭해요,10,1
40,저도 김영상 김대중 전대통령 두분중 알쏭달쏭 했는데 김대중 전 대톨령이신듯..합니다. 민주주의를 위한 초석.. 고마움을 깊이 되세겨봅니다 좋은영화 감사드립니다,10,1
41,"제주  ,노형cGV  13시 영화 시작  관객  5명  . 재미 감동 분노   3박자  고르  갓춘영화      ㅅㅅ  아주  재밋게  밧습      코로나  시국 인데   제주는  문화  생활이   다사려져서   ..   영화 뿐업네요    조은 영화   ㅅㅅㅅ",10,1
42,너무 감동적이고 재밌고 좋은영화.  코로나 시기라서 안타깝다.  연기도 잘하고 굿굿,10,1
43,힘든시절에 인간애도 살아있다는것을 보여준것 같아 너무 감동적이었습니다. 배우들의 연기도 훌륭했고 내용면에서도 훌륭한것 같아요. 꼭 한번 봐야할 영화로 추천하고싶습니다. 여러분 힘내세요!,10,1
44,간만에  웃음과 눈물ㅇㅣ 난  영화.   배우들  연기 다 좋았다👏,9,1
45,직접 겪은 과거는 아니지만 선배들의 희생이 있어  지금의 삶이 가능하지 않았나 하는 생각이 들었어요,10,1
46,오달수 님 무죄 판결났습니다 검색좀 하세요,10,1
47,감동과 웃음  옛 추억의  소환 짜임새 있는 연출 보는 내내 김대중 전대통령님이 생각나는 영화 있어요.  너무 감동적은 영화 잘 봤습니다.,10,1
48,영화 재밌게 잘 봤어요 배우분들 연기력도 좋고  웃다가 울다가 했네요 대박나세요,8,1
49,"우리 시대의 슬픈 자화상.. 그러나 현재도 진행중인 기득권(언론, 검찰, 법원, 재벌)의 국민 속이기..",9,1
50,굿굿!!  DJ,10,1
51,저도 김대중 대통령이 연상되네요... 암울했던 시절 정말 야비하고 악랄함은 영화 이상이었는데... 유머와 아픔을 잘 조화시킨 영화네요... 가족들이 함께 볼 수 있는 휴먼 드라마입니다...,9,1
52,많은 국민이 봐야할 영화입니다,10,1
53,근래에 본 최고의 명작,10,1
54,꼬꼬무에서 kt납치사건보고 봤는데 김대중대통령님 정말 대단하신 분인건 확실하다...,10,1
55,올해본 한국영화중에 베스트5 남산의부장들.소리도없이.벌새.윤희에게.그리고 이웃사촌!,10,1
56,감동적인   영화  반드시  검찰개혁,10,1
57,아~ 감동이었습니다. ㅠ.ㅠ 저절로 흐르는 눈물 ᆢ ㅠ.ㅠ 아~ 그 분이 그립고 보고 싶었습니다.  정의가 살아있는 정치인ᆢ 그 억울함을  다 참아낸 진정한 리더ᆢ,10,1
58,감동입니다.,10,1
59,왜 평점이 이 모양이지? 그래서 10점,10,1
60,좋은영화 감동...,10,1
61,당연한것들이 당연하지 않던 시절.. 자유가 감사하다는 걸 느꼈다,10,1
62,정우 연기 최고네,10,1
63,많이 울었습니다.  그 상황들이 왜 그리도 슬프던지..ㅠㅠ 참 잘 만들었네요. 연기들도 좋았구요~,10,1
64,꼭 추천요!!,10,1
65,웃다가 울다가.... 정우님의 진심이 닿는 연기력... 와.. 정말.. 눈빛.. 몰입되지 않을수 없더이다...... 정말 잘 봤습니다..,9,1
66,오늘 영화보고 왔네요..배우들 연기도 넘 기대 이상이고요 스토리도 감동 .분노. 다 녹아나네요 그들이 있어 대햐민국이 살만하네요..감사합니다,10,1
67,그저그렇지 않다  지금의 자유. .   누군가의 희생이고 결단이다....  감사한 일이다. .,10,1
68,"역대급 영화였다.  이 영화 정말 찐!찐!이다.  김대중 대통령.. 그분이 너무 그립고 그리워 눈물이 났다. 정우, 달수님 두분 연기도 너무 좋았고 감동이었다♥",10,1
69,오랫만에 훌륭한 영화를 봐서 행복했습니다 이환경 감독님 민주화를 위해 희생하신 분들을 기억하게 해주셔서 감사드립니다,10,1
70,재미와감동.잘봤습니다.^^,10,1
71,편안히 그때를 생각하며 보다가 그 시절이 있었다는 생각에 맘이 아파옴. 저런 시절을 보내고도 그때 그 놈들 편드는 사람들을 떠올리자니 안타까움에 쓴웃음이 나온다.,8,1
72,정우의 연기도 타의 추종 불허네!,10,1
73,재밌음..,10,1
74,아주 잘 만든 영화네요~ 독재시대의 냉엄한 현실을 감동과 웃음으로 표현한 좋은 작품입니다.,10,1
75,"이 영화를 봤다면 아무 생각 없는 1~2점 짜리 평점을 주진 않았을 거다. 초반에 웃고 봤고, 중반 넘어서 감동의 쓰나미가 몰려왔고, 결론은 눈가에 젖은 눈물과 함께 행복했다. 정치적인 이념을 떠나서 ""감동""그 자체였고, 역시 오달수라는 배우는 참 대단한 연기의 고수다. 정우 역시 뛰어난 연기력으로 너무 감동있게 봐서 자꾸 말이 늘어난다. 암튼 강추~!!",10,1
76,100점,10,1
77,정말 잘봤습니다 감사합니다,10,1
78,우리는 떠난 분들의 삶 앞에서 많은 것을 느껴야 한다고 생각합니다  고맙습니다,10,1
79,이제 시작한닷,10,1
80,감동.웃음.연기까지 최고입니다~ 김대중 대통령의 업적이 눈에 선하게 그려지네요,10,1
81,"한국,  가슴 아픈 시절이 있었음을...",10,1
82,잘봤습니다,10,1
83,평범하고 명료하게 잘 만들었다.  근데 웃음보다 슬프다,10,1
84,웃다울다 ㅆ... 코로나가 이런 좋은 영화 다 잡아먹는 구나... 난 10점 줄란다.,10,1
85,요즈음 꼭 보시길 바랍니다.,10,1
86,오달수님 앞으로 좋은활동 기대합니다 재밌게 봤네요,10,1
87,코로나만 아니면 1000만 관객 도전해 볼 영화인데 안타깝네요.,10,1
88,괜찮은 스토리에 괜찮은 연기에 괜찮은 재미를 주었던 별4개 영화 근데 영화도 보지않은 안티들이 너무 심해서 10점 드립니다.,10,1
89,오랜만에 좋은 영화본것 같아요,10,1
90,배우들 연기 짱입니다. 완전 감동!!!,10,1
91,존경하고 사랑하는 국민여러분 김대중 대통령님이 항상 서두에 꺼내신 말  한 사람 한 사람이 사람답게 사는 세상 노무현 대통령님의 말씀 그리고 발가락 양말  아 눈물 나,10,1
92,"목숨바쳐 쟁취해낸 민주주의의 혜택을 엉뚱한 검찰, 언론, 친일파들이 오남용하고 있는 현실이 가슴아픕니다. 출연배우들 용기를 응원합니다.",10,1
93,민주주의를 위해 희생하신 모든 분들과 가족분들에게 감사를 표합니다. 악마처럼 살았던 기득권세력들이 지금도 껄껄거리며 우리 주변에 기생하니 눈부릅뜨고 국민들이 힘 모읍시다.,10,1
94,“이 영화는 실제사건을 순화하여 제작 되었습니다.”,7,1
95,"감동, 감동 입니다.  연기력 좋구요.  평점7.2는 너무하네요  최소 8.5  이상 드릴께요.",10,1
96,"그 시절 정권과 반대되는 이야기, 정권에 반대하는 정당은 모조리 ""Red""로 몰아서 제거했던 시대를 잘 묘사한거 같습니다. 코로나 시대라 사람을 모으기는 아쉬웠지만 마지막에 CG처리는 조금 아쉬웠습니다만 다시는 이런일이 반복되지 않기를 바라는 마음이 듭니다.",10,1
97,볼만합니다. 민주주의..,10,1
98,좋아요,10,1
99,"배우들 연기력도 좋고...웃음, 그리고  찡 하네요,,^^",9,1
100,오달수배우님 반갑습니다 조선명탐정 시리즈 기대합니다,10,1
101,생각보다 인간미의 온도가 있어요,10,1
102,잘봤습니다,9,1
103,별점이 낮아서 어떨까 싶었는데 기대 이상입니다. 특히 정우 님은 진짜 연기 와... 대박이네요 정말. 그리고 조연 분들 때문에 중반까지 너무 웃었음.,10,1
104,이 의미있는  영화  3년전  개봉했다면 손익분기점  2배는  쉽게 넘겼을 영화.  3년이나 지나 코로나 이 시기에  개봉하게  만든 장본인은  무혐의 오달수 배우가  뭔 큰 죄인처럼  큰 목소리 내었던  누구누구누구  때문 오늘 영화보고  나서  관객수  찾아보니  내가  열이난다. 무혐의인데  왜 처벌받는 사람이 없지. 참 안타깝다.  코로나 끝나고 재개봉 하면 좋겠다 오달수 배우님! 힘내세요. 감독님이랑 다른 배우님들도  좋은 일  많으시길 바랍니다.,10,1
105,2% 부족하지만  좋은 영화,8,1
106,웃음과 감동이 있는 영화입니다. 코로나19로 영화관에 가는 걸 고민하다 영화보고 나오면서 보길 너무 잘 했다 싶었어요. 웃음과 감동이 고픈 분들께 추천합니다.~,10,1
107,배우들 연기도 좋고 코믹에 감동까지!! 간만에 흥행영화 나온듯!!,10,1
108,평점 테러 당한 듯... 김대중 대통령을 떠올리게 하는 영화,10,1
109,탄탄한 줄거리와  은은한 감동.  배우들의  뛰어난 연기력과 아름다운  엔딩까지  영화가 끝나도 다시 많은걸 생각하게합니다.  코로나로  힘들지만 간만에  가슴 훈훈한 영화 보고왔네요.  강추입니다~,10,1
110,ㅋㅋㅋ진짜 재밌었어요  이런영화 많이 만들어주세요ㅜㅜ 강추강추😊,10,1
111,배우 오달수씨의 복귀를 응원합니다  정우씨  연기도  최곱니다  스토리를 떠나 배우들의  연기를  응원합니다,10,1
112,ㄱㅊ,10,1
113,여기 댓글보니 오히려 호남 옹호하는듯 위장하고 별점 테러 하는것 같네요..,10,1
114,코로나때문에 많은분들이 극장에  함께하지못함이 너무  안타깝네요...좋은영화입니다~~,10,1
115,코미디라고 해서 편하게 봤는데 웃음과 눈물.. 가족 나들이에 재밌는 영화 봤습니다 굿~~~~~,10,1
116,영화는 영화로~~ 전 재미있게 보고 왔어요 웃다가 울다가,10,1
117,오달수 절제된 연기  정우의  넘치는 감정연기  ~~ 좋았습니다,10,1
118,추천!!,10,1
119,김대중 전 대통령님이 그리워지는 영화,10,1
120,"오랜만에  ""우수 한국 영화""를 보았네요. 흥행 성공 바라며……",10,1
121,"오랜만에 정우님 영화나와서 보러갔는데 웃음도 있고 감동도 있는 영화였어요😭😭 다른 시기에 개봉했으면 더 좋았을텐데,, 호불호가 갈리는 배우님들이 나와서  흥행에 조금 영향이 끼치지 않았나 싶어 아쉽네요ㅠㅠ 다들 연기력은 좋은 분들이신데,, 저랑 제 친구는 계속 몰입해서 봤습니다 추천합니당👍👍",10,1
122,연기의 장인들이십니다 울고 웃고 감동적입니다,10,1
123,민주주의는 거져 얻는게 아니라는걸 느꼈습니다.  故김대중 대통령님이 생각납니다.,10,1
124,최고의  배우들 연기력에  감탄하고 눈물 흘리며  시간  가는줄  모르고  봣어요 ~^^  코로나 여파가  심각한가봅니당. 남편과  둘이  봤어요  ㅎㅎ,10,1
125,"이웃사촌같던 김대중, 노무현 대통령이 떠난 자리에 이웃사촌....",10,1
126,"초반에는 웃음 코드가 맞아서 그런가 재밌는 부분이 많았고, 뒤로 갈수록 조금은 진지한 내용으로 진행되서 점점 영화에 빠져 들었던 영화네요",9,1
127,배우들 연기가 좋아요,10,1
128,"상이한 입장이었지만 서로 겪게되면서 이웃사촌처럼, 배려 희생하는 훈훈한 코믹 시사극이었어요.",8,1
129,"아,,코로나사태만 아니면,,,,흥행에 성공했을텐데,,너무 아쉽다,,이좋은영화를,,,,,시기가 88년도쯤,,,,,,그리고 노무현전 대통령이 88년도 ,,대선 나간것 같네여,,노란넥타이,,,,,실제론 김 대중이지만,,,,,,",8,1
130,"김대중대통령, 노무현대통령이 만들어놓은 민주화를  조중동, 검새, 판새들이 합작해서 망쳐놓고 있다. 지금 21세기 대한민국은 판새와 검새들의 세상인가",9,1
131,김대중 대통령님이 떠오른 영화! 맞네. 공안검사가 억울한 사람들 간첩 만들었던.... 공작정치! 언론탄압!  독재정치! 실상을 볼 수 있음. 배우연기 좋고!  아마 블랙리스트 올라갈 듯....,10,1
132,너무 감동적이고 좋네요. 그런데  민주주의는 진행형 이네요. 지금은 검찰과  썩은 언론이 후퇴시키고 있네요.,10,1
133,"박정희, 전두환 정권의 탄압시절 김대중이 생각난다. 실제, 사고를 가장한 살인을 서슴치 않았던, 군사정권들.. 그들의 잔혹함과 집권욕이 이런 웃기지도 않는 일을 현실로 만들었다. 그냥 김대중 전 대통령의 이야기를 영화화 했다기 보다는 그 참담한 현실에서 도청하는 사람과 도청당하는 사람의 인간의 삶에 영화를 맞춰 전개한데서 높은 점수를 주고 싶다. 마지막, 서로의 만남에서 나도 모르게 눈물이 주르르 흐른다.  웃음과 인간미, 배우들의 연기와 감독의 연출까지 모두 100점짜리라고 말하고 싶다.",10,1
134,👍👍👍👍👍👍👍,8,1
135,배우들  연기도 잘하고  재미도 있음,8,1
136,등장배우나 시대적 편견없이 영화를 즐기면 좋은 영화입니다.,8,1
137,영화를 보고 웃고 울고ᆢ 김대중대통령님을 회상하며 보다가 마지막엔 노무현대통령님도 생각나고  뻔한 스토리였음에도 영화보는  동안  안타까움과 감사함이ᆢ,10,1
138,웃다 울다... 어렵게 이루어낸 자유... 아직도 그때 그 시절이었다면 어떻게 살았을까 소름돋네요 아직도 빨갱이 프레임으로 이야기 하는 사람들 제발 꼭 한번 봤으면 하는 영화네요... 역사를 잊은 민족에게 미래는 없다...,10,1
139,존경하고 사랑하는 국민 여러분...,9,1
140,역시 믿고 보는 정우배우 연기 좋아요! 가슴이 짠 하네요! 국민의 짐들은 아마 싫어 할듯 합니다. 자신들의 과거가 발목을 잡는다고 생각할듯!,10,1
141,그냥 코믹영화라 생각했었는데..  재미.. 감동.. 시대적 아픔까지.. 모두 잘 담았네요..  배우들 연기도 정말 좋았습니다.  코로나만 아니었음 더 흥했을 텐데.. 아깝요.,10,1
142,가슴이 뭉클해진다. 진한 감동과 눈물을 막을수 없다. 이 영화가 누구를 모티브로 한 실화인지 아닌지는 관심없다.  중요한건 우리의 역사에서 자유와 인권이 무자비하게 탄압받던 시절이 있었고 민주화를 위한 희생이 분명 있었다는 것이다.  적어도 이 영화는 그런 소중한 가치를 되새길수 있는 훌륭한 거울이다.  두 연기자의 시대를 표상하는 리얼한 연기에 박수를 보낸다.,10,1
143,아직도 빨갱이니 좌파 어쩌구하는 사람들한테 꼭 보여주고 싶어요~~무겁지 않아 좋았습니다.  정우 & 오달수 배우도 좋았습니다 👍,10,1
144,픽션이지만 픽션이 아닌 건 누구나 다 아는 사실. 배우 정우의 연기에 웃다 울컥하다 감동하며 봤음. 수많은 이들의 희생과 노력으로 이뤄낸 민주주의의 의미를 다시금 되새기게 해주는 영화.,10,1
145,아무런 정보없이 그냥.코메디영화인가보다 하고 봤는데 ...아직 세상은.그대로 인거 같아 씁쓸하네요 힘들게 지켜온 민주주의! 검찰개혁.언론개혁 사법개혁 어느하나 나아진게 없어서 암울하지만 희망을  가져봅니다!,8,1
146,김대중대통령이야기를  모티브로 햇네요 가슴따뜻하고뭉클한 영화에요,8,1
147,대통령 하나 바뀐다고 세상이 바뀌지 않는거 ..,8,1
148,지금도 개혁과 반개혁의 싸움은 진행중...,10,1
149,이런 영화 보면서 지금 대한민국이 얼마나 살기좋은 나라인지 새삼느낀다 잊지말자 독재자들에게 이름없이 죽임당한 민주열사들을,8,1
150,세상이 정말 좋아졌다 . 그때는 정말 인권이 바닥이였다. 국민의식은  선진국에 진입했는데   정치 언론은  후진국이네.  아직도 지역감정 조장하여 선거 치루던 시대 처럼.   지금은 언론이  좌파 우파로 나눌려 한다.   언론 개혁 좀 해라,10,1
151,난 재밌게 봤음 자동차극장에서.,10,1
152,재미지네~~,10,1
153,굿,10,1
154,좋은 영화입니다,9,1
155,재밋구만....평점 낮고 김대중 펌하는 개소리들....!!  빨갱이들이가?ㅋㅋㅋㅋ,10,1
156,꼭보세요,10,1
157,재밌어요👍🏻,10,1
158,그런 역사적인 시대를 살아 왔는데도 아직도 몰러들~~~~!!,9,1
159,암울했던 시대에   민주주의 의 씨앗을  뿌리다 희생하신분들께  받치는 영화인듯 합니다 인간적인 눈물나는 영화였습니다 강력추천합니다 별 다섯개,10,1
160,잘 만들었어요,10,1
161,상황정리 잘 만들어준 영화~,10,1
162,"이런 시절을 보내고도 아직도 빨갱이 종북 타령하는 국민의 짐, 태극기부대, 아줌마부대...",8,1
163,"재미와 재치, 우스꽝스런 상황극으로 몰입도를 올려주고 지루하지 않게 잘 풀어냈다 무거운 주제와 진지한 대사들 또한 배우들의 명연기로 빠져들수 밖에 없고 웃다울게 되는 잘 만든 영화다",10,1
164,영화 보는대 무슨 말이 필요합니까? 웃고  즐기고 감동까지 추천 합니다.,10,1
165,좋은 영화,10,1
166,오달수 연기가 넘 좋아요,10,1
167,이환경감독의 최고 작품은 7번방도 아닌 최소한 내게는 각설탕이었다. 이번 이 영화의 누군가가 현실 인물을 본을 뜬게 아니고 순수하게 가상이라 한다면 그나마 볼 만 하다.  중간에 울컥하게 하는 것도 그 뿐. 많이 몰입하게 하진 못 한 것 같다. 김희원배우.얼마전 담보에서는 선한 캐릭터이더만 여기서는 다시 악역이었네. 코로나 창궐속에 어렵게 극장 가서 봤는데 주변에 한 4명 정도 왔던데...많은 흥행은 좀 힘들지 않나 싶음.,7,1
168,혼자 가진 연차휴일에 여직원이 권한 영화.  코믹영화인가 보다가 마음 끝이 시리는 마지막 장면까지   근대사의 소재를 감동과 재미로 엮어낸  수작이다.,10,1
169,꼭 봐라 빨간당 ㄱ ㅅ 끼들아 ㅋㅋㅋ,10,1
170,역시 오달수.. 그의 컴백을 열렬히 환영한다. ^^,10,1
171,좋은 내용을 담기에는 스토리라인을 런닝 타임속에 다 담을 수 없는것 같아 아쉬웠고...  인물간의 개연성이 약간 부족해 보였다  그리고 극적인 부분을 표현한 내용이 마음에 많이 와 닿진 않았던거 같다  그래도 독재정권 하에서 민주주의를 위해 온몸을 바치신 김대중 대통령님을 그렸다는 부분에선 괜찮은 작품이다,8,1
172,석열아.  영화에 너나오더라! 꼭봐라!   김희원이 너랑 똑같더라! ♬♪야.  건희는 양재택과 무슨관계니?,10,1
173,시대배경은 노태우인데  인물설정은 우리 김대중 대통령님이시네  감동이었음,9,1
174,적폐청산은 아직  멀었습니다 대한민국 민주주의를 위해 산화하신분들에게 항상 김사하며 살아가겠습니다,10,1
175,악랄했던 군부시절..,10,1
176,잼나요,10,1
177,감동적이고~~재밌는 영화였음~~^^  추천~~^^,9,1
178,재밌게 잘 봤어요,10,1
179,재미와 감동있는 영화에요. 배우들 연기도 빛나고... 왜 흥행이 안됐는지 모르겠어요 기대 안하고 봤는데 영화보는 내내 웃다가 울다가...  정말 강추예요~~^^,10,1
180,"기대 안하고 심심해서 봤다가 눈물 좀 흘렸습니다. 여전히 먼 민주주의, 이 영화로 조금 더 다가가리라 믿습니다.",10,1
181,안봤으면 정말 후회할뻔한 영화입니다. 찔리는인간들의 평점테러는 예상했었습니다.,10,1
182,그시절 ... 정말 저렇게 될뻔 했지. 다들 목숨걸고 살았지... 무슨 용기인지 참. . .,8,1
183,코메디인줄 알았는데 ~ 감동을 주는 영화네요 ~,10,1
184,김대중 대통령 생각이 많이 나네 ㅠㅠ 정우 배우님 오달수 배우님 연기 굿!!!,10,1
185,우리가 누리는 민주주의는 그냥 얻어진게 아니듯...가슴한켠의 부채를 않고 살자. 배우들 연기 좋다.,10,1
186,재밌는데 진지하게 봤습니다. 감사합니다. 언론 검찰 보수의 연결고리는 언제쯤 끊을 수 있을지,10,1
187,웃음과 감동을 함께 주는 좋은 작품입니다. 보고싶습니다.김대중대통령님...,10,1
188,유쾌하고 감동적인 영화 추천합니다! 평점 낮은건 이해안감! 8점이상인 영화! 아마도 죽을때까지 빨갱이 타령하는 ㄱ ㅐ 보다 못한 낡은 인간들이 평점테러 했을꺼 같군요!,10,1
189,난 정말 잼있게 보았다 왜 평정이 이렇지,10,1
190,몇년만의 오달수.정우의 명연기.좋았습니다.,9,1
191,좋았어요~~~,10,1
192,역사적으로 빨갱이 입에 달고 사는 사람들이 찐 빨갱이다.  장르는 코메디이지만 결코 웃을 수 없는 아픈 과거이기에 마음이 무거워 진다.,8,1
193,재미나요. 다시는 저 시대로 돌아가면 안될듯 싶네요.,10,1
194,이 영화 그냥 지나치지 마세요 그냥 보세요 보시면 돼요 그리고 정우씨 연기 진짜 찐~,10,1
195,"대박입니다. 배우들 연기 짱이며, 웃다 울다 정말 이런 수작이 있었다니... 감동주신 것에 감사드릴 뿐이네요.",10,1
196,평점이 왜이려~  눈물 콧물 쏙~  빼믄서 봤는디,10,1
197,일단 재미와 감동 ! 이 있 다. 역사의 진보를 이룬 자들이 있었기에 가족들과 맘 편히 밥 먹을 수 있어...,10,1
198,식사는 ...  기대없이 봤다가 감동 받았습니다.,9,1
199,누군가  우리집안의 모든 소리를 듣고 있다면... 상상만으로 끔찍하다. 전개가 상상이 되지만 생각을 다시한번 해보게되는 영화. 눈을 크게 떠야겠다.,8,1
200,재밌게 봣습니다.,8,1
201,"정치 풍자 코미디물로 시작하지만 당시 상황을 경험한 관객이라면 공감이 되는 내용입니다. 하지만 당시 기득권을 가졌거나 과거 독재시절이 좋았다고 하는 사람들에게는 거부감이 들수도 있을 것 같습니다. 영화 곳곳에서 드러나는 ""7번방의 선물"" 흔적을 보는 것도 보너스같은 재미를 주네요..",7,1
202,긋굿!,10,1
203,넘 기대됩니다!! 또 다른 7번방의 선물!,10,1
204,안그래도 우울한데 이런영화 좋다~,10,1
205,곧 보러갈게요,10,1
206,굿,10,1
207,이런 영화는 웃고 기뻐하고 사랑하게 만들지만 촌스런 조연들도 좋아요 ^^=,9,1
208,감동적이고  눈물이 나네요~,9,1
209,이웃사촌 너무 보고 싶습니다... 개봉 빨리 되었으면 좋겠네요,10,1
210,기대기대,10,1
211,모처럼 웃음과 뭉클함을 느낀 영화,10,1
212,오달수와 정우의 조합이 꽤 신선하고 탄탄하다. 이환경의 기승전결이 새롭거나 그렇진 않지만 그의 작법이려니 한다. 깁대중을 오마주하지 않더라도 괜찮을뻔했다. 재미있다.,8,1
213,편안하게 웃어면서 볼수 있는 영화 강력추천합니다.,9,1
214,000,10,1
215,좋은 영화 감동적이네요! 짱 추천해요!,10,1
216,너무 재밌게  봐고왔어요 정우 달수행님은 물론 김병철  조현철  염혜란등 출연진들 덕분에  많이 웃고  즐거운  시간  되고왔음 댓글 찬성하기0,10,1
217,재밌습니다. 많이 생각할거 없이 그냥 보면 됩니다. 중간에 웃겨서 배꼽 빠지는줄ㅋㅋ,8,1
218,많은 관객이 봤으면 참 좋았겠다라는 아쉬움,10,1
219,그냥 보고나오면서... 노무현 대통령이 너무 보고 싶었다...,8,1
220,간만에 좋은영화봤다....웃다가 울다가...꼭 보세요..,10,1
221,영화에서 전달하는 메세지가 중요한것 아닌가요? 전라도 사투리 하나 안썼다고 욕하기엔 아까운영화입니다 심장 뜨겁게 잘봤습니다 오달수님 정우님 연기 너무 잘봤어요!,10,1
222,"오달수님  연기 넘 진지했구요.... 정우님 연기 넘 감사했어요.... 이의식역 따님 넘 예뻤고, 연기기 넘 좋았습니다. 오달수님 이번 영화를 시작으로 앞으로 자주 뵜으면 합니다. 이웃사촌 넘 좋았어요... 많이들 보세요....강추예요~~~",10,1
223,"이환경감독님. 예전에 군생활 같이한 임00입니다. 지난번에 7번방의 선물에서 많은 감동을 주셨었는데, 이번 이웃사촌도 많이많이 응원합니다.",10,1
224,꼭 볼게여~,10,1
225,영화 빨리 보고 싶네요.기대가 큽니다.,10,1
226,간만에 극장가서 봐야지~^^,10,1
227,"재미와 감동, 따뜻하면서도 가슴속에서 뭔가가 불끈 솟아오르게 하는 영화입니다~!",10,1
228,오랜만에 영화보면서 엄청 웃으면서 봤어요! 마지막엔 감동적이라서 눈물 주르륵... 웃음과 감동 동시에 느낄 수 있는 영화에요 추천합니다  생각보다 평점이 너무 낮네요ㅠ,10,1
229,코로나 시기때문에 평도 없고 관객도 없어 아쉽지만 충분히 재밋고 느낀점도 잇는 영화라고 생각합니다.,9,1
230,저도요.  정우님 보고 싶었네요~~~,10,1
231,1년전에 블라인드 시사회에서 봤던 영화네요 재밌습니다. 감동도 있고^^,10,1
232,오랫만에 웃기도 하고  울기도 했네요~ 그래요 빨갱이라면 무조건 통하던 세상이 불과 엇그제같은데..세월 참 좋아졌는데 왜들 그렇게 불만이 많은지..좀 믿어주고 사람이 우선인 그런 세상을 꿈꾸고  싶네요.,10,1
233,아무런 사전 정보없이 본 영화인데 웃다 울다 감동 받고 울컥한 그런 잼있는 영화였어요... 다들 꼭 보시길....특이 달수씨의 진지한 연기가 넘 자연스러워서 깜놀,10,1
234,7번방 선물 감독이라 그런지 특유의 억지신파도 있고 유치한 개그코드도 있었다... 근데 소재와 배우들의 연기면에서 7번방의 선물보단 낳은거 같음,7,1
235,달수형님 보고싶었습니다.ㅜㅠ,10,1
236,어의없는 평점들 보정합니다,10,1
237,"시국이 참..어수선한 가운데 간만에 찐 감동적인 영화를 봤습니다 적극 추천드려봅니다...근데...김영삼대통령 아닌가요? 잘 모르겠지만...^^;; 한번 찾아봐야겠네요,",10,1
238,김대중 대통령님  노무현 대통령님   보구싶다,10,1
239,연기도 다들 잘하시고 첨부터 끝까지 그 시대를 알고 있는  사람에 시선으로는 짠하고 먹먹합니다~,10,1
240,연기력 짱. 오달수님 ♡,9,1
241,눈물 나네요. 여러분들 희생에 감사하구요.. 배우들 연기도 멋지고..잘 봤습니다,10,1
242,전혀 내용을 모르고 봤는데 감동적이네요. 민주화를 위해  목숨까지 바친 분들을 생각하니 눈물이 다 나더라고요.  우리가 지금  이런 세상에서 자유롭네 살 수 있는 것도 그 분들 덕분인 것 같아요.,10,1
243,"픽션이래도_ 무서운 시대가 있었어... 덕분에 이런 세상에 살고 있어 다행이지만 아직도 잔재가 남아있어,,,,, ㅜㅠ",8,1
244,밥숟갈 왼손으로뜨니 너 좌파야 개소름 ㄷㄷ,1,0
245,기득권 개혁은 목숨을 걸어야 하는 것이다. 민주세력을 빨갱이라 부르는 프레임이 이 땅에서 이제 사라지길,10,1
246,"코로나만 아니였으면 대박 이었을 텐데 아깝다~~ 무좀, 똥, 방귀 이런 걸 다루다니 ㄷㄷㄷ",8,1
247,3년대기중,9,1
248,시간이 순삭이었어요 스토리도  탄탄하구요,8,1
249,굳,10,1
250,안봤지만 정우씨가 나온다니 정말 재밌을 것 같다..정우씨 항상 응원합니다,10,1
251,80년대 상황을 그대로 보여주는 수작!,10,1
252,재미도 있고.. 민주주의도 다시 생각하게 되는 영화였어요. 참 좋았습니다.,10,1
253,"다음 청룡영화상 남주는 오달수, 정우.",9,1
254,이영화 강추다,8,1
255,걍 시간때우기용 인줄알고 봣다가 눈물이 얼마나 나던지 ㅠㅠ,10,1
256,코로나만 아니었으면 천만은 거뜬히 넘었을 영화입니다~^^,9,1
257,마지막에 흐르는곡이  왜 빙글빙글 인지 알겠다. 결국 세상은 바뀌지않고 제 자리. 영화는 탁월하다.  근데 평점이 낮은 이유는 시국이 반영되었겠지. 빙글빙글  이니까..,10,1
258,따뜻하고 감동있는 영화였습니다.,10,1
259,정치성향 이런거 배제하고 영화로만 봐선 충분히 재미있다 연기도 어느하나 구멍이 없음,9,1
260,김대중 전대통령이 정보부원인가 담당경찰인가 친해진 사실이 있는데 그걸 모티브로 만들었나보다,9,1
261,정우 인간적인 연기 참 좋다 작품 많이 해줬으면... 웃음 찡한 감동 골고루 있고 볼 만 했음,9,1
262,오달수 연기 쩌네요. 미투로 고생했을텐데 좋은 연기 부탁드립니다.,10,1
263,기대없이 보다가 웃다 울다~~ 정우 연기가 정말~~,10,1
264,뭉클,10,1
265,최고의 영화입니다 웃음으로 시작해서 울었다가...다시 흐뭇해지는 영화입니다 오달수.정우....이 두사람을 다시 보게 만드는 영화네요.. 연기 쥑이네요^^  정말 잘 만든 영화입니다,10,1
266,실제보다 많이  완화  했네,10,1
267,블랙 코미디로 그렸지만 실제로 저 때는 참 치열했겠지. 지금은 많이 좋아졌다고 해야 하나? 이런저런 생각이 들게 하는 영화일세..,9,1
268,더러운 판검사 영화보다 훨낫다요,10,1
269,웃었다 울었다  코로나에  간만에 재미있게 받네요,10,1
270,영화보면서 왜 눈물이 나는지 ㅜ ㅜ,10,1
271,멋짐. 한국 사람만이 이해 할 수 있는 멋진 영화. 코믹하지만 눈물이 폭풍우를 치네요....,10,1
272,"재미있게 봤습니다.  지켜야 했던 분들을 떠올리며,  적폐의 잔재들이 현재에도 있음에 슬퍼집니다. 이 영화에서 핵심적 대사는... ""나와 다르면 빨갱이"" 이네요..  적폐들이 쉽게 차용하는 빨갱이라는 단어가 그런뜻이었음에 놀랐습니다...  또다시 지켜야할 것들이 있음을 잊지맙시다...",10,1
273,잊지 않겠습니다   고맙습니다,10,1
274,"웃음과 감동 그리고 긴장감도 있습니다. 중간 중간 터녀 나오게 하는 진짜 웃음. 특히, 담벼락을 사이에 두고 이루어지는 수많은 일들..군사시절 자택 연금으로 나오지 못했던 전직 대통령을 떠오릴 수 있는 영화입니다. 그리고 대권이의 고속도로에서 벌이는 스트립쇼(?)가 포복절도할 지경입니다. 가족들 다같이 앉아 볼 수 있는 유쾌한 영화입니다.",9,1
275,군사독재 시대를 다시 한번 더 각인하면서 지금 누릴 수 있는 행복에 감사하고 오달수님 정말 반갑습니다. ^^ 영화 잘 봤습니다~~  이웃사촌,10,1
276,"코로나만 아니었음 천만 찍었을텐데...ㅠㅠ 오달수 김희원님 연기는 명불허전이고, 정우님 연기에  너무 감동... 펑펑 울었네요~ 수작입니다♡",10,1
277,잘보고갑니다,8,1
278,오늘은 즐거운 날이네요 이 영화를 봐서~,10,1
279,"개봉한 곳이 많지않아 다른 시까지 가서 보고 왔다.  넓은 극장에 동행한 친구와 나 단 둘 뿐이어서 전세낸 듯한 기분. 하지만 이 재밌는 영화를 왜 안볼까 조금은 안타까웠다.  민주주의가 뿌리내리기까지 많은 이들의 희생이 있었겠구나...라는 생각, 그리고  자칫 무거운 주제일수 있는 내용을 코믹과 감동으로 풀어나가 좋았다. 코로나19 상황에 우울해말고 이웃사촌 보러 고고!!",9,1
280,사람 생각은 역시 같군요.,10,1
281,너무너무 재밌게 그리고 감동있게 잘 만든영화입니다.. 다시 또한반 보려합니다.,10,1
282,"네이버 평점보고 웃고 넘어왔습니다.  배우들 연기력에 놀랬고 현 시대에 살고있음에 감사하며 이제 시작이라는 느낌을 받았네요. 웃고, 울고 잘 봤습니다.",10,1
283,웃기도 하고 울기도 하는 영화였습니다~~~ 다들 그분 생각이 나는 건  똑같나봅니다~,10,1
284,잘 봤습니다,9,1
285,오달수 힐링영화.  돌아와서 반가워요. 윤짜장돼지 자슥 같은 것도 나온다.,8,1
286,"픽션인듯 픽션이 아닌듯....작품, 연기 걍 좋았음.",10,1
287,오달수배우님 역시👍👍👍,8,1
288,감동에 쓰나미가 몰려오네요👍👍👍,8,1
289,"오랜만에 보는 오달수씨 반가웠고 코미디라 그래서 가볍게 생각하고 봤는데.. 묵직하네요.  김희원씨은 참 얄미운 역할 잘하고, 이유비씨 진짜 이쁘네요. 숨멎는줄.. 철철 브라더스 진짜 웃기고  정우씨 연기 진짜 잘하네요.",10,1
290,굿,10,1
291,영화를 보면서 아픔을 느꼈습니다.  영화를 보면서 감동을 받았습니다. 영화를 보면서 희망을 보았습니다.,10,1
292,재미있습니다. ^^~ 식사는 하셨나~~,10,1
293,"저런 시절이 있었지요 간첩조작하고 ,의문사가 많았던....",10,1
294,꼭!!!!!!!!!!  보세요!!!!!!!!!!!!!!!!!!!!!!!!!!!!!!!!!!!!!!!!!!!!!!!!!!,10,1
295,이런 암울한 시대는 이제 영원히 오지 않아야 한다.,10,1
296,초반에 한 100명 평점테러범들 제외하면 9점대 영화네,10,1
297,간만에 따뜻하고 유쾌하고 찡하게 보고갑니다. 늘 한국영화의 어느한장면(굳이 필요치 않은 잔인함)에 화가났는데 그러지 않아도 좋은 영화 만드는 분이 계시다는게 좋았습니다..감사합니다 ~~~,10,1
298,영화의 개그 코드는 나와 잘 맞진 않았지만 전체적으로 볼만 했어요. 오달수씨가 곤혹을 겪은 이유가 여기서 맡은 역에 있었나 봅니다. 공작의 냄새가... 그래서 고생하신 부분에 대한 보상의 의미로 10점 드립니다!,10,1
299,"감동적인 영화 입니다..  무거울수 있는  주제를  따뜻하게 , 조금은 유쾌하게  잘   담았 습니다. .  우리가  누리는  자유와 행복이  누군가가 그냥주는게  아니라,   지켜나가야 하는것임이  잔잔하게   느껴집니다.",10,1
300,예전이나 지금이나 미래에도 정직한 정치는 기대하기 힘든 느낌.....,9,1
301,말이 필요한가? 보고 나면 많은 생각을 하게 된다.  나라의 안위보다 국민의 안위보다 나라팔아 얻는 권력을 놓을수 없는 것들의 최후의 발악을 어떻게 처리해야 하는지에 대해 다시한번 생각하게 된다.,10,1
302,민주주의를 이렇게 힘들게 만들어 놨는데  뺏기면 안됨,10,1
303,새해 첫날 좋은 영화 잘 봤습니다 배우님들 연기는 말할것도 없구^^,10,1
304,너무 좋은영화입니다 배우분들의연기도최고^^ 웃고울다했네요,10,1
305,많은걸 담고있는 좋은영화,10,1
306,눈물이 나고 우리나라가 이렇게까지 될 수 있었음에 감사합니다,10,1
307,추천합니다 배우들의 열연에 박수를 보냅니다 초반에 웃다가 내내 울면서 봤네요 김대중 대통령님 그립습니다ㅜㅜ,8,1
308,너무 평점이 낮아서 평점 조절했네요,10,1
309,"좋은 세상을 만들고자 목숨까지도....... 지금 검찰과 사법부, 언론들이 행하는 것이 김실장 같네요.",9,1
310,"전제적으로 좋았지만.. 정우는 훌륭했다  그러나, 김희원은 더 이상 나쁜 놈으로 안 느껴졌고 오달수는 무게감이 없었다. 그래서 몰입이 방해됐다. 그래도 원더우먼 1984 보다는 좋았다.",6,1
311,KBS2방송  연중 챌린지에  김원희라고  나왔당   ㅋ,8,1
312,80년대의  모습이 자연스럽고 좋으네요.  처음엔 좀 지루한데 점점 몰입해서 보게 되고 감동적이었어요,9,1
313,올해 최고의 영화!!!,10,1
314,김대중 대통령 소재로 좀더 좋은 영화 만들어지길 기대합니다,6,1
315,코로나로 우울햇는데 영화보고 웃고 울고~ 괜찮았다 연기도 다 좋았다,8,1
316,온가족 함께 볼수 있는  블랙코미디,8,1
317,정우씨의 연기..참 괜찮네요,7,1
318,영화 1987 영향이아직내맘속에자리해서일까??!! 영화내용에는..큰감동을받질않았으나.. 그래도..배우들의연기에..찬사를보낸다~!!,10,1
319,진정  국민을 위하고자  정치를 하셨던 훌륭했던  그분들을 떠올리며  잠시 그리워할 수 있었네요~ 재미있게 감동있게 잘 봤네요~ ^^,10,1
320,주인공이ㅡㅡㅡ그렇게 쳐 맞으면서도 살만합니까? 이대목!민주주의의 고마움을 모르는 학생들에게 보여줄만한 영화. 연기자들 연기 짱 좋아요,8,1
321,너무과하다 생각했는데 실제 저런일 겪었을거란 생각에...ㅠㅜ,8,1
322,잘 만들었네요.  재밌게 잘 봤습니다.,10,1
323,힘들게 만든 민주주의,10,1
324,배우 한 분 미투 사건 없었다면 더욱 집중해서 봤을 따뜻하고 좋은 영화,10,1
325,우리가 누리는 민주주의가 얼마나 많은 희생으로 지켜졌는지 ... 민주주의의 소중함을 다시 한번 생각하게 하는 영화  였다. 좋은 영화였습니다,10,1
326,별 기대없이 봤는데 와 정말 연기의 구멍도 없고 따뜻한 영화네요. 특히 재야인사로 나온배우는 다시 봤어요. 매일 조연에다 코믹연기만 한 배우로만 봤는데 연기가 대단합니다.,9,1
327,너무 재밌고 감명깊었습니다. 지금도 진정한 민주주의와 적폐청산을 위해 애쓰시는분들께 힘내시라고 응원하고싶네요. 정우.오달수씨의 연기도 짱! 이었습니다,10,1
328,"다 보고나서 한참동안 목이 메였어요.. 김대중 대통령님, 노무현 대통령님, 정말 너무 그립습니다.",10,1
329,올해 꼭 봐야되는 영화이다 긴말필요없고 무조건보세요,10,1
330,좋은 영화!,10,1
331,최고!!,10,1
332,그 암혹한 시절을 안살아 본 젊은 친구들은 정말 저런 시절이 있었나  할것 같으네요~ 쉽지 않은 테마를 코믹하게 잘 살린 작품~,9,1
333,다까키ㅣ 마사오 와 살인마 전두환이가 구테타 일으켜서 정적들을  제거하려던 그시대에 야당 정치인들은 목숨을 걸고 민주화 투쟁을 했다 그때 만들은 민주주의에 사는건  고마운 일이다 그당시 여당이던 지금의 국짐당♪♬들은 반성하고 사죄하면서 살아야 하는데 몽니나 부리고 정부 발목잡고 반대만 하고 나라를 전복시키려는 매국노 짓거리만 하지 친일파매국노 수꼴들이 싸그리 사라져야 대한민국이 바로선다,10,1
334,재미도 감동도 있었다 전혀 예상하지 못한 전개!! ㅎㅎㅎㅎ,9,1
335,볼만합니다.,8,1
336,정우님 오달수님  등 배우들 연기가 좋았어요 근데 이유비가 출연하는줄 알았으면 보지 않았을텐데 ㅠㅠㅠ,8,1
337,"보나마나 정치 신파겠거니... 했는데, 두 분 생각에 눈물이 왈칵...",8,1
338,배우들 연기 최고,10,1
339,그립습니다 멋진그분들이 다시우리세상에 다시 돌아오셨으면좋겠습니다,10,1
340,대권이랑(정우) 중권이(김동규)... 이름안에  의식(오달수)이  있어요.,10,1
341,말이 필요없다 그냥 봐라 눈물 질질 흐른다 ㅠㅠ,10,1
342,얼마되지  않은  과거일.  몇몇 전 대통령님들 생각납니다,10,1
343,김대중과 노무현의 산 역사가 보이는 감동적이고 재밌는 우리의 기록...,10,1
344,최고,10,1
345,잘봤습니다!!,9,1
346,정우가 영화를 살렸다. 잘 봣네요.,9,1
347,아이들과 온가족이 감동깊게 봤습니다,10,1
348,좋ㅇㅏ요,10,1
349,뭉클~,10,1
350,재미있습니다,10,1
351,진짜 잼난거 봤네요,10,1
352,정우 연기조타~,10,1
353,적당히 뻔할것같으면서도  상당히 뻔하지 않았던 ... 심금을 울린 오달수의 재발견. -1점은 BGM 의 몫으로. 코로나19로 인해IPTV 로 시청하기엔 다소 애석했던 작품.,9,1
354,장르가 코미디가 아님.... 휴먼니즘,10,1
355,"디들 이웃사촌임데... 뭐가 이리 갈라놓았는지 원...영화,  참 잘 만들었다. 이웃이 사라진 시대다. 그 아버지에 그 딸.... 7번가의 기적 만든 김독답다. 대한민국이  너무나 소중하다.",9,1
356,가볍게 아무생각없이 보다가  어느순간  저도 모르게 눈물을 흘리고 있더라구요. 끝나고나서  평점글들을 보고 저랑 같은 생각을 하시는 분들이 많다는걸 느끼고  감동이 벅차오르내요~~~ 우리나라가  민주주의국가가되려면  50년은 더 지나야 한다던데... 에휴 우리나라 대한민국 화이팅!!!,10,1
357,감사합니다,10,1
358,정말 눈물나오는 영화입니다... 요즘 하는 드라마 개천용하고도 너무나 크로스되네요... 모두들 보시고 좀 느꼈으면 합니다... 이나라  정말..피 마이 흘려 여까지 만들은건데.... 아직도 찜닭 미는 국민들 보면 한숨이 나옴니다...,10,1
359,정말 재밌게 잘 보았습니다.,8,1
360,많은 사람들이 봤으면 합니다 그리고 생각해보면 좋겠습니다,10,1
361,꼭 봐야할 영화~~,10,1
362,좋네요,10,1
363,요즘 한국영화 중에 제일 관챊았던거 같습니다,8,1
364,오랜만에 감동과 정의가  폭발 합니다. .. 재미게 잘봤습니다....,10,1
365,배우들의 연기가 일품입니다. 좋은 영화 잘 봤습니다.,10,1
366,대박날 영화같은데 조금 아쉽네요 너무 재밌게 잘 봤네요 언론은 지금보다 저때가 조금은 나아 보이네요 영화상으로는,10,1
367,그분들의  희생에 다시한번감사드닙니다,10,1
368,민주주의를 지켜라.,10,1
369,재밌고도 감동적이에요...,9,1
370,자연스런  웃음~ 자연스런  눈물~ 자연스런  감동~,10,1
371,오달수배우님 오랜만에  뵈서 반가웠어요. 건강유의하시고 더 멋진작품 기대할게요,10,1
372,"재미있고,감동도 있고 굿",10,1
373,최고 👍,10,1
374,간만에 눈물나는 영화,10,1
375,굿!!,10,1
376,극장에서 봤어야 했는데...,10,1
377,잘 봤어요~,9,1
378,영화보는데 계속 생각나는분이 계시더라구요,10,1
379,내용.연기.재미.감동.10점만점,10,1
380,김희원 연기 ~!!,7,1
381,잔잔하면서도 뭉클한 이야기입니다.,10,1
382,배우들 연기 너무 훌륭~^^,10,1
383,역사를 인정하지 않으려는 자는 사회의 악이다.,10,1
384,배우들 연기 잘하고 영화 잘 만들었네요,10,1
385,잼나요 오달수 형님의 다른 매력이 느껴지네요,10,1
386,웃기면서 씁쓸함,9,1
387,좋은  영화   봤습니다 재미있고 뭉클했습니다,10,1
388,재밌게 봤어요,9,1
389,좋은 영화입니다,10,1
390,굿,10,1
391,최고,10,1
392,완전 꿀잼  재밌어 2번 봄 ㅋㅋㅋㅋㅋ,10,1
393,항상 응원하는 배우들...좋았습니다.,10,1
394,웃다가 울다가 ^^ 재미와  감동을 모두 느낀  영화였어요 배우들  연기도  최고입니다~~,10,1
395,굿...,10,1
396,영화 정말 잘 만들었네요~ 몇번을 울컥해서 눈물을 보였는지.... 정우랑 오달수 김희원 김병철 이유비 염혜란 등  배우들 연기 정말 좋구요~ 연출이랑 시대상황묘사도 훌륭합니다. 영화가 김대중 대통령을 모방한거지 100% 김대중대통령은 아닙니다. 그 점 착오 없으시길... 우리나라 아직 갈길이 멉니다. 예전과 비해 많이 좋아졌지만 정의가 승리하는 그날까지 계속 정진합시다!!!,10,1
397,"좋은 영화, 어두운 주제를  웃음으로 잘 풀어가다 아픔으로 연결",10,1
398,"'민주주의'와 '영웅'의 조합은 원칙적으로 적합하지 않다. 하지만 상징성 때문에 필요할 때가 있다. 신파가 조금 있었지만, '목욕탕'과 '발가락양말' 등 국내정서에 잘맞는 소재가 흥미를 돋구어준다.",7,1
399,아무생각없이 봤는데 연기도 좋고 내용도 좋고 강추 !,9,1
400,좋습니다,10,1
401,가벼운 코미디영화로 생각하며 보다가 감동 받았습니다. 좋은 영화네요.,9,1
402,"시간가는 줄 모르고, 재밌게 봤습니다.  웃고 울면서 모처럼 좋은 시간 가졌습니다. 배우들의 연기 진짜 훌륭합니다~! 지난 시대의 진정한 용기있는 분들,  아울러 현재에도 그정신을 이어가는 분들! 응원합니다.",10,1
403,무겁고 아픈 과거의 역사를 웃음과 휴머니즘으로 만든 영화. 배우들의 연기는 좋았다.,7,1
404,많은 정의로운  사람들이  있어서  지금  우리가  존재하는  것이겠죠.,10,1
405,즹우씨 연기가 압권입니다,8,1
406,알바들 많이 풀었네. ㅈㅈ,1,0
407,솔직히 1시간 가량 봤는데 도저히 지루하고 재미없어서  그냥 나옴..  그뒤로 재미있고 감동적인지는 모르겠고...시작 1시간동안은 돈. 시간 너무 아깝다는 생각,1,0
408,"구역질나는 유치함, 편향된 시각",1,0
409,영화 시작부분에 개그를 쓴다고 화장실 유머는 많이 어긋난거 아닌가요.. 그 이후서부터 그냥 기대치 바닦으로 봤습니다. 오달수가 누구 연기를 하는거 둘째치고 감독겸 각본쓴 사람이 내용을 잇는건 잘하는데 2시간은 너무 길었고.. 화장실 유머 말고 다른걸로 해도 괜찮을걸 초반에 싸질러놓아서 계속 엉덩이 못닦아 더러운 기분으로 끝까지 봤습니다. 감동적인 부분이 있으면 뭐합니까.. 화장실 개그 초반에 질러놓아서 기분은 더러워졌는데,3,0
410,킬링타임 값어치도 없는,1,0
411,연출 엉망 ㅋㅋㅋ 감독 역량이 의심되는 영화...,2,0
412,오달수를 스크린에서 다시보게되어 너무 좋습니다!! 달수형님 화이팅,10,1
413,가볍지 않고 재밌습니다. 여러가지 생각을 하게 하는 영화입니다. 다만. 국정원의 개개인은 착하다는 이미지를 주고 남기려 한다면 그건 큰 오산입니다. 국정원 댓글부대 좌익효수 유씨... 법은 당신을 용서할 지 몰라도 신은 당신이 했던 짓을 기억할 것입니다.,9,1
414,코미디 영화인줄 알고 봤는데  픽션이  아니라 논픽션인 영화 오달수 배우 연기가 좋았다는~,9,1
415,"배우들 넘 연기 잘함..보고 싶던 오달수 배우의 연기가 더욱 깊고 진해진 듯..비중은 주인공과 다름없었습니다. 초중반은 코믹해서 배꼽 빠지고 후반은 코끝이 찡해졌습니다. 독일영화 ""타인의 삶""에서 아이디어를 차용하지 않았나 싶어요.. 간만에 좋은 영화 봤네요..",10,1
416,오달수 복귀작이라 10점. 폐미는 정신병,10,1
417,나름 허구이지만 잘 봤음~,10,1
418,영화를 영화로 봐야지,10,1
419,"무식한우익,급진좌파이에덩달아날뛰는대학생내용은80년인데꼬라지는 70년이네1984년 요때포니택시거의다없어졋고 골동품으로자랑삼아몰고다니던때인데 화장실서도청기뭇은거하며요때나는하지말라는거골라가면서하고댕기던때엿고박정희대통령이최고인줄알고학교에서북한은나쁘다는거만알고있는아무튼엄한반편이들만족치고진짜빨갱이는지그가지않없어지고북조선간첩질하는인간들이문재인밑에있는거아니겟쇼 지금까지재대로대통령되신분은考김대중님뿐인거같다",9,1
420,재미가 가미된 뭉클한 영화,10,1
421,무거운 내용을 감동과 재미로 잘 풀어냈네요. 잘 봤어요. 믿고 보는 오달수 배우님👍 더욱더 자주 보고 싶어요!,8,1
422,코메디 영화인줄 알고 봤다가 마스크 다 젖음;;,10,1
423,재미요소만 있는 영화인줄 알았는데 감동도 있어요,10,1
424,웃다 울다 시간 가는 줄 몰랐음. 연기도 구멍없이 굿.,9,1
425,이게실화였다니... 그런데 그놈들이 지금도 설치고다녀서 다음이 조중동공화국이되었고 국짐당욕하면 바로 아이디정지... 지금도 변한게없다,10,1
426,.,1,0
427,영화 잘 봤어요. 재미있고 감동적이고... 지금의 민주주의가 뿌리내리기까지 보이지 않는 곳에서 피눈물을 흘리신 분들의 노고를 기억하겠습니다.,10,1
428,김대중  대통령님도   그리고  노무현  대통령님도  생각나게  만드는  영화. . 우리가  누리고  있는 민주주의를 생각하게 하네요.두분 너무  그리워요,10,1
429,뻔하다.  그렇지만 볼만하다 고 김대중 대통령의  한편의 일대기를  가볍게 코믹과 감동으로  재연출했다. 김대중  대통령이 생각나는 영화다 내 평점ㅈ은 9점!!!!!!!!!!,9,1
430,국민의  파수꾼 노무현 대통령님 그립습니다 국민들이 알고 있습니다. 국민들이 깨어 있습니다 배우분들 살아있는 연기 좋았습니다,10,1
431,좋은 영화 너무 그리운 영화입니다,10,1
432,최고의  영화 만들어주셔서 감사합니다,10,1
433,코믹한 부분을 줄이고 좀 더 진지하게 갔으면 더 좋았을거 같은 영화  마지막부분이 살렸네,7,1
434,최고내요 올해  본 영화중에,10,1
435,"저는 별로 재밌다는 생각이 들진 않았는데, 함께 본 고등학생 딸래미는 재밌었다고 하네요~.. 흠흠.. 사람마다 취양이 다르다는걸..",8,1
436,내용은 뻔~~~ 하지만 정우씨~ 오달수씨 배우들의  연기 몰입도가 짱이였습니다 잘봤습니당~♥,8,1
437,멧♬♪♪~♩♩♪♪아,8,1
438,김대중대통령 존경하고 노무현대통령 그립지만 솔직히 영화는 좀 많이 유치하다 캐스팅에도 오류 많아보이는데 딸의 희생이 안따까워야하는데 그 이미지때문에 몰입도 너무 떨어져 짜증났다 순수하고 가련한 차라리 무명배우 쓰지 그랬나 싶고 오달수 코믹한 이미지 커버하려면 친구라도 진중한 이미지 캐스팅하던지~~ 코믹을 바라고 있다가 쌩뚱 맞다 정말 정우만 그나마 존재감 있네 정말 가슴 벅찰 수 있는 소재의 낭비라는 생각이~~ 씁쓸하다 불필요한 소바~~~,4,0
439,정우가 이렇게 연기를 잘했다니 감동 초반부 다소 작위적인 웃음 포인트.가 걸리지만 충분히 괜찮은 영화,10,1
440,코미디인데 참 씁쓸하다.... 불과 30~40년 전까지 우린 저런 코미디 같은 시대에 살았다.,9,1
441,사람이 사람대접받으며 사는세상... 많은 분들이 떠오릅니다~~  감사합니다,9,1
442,추천해요,9,1
443,영화 만들어주셔서 감사합니다 ^^,10,1
444,괜시리 눈물이 나네요. 자기 자신이 아닌 타인의 삶을 위해 사시는 모든 분들 감사합니다.,10,1
445,급한 마무리가 아쉬운... 하지만 우리가 살아온 세상. 그 시절로 돌아가려는 자들이 아직도 꿈틀거리는 안타까움.....,10,1
446,not bad,6,1
447,오랜만에 보는 오달수님의 연기가 빛났고 민주화를 위해 헌신하신분들을 다시 생각나게 만드는 영화.굿,10,1
448,간만에 영화다운 영화 봤습니다 코믹 감동 두마리 토끼 다잡았네요 늦었지만 평점 10점 남깁니다 (정우 연기 소름 돋네요 펑펑 울음),10,1
449,재밌네 이걸 왜 이제 봤지?,10,1
450,포기하지말자...,10,1
451,"사실 재밌진 않고, 그렇다고 의미없지도 않다.",7,1
452,좋은 영화입니다,10,1
453,실수로 대여를 두번인이나 하게되었다. 영화를 보는 내내 김대중선생님생각이나서 감동했다 두번 대여가 아깝지 않았다 이영화  나중에라도 번창하였으면 바램이 생겨서~,10,1
454,"빨갱이의 정의에 대해 ""나와 다르면 빨갱이""라는 말에 예전에는 그런 이유로 사람을 잡아들였구나라는 생각이 들었다 정우의 연기는 살아있다",10,1
455,"꽤 지난 영화기도 하고, 정말 기대 안하고 있다 한방 훅 맞았네요. 정우 출연 영화는 비슷하면서도 울림이 약간 있습니다. 원 픽 장면으로는 살라꼬, 살라꼬, 나도, 마누라도, 애기도 모두 살라꼬....  하~ 배우들 연기 영화를 씹어 먹네요... 재미있고, 눈물 찔끔 납니다요~",9,1
456,잘 봤습니다. 내용을 떠나 배우들 연기가 다 좋습니다.,10,1
457,좋은 영화  재미있어요,10,1
458,국뽕 영화가 있다면 좌뽕 영화도 있다,8,1
459,넘 잼있고 ..,10,1
460,그냥 저냥 볼만함 ..,7,1
461,그런대로 괜찮다. 정우 연기력은 갑,7,1
462,아이 잃을땐 정말...ㅠㅠ,10,1
463,모든 권력이 국민 한사람한사람에게서 나오는 그런 세상이 만들어진거 같은데... 왜 더 살기가 힘들어진걸까요..ㅠㅠ,10,1
464,박정희 전두환 독재시절의 김대중 김영삼 전 대통령이 떠오르네요,10,1
465,굿,10,1
466,좋은영화,10,1
467,굿!,10,1
468,빨갱이영화,10,1
469,...,7,1
470,그럭저럭,7,1
471,인터넷 오픈해주세여 인터넷에서 결제하고 집에서 안전하게 보고싶어요,8,1
472,"처음에는 웃으며 봤는데, 자막이  다 올라가도록 눈물이 흘렀어요.",10,1
473,무엇을 전달하고자하는지는 알겠으나 스토리 전개가 좀 어설픔. 오달수를 개스팅한건 미스,5,0
474,그냥 재미가 없음. 지나치게 유치한 신파.,1,0
475,연예인 대물림 이유비 안본다 안봐,1,0
476,김대중 대통령님 펌훼하고  이유비 키우려고   만든 영화,1,0
477,시사회 다녀왔습니다. 코로나 시대른 살고있는 우리들에게 마음을 다시 살리는 영화입니다. 위로받을 자격있는 우리들에게  충분히 치유해주는 백신같은 영화입니다. 배우분들도 연기도 너무 좋았구요. 독재시대에 가택연금이 코로나독재시대 자가연금과 공감대를 이룰수 있었습니다. 우울한 시국에  적극추천 웃음감동백신입니다!!!,10,1
478,기다리고 있었습니다. 개봉할 날이 기대되네요~,10,1
479,"처음부터 끝까지 지루하지 않은 탄탄한 스토리에 주연 배우 오달수,정우의 명연기와 진짜 두분 표정연기는  압권이었씀 그리고 조연배우 김희원,김병철,조현철의 재미를 살리고 영화의 흐름을 받쳐주는 명품조연 연기 또한 어디하나 흠잡을 데가 없는 그런영화임 웃음도 있고 감동도 있는 간만에 강추하고 싶은 그런영화 안보면 후회~~~~ 꼭 보시라",10,1
480,와 드디어 고대하던 영화개봉!!! 이환경 감독님의 7번방의선물같은 또 다른 휴먼 코미디 영화 대박기원합니다.  이웃사촌 대박나즈아~~~~!!!,10,1
481,감동,10,1
482,시사회 다녀왔는데 정치소재이지만 무거움을 걷어내고 코믹과 감동이 어우러지는 영화이네요~ 잼있어요^^,9,1
483,너무너무 기대되는 작품이에요 올 하반기엔 이웃사촌이죠!! 기다렸습니다 ㅠㅠ,10,1
484,댓글보니 대부분 김대중 전대통령 떠올리고 있네~ 나만 김영삼 전대통령 이야기 같은가? 3당 야합으로 민주화 운동 후퇴시킨 장본인 얘기인 것 같은데~,1,0
485,약간 눈물쥐어짜는 영화.........,4,0
486,시대적 배경을 너무 잘 묘사했다.  오달수의 명연기가 빛이 났고 김희원 등 조연들도 명품 연기 보여줌.  온 국민이 봐야 할 영화.,9,1
487,김대중대통령과 노무현대통령의 업적을 문재인정부가 말아먹고 있습니다.,10,1
488,정우씨는 작품 선택을 잘하시더라구요. 기대됩니다.,10,1
489,하,1,0
490,보기 에도 넘 좋네요,4,0
491,이 영화를 조금 그렇는데 그래도 보기에는 괜찮네요 ^^ 배우들 좋은 연기 잘하는데요 ^^ 이유비를 좀 그렇고 다른 배우를 잘 해요,3,0
492,좀 길어서 루즈한 느낌도 잇엇지만  충분히 재밋게  볼수잇는 영화,10,1
493,웃다가 울다가 진짜 재밌게 잘 봤어요.  배우들 연기도 좋고.   내용도  끝까지 몰입하게 되네요.   또 보고 싶을 만큼  좋습니다.,10,1
494,황당한 전개와 신파가 거슬리지만 보는 재미는 있다,6,1
495,으따 우들 불세출의 영웅이신 우들 슨상님이 생각나니 눈물이 나네잉. 근디 홍일이 홍걸이 홍업이 세 아들들이 안나오네?,10,1
496,김대중 대통령을 소재로 한 영화. 잘 봤어요,7,1
497,감동도 코메디도 다 놓친 영화. 도청하는 대상을 이해하고 동화되어간다는 기본구조는 독일 영화 타인의 삶을 생각나게 하지만 그 영화의 감동과 먹먹함은 없고 그렇다고 마음껏 웃게 되지도 않는다,6,1
498,재밌었어요!!,9,1
499,감독은 민주진영에서 대통령이 나오면 소련 정상을 만나서 미국이랑 대결했으면 좋겠다고 생각하셨나봐요^^,1,0
500,무엇이 과연 진정한 애국인지 생각하게 하는 영화 이다.,9,1
501,♪♪♩~♪♩영화..,1,0
502,"천재감독과 명품배우들의 대작..! 김대중-노무현-문통의    완전체와의 만남. 이분들에게 진 빚이 너무 많다,  서울부산  이기자!!",10,1
503,ㅡ ㅡ,10,1
504,"사람 사는 세상 만들기는 진행중이다, 개돼지 되지 않기.",10,1
505,.,8,1
506,진ㅅㅣㄹ은 언제나????,1,0
507,진심연출이나 대사가 진부했지만  연기력으로 다카바가 되더군요  오달수님 웃긴모습이 하나도 나오지 않았지만 어색하지않았습니다.  조금놀랐어요,7,1
508,신파는 걷어내고 과감하게.. 실화에 기반을 둔 스릴러물에 마지막의 감동만 가져왔어도 좋았을 좋은 소재와 배우들을..  어설픈 눈물과 슬랩스틱코미디에 소비를 해버렸네... 아쉽네...,8,1
509,다 좋은데 대체 카메라 잡은사람 누구임? 화면이 너무 흔들려서 영화에 집중을 못하겠음.,8,1
510,재밌게 잘 봤습니다.,10,1
511,영화가 주는 메세지는 의미가 있지만 영화 자체 완성도는 좀 떨어짐..,7,1
512,.,6,1
513,.,7,1
514,시사회 보고왔는데 ... 쏘쏘에요 장르가 코미디던데... 이야기가 산으로 가더라구요  잘 안될거같아요 또다른  7번방의 선물 이라는건 낚시같음,3,0
515,ㅡㅡ  이따위,1,0
516,어떻게.. 틈만나면 울릴 생각밖에 안하더라.  근데 울리기에 많이 모자란... 시대적 소품이나 스타일도 에러가 많고.. 전체적으로 집중이 안되더이다.  돈이 좀 아까웠음.  영화화하기 너무 무거운 주제라 그런가? 이거 보고 나오는데 옛날에 본 JFK가 생각났다.  그렇게 만들수는 없었던걸까? 특히 끝 부분 여의도 광장에서의 연설 장면.  CG가 아주~~ 아주~~ 오글거리고 저렴해 보여서 좋았음.,1,0
517,오달수 영화 보고싶어요,10,1
518,지금 보는중 후회 후회,1,0
519,오달수는 미스캐스팅 같다. 나머지는 그럭저럭.... 2년전 개봉했으면 더욱 지지를 받았을듯. 지금의 화두는 독재가 아닌 검찰 언론 판사들의 적폐청산이다.,8,1
520,1점도 아깝다. 영화가 아닌 홍보물,1,0
521,많이 흥행 했으면 좋겠네요  많이들 보셨음 ~,10,1
522,이 영화는 봐야 되요 너무 기대돰,10,1
523,화이팅~~~~~~~,10,1
524,웰메이드한 따뜻한  휴먼드라마~!   기대됩니다!!,10,1
525,배우 정우님이 연기하는 모습이 진심으로 보고 싶어요.   진심으로 보고싶은  가족 영화!!!,10,1
526,80년대를 이렇게 블랙코미디로 즐길 수 있는 세상이 얼마나 다행인지. 그 시절 혹독한 시련을 겪어내고 대통령이 되신 김대중 대통령님과  87년 민주항쟁과 촛불혁명으로 민주주의를 이뤄낸 깨어 있는 민주시민 만세~,7,1
527,김대중 대통령은 동서화합을 위해서 전두환을 풀어줬고 문재인은  박근이명박을 전두환 보다도 미워해야 할 이유가 없는데 아직도 감옥에 가뒀다는 것이다 제발 비교하지 마세요 비교 할려면 반대해석 하시든지,8,1
528,김대중대통령님이 생각납니다 그시절을 떠올리며 그당시 노력해주신 선배님들에게 감사합니다 그들이 있었기에 지금의 대한민국이 있는것이고 그들이 있었기에 지금의 민주주의가 있는것입니다 항상누리고 살기에 소중함을 모르는데 감사하며 고마워하며 살아야 합니다,9,1
529,"어둡게 깊게, 그리고 무겁게 만들었어야 했다.. 사실 일어난 일들만으로도 웃음은 얼마든지 있으니.. 무거움 속에 웃픈, 긴장감 있는 연출이 훨씬 낫지 않았을까.. 정우의 연기가 아까운 영화다.",3,0
530,귿,10,1
531,올드 한 전개방식에  완전코믹도 아니고 완전심파도 아니고 어중간하게 걸쳐있는데  코믹을 살리도 심파를 살리지도 못함  초반은 코믹으로 시선을 끌고 후반에  신파로 눈물을 짜려는데  너무  전개가  뻔해서  식상함  영화자체는 고 김대중 대통령을 모티브로 한것이  뻔한대  작품성이  아쉬움,6,1
532,하지만 이 정도 스토리는 드라마로도 충분하고도 남는다.,10,1
533,출연자분들 한분한분마다 정말  배역 소화를 확실히 잘 표현하셨어요~^^ 들었다 놨다 하면서 잘보고 왔습니다~,10,1
534,쓰레기 영화 보다가 꺼버림 완전 3류 비급 영화도 안됨,1,0
535,감상적,4,0
536,배우들 연기는 좋았어요.,7,1
537,뭐 그닥..,1,0
538,타인의 삶 배꼈나  대한민국 영화계 고질적  폐해   중국 욕할 입장이 아니다,1,0
539,한국 영화가 퇴보한 작품이네...결정적 실수는 오배우 캐스팅이고 몇몇 배우들 캐스팅... 암튼 코로나 시기에 과연 버틸까?,2,0
540,기대이하,1,0
541,머지 이영화는...,1,0
542,완전 보고싶었잖아요. 천만요정 오달수 형님 기대합니다!,10,1
543,장르가 불분명할뿐 아니라 어설푼 코믹과 억지눈물을 보는게 아주~~~지루했다.,1,0
544,포스터만 봐도 설정에 결말까지 알수있는 뻔한 영화네요. 최근에 이런류의 영화 너무 많이 만들지 않았나? 우리나라는 좀 창의적이고 그런거 못만드나요?,2,0
545,오달수 영화 기대됩니다,10,1
546,대체적으로 오바연기가 많아요... 7번방의선물에 비하면.... .다른감독작품인듯합니다...,5,0
547,거짓 미투의 피해자 오달수 형님 앞으로 힘들었었던 세월까지 보상받으시길.,10,1
548,김대중을 연기한다고?,1,0
549,소재는 좋으나 뻔한 신파로 우려먹기 억지울음유발,1,0
550,오달수가 나오는게 말이되냐?  오래된사건이라도 피해자가 명확한데~~~ㅜㅠ 정말 너무한댜.,1,0
551,"10년간 쭈욱 우려먹은 그 소재, 그방식 그대로 쭈욱...",2,0
552,돈 아깝,1,0
553,비추,1,0
554,정치도 코미디도 맹탕,5,0
555,그만 보고 싶은 배우.,1,0
556,전라도 방언을 쓰지 않는 김대중이라...,1,0
557,배우들 연기 너무 좋았지만요~ 시나리오 자체가 좀 철지난 정치소재라는 생각이 들었어요. 민주화를 위해 일한 훌륭한 분들 존경하지만 그들도 신은 아니기에~^^ 민주주의를 넘어선 현재 정권에 대한 생각을 하지 않을수가 없었네요.,4,0
558,아 대중이형님 생각하면서 참고 계속 봤는데.. 트럭씬은 정말 너무했다 쌩뚱맞은 딸도.. 에효......,5,0
559,송강호와 시국 시대극의 콤비를 이어갈 다음주자는 정우가 가능할듯 다만 이미 충분히 우려먹은 형식 누구나 이미 충분히 잘 아는 그 맛 비빔밥의 프리미엄정도 범작의 수작,7,1
560,웃기다.. 재밌다.. 근데 엉성하다 (개연성) 21세기 관객의 몸에 베인 버라이어티및 리얼리티 쑈에 대한 더 깊은 성찰과 탐구 요망,7,1
561,신파에 신파가 더해져서 좀 아쉽네요~ 배우들 연기는 좋았는데~,6,1
562,...,5,0
563,2시간10분?,2,0
564,김대중 대통령에 대한 모욕 이 영화를 꼭 개봉하고 싶었으면 재촬영이라도 하던가,1,0
565,배우들이 캐릭터에 안맞는 느낌 미쓰 캐스팅 같아요. 타인의 삶을 어설프게 베낀 한국형 코미디 버전,1,0
566,"눈알을 다 드러내고 울고 소리지르며 비이성적인 감정 초과잉상태에 빠져드는것이 정의이고 인간적이고 착하고 용기있고 깨어있고 심지어 민주주의적인 각성이라고 강력하게 주장하는 영화.  보는동안 공포를 느꼈다  허구적으로 과장되고 양분된 만화 캐릭터 같은 인물설정 (한쪽은 착하고 정의롭고 인간미 대인배 인내 용기 가정적,심지어 가족도 화목하고 정의로움 /한쪽은 악랄하고 불의하고 인간미는 커녕 짐승수준이고 소인배에 사치,실패에 쉽게 무너지는 멘탈. 표정도 악당)  만화 보는줄 알았음.   한명이 아니라 양쪽의 모든 인물은 이렇게 양분됨.   뻔하고 특색없는 신파극.   애초에  '코미디'는 절대로 아니다.  이 영화를 코미디라고 분류해놓은것이 코미디임.",1,0
567,이걸 영화라고ㅠㅠ 아~~~내돈 돌리도~~~,1,0
568,억지 신파에 유치한 개그..보기 힘들었음 시간이랑 돈만 버린 것 같아 화남,1,0
569,호남 정치인이 사투리를 안 써?? 몰입 제로... ㅡ.ㅡ,1,0
570,호남 대표 정치인이 사투리를 안쓴다는게 말도 안되는것 같은데 정말 어이없네요. 뭔생각으로 만드신건지...,1,0
571,"달수야 컴백을 환영한다,,,",10,1
572,오달수가 DJ??? 어따대고...  불매.,1,0
573,오달수가 박원순으로 나오면 10점준다.,1,0
574,사투리도 제대로 구사 못할거면서  무슨 김대중 대통령 역을 하겠다는건지 설정부터 이해가 안갑니다,1,0
575,달수님 보고싶어요,9,1
576,오달수 나오는 것도 마음에 안 드는데 지역색 지우기는 뭐냐,1,0
577,우와 ㅋㅋㅋ 보기에도 괜찮는데요,1,0
578,타인의 삶 + 극한직업 의 느낌이겠다..^^,5,0
579,"다 좋은데 개달수가 왜 나오냐...이 정신 나간 감독 새끼야...그렇게 배우가 없냐.... 성폭행범이 그렇게 좋아? 인간아,,한번 실수? 어디 한번 그랬겠냐? ...지네 딸이 당해 봐야 정신 차릴 새끼들...감독 새낀 아들만 있나 보지?",1,0
580,"어쩜 7번방의 선물에서 발전한 게 없을까. 김대중 대통령 소재라고 묻지마 10점 주는 사람 많은 듯한데, 이건 오히려 김대중을 욕보이는 영화다.",1,0
581,4000명이 적당,5,0
582,정우 연기만 좋은.....,1,0
583,그냥   코믹인줄  알았는데  정치색이  있었네요 참  세상  많이  좋아 졌는데  개인간의  정은  많이 없어져서 아쉬움도  있어요 나를  뒤에서  험담하는 줄도 모르고  마냥  퍼 줬었는데 그 사실을  알고  나서는  마음의  문을  닫았네요 이런식으로  인간관계가  단절되나  봐요,6,1
584,.,6,1
585,호남 정치인 모티브하고 사투리 뺀 이유가 뭐지?,1,0
586,정치고 뭐고 다 떠나서 자기의 뜻을 위해 딸이 죽어도 목표를 향해 가고 친구가 죽어도 목표를 향해가는 하나의 짐승을 본듯하다. 극중에 나오지... 자기 가족도 친구도 못지키는 인간이 무슨 뭘 지킨다고... 저러고 목표를 이뤄서 퇴임하면 행복할까??? 완전 멍청이를 미화하느라 수고가 많았다.,1,0
587,사투리를 왜 빼? 성범죄논란 출연진도 극혐인데 가지가지하네,1,0
588,ㅇㅣ게 영화냐 ᆢ유치 찬란 돈 아깝네,2,0
589,그나마 다음이낫네 네이버 평점9점에 속았다..,1,0
590,아 오달수 나오는 영화네요,1,0
591,좌빨영화  그럴싸하게  포장하지만 그 이면에는 이중적인 양면성을 갖고 있다~~솔직히 역겹다,1,0
592,쓰레기 영화 좋은 스토리에 되지도 않는 웃음코드,1,0
593,이야기는 유치찬란 개연성은 개차반 전개는 뒷목잡아 배우들만 휘향찬란  오달수 면죄부용 영화인가!!!!  관객 우롱용인가!!!!,4,0
594,끝장 캐스팅.,1,0
595,"쏘,,,,쏘",2,0
596,초반의 유치 찬란한 유머와  후밙부의  신파는 너무 극명 하게 갈린다,7,1
597,"어제 시사회 다녀왔습니다. 실컷 웃고, 울고...정말 따뜻해지는 영화였습니다. 배우들 모두 연기의 신들이셨어요. 다들 보세요. 꼭 보세요!!!",10,1
598,이게  영화냐  유치하고 진부하고  돈만 아깝다,1,0
599,장난하냐 김대중 모욕하는 영화,1,0
600,김대중대통령께서 국민을 분열시키는 영화라고 격노할 작품.,1,0
601,오달수 씨 보고 싶었어요~,10,1
602,"김대중 떠올리는 영화라고? 김대중이 나라팔아먹고 평화상 받은거 모르나부네... 막대한 부를 자식들이 재산싸움이나 하고,, 자식을 보면 아비가 보인다고 했다..  김대중의 포장된 환상을 버려라..실제 좌파들은 내로남불, 선동을 잘하지..포장하지않고 현실그대로 이룬 업적갖고 영화 만들어도 박정희 대통령 만한 업적 이룬 대통령은 세계적으로도  드물다고 본다.그시절 좌파가 정권잡았다면  우리나라는 아직도 북한보다 못한 후진국으로 살고 있을거야.",1,0
603,굳이 정우 배우가 사투리를 써야 했던 이유는?? 다리 위에서 벗고 뛰어 다녀야 하는 이유는?? 연기는 잘 하는데 이야기 흐름이.....아쉽다 지루하고 그닥 웃기지는 않네  슬프지도.... 오달수 배우님 오랜만에 봐서 반갑긴 한데 역할엔 안 어울리네요,3,0
604,오달수님께 영혼을 보냅니다,10,1
605,내돈 냈으면 진짜 아까울뻔 너무 뻔한 스토리 배우 연기들이 아까움 억지로 눈물 짜라고 계속 강요강요함 같이 울어주는 착해 보이는 지도자가 아니고 울지 않게 능력있는 지도자를 그려야할때지,1,0
606,"오달수에서 감점  5점,   사투리 문제에서 감점4점",1,0
607,언제까지 이런영화를 만들거냐???,3,0
608,라이너가 옳았어. 보지말라고 할때 멈췄어야 했어,2,0
609,실화는 좀더 신경써서 잘 만들면 좋겠다  넘 성의 없이 만들어  보는 내내 좀 그렇다  연기는 좋았는데 뭔가 부족부족해,6,1
610,빨리 오달수 영화 보고싶으니 얼른 개봉해주세요,10,1
611,"아무리 그래도 이건 좀 아니지 않냐? 자꾸 정치색깔 씌워서 영화로 만드는건 자업자득. 그렇다고 흥미진진한  부분없이 지루하게 전개되고. 왜 이렇게 만들었을까?  진짜 재미없게 봤어. 7번방의 선물 비슷한 클리셰로 억지감동 만들려고 한것 같은데, 진짜 좀 발전해야되지 않을까 생각이 든다.",4,0
612,0점 어떻게 주는거냐ㅡㅡ 오달수 사건 터지기 전에는 개성있고 연기도잘하고해서 나.름. 괜찮았었는데 사건 터진후 보니 역겹다. 관상은 싸이언스 라는 말은 역시 괜히있는게 아님,1,0
613,알바가  많은모양이네...ㅋ 8~10점 준사람들은  영화관계자들인가?? 아니면  나만죽을수없지라고  짜가리 평점준건가?? 여튼 진짜 꽝이다,2,0
614,최악의 쓰레기 영화,1,0
615,민주당 영화네~ 달창들 조아하겠군,2,0
616,♪~,1,0
617,시간 아까움,1,0
618,"김대중대통령역에 오달수를 와,,,",1,0
619,"짜증... 연기는 30점, 억지스런 순간이 너무 많아~~~~~ 돈아까움... 시간도 아까움...",3,0
620,중간 까지는 아 시대상의 블랙코미디 겠거니 했는데 뒤로 점점 갈수록 현정부가 시나리오 쓴티가 팍팍남....너무 질질 끄니까 더 억지 신파 티났음,2,0
621,...,1,0
622,오달수 안사요,1,0
623,1점 주려다  배우들보고 4점준다. 코메디도 아니고  진지한 정치물도 아님.  코로나에 지치고 양분된 정치 현실에 그냥 웃고 싶었는데 실망입니다.  그냥  좀 유쾌하게 웃을 수 있는 영화 없나요?  배우 캐릭터와 내용이 영 안맞네요 ㅠ ㅋㅋ,4,0
624,풉,1,0
625,그분 아들들 사건들  시끄러웠지요. 몰입이 안되었어요. 위인은 주변사람들에 의해 모욕당한다는 이야기가 맞는 듯 ㅡ,2,0
626,ㅅ♬~ㄱㅇㄱ♪♩ㄴ깅,2,0
627,슬퍼야 되는데 웃음이 나오는 영화. 미투도 시간이 지나면 다 용서되는 한국 그래서 난 이나라를 떠나련다. 다시 북으로,1,0
628,가택연금인데 대중목욕탕은  어떻게 갈 수 있던거지요?  저 씬 이후에  저 이유 유추하느라  영화 집중이 안됐네요,2,0
629,진짜 올해 본 영화중 최악ㅜㅜ,1,0
630,초반에 나오는 화장실 장면이 너무 리얼해서 보기 좀 거북하다. 공항 귀국 장면은 배우 본인의 이야기와 겹쳐 보여 살짝 아련했다. 유머 코드가 맞지 않은 탓에 전혀 웃기지 않다. 가장 크게 웃은 게 피식 웃은 정도? 대놓고 관객을 울리려는 신파도 매끄럽지 않긴 마찬가지.,5,0
631,굉장한 인물을 잘 표현해 냈길 바랍니다.,10,1
632,성범죄자 나오는 영화 너무 최악이다.,1,0
633,힘들게  정권잡았으면  내치나 잘했어야지 대북지원을 왜하니,1,0
634,난 딴거 없고 오랜만에 배우 오달수  연기보러 간다,7,1
635,"영화 자체가 코미디인 무리수 가득한 영화랄까....  그냥 허구란 단어 대신 ""실화를 바탕으로 한""으로 가는게....  혹시 이의식의 존재를 폄하하는 느낌이 들까봐 두려웠던게 아닌지..... 2시간 내내 ""왜?"" 라는 단어가 머리속을 맴돌아 몰입이 안되었던 영화 어쩜 넘 지루하고 뻔한 전개라 그랬을지도....",1,0
636,헉  오달수가 나와도 되는건가? 오씨 근처도 안간다,1,0
637,재미없을듯,1,0
638,선동하지 마라 한국판 최미역행이냐? 수준 떨어지고 천박한 영화,1,0
639,핵대중: 쌀로 북핵 제조 연금술사 + 극혐 페미 부 창설,1,0
640,ㅋㅋㅋ,1,0
641,1점도 아까운 데모꾼들 미화영화. 마이너스 평점은 없나?,1,0
642,참 정치적 색깔이  강한 영화네,1,0
643,이건 아니자나? 코메디가!!! 이것도 아니자나? 정치풍자도!!!!,1,0
644,2020년에 이런 쌍팔년도 정치감성 영화라니.. 지금의 문재인과 대비되니 역겹고 토가 쏠린다,1,0
645,정우팬이라 어쩔수없이 봤는데 오달수때문에 1점 배우가 사투리못한다고 사투리를 아예 빼다니 ㅉㅉ,1,0
646,ㅇ,1,0
647,아무리  미투 전에  짜논거라지만 보는 내내 김대중 대통령을  혐의  있는  오달수가 연기하는게  너무 .불편했다.  아닌굴뚝에 .연기 날까. .  믿을 수  없는  사법부  판결  시대에. . .,1,0
648,좌파선동영화  그이상 그이하도 아님,1,0
649,내가 53살 살면서 내돈 내고 영화 보면서 중간에 나온 첫번째 영화. 이건 영화인에 대한 모독이고 관객에 대한 모독이다(100% 개인적 의견 임).  7번방이 어케 천만 되었는지..,1,0
650,엉성 그 자체. 정우는 왜 주인공인거야. 연기가 너무 안되는데.,1,0
651,"관련없다해놓곤..김대중 쫄라빠는영화;;한나라당은 꼴통이고 민주당은 정의롭다?현정권을 보고도 그렇게 생각하는건가?위선자들..빨갱이..김대중 정권때 다시나오고 가장 많이 불렸다..아무 이유없이 북에 조공 바치듯 퍼주니까 형식은 평화..통일..그래서 그렇게 됐나?영화로 교묘하게 포장해서 빨지마라..적어도 좌,우..한나라당 민주당 똑같은 넘들이다;;",6,1
652,정치색짙은 영화 문정부때  나오는 영화답네 문화 컨텐즈 통한  정치미화시키는 전형적인 영화네,5,0
653,빨갱이들 총출동해서 10점 ㅋㅋㅋ,1,0
654,영화 안본 인간들이 평점을 쓰냐??   5공화국 나온거 그걸 봐 그게 더 잼있어 ㅋㅋㅋ  배우 캐스팅 망각에  90년대에나 나올 연출 아주 처참하다,1,0
655,국민대분열영화,1,0
656,의도는 알겠는데 스토리  전개가 너무 억지스럽다. 민주화운동을 다루려면 조금더 진지하게 사실적으로 다뤄야 할 듯,1,0
657,생략,1,0
658,노잼ㅠ,2,0
659,영화는 배우 선택이 중요한데 좋은 배우들이 빛을 못 봅니다.,2,0
660,"전반부 보다 말았지만, 내자신이 빨갱이시키라..  보는내내. 역겨워서 혼났다.  안기부 놈들이... 동지들. 고문하고.  죽이고. 미행하고 자취방 급습하고. 폭력 휘두른 사실을 어찌 잊을 수 있을까? 세월이 그닥 많이 지난것도 아니고. 시대가 많이 좋어진 것도 아니고. 여전히 국가보안법은 살아있고 자본가놈들의 세상인데. 누굴 용서하란 말인가? 작가는 결코 화해할 수 없는 자들과의 화해. 휴먼드라마 운운  하면서 역사적 사실을 희화화 시키면서 그들에게 면죄부를 주고 있다. 이런 영화인줄. 알았다면 보지 않았을텐데.. 그리고,  안기부 말고 이미지세탁하는 자가 또 있지... 오달수가. 반갑다는 자는 한남이라고 욕먹는 자들인가? 오달수는 좀 더. 자중할때. 아니던가? 후반부를 보지않더라도 여러모로 역겨웠다.",1,0
661,아 그...,1,0
662,오달수슬슬기어나오나..너무한거아님?,2,0
663,결국 먼 길 떠나는구나 정우...,1,0
664,영화는 재미가 볼만했고 감동적이였지만 너무 좌파영화네...무슨 보수사람들은 온갖 부정부패 비리에 살인에 쓰레기들로 나오고 무조건 진보사람들은 정의롭고 깨끗하고 거기다 운동권 미화까지...이건 너무 치우쳤자나 영화라해도ㅡㅡ 1점줄려다 이유비 이쁘고 연기 잘해서 2점준다~~,2,0
665,...,1,0
666,쓰레기 3류 영화 스토리도 거지 같고 배우들도 3류들만 나옴,1,0
667,그저그런 진부한 스토리~ 민주화 운동해서 얻은 권력을 독재로 남용하는 인간들에게 이 영화를 바치냐?,1,0
668,"김대중납치사건,자택연금을 모델삼아 만든 영화입니다..처음에는 코믹,오락영화니 하고 가볍게 봤는데 시간이 갈수로 정치색이 짙어져요. 아마도 감독이 운동권출신이거나 운동권옹호론자같더군요..단순히 보면 재밌고 감동일수도 있는데 자세히 보면 억지설정에 스토리가 끼워맞춘듯 해요..좌파는 서민적이고 나이,학력.계층 상관없이 동지가 되고.. 우파는 좌파를 빨갱이로 몰아 악랄하게 죽여버리는 설정이라 거부감이 크더군요..",4,0
669,정권 나팔 영화네? 나라가 개판되니 가관이네,1,0
