﻿,document,score,label
0,캐스팅이 망했고 일단 영화 흐름이 매끄럽지 않았음. 가족들인데 너무 개성있는 얼굴들의 배우들의 구성이라 가족이 아닌 타인같았음. 조의 역할이 광장히 산만했고 산경질적이기만했음. 게다가 로리 얼굴이 너무 애기 같아서 ㅋㅋㅋ 오마이갓... 진짜 무슨 생각으로 배우 캐스팅 한건지 원....,3,0
1,"예전엔 미처 몰랐다. ""작은 아씨들""이 이렇게 깊이있고 주옥같은 대사가 흘러 넘친 영화였다는 걸. ""분노에 좋은 면이 잠식되지 않게 40평생 노력하며 배우고 있어"" ""해 지기 전에 화를 풀고 내일부터 다시 쓰면 돼"" ""어떤 천성은 억누르기엔 너무 고결하고 굽히기엔 너무 드높단다""  가난하지만 크리스마스 음식을 더 가난한 이웃과 나눌 줄 아는 이런 어머니의 영향이 전반에 흐른다. 영화 끝부분에 베스(Beth)를 위한 연주곡 베토벤의 비창 2악장 아다지오 칸타빌레가 아직도 귀에 은은하다. ",7,1
2,캐스팅 미스네요. 작은 아씨들 역의 배우들은 94년작이 훨씬 조화롭고 보기가 좋습니다. 특히 에이미는 어린 시절과 성인 역할 배우를 따로 갔어야죠.  그래야 조 바라기였던 로리가 성인이 되어 다시 만난 에이미를 보고 사랑에 빠지는게 공감이 되죠. 어릴때나 커서나 우악스럽고 덩치가 커보이기만 한 에이미는 전혀 사랑스럽지가 않네요. 시얼샤 로넌도 위노라 라이더에 비해 뭔가 사랑스러움이 많이 부족한 느낌이 들구요. (그렇다고 당차 보이지도 않는다는게 함정) 전반적으로 작은 아씨들 역할 배우들이 많이 아쉬운 영화입니다.  ,3,0
3,산만 그자체네요. 에이미는 미스캐스팅 목소리도 외모도 미망인 느낌인데 차라리 엠마왓슨이랑 바꿨음 나았겠어요,2,0
4,내용이 산만하게 전개되어 아쉽다. ,5,0
5,현재에서 과거로 과거에서 현재로 왔다갔다하니 집중이  안되네 ,3,0
6,"원작의 재미와 감동을 다 담아내지 못 한 것 같네요. 편집이며 구성이며 너무 산만합니다. 무엇보다 조 역할의 배우가 너무 노안이라 장녀인 메그와의 케미도 살지 않을 뿐만 아니라 중요인물인 로리와 함께 있을 때는 꼭 이모처럼 보여요. 이 배우가 연기 잘하는 훌륭한 배우일지는 몰라도, 작은 아씨들 조의 역할에 딱 맞는 배우는 아니란 생각이 들어요. 전혀 매력점을 찾질 못 하겠네요. 이 영화 자체에서도 조라는 인물이 별로 매력적이지 않게 그려진 까닭도 있겠지만요. 워낙 좋아하는 작품이어서 영화 보고 실망만 느끼게 되네요.",2,0
7,역대  작은아씨들중 최고졸작 배역은 안 어울려서 엄마도 딸들도 죄다 따로국밥에 연기는 전부 들떠있고 각자 본인만 주목받고 싶어하고   스토리는  산만하고 제대로 캐릭터 살린 배우는 단 한 명도  없고 연출이 뭘 원하는 건지도 모르겠고   최악,1,0
8,"열심히 만들긴 했지만, 구성이 왔다 갔다 혼란스럽고 .. 그냥 실망스럽다 애초에 이 작품을 본 내가 잘못한 것 같다.",4,0
9,"작은아씨들 원작을 이해하고서 절대 저렇게 캐스팅할수 없고, 저렇게 지루하게 만들수 없다! 최고의 원작을 최악으로 만든 영화. 캐스팅과 구성 모두 별로",1,0
10,명작을 망쳐논 캐스팅과 연기력.... 막내  에이미역은 소한마리 때려잡겠는데요? 어째서....앙칼지고 새침했던 에이미를,1,0
11,95년 작의 완성도를 못 따라감.  캐릭터. 연출. 모두 미달. ,5,0
12,정말 전작보다 산만하고 주인공들이 영 매치가안된다 조 역할이 너무 노안이야 언니가 훨 어려보이고 전작 캐스팅이 얼마나 완벽했는지 새삼 느껴짐,4,0
13,캐스팅 미스로 영화 보는내내 불편했음 저렇게나 나이들어 보이고 덩치큰 에이미라니..... 아역은 따로 썼어야지,1,0
14,"95년도 작품을 봐서인지 완전 대실망 95년도꺼 다시 보러감 캐스팅, 스토리전개 다 별로",0,0
15,"노잼,노잼 노잼,노잼 ",0,0
16,에이미를 보고 많이 당황스러웠음..어릴적 봤던 버젼에서 허영심은 많으나 어리고 예쁘고 귀여웠던..캐릭터는 재 해석했다하더라도 비주얼이 운동선수느낌나는 첫째보다 더 나이들어보이는..ㅎㅎ,6,1
17,전작의 위노나 라이더나 크리스찬 베일의  깊은 연기를 못 따라 가네요. 특히 티모시.. 연기.,6,1
18,"보다가 말았어요. 너무 산만하고 감동도 없고. 시얼사 로넌만 보이는 영화.. 베스, 에이미는 아주머니처럼 생겨서 몰입이 안되는.. 역시 원작 소설이 최고",5,0
19,내가 알고있던 작은아씨들이 맞나 의심하며 봤어요..캐스팅 완전 이상함..사랑스럽고 러블리하지않고  완전  정신사나움...,1,0
20,에이미 역을 한 배우 연기 잘함. 어른이 된 작은 아씨들의 어두운 분위기에 실망. 어린 시절 책으로 읽었던 작은 아씨들이 더 좋았다.,6,1
21,"다 같은 생각을 한다는 건 문제가 있다는 거,,조를 시작으로 첫 째,셋 째 나오면서 영화 초반 인데도  집중이 흐트러짐,,역시 94년작이,,,",4,0
22,에이미는 무식해 보이는 외모에 억센 목소리 로리는 7년 뒤에도 너무 애송이 엠마왓슨은 해리포터 이미지가 너무 세게 와닿고 ㅠㅠ  작은아씨들 책으로나 한번 더 읽어야겠다,6,1
23,과거와 현재를 왔다갔다하니 너무 산만. 엠마왓슨은 메그 역에 안어울리고 로리도 너무 앳된배우 여서 조랑도 뭔가 안어울림. 뱌우들을 보나 자연스러운 흐름전개를 보나 95년작이 더 나았음.,3,0
24,훌륭한 원작을 이렇게 망쳐놓다니 배우 캐스팅 연기 다 실망스럽고 정신사나운 스토리 전개는 덤,1,0
25,네자매들 전작들보다 인물이 너무 없네요,4,0
26,로리.죠.메그 빼고는 캐스팅이 너무나 불만족. 사실 매그랑 죠도 바뀌면 더 나을듯함. 특히 에이미 목짧고..기타 등등 외모에 상킁함이 없고 억처스럽기만해서. 극에 몰입이 전혀...안됨. 엄마역도 조금만 인상 바꾸면 사납고 표독해보이는 인상이라 애써 인자함을 쥐어짠 울상 느낌... 아무튼. 고전물이 더 마음에 듬. 기대했는데 아쉬움이 큼...,2,0
27,원작의 사건을 대충퍼서 페미니즘으로 반죽했더니 이도저도아닌 산만함 어릴적 읽었던 원작의감동 돌려줘 ㅜㅜ,5,0
28,원작만 못한 졸작 이야기,1,0
29,엠마왓쓴이 조마치가 되었어야 할! 보는내내 힘듬 캐스팅에서 실패 맞는 역활이 있는 법,6,1
30,비평가협회상....웃긴다.. 그레터거윅의 적어도 이 밋밋하고 따분하고 구태의연한 연출에 대한  상찬은 재능 이상으로 감독 띄워주려는  기만이다.   프랜시스 하 이후로 그레타거윅은 한계만 노출한다.  이 영화는 원작의 매력에 접근하기는커녕  자체의 장점조차 눈꼽만큼도 보이지 못한다. 10분이상 참아주고 볼 수 없었다.,1,0
31,연출이.. 원작 못따라가네.. ,3,0
32,개인적으로는 94년작이 더 나은듯..,8,1
33,별점 2개는 더 넣고 싶지만 뺀 것은 배역이 엉망이기 때문이예요. 다른 사람은 그렇다치고 에이미 너무 막내같지 않고 딸 사이 나이차가 거의 안 느껴지거나 거꾸로 느껴지고 다들 혈육인게 얼굴 너무 다양해서.. 레이디 맥베스 무섭게 잘 봤기에 그 배우가 싫어서가 아닙니다. 너무나 안 어울릴 뿐. 편집이 조금 산만하긴 해요. 어릴 때나 어른인 지금이나 로리가 누구 남편이 되는지나 조 남편 선택 이해 안가는데 그나마 이 영화에선 베어 그리 늙어보이지 않아서 좀 낫네요.,7,1
34,원작 캐릭터와 다른 이미지의 배우 캐스팅이 몰입방해됨. 과거.현재의  시점에 혼란스러움.엠마왓슨은 에이미역에 맞는듯.플로렌스휴? 자매역중  어울 리지않아.,6,1
35,전반부는 좀 지루하다가 후반부로 갈수록 재미가 있습니다. 배우들 보는 재미로 본 거 였는데 실제 자매로는 보이질 않아서 안타깝네요;;  특히 새로운 블랙위도우 플로렌스 퓨가 많이 좀 달라 보입니다ㅋ 그리고 이미 죽은 베스가 메기 결혼식에 보이고 또 조는 분명 머리를 잘랐는데 금방 자랐더라구요...이런 부분들이 좀 이상하고 아쉬웠습니다.,7,1
36,요즘 가장 핫한 배우들이 모였으나 케미는 글쎄. 산만한 흐름 속 시얼샤 로넌의 연기는 출중하다,6,1
37,전작에 비해서는 역부족이지만 그래도 자매가 많은 집에서 태어났더라면 싶어지는 자매애가 부럽다.,7,1
38,따분... 1995년작을 재미있게 봐서 그런가... 내용을 다 알아서인지 재미없음,6,1
39,옛날 티비에서 해줬던  영화 작은아씨들하고 별차이 없는듯. 지루..,6,1
40,나두 보다가 tv 껏어 늙어서 봐야지,1,0
41,"인물들의 감정선에 깊게 닿는 부분이 많아서 숨죽이고 봤습니다. 또 영상과 음악, 소품과 주제의식이 무척 좋았습니다. 다만 등장인물들의 외모는 전혀 변하지 않은채 현재와 과거가 계속 전환되는 바람에 정신이 없고 헷갈리는 부분이 있었습니다. 아쉬운 부분도 있었지만 따뜻하고 정성스런 영화였습니다.",8,1
42,지루하고  재미없음 오만과편견이 오버랩되지만 그렇다고 오만과편견 만큼의 영상미도 없음. 재밌다는 분들은 정민 개취인듯 패미충이거나,2,0
43,책을 읽었을 때의 감성을 기대했다면 후퇴하자.,6,1
44,"전반부 몰입도 떨어지는 편집 구성과 연기자들의 부자연스럽고 억지스러운 연기가 눈에 두드러져 엄청 실망했으나, 그나마 중반부 이후 연기력이 좀 안정되어져 보였임.  오만과 편견을 봤던 사람들이라면 갈등 고조에서 해결해 나가는 스토리가 많이 오버랩 됐을거라 생각 됨.  내 기억 속 작은 아씨들은 어렸을 때 보았던 TV만화 시리즈가 최고 였음.",5,0
45,기대가 컸어요...ㅜ,4,0
46,기대감이 컸나봐요  .  원래  뭐든  괜잖게  보는편인데   음.  좀  지루했음~   ,3,0
47,재미없어요. 그저 착하고 아름답게만 그렸어요. ,0,0
48,너무 지루하고 재미없어요. 원작의 감동이 안느껴지고 산만한 구성에 몰입하기 힘드네요. 비추입니다,1,0
49,과거와 현재가 왔다갔다 정신 사나웠고. 분위기는 지루했다.,6,1
50,과하게 고평가 된 영화. 영국뽕 못잃는 아카데미라 노미네이트 된거지 별 것도 없음. 그리고 자매들끼리 하는 연기 나만 오그라 들었나?ㅋㅋㅋ,5,0
51,"배급사가ㅈ소니인지 모르고봄,ㅎ,90년대 작은 아씨들에 비하면 주인공들 별로,재미도 별로,과거,현재 왔다갔다 거려서 더 정신없었음",5,0
52,"노잼. 아내와 함께 보다가 집중이 안 됐나, 암튼 중단에 끊긴 뒤 다시 보고 싶지 않다.",1,0
53,"편집의 묘미는 있으나, 고전의 감동은 1994년",7,1
54,예전에 푸른화원이라는 제목으로 명화극장에서 방영했었는데 준 메이슨과 엘리자베스 테일러가 나왔었고 너무나 재밌게 봐서 그 감동이 오랫동안 자리해서 그런가 이작품은 각색도 많이 한것같고 정말 그레타 거윅식의 영화인듯. 그래도 나름 재밌게 봤다. .,6,1
55,그 시절 여자의 잘못된 의무와 그를 상세히 보여주고 군데군데 재미있는 요소들이 들어가 있어서 보는 동안 너무 즐거웠네요.  여자들끼리 있을 때 그 유쾌함과  분위기도 잘 살렸고요. 진짜 제 인생영화로 등극해버렸습니다,10,1
56,"엠마왓슨 보러왔다가 엠마왓슨은 완전 빛을 못 본 영화네요. 조 역할 여배우와 티모시, 그리고 메릴스트립 밖에 안보임. 조 역할한 여배우가 개인적으로는 좀 생소해서 처음에는 쟤 머지 했다가, 진짜 푹 빠져버림. 스토리는 너무 잔잔해서 조금 지루할 순 있지만, 시얼샤 로넌?? 진짜 대박 여배우임. 그리고 에이미 역할 여배우가 미드소바 그 여배우였다는거 알고 아.. 하고 생각났음.ㅋㅋ",8,1
57,원작을 충실히 지키며 현대적으로 버무린,8,1
58,조 마치... 동생 베스를 그리워하며 다시 글을 적는 영화.,7,1
59,원작은 못봐서 모르지만 재밌습니다!추천! ,9,1
60,재밌더라구요 추천해요 ,8,1
61,진심으로 마음이 따뜻해지는 소녀들의 이야기라고 생각합니다. 정말로 봐야하는 영화입니다!!,10,1
62,과거와 현재를 오락가락 정신없네요 1994년작품보다 못하네요,6,1
63,여성감독다운 섬세함은 94년 만들었던 영화만큼 좋았는데. 로리역의 어색한 연기와  원작에 더 충실한 전작에 비해 감동의 깊이는 좀 떨어진다. 그럼에도 따뜻한 영상미와 그레타 거윅과 시얼샤 로넌의 빛나는 조화는 기대를  저버리지 않는다.,7,1
64,따스하고 재밌었어요,8,1
65,...,7,1
66,"조 하고  에이미 둘이  주인공인듯.  뛰어다니는  캐릭터 명랑한 말괄량이 조, 화려한 외모의 에이미가  주인공 인듯.  로리는  외모도 빈약하고  존재감이  약함.  로리가 더  잘생겼으면  하는 개인적인  바램.",7,1
67,현대적 의미와 맞닿아 있다는 것에 의의,5,0
68,"49년 95년 20년  배우와 작중 캐릭터 ,원작을 최대한 살릴 영화는 20년뒤에 한번 더 제작할려나?",5,0
69,재미있게 집중해서 봤음,9,1
70,너무 현재 과거가 왔다갔다한다  ,6,1
71,에이미 나쁜* 얄미움  덩치가 너무 커 ㅎㅎㅎ,7,1
72,"책과 영화, 만화 등등. 좋아했던 작품이기에 더욱  아쉽게 느껴짐. 전개와 결말이 이해되지 않음. 소설의 행복한 크리스마스 분위기와 따뜻한 가족의 분위기을 느끼지 못해서 아쉬움이 많은 영화 ",6,1
73,쏘니픽처스(왜놈픽처스),0,0
74,"배급사 ""소니픽처스""가 니들이 낸 돈의 50프로를 가져간다! 그 돈이 결국 니들의 목을 조여올 것! 왜 일본에선 ""혐오스러운 한국인"" 시위를 내비두고 있을까? 그 돈이 ""독도는 일본땅""이라는 광고에도 쓰일 것! ㅉㅉ",0,0
75,막내가 제일 안어울림,8,1
76,큰 기대 없었는데 잘 봤습니다!!,8,1
77,잘봤습니다. 전편작도 좋고 이번작도 좋네요 ,8,1
78,94년작도 볼만하다. 어여 인터넷에 ............,9,1
79,"어린시적 추억을 불러일으키는 너무 행복하게 만들어주는 사랑스러운 영화 이제까지 영화화 된 작은 아씨들중 최고였고, 에이미의 캐릭터를 정말 살아있게 만들어준 영화였다. 너무 사랑스러운 영화. ㄱ리고 조가 결혼했을까? 아님 안했늘까 하는 결말도 너무 좋았다",10,1
80,졸라라라라랄라 잼,9,1
81,요즘 시대에 그런 가족애는 드물겠지. 현실을 참 솔직하게 그려놓은 영화.,9,1
82,"배급사 ""소니픽처스""가 수익의 50프로를 가져간다! 그 돈의 일부는 일본의 ""혐오스러운 한국인"" 시위로 흘러들어가겠지! 니들 때문에 차별 받고 사는 재일 교포들이 불쌍할 뿐이다! 일본 불매는 무슨 뜻인줄은 아니? 왜 시작했을까? ㅉㅉ",0,0
83,기대만큼은 못한 정도. 마님은 잘 보는데 나는 중간 중간 지루했다.,7,1
84,코로나만 아니면 세번도 보고싶다!,10,1
85,누구에게나 있는 인생이야기...그이상 그이하도 아님,8,1
86,우리들의 살아가는 인생은 한편의 영화다.,7,1
87,너무 잼있고 감동도 있었어요~다시보고싶네요,10,1
88,작은 아씨들은 그동안 영화만도 예닐곱 번 정도 만들었다고 하지 않아? 연극 TV 드라마 뮤지컬 등등 다 합치면 셀 수도 없겠지......그저 또 영화화돤 작품일 뿐.,6,1
89,작은아씨들과 오만과편견을  좋아하는 사람에게는 추천,8,1
90,짅자좋았음,10,1
91,오만과편견 전쟁과 평화같은 고전명작이 생각나기도 하면서 또 한편으로는 주말연속극이 생각나는 푸근함 코로나걱정 잊게해주는 행복감 에이미와 조세핀의 특색있는 매력,9,1
92,에이미를 온전히 이해하게 해준 것만 해도 별다섯개는 당연하다,10,1
93,힘들어질 때 제일 먼저 찾게될 영화,10,1
94,고전의 무리없는 재해석 ,6,1
95,잔잔하고 따뜻한 영화,9,1
96,과거와 현재를 뒤틀어버린 영화 흐름과 자매들끼리 대화시 과장된 표정과 행동은 영화에 집중을 떨어뜨립니다.,6,1
97,집에서 봤으면 채널돌렸을꺼임 과거현재 왔다갔다 정신사납고 지루함,2,0
98,원작을 잘 실사화했지만 생각보다 크게 재미없고 밋밋했어요,5,0
99,지루하기 보다는 편안한 한편의 드라마를 보는것 같았다. 가족 드라마. 따뜻한 그 느낌이 좋았다. ,7,1
100,한 편의 아름다운 소설을 보는 듯한 영화,9,1
101,아름다워~,10,1
102,보면서 계속 울었어요ㅠㅜ진짜 최고ㅠㅜ,10,1
103,배경과 배우들의 연기가 좋았어요,8,1
104,"아름다운 화면과 음악, 배우들의 연기에 행복했다.",9,1
105,아름다운 화면과 스토리에 푹빠져 시간가는 줄 몰랐던,10,1
106,소니가 배급사라..,1,0
107,음......기대치가  커서  그랬는지 조금 지루하고....그냥  재미가  그닥..... 정신없이  왔다리 갔다리 ㅎ,6,1
108,"4대3비율에 담아낸 아름다운 화면, 이에 잘 어우러진 배경음악등은 칭찬받아마땅. 근데 좀 적당히 왔다갔다해야지. 새로운 형태의 겉멋인가?",5,0
109,길어서 지루함 ,7,1
110,"저의 어린 시절의 생각과 행동은 조와 비슷했습니다. 작은 아씨들 책은 읽어 본적 없는데 꼭 읽어보려고 합니다. 가족애가 잘 느껴져서. 실제 가족의 모습을 많이 볼 수 있어서 좋았습니다. 스킨쉽과 포옹이 정말 따스해보였습니다. 어린시절의 기억을 공유할 수 있는 자매와 소꿉친구들이 있어서 부럽습니다. 시얼샤 로넌, 엠마 왓슨, 메릴 스트립 출연해서 보러 가야지한 영화고, 아카데미 시상식 각 분야에 후보로 많이 올린 영화입니다. 해서 보러 갔는데 감독이 그레타 거윅.. 배우와 각본가로만 알고 있었는데, 너무 멋있습니다.",8,1
111,시시함. 실망했음,8,1
112,별루...,6,1
113,일본 자본 소니 영화는 극장서 안볼겁니다. ,0,0
114,재미있게 봤습니다. ,10,1
115,.,10,1
116,이 영화가 왜 아카데미상에 노미네이트 되었을까? 로컬 영화라서!!! 지루한 전개에 졸뻔했다. ,4,0
117,한편의 아름다운 동화,8,1
118,쏘쏘,5,0
119,"중학생일때 조에게 동화되어서 너무나 재미있게 읽었던 기억으로 보게된 영화,   조에 대한 기억만 남았었는데.....나의 추억을 생각하면서 재미있게 보았다",9,1
120,오래된 책의 삭은 종이 냄새와 새 책의 빳빳한 종이 질감이 동시에 느껴지는 영화,9,1
121,원작을 읽지 않았거나 내용이 잘 기억나지 않는 분들에게는 재미 없겠네요.,5,0
122,ㅎ중고딩시절  설레임으로  즐거운시간이였음^^,7,1
123,산만하고 지루함,2,0
124,졸다가 나옴. ,5,0
125,그냥  그냥... 예전에 원작에 이런내용이 있었지하고 되새기며 본영화...  그냥 원작이나 한번더 읽을걸 하게 되었다는..,1,0
126,"과거의 여성상이라고는 하나, 현재도 그러하다 미래에도 그럴것이다 사는 방식만 다를 뿐 전 세계 보편적 여성상이다   네 자매의 뚜렷한 캐릭터를 통해 여성을 잘 나타내 준 고전 명작이다",7,1
127,가난하다고 말하지만 별로 가난해 보이지 않는 가정의 둘째언니 남친 빼았는 네째 이야기.,6,1
128,정성을 들였고 영화적 기교를 주고자 하는건  인정하는데 그래서  좀 산만한건  사실.,5,0
129,"요즘 여성상을 반영한 영화,  따뜻했어요.",9,1
130,감동적이었고 잔잔한 여운을 주는 영화였어요.,10,1
131,겨울이 한층 더 따뜻해졌다.,10,1
132,어릴 적 추억 사진을 다시 꺼내 본 느낌이다.,10,1
133,로리 에이미 무엇ㅡㅡ원작파괴를 이렇게 까지 해 가면서 억지 감동 주려는게 너무 싫음,7,1
134,오랜만에 너무나 좋았던 영화 또 보고싶다,10,1
135,어릴적 애정했던 고전에서의 감동보다는 조금 못미치는 거 같아서 아쉽다,6,1
136,"너무 좋아요,,,",10,1
137,초반에 과거와 현재를 오가는게 조금 헷갈리긴 했는데 너무 너무 좋았어요. 작은 아씨들을 책으로 본게 너무 오래 전이라 좀 기억이 가물가물 하신 분들은 보기 전에 인물 파악을 미리 다 해놓고 보면 더 좋을 것 같아요. ,10,1
138,어릴적 상상하며 읽던 것이 화면으로 옮겨졌다. 꼭  책을 읽고 영화보는 것을 추천,9,1
139,아무리  영화로 디테일이 뛰어나더라도 책을 직접 읽으며 본인이 상상하며 느끼는  그 설렘과 감동을 뛰어넘을 수는 없는듯,7,1
140,지루한 소설을  영화로라도 비교적 맘편히 완주할 수 있어서 다행이었어요.  영상미가 돋보이는 괜찮은 작품!,8,1
141,재밌었당,10,1
142,너무 산만해서 빨리 끜나길 바라면서 봤음,3,0
143,졸려죽을뻔함,5,0
144,파편화되어 남아있던 기억이 영화를 통해 맞춰진 느낌...,7,1
145,예전  여성의  삶을  보여주고자  하는것은  이해되나  지루하다는  평을  안할수는  없네요,5,0
146,재밌다,10,1
147,"즐겁게 본 영화입니다~ 배우들 연기도 괜찮고, 지루하지 않아서 좋았어요.",8,1
148,"현대적이란 느낌마저 드는 의상, 고증 완벽한 배경, 원작자의 의도를 살린 결말 해석. ",8,1
149,고전이 모티브인걸 감안하고 보면 됩니다 지금의 감성하곤 맞지않는 부분이 많아요 그러나 뛰어난 영상미와 배우들의 연기력 하나하나 좋았어요 다만 7년전과 7년후가 반복해서 바뀔때 경계선이 애매해서 헛갈리는 경우가 좀 많았네요 나만 그런줄 알았더니 보신분들 대부분이 얘기하심,9,1
150,"원작소설을 읽은 분들은 실망하는 것 같은데 원작을 읽지 않은 나로써는 신선한 전개와 문학적 내음이 가득한 영화였다. 대사, 여성상의 시대반영, 인물캐릭터와 의상, 배우의 연기 등이 섬세한 영화였다",9,1
151,시간 가는줄 모르고 봤네요 ㅎㅎ,10,1
152,또 보고 싶어지는 영화,10,1
153,화면은 예쁜데...내가 어린시절 읽었던 작은 아씨들이 저리도 이기적이고 허영심 쩌는 막장이들이었나...같은 이야기를 하는 건 맞는 것 같은데 감독은 저렇게 안 예쁜 이야기를 만들 수 있구나.  에이미가 끝까지 심술궂어 보이는 것은 다른분들의 의견대로 아역과 성인이 분리 안 되어서임. 감독이 중요하다는 걸 느꼈음.,3,0
154,너무 지루해서 화가 났음. 여자친구때문에 중간에 나가지도 못하고 화가 나는거 참느라 고생했음 ,1,0
155,좋았어요,9,1
156,잔잔한 바다,10,1
157,새로운 버전의 이시대의 작은 아씨들이었다 시대에 맞게 잘각색된 작품 즐겹게 잘본듯하다 원작은 1995년작이 더 충실하지만 말이다 ㅎ,9,1
158,"산만하고 부산스러움 어릴적 보았던 원작의 고전을 살리지 못했다고 생각함 아카데미에서 의상상만 받은 걸로 아는데 '조'의 자유분방한 성격에 어울리는 의상만 돋보임. 영화가 시작되면서 올라온 ""고난이 많았기에 즐거운 글을 썼다""라는 명문만 기억되는 영화",4,0
159,실망~~~뭔지 모르게  부산스럽기만하고 원작의 감동이 없어요,4,0
160,싸우고 화해하고 성장하는 것이 바로 형제 자매들,7,1
161,그동안 사회가 제시해 온 삶의 방식의 선택지가 단 하나였다면 이 영화가 새로운 방식의 선택지가 될 수 있겠다.  어제 밤샜는데도 지루할 틈 없이 몰입해서 봤음. 역시 자매애는 위대하다,10,1
162,파스텔톤 같은 잔잔함 속에 숨어있는 진정성이 느껴지는 작품. 솔직히 지루한 건 어쩔수 없으나 그 지루함을 참고 끝까지 볼만한 가치가 있음.,9,1
163,꼭 봐야할 명작이네요.,10,1
164,그냥저냥 볼만한 반전이나 그런게 없이 누구나 예상하는 스토리로 전개. 여성감독이라 그런지 여자는 결혼하는 기계가 아니다라는걸 어필하는거 같음,6,1
165,고전의 향기가 사라진듯함.  각색의 기교만 도드라짐.  지나친 기교와 산만함과 .... 가장역할을 이해는 하지만 돈의 가치에 너무 매몰된듯 도드라져 매우 불편하고 실망스러움,3,0
166,잼있고 감동,10,1
167,너무 지루함;; 반틈 보고 반틈은 거의 잤음ㅠㅜ 나름 기대하고 봤는데 생각보다 별로..,6,1
168,"영화를 평하자는게 아니라, 선전을 너무 사기적으로 하시네요. 일반 사람들이 볼 때 아카데미와 골든글로브 시상식에 몇개부분 노미네이트 되었다고 하면 다들 상을 받은것처럼 생각하죠. 노미네이트는 그냥 수상후보에 오른거죠. 상은 하나도 못받았는데, 이딴식으로 현혹하는듯한 광고를 해도 됩니까?  [아카데미 6개부분 시상식 수상후보작] 이라고 해야 옳을 것입니다. ",1,0
169,영화 내용은 넘 재밌었어요.  다만 편집 연결이 매끄럽지 못해  좀 어지러워요. ,7,1
170,너무 번잡스럽고 별로예요~~,4,0
171,"""밀물처럼 천천히 나가지만 막을 수는 없어""",9,1
172,"아름다운 배경, 아름다운 마음..아름다운 말. 여운이 남는 사랑스런 영화다",8,1
173,사랑은 타이밍,7,1
174,흠,1,0
175,그레타 거윅처럼 통통 튀는 영화 아름다운 스토리와 연출 배우들의 연기도 너무 좋았다.,9,1
176,정말..여운이..,9,1
177,왠지 눈물이ㅡ많이 났어요~ 주인공에 엄 몰입이 잘되는 듯  연기가 너무 좋아요  ,10,1
178,배경이 너무 예뻐서 보는 내내  오래된 잡지 넘기는듯... 중간중간  울컥 하기도 하고 ... 한번 더 보고 싶다,9,1
179,딸하고 재미있게 봤어요. 어린시절 7년이라는 시간차가 엄청 큰데 아역배우를 안쓴게 제 눈에는 걸리더라구요. 물론 배우들이 연기를 잘했지만  아쉬운 부분입니다.,8,1
180,시간배경이 교차로 편집되서 지루할 수 있는 장면들을 집중할 수 있었다. 마음 따뜻해지는 아름다운 영화이다.,8,1
181,연속 두번을 딸과 함께 보았다 한장면 한장면이 화보가 되었고 조의 멋진 여성상이 잘 표현되었다. 엄마의 정서와 딸들의 정서가 참 아름다웠다. 이 시대의 가족상을 다시 생각하게 되는 영화다,9,1
182,어릴적 내 성장기를 보는듯한 속에서 자꾸 눈물이 흐를 것 같은 지나간 옛시절의 순수했던 열정과  따뜻했던 사람들 이야기  내 딸과 다시 보고싶다.,9,1
183,구성이 집중해야 합니다. 무엇을 말하는지 알겠는데 러닝타임이 그에 비해 길어요. 중간에 졸았습니다.,5,0
184,잔뜩 평점보고 기대하고 간 게 잘못이었네. 시대배경은 어쩔수없는 모양. 그저 그랬다.,8,1
185,왜 이렇게 졸린지.......상업영화에 익속해진 탓인가...어쨌든...졸다가 자다가...상영시간은 왜이리 긴지....,1,0
186,다시 만난 나의 멋진 여전사 조,9,1
187,"치명적으로 매력적이다. 사랑스럽고 아름답다. 왜 어떤 평에서 영화 보는 내내 눈물을 흘렸다는지 영화를 보고 느꼈다. 또 다시 보고싶은 그런 영화. 영화가 주는 행복으로 잠을 청한다면 마치 천국같지 않을까 생각해본다. 작은 아씨들의 이야기를 통해 삶,사랑,가치,우정,가족애 다양한 감정들을 배부르게 채우고 이 평을 쓸 때까지 영화관 의자에서 일어나질 못했다.",10,1
188,어릴적  책으로도 너무  재밌어서 몇번이나 읽고  94년도 작은 아씨들도 좋았었는데  이번 작은 아씨들도  시간이 금방갔어요 군데군데  눈물짓게하는 장면들과 네자매들의 사랑스런 모습..그 안에서  단연 눈에띄는 멋진 조♡  최고예요~,10,1
189,따뜻한 위로와 긴여운이 남는영화♡♡의상과 배경이 액자속 명화같아  볼만한 재미도 있고 배우들 연기도  조 마치 매력에 눈물도,8,1
190,캐릭터 파악도 하기전에  시점이 과거와 현재를 왔다갔다 하는데 나름 참신하고 볼만하다. 그러나 약간의 산만함도 있어 긴장감이 끊어지고 내용도 뒷받침 되지 못해 다소 지루한 감도 있다.,7,1
191,잔잔하게 흘러가는 강같은 느낌의 영화~,9,1
192,아름다운 영화입니다 잘 봤습니다~,10,1
193,코로나  상관없이 영화감상! 잔잔한 영화~ㅠㅠ,5,0
194,영화 보는 내내 행복했습니다.  ,10,1
195,네 자매의 사랑스러운 성장기,10,1
196,좋은 소재룰 가지고 영화를 만들었지만 기대에 못미치는 영화였다... 조가 결혼을하는데까지 개연성도 부족하고 분위기 자체가 너무 우울하고 우중충해서 2시간이 너무 길고 지루하게 느껴졌다. 같이간 가족들 뿐만 아니라 뒤에있던 커플 앞에 나가는 사람들은 하품하고 자다깻다 그러고... 밝고 재미있는 내용이 아닌건 알았지만.. 좀 너무 심했다는 생각이 드는 그런 영화였다,4,0
197,"시간가는 줄 몰랐어요. 초3딸도 2시간 안 넘은 것 같다고. 딸과 원작을 책으로 읽고 갔는데 그래서 더 좋았어요. 진짜 영상미와 전개 구조, 캐릭터들, 대사들 주옥같아요. 또 보러가고싶어요. 너무 좋아요",10,1
198,잔잔한 스토리와 아름다운 영상이 마음을 꽉 채워준 느낌ㅠㅠㅜㅜ 배우들의 연기도 최곱니디ㅠㅠㅠㅠ,10,1
199,"초반엔 지루, 졸려오기까지~ 너무 잔잔한 영화 ",6,1
200,괜찮은데 상영관이 적어서 시간 맞춰서 봤음,10,1
201,유럽에 가을 배경과 네자매에 각기 다르지만 톡특한 개성... 흐름에 짜임새등 넘 재미있게 본 영화 입니다. 혹시 시간이되면 한번 더 보고싶은 영화입니다~!!,10,1
202,40대 남성으로 작은 아씨들을 소설이나 영화로도 처음 봤는데요... 가족들과 함께보니 더욱 감동이었습니다. 강추입니다.,8,1
203,솔직히 분위기와 배우들의 연기는 좋았으나 지루했던 영화 2시간 앉아있는 것이 괴로웠어요ㅠㅠ,2,0
204,"오만과 편견 사이, 그 젊은 날의 초상",7,1
205,아름답고 감동적이다,10,1
206,잔잔한 감동영화에요.. 영화보고 힐링됐어요~,10,1
207,꼭 보세요. 추천하고 싶습니다.,10,1
208,감동이며 눈물이 계속 나왔어요,10,1
209,"선물처럼 온 영화   (원작이나 질리언 암스트롱 감독 영화를 잘 모으는 분들에게는 헷갈릴 수도 있을 것 같습니다. 그래도 한 번 씩 더 볼수록 그 소중함이 더 커지는, 신기한 영화에요.)",8,1
210,원작 이상의 감동,10,1
211,"일본식민지 35년간 강제로 끌려간 재일 한국인들이 ""혐오스러운 한국인""(혐한) 시위로 차별 받고 살아도 나는 ""소니픽처스"" 배급사에 영화관람료의 절반을 주고 도울테다! --- 놀고 있다! 평점 알바들과 혐오스러운 한국인들은 여기 다 모였구나! ㅉㅉ",0,0
212,잔잔한 감동이 있는 영화...  정말 좋았음. ,10,1
213,잘 담아낸 다양한 감정들과 삶의 여정,10,1
214,"아이일때 동경했던 조를 엄마가 되고난 지금 다시 보았네요.  가장 응원해주고 싶은, 우리 딸들이 가장 닮았으면 싶은 딸 조를 응원합니다.",10,1
215,보는내내   보고난후 아주충만합니다~♡,10,1
216,내가 나이가 들었나보다 보는내내 몰입이 되지 않았다 감독이 무었을 말하고 싶었는지 모르겠다 차라리 원작에 충실한 편이 낫지 않았을까 하도 많이 영화화된 작품이니 무언가 특색있게 하고 싶은 욕심은 이해하나 이도 저도 아닌 작품이었다 실망이었고 배우들 연기만 훌륭했다,4,0
217,간만에 좋은 영화보았습니다.,9,1
218,현재와 과거가 자주 교차하는데 의도는 알겠지만 너무 산만한 편집이 되어 흐름을 끊는 것이 단점 조금만 더 차분했더라면~~~ 시대극으로서의 분위기  배경 의상 분장 등은 훌륭했음,5,0
219,시간을 넘나드는 구성이 퍽 마음에 들었습니다. 초4 딸아이가 좋아하고 저도 무척이나 좋아하는 소설을 멋지게 만들었네요. 다만 남성분들이 보기엔 좀 지루할수도 있었을까요...,9,1
220,너무너무 예쁘고 좋았어요. 보고나서 기분이 너무 좋은영화.,10,1
221,대학생 딸과 같이 봤어요 런닝타임 내내 요만큼의 지루함도 없이 집중의 연속^^  나오면서 둘이 마주보고 한번 더보자고 했어요,9,1
222,어린 시절은 그레타 거윅답게 천진난만 자유분방을 어른이 되고 나서는 조에 루이자 메이 올콧을 입혀 현실감을,8,1
223,영화 좋았습니다 시대도 장소도 다르지만 여자의 일생을 같이 산 느낌. 배우들 연기도 좋음,8,1
224,"원작이 왜 동화로만 남아있는지 알 것 같다. 다양한 사건을 넣으려고 각색을 잘 하기는 했는데 영화로 만들기에는 뭔가 부족한, 소품 같은 영화. 아카데미 여우 조연상은 기생충이 받았어야 했다. ",6,1
225,개봉전부터 엄청 기대하던 영화인데 실망시키지 않음ㅠㅠ 네 자매 너무 사랑스럽다,10,1
226,솔찍히..이 영화는 시작부터 마지막까지 감동 포인트 계속있다...기생충도 기생충인데 이 영화도 정말 2019년 최고의 명작임,10,1
227,정말 감동적이에요,10,1
228,벌써 2회차 뜀...♡,10,1
229,책과 영화를 비교하며 읽기면에서 볼만하죠...캐릭터 울림이 조금 있어요..그걸로 충분하죠...,8,1
230,중고생 딸이 있다면 꼭 같이 보세요 꼬옥~ ,8,1
231,울고.웃고 생각하게 만드는영화~ 강추 합니다~,9,1
232,딸들이랑 꼭 같이보세요 책도보고 예전버전도 본 엄마로써 여성의 주도적인 삶에 대해 생가하게합니다,9,1
233,이상한 사람들 때문에 10점 넣고 갑니다. 이상한 사람들 신경쓰지 말고 소신껏 보세요,10,1
234,오래된 원작을 너무 잘살린!!! 이배우들이야 말로 영화제감인듯 !!,10,1
235,영화를 보고 댓글을 올려라 무슨 좋은 영화한테 평점테러하는데 아예 정직한 후보였나 그따위 개쓰레기영화나 봐라 나는 공짜표가 있어도 정직한 후보는 절대로 안본다 차라리 돈을 주고 이영화를 보지 절대로 한국영화는 안본다 앞으로 기생충같은 영화는 별로 안나온 것같은데 왠지 1917 작은 아씨들이 2월달에 최고의 변수가 될 것같은데 그리고 충무로 알바생들 풀지 마라 역겹다 얼마나 작은 아씨들이 겁나면 알바생들을 풀어서 평점테러하고 있나 어이가 없다 그리고 평점테러하는 인간들한테 말할께 작은아씨들을 우습게 보지 마라 당대 최고의 스타들이 출연했고 시대에 변화에 따라서 조금씩 변화하면서 만들었고 진정한  페미니즘영화다 남녀노소에 누구나 봐도 전혀 거부감 없는 좋은 영화다  욕하려면 한국영화 욕해라 클로젯 정직한 후보가,10,1
236,영상미 쩔었음ㅠ 배우들 연기도 좋았고 영화 개인소장 하고 싶음 ,10,1
237,배우 스토리 영상미까지 진심최고 ㅠㅠ,10,1
238,당당한 그녀를 응원합니다.!! ,10,1
239,명작은 언제봐도 명작!!! *_*오스카에서 보고서 빨리 극장에서 확인 하고싶어졌음!,10,1
240,고마해라 마이무따 아이가. 가십걸들 오스카 트로피용 단골 사골 영화,0,0
241,강추,10,1
242,배급사 일제,1,0
243,2시간 내내 너무 좋았고 어릴적 작은아씨들이랑 달라서 또 좋았음 ,10,1
244,최고였다,10,1
245,꼭 이럴때 저런 댓 쓰는 놈들 있더라 ,10,1
246,우연히 보게된 영화인데. 정말... 너무 멋진 영화였다..ㅠ 이런 영화 간만에 만난거같아 너무 기분이 좋고..! 뭐랄까 클래식 속에 모더니즘이 되게 멋지게 반영된 걸작 of 걸작이엇다!!,10,1
247,기대 됩니다. 배우들도 좋네요~ ,10,1
248,"배급사가 ""소니 픽쳐스""라도 아무 생각 없다! 일본이 침략해와도 ""영화 평점""만 따질테다! 일본 정부가 혐오스러운 한국인 시위를 허용하고 있어서, 일제 시대 강제로 끌려간 한국인들이 차별 받고 살아도, 난 영화 평점만 따질테다! --- 영화 평점만 따지자고? 놀고 있네! ㅉㅉ 일본 제품을 다 어떻게 불매 하겠냐? 생각해 보고 자기가 할 수 있는 건, 하나라도 동참할 수 있도록 노력하자! 꼭 이 제품이 아니여도 좋다!",0,0
249,"전체적으로 균형잡힌 영화입니다. 스토리도 좋고, 배우들 연기도 좋고, 배경, 음악 등... 모두 좋아서 2시간이 넘는 시간임에도 지루하지 않고 재밌게 봤습니다.  good~",9,1
250,오랜역사의 명작인데 이렇게 신작영화로 나온다니 정말 기대되네요! 좋은 연기와 연출 보여줬으면 좋겠습니다.,10,1
251,기대됩니다!!,10,1
252,완전 기대되네요!!,10,1
253,영화 너무 기대돼요! ,10,1
254,책 재밋게읽었는데 영화도 기대됩니다,10,1
255,어렸을때 책으로 봤던 작품이 영화화...! 기대되네요 ㅎ,10,1
256,평점은 보고나서 ;,10,1
257,"레이디 버드의 그레타 거윅 감독과 시얼샤 로넌, 티모시 살라메가 이어가는 케미",10,1
258,기대되는 영화,10,1
259,어릴때 책으로 수십번을보고.....영화나오면 꼬박꼬박챙겨봤지....티비로.....ㅜㅜ 이번엔 꼭 영화관가서 보리라~~  머라...소니픽쳐스??  이런 된장~~~ㅜㅜ,10,1
260,시얼사 로넌의 조 마치라... 위노나 라이더의 조 마치보다 나을까??,5,0
261,"2월이면 아직 한참 남았구만.. 머가 곧.....이런건지? 평점은 보고 나서.,...",5,0
262,헉ㅠㅠㅠ곧 개봉인가ㅠㅠ해외평들 너무 좋던데ㅠㅠㅠ얼른 개봉해라,10,1
263,아련돋는 작은아씨들.ㅜㅜ 배우들 완전 힙해,10,1
264,탄탄한 구성에 개성있는 캐릭터들의 열연으로 관객들을 영화속으로 몰입시키는 수작이네요~,10,1
265,"이렇게 영화를  못 만들다니.,놀랍네요 지루 그 자체 원작덕에  보는 사람들은 많겠죠",0,0
266,정말 재미없네,3,0
267,"잔잔하게 밀려오는 감동. 그레타 거윅의 작품은 처음 보지만 기대했던 대로 좋았다. 네 자매가 성장하면서 자신의 의지와 꿈을 따르는 모습을 한편의 동화처럼 잘 풀어냈다. 우리들의 유년기는 끝났지만 그 때 심은 씨앗은 계속 커간다. 주제의식, 연출, 연기 모두 좋았다.",8,1
268,보세요  재미있어요,9,1
269,취향이 아니라서 어쩔 수 없다,5,0
270,"캐스팅이 완전 엉망이더라. 티모시가 아무리 핫하더라도 외모는 어울리는데 현대식 연기를 하잖아. 콜미에서는 어울렸는데 시대극은 완전 아니더라. 젤 거슬리는건 엠마 왓슨...성인연기 욕심은 알겠는데 넘넘 안어울림. 베스 역은 넘 못난이를, 엄마역도 어색어색,, 로렌스 할배도 인부를... 대고모 메릴 스트립은 늘 보던 역할..주변 인물이 다 이모양이니 조의 연기도 붕 떠서 어우러지지가 않아. 거기에 과거 현재 왔다리 갔다리 산만하니 총체적으로 망작이야.. 캐스팅만 제대로 했으면 나름 괜찮았을텐데말이지..에이미가 젤 괜찮았음.",6,1
271,눈물을 몇 번이나 흘렸네요,10,1
272,추억까지 새록새록,8,1
273,새로운 시대에 맞는 고전의 탈바꿈,10,1
274,원작도 안본 나는 힐링하며 본 영화.. 중간중간 마음에 박히는 대사들은 삶에 대해 생각하게 만든다. 러브라인의 개연성이 떨어지나 전반적으로 보면 훌륭한 영화,9,1
275,작은 아씨들이 큰 아씨들로 변하는 그 과정은 어떠한 여성 주인공들보다 아름답다. 용감함과 사랑으로 굴복하지않고 가정을 위해 노력하는 진정한 현대 여성지성인의 모습을 떠오르게 한다.  “결혼도 일종의 거래다.” 라는 현실적인 대사는 시대불문하고 우리 젊은 2030세대들에게 공감을 불러일으켰을 것이다.,7,1
276,.,10,1
277,⠀⠀⠀⠀⠀⠀⠀⠀⠀,10,1
278,지루함을 이겨낸다면 마지막에 작은 보상은 받는다,7,1
279,그 시절의 그 곳에서 만난 아씨들,7,1
280,원작이 좋아서 그런지 내용도 좋고... 캐스팅도 잘했고 무엇보다 몰입되는게 진짜 대박이었어요 뭐한 사람한테는 뭐한 것만 보인다지요~ 나중에 스토리 진행이 되려면 전개부분이 필수라서 그렇지 지루한건 아닌것같아요. 대사없이 흘러가는 부분이 정말 인상깊어요!!,10,1
281,여자이야기라 생각했는데 시대극이네...재밌네...,8,1
282,원작을 안읽고봐서 그런지 넘 재밌고 따숩고 예쁘고 좋았어요 ㅠㅠㅠㅠㅠ♡♡,10,1
283,"베스가 안타깝긴 했지만  스토리,구성,감동 모든 것이 좋았습니다. 10점 만점 ",10,1
284,조금 지루한듯하지만 잔잔하고 따뜻한 영화였어요~^^ 추천합니다~! 저는 재밌게 잘 보았어요,9,1
285,초반에 좀 지루했지만 디테일한 감정표현 자매들간의 시기 사랑등 너무 잘 묘사한거 같아서 중반이후에는 너무 몰입하면서 봤네요,9,1
286,티모시는 콜바넴에선 엄청 자연스럽더니 여기선 좀 경직되고 멋부리는 연기  ,9,1
287,잔잔하면서도 마지막까지 엉성하지 않은 연기와 전개가 좋았다. 소품도 음악도 묘사도 다 마음에 든다,10,1
288,잼있게 봤어요,8,1
289,...,5,0
290,지금 보기에는 너무 지루하다. 내가 더 늙어서 지루해질때쯤 다시 봐야 되겠다. ,7,1
291,두번 봤는데 좋았어요 ,10,1
292,집중해서 안보면 많이 헷갈림 혼영 잼있게보았어요 잔잔하면서도 볼만한 영화였습니다 예전영화를 못보고 백지상태에서 보았기에 재미있게보았네요,10,1
293,인물들의 과거와 현재모습이 동일할거면 편집을 똑바로하던가 적어도 막내는 소녀에서 여인이 되어야지.이것때문에 의상에만 정성들인 영화로 전락해버림,2,0
294,가장개인적인 것이 가장 창의 적이다!!!*^^* 따듯한영화,10,1
295,이런 영화 많이 만들어주세요,10,1
296,꿀잼,10,1
297,원작을 읽고싶게 만드는 드문 헐리우드 명작!,10,1
298,흠잡을 데가 없는 좋은 영화.,9,1
299,이 영화보고 배우 얼평하는 사람들 넘 웃기네 ,8,1
300,플롯이란 무기를 지닌 영화의 강점,8,1
301,인물의 서사가 살아있는 최고의 작품,10,1
302,에이미 캐릭터의 완벽한 재해석. 원작 소설에서 빈 공간이 많았던 캐릭터였는데 이렇게 훌륭하게 채울 수 있다니 흥미로웠음. 모든 배우들의 훌륭한 연기도 말할 나위 없음.,9,1
303,명불허전,8,1
304,시얼샤 로넌 밖에 안 보인다. 시대극에 최상인 이미지로 귀티가 철철 흐른다 에이미랑 베스는 최악이다. 가장 어리고 귀여워야할 에이미.베스에 아줌마들을 뽑다니  감독 시력이 정상이 아닌거같다 감독과 아는 사람 뽑은거같다 동양인과 서양인이 외모를 보는 기준이 다른가? 왜 요즘 영화는 이따위일까? 80년대 90년대 영화가 진짜 영화다 요즘 영화는 돈으로 쳐바르기만 했지 남는게 없다 시얼샤 존재하나만으로 8점이다,8,1
305,너무 감동적이고 아름다웠던 영화.  이미 원작의 내용을 알고있었고 예고편을 보며 쌓인 높은 기대에 그 이상으로 더욱 훌륭했던 작품. 원작의 독착성을 유지하면서도 지금 21세기 감성을 살려낸 신의 한수. 시네마토그래피와 의상마저 너무 완벽해서 눈마저 즐거웠던영화. 영어원작 대사를 들어보면 하나하나 마음에 꽂히는 표현들. 꼭 기회되면 영화관에 가서 봤으면 합니다.,10,1
306,"처음엔 화면 전환이 난잡하게 느껴졌는데, 점차 스토리가 진행되면서 괜찮아졌고, 스토리는 동명의 옛날 영화보다 훨씬 더 깊고, 전의 영화는 너무 조와 로리의 감정과 스토리에만 집중했는데, 2020버전은 조와 로리 뿐 아니라 다른 인물들의 스토리도 비중있게 다루어서 너무 좋았습니다. 능력있는 여성이 당시 억압받는 사회 분위기에서 느끼는 감정도 잘 다루어서 좋았고, 그것을 똑바로 인지하고 있는 것도 좋았고, 그럼에도 나아가는 것도 좋았습니다. 세 번 더 볼 거에요. ",10,1
307,진짜 꿀잼,10,1
308,과도한 각색이  흠... 헤르미온느   이제는  뭔가가   빠져나가버린듯 해서  조금  안타까웠다 대신  시얼사  로넌이라는  아주  매력적인  배우를  알게 되어서  좋았다,7,1
309,"연기, 음향, 미술,  구성까지 최고 두번 봤는데 두번째 보니 더 재밌었음 흠이라면 유년시절 모습을 대역 없이 재연해서 약간의 혼란(?)이 있을 수는 있지만(13살의 에이미를 하기에는 23살의 플로렌스 퓨는....) 몇번이나 봤던 책을 다시 봐야겠다는 생각도 하게 됨",9,1
310,후반으로 갈수록 몰입하게 되었네요 서로가 사랑한다는 것에 대한 진실을 찾아가고 원고를 방안 가득히 펼처놓고 작품에  몰두하는 모습도 인상적이었고 베스트셀러가 되기 의한 작품의 요소들도 생각해보는 시간이었어요.,10,1
311,음. 글쎄. ,2,0
312,스토리와 대사들이 좋았고 배우들의 연기들도 훌륭했다,10,1
313,보는내내 좋은시간이었어요. 추천합니다.,8,1
314,Excellent adapted screenplay,10,1
315,딸하고 같이 봤는데  처음부텁  끝까지  넘넘 좋았어요     배경두 음악도 대사 하나하나가  주옥 같았습니다^^,10,1
316,"원작도 읽었고 여러 번 영화와 tv 시리즈로 만들어진 작품들을 봤지만 이 영화가 가장 마음에 들었습니다. 현대적 감각으로 냉소적 유머를 섞어 잘 쓰여진 대사. 감독의 섬세한 연출, 배우들의 몰입된 연기, 무엇보다 소설 속에서 튀어나온 듯 완벽한 배역 덕분에 배우들도 자기 옷을 입은 듯 자연스러운 연기를 끌어낼 수 있지 않았나 싶네요. 페미니즘적인 해석도 캡틴 마블처럼 억지스럽지 않은, 후라이드 그린 토마토나 델마와 루이스를 연상케 하는 내가 나답게 존재하는 것, 그 이상도 이하도 아니어서 더 좋았습니다.",9,1
317,지루한데 잼나요,8,1
318,과거와 현재가 얽혀있는 실을 풀어가는 듯한 전개. 배우들 연기도 너무 좋았고 감동적이다,10,1
319,원작을 읽어보고 싶은 생각이 들었습니다.  네 자매의 얽히고 설킨 일상들 속에서도 각각의 성격들이 분명하게 들어나고 개연성 있는 인생 전개 약간의 현실적 운명역학이 고스란히 담긴 명작이었습니다.  다만 영화적 기승전결이 좀 아쉬었습니다,8,1
320,극의 초반에는 과거와 현재를 오고가는 교차편집 때문에 다소 혼란스러웠지만 시간이 갈수록 각 주인공들의 감정과 서사를 더 짙게 만들어준다. 행복함과 사랑스러움이 묻어 나오는 영화,8,1
321,"영상미 굳, 능동적 여성의 모습을 보여준 조도 최고! 잘생긴 티모시 샬라메는 덤!",10,1
322,"보는 내내 시끌벅적한 가족들간의 행복이 뭍어나와서 흐믓했어요...시대물로서도 연출,미술,음악,연기 다 수준급입니다..자극적이지 않은 따뜻한 영화",9,1
323,"요근래 본 영화 중 최고의 영화~ 연출, 연기, 음악 나무랄 데가 없음.  재미와 감동을 모두 갖춘 수작",10,1
324,오만과 편견같은 영화  ㅜㅜ 정말 최애가 될듯,10,1
325,이 영화평점이 왜 생각보다 낮지 개인적으로는 10점짜리인데..ㅎ  그리고 배급사가 소니인거랑 영화랑 무슨 상관인걸까 ㅋㅋㅋ,10,1
326,영화 분위기가 내 스타일이었다.,10,1
327,기대없이 봤는데 인생영화됬네요,10,1
328,감동을 일부러 주려는 것도 아닌데 주인공들에 상황에 이입해서 감동받고 눈물이 나왔어요...이입해서 봐서그런지 지루한 지도 몰랐고... 색감차이로 과거와 현재를 왔다갔다해서 별로 헷갈리지도 않고 재밌게 잘 봤습니다!!!최고!!!,10,1
329,"자주 왔다갔다해서 헷갈린다, 산만하다는 얘기도 많은데 과거는 따스한 색감으로 연출하고 현재는 차가운 색감으로 연출해서 보는데 헷갈리지는 않았어요! 올해 본 영화중에 가장 여운이 길게 남을 영화같네요.",10,1
330,잔잔하고 보고나와서 잘봤다 싶은 영화.  자매끼리 싸우기에는 인생이 너무 짧다ㅠ는 대사가 준 여운까지 좋았어요,9,1
331,소소하게 쌓이는 벅찬 감동 ㅠ,8,1
332,고전소설 한편을. 읽은 느낌이랄 까,8,1
333,원작보다 더 감명 깊어서 보는 내내 울었다,10,1
334,가족애를 그린 영화. 어릴적 자라나던  회상속의 화목한 가정을 떠올리며 자매간 사랑과 우애를 느끼게 해준다. 다양한 여성의 꿈과 현실을 네명의 자매는 대처하는데...,7,1
335,"뛰어난 각색과 연출, 진정한 페미니즘",10,1
336,생각이 많아지는 영화~ 82년생 김지영보다 더 감동적인 영화,9,1
337,코로나 상관없이 영화감상~ 관객이 정말 적어서 한산하게 감상~ 어렸을 때 읽었던 작은 아씨들ᆢ 책도 다시 보고 싶고 영화도 다시 보고 싶다,8,1
338,보고싶어용,10,1
339,댓글 알바가 정말 있구나ㅡ 너무 논리정연한 선전문구가 나온다. 솔직히 ㅡ 분위기에 비해 아주 잘된 영화는 아니다. ,5,0
340,시간 구성도 마음에 들지 않고 메그나 에이미 역도 별로였다 94년 작은아씨들과 너무 비교됨 왜 오스카에서 의상상만 탔는지 이해가 감 괜히 기획전까지 가서 에휴,2,0
341,"초반 카메라 워킹에 눈이 튀어나오지 않는다면 당신은 눈을 감고 있었던 것이다. 단 한 명도 매력없는 인물이 이 영화에는 없다. 하지만 이전에 만들어졌던 위노나 라이더와 크리스천 베일이 나오고 질리언 암스트롱이 연출한 버전과 비교 어떤 게 더 잘 만들었냐고 묻는다면 대답하기는 힘들다. 둘 다 너무 좋았다. 아래 글 Hallucination 라는 분, 트렌젯? 뭔 소린지 모르겠다. 영화는 보고 다니니?  그리고 보지도 않고 별 한개? 당신은 지옥에 갈 거야.   ",9,1
342,SONY지만  이해할게.... 일본 전체가 문제는 아니고 문화생활이잖아. 그냥 시국거리지 말고 보자..,10,1
343,사랑스러움과 행복이라는 단어를 영화로 표현한다면 바로 이 영화,10,1
344,"강물처럼, 전쟁나도 평점따지고 있냐,  답없는 시국충들;;",9,1
345,"얘들아! 배급사가 ""소니 픽쳐스""이다! 수익의 50프로를 배급사가 가져간다. 그 수익의 일부는 일본의 혐한(혐오스러운 한국인) 시위로 흘러들어가겠지 ... ㅉㅉ 배우들이 아깝다! 새 영화 나오면 배급사가 ""소니 픽쳐스""인지, 꼭 확인해라! 한심한 인간들 되지 말고!",0,0
346,ㅡㅡ,7,1
347,"보는 내내 몇번이나 눈물이 또르륵~의상,시대적 배경,헤어,연기 모든게 사랑스럽고 따뜻한 느낌~맙소사!'작은 아씨들'이 인생작이 될 줄이야 ^^;;",10,1
348,가족과 관계 그 소중함.,10,1
349,Big Women,9,1
350,모든 장면을 소장하고 싶더라.  시얼샤 너무 예뻐.  조 마치 너무나 멋진 여성,10,1
351,"진짜 내 인생 영화,,아카데미 특별전으로 보고왔는데 보는 내내 황홀했음 ㅠㅠ",10,1
352,보는 내내 잘 만든 영화라는 생각이 들었고 보고 나서도 몇 번씩 다시 곱씹어보게 만드는 영화네요. 좋은 영화 만들어주셔서 감사드리고 영화 잘 봤습니다. ,10,1
353,명작,10,1
354,시얼샤 로넌의 매력에 푹 빠지게 되었다.,9,1
355,기대했던것보다 훨씬 좋은 영화였다 어렸을적 만화책으로 봤었는데 그때와는 다른 관점에서 볼수있어서 좋았던 것 같다,10,1
356,따뜻하고 훈훈한 영화. 그럼 된거 아닌가.,9,1
357,영화 분위기와 배우들의 연기(티모시 제외) 너무 좋았어요,10,1
358,첨 보는 분이라면 꼭  사전에 인물에  대해 알고 보면 조금  더  수월하게   볼 수 있어요  7년 전이나   7년 후나  인물은 그대로인 설정이 아쉽더군요  여기 나온 배우들이 향후 헐리우드를  지배 하리라는 생각에  안 볼 수가 없더군요  영화 보다는  드라마가 더 어울리는 작품인데 ,9,1
359,살짝 산만하지만 전체적으로 아름다운 영화였습니다,9,1
360,재미있어요,10,1
361,"얘들아! 배급사가 ""소니 픽쳐스""이다! 수익의 50프로를 배급사가 가져간다. 그 수익의 일부는 일본의 혐한(혐오스러운 한국인) 시위로 흘러들어가겠지 ... ㅉㅉ 배우들이 아깝다! 새 영화 나오면 배급사가 ""소니 픽쳐스""인지, 꼭 확인해라! 한심한 인간들 되지 말고!",0,0
362,졸작이라 평하는 인간들이 평점 높게 준 영화보면 수준 나오네 ㅋㅋ  소설로는 이해가 안갔던 결말을 영화에서는 자연스럽게 잘 표현해서 오히러 여태껏 나온 작은아씨들 중에 제일 좋았음,9,1
363,역대 작은아씨들 중 최고인 거 같은데...다르게 생각하는 사람들도 많구나.,10,1
