﻿,document,score,label
0,"내용 전혀  모른 상태로 봤다가 코마상태에 빠질뻔한 영화다 영상, 배역들, 대사들, 흐르는 음악, 자연의 소리들까지 머릿속과 가슴속에 콕콕박혀 한동안 헤어나질못했다",10,1
1,"""나도 너와 같아. 나도 전부 다 기억해."" 그 해 여름, 눈 앞에 문득 다가온 청춘의 뜨거운 프레임에, 읽다만 페이지에, 남겨진 스코어에, 벗어놓고 떠난 네 셔츠와 우리들 잇자국 선명한 복숭아와 깨물린 내 심장을 묻다",10,1
2,감독의 섬세한 디테일이 살아있는 영화. 동성애도 참 아름답게 그렸습니다. 그러나 엘리오가 안타까웠습니다.  올리버를 만나지 않았다면 평범하게 살 수도 있었을텐데.... 어린 나이의 단순한 호기심일 수도 있지 않았을까하는 생각이 들었습니다.,9,1
3,여운 오지게 남는영화,10,1
4,절절한 첫사랑이 그리운 영화. 안보면 미칠것같은 사랑. 그 시절이 그립다. 영상도 아릅다고 엘리오 부모님도 너무좋고 엘리오 올리버..   ost도 너무좋다,10,1
5,이성간의 사랑보다 더 애절하게 잘 만들었다 왜 인기가 있었는지 알겠군...,8,1
6,슬프다. 마지막장면 ,10,1
7,엘리오 엘리오 엘리오 엘리오 엘리오...... I remember everything,9,1
8,이토록  찬란하고 아름다운 여름 영화가 있었던가,10,1
9,"사랑의 상대가 누구든 얼마나 진심인가에 대한 이야기였다고 생각합니다. 첫 이성과 또는 동성과 저렇게 담백하고 진솔할 수 없었던건 학습된 ‘원죄’의식때문이 아니었을까. 티모시 살라메도 아미 해머도 아름다웠고, 극중 마르치아도 멋졌어요.",10,1
10,내가 사랑한거 같고 내가 실연당한거 같다.,10,1
11,날것 그대로 감정을 표현해내는 티모시샬라메의 연기가 경이롭다,10,1
12,두번째보니 엘리오가 올리버를 걸리적 거리며 사랑을 느끼는게 보이네 동성애든 이성애든 무슨 상관! 그들은 우리가 인식하기 훨씬 이전부터 존재했다.,10,1
13,두번은 보고 싶은 영화,10,1
14,너무나 세련되고 어른스럽게 사랑과 가족을 표현한 영화. 여운이 마니 남는다.   나는 오히려 사랑 영화라기 보다는 사랑과 가족에 대한 영화 라고 생각.  이탈리아 영화를 다시 보게 됨,10,1
15,"마지막  장면 이  매넘  절절함 ~~ 성장기   사랑의  통과의례라기에 너무  가슴이   아프댜.   이성 , 동성 ,   사랑은  아픔이  따르지만~ 모든  것은   시간만이  해결 하겠지요",9,1
16,엄마 차를 타고 돌아오는 길. 차안에서 울먹이던 소년의 모습에  나도 눈물이 터져버렸다.,9,1
17,올리버가 엘리오를 위해 결혼한다고 거짓말 한 듯… 그랬음 좋겠다…,7,1
18,동성애를 떠나 너무 아름답고 잔잔하게 긴 여운이 남는 영화!..중독성이 심하다.,10,1
19,"자연도, 사랑도, 음악도, 육체도  모두 아름답다.  ",10,1
20,솔직히 지루함. 딱히 뭐 남는게 없는데..마지막에 아버지가 주저리주저리 이야기 하는건 좋았음. ,6,1
21,내 인생 영화;;; 다들 왜 안본사람은 있어도 한번 본 사람은 없다는지 알거 같아요.. 여운이 꽤 남습니다. 원작소설도 주문했어요. 꼭 한번 볼 만한 영화입니다.,10,1
22,"집에서 혼자 본 영화 중에서 박수 친 건 많지 않다.  엔딩....오~~!! 이런 수준의 영화 만들기 쉽지 않고, 소화할 배우도 많지 않지. 탁월함이 있다. ",9,1
23,"퀴어영화 중에서는 최고였던거 같다. 개인적으로 브로큰 백 마운틴보다 나는 이 영화가 더 좋았음. 더 밝게 가볍게 표현했지만, 올리버가 떠난 이후의 장면들이 더 기억에 남았다. 아버지가 엘리오에게 말했던거는 와.. 진짜 문화적 충격이었고.. 엔딩에서의 엘리오의 표정에서는 진짜 너무 슬펐음. 동성애를 아름답게 포장했다는 사람들도 있지만, 장면 중간중간에서는 아... 저래서 동성에게 사랑에 빠질 수도 있겠구나하고 느낄때도 있었음. ",9,1
24,"저 시절 사랑이라는 게 알맹이 없이 감정 과잉, 영화가 그 치기어림을 너무나 아름답게 그려내주었다",8,1
25,동성애는 사회악,1,0
26,너무나 아름다운 영화였다. 연기 영상미 음악 다 완벽했음...원작소설을 원서로 읽었고 정말 좋았는데 영화도 기대이상이네....여운이 한참 간다. ,10,1
27,"100번은본듯 인간감정과 순수한사랑에대한 찬가같은 영화. 성적지향과는 상관없이 감정,예술,자연을 사랑하고 게이포비아가아닌사람에게 추천",10,1
28,영화에 쓰인 메타포적인 요소를 알면 장면하나하나 가슴이 아린다. 처음에는 올리버의   춤을 보고 민망했지만 그 음악의 의미를 알고 보니 올리버가 Love my way 음악에 왜 그렇게 흥분했는지 .. ..내겐 가장 슬픈 장면이었다.,10,1
29,장면 하나하나 기억에 새록새록 남는다. 내인생 가장 멋진 영화였다,10,1
30,여운이 많이 남네요,10,1
31,"사랑을 맞이하는 이별하는 엘리오의 그 순수한 모습이 가슴을 따뜻하게, 가슴을 저릿하게 하는 명작. ost의 적절한 배치와 그 감성은 눈물 또르르.",10,1
32,"음악과 색감과 배우들의 연기력이 돋보인 영화. 퀴어 자체에 초잠을 맞췄다기보다는 사랑 그 자체에, 그리고 사랑과 이별이라는 감정을 왜 온전히 감내해야 하는지를 말해준 영화. 마지막 장면이 계속 머리에서 떠나지 않는다",9,1
33,햇살이 아름답고..수줍은 첫사랑도 아름답고.,10,1
34,이렇게 오래 여운이 남는 영화는 처음이었다.  헤어나올 수 없는 치명적 매력으로 가득한 장면 장면들‥ 그야 말로 가히 인생영화를 만났다. 되풀이해서 아무리 보고 또 봐도 질리지 않는 게 신기할 따름. ,10,1
35,"버릴 장면 하나 없는, 처음부터 끝까지 모든 순간이 첫사랑을 표현하고 있다.",10,1
36,정말 아름다운 영화,10,1
37,"나는 3년을 지켜만 봤는데, 고통속에서 죽지않은게 대단한데,  지금도 고백하지 않은것을 다행이라 여겨. 실제에서는 올리버처럼 대해주지 않거든. 실제에서는 올리버는 올리버보다 더 멋진 사람들과 사귀더라",9,1
38,눈이 부시도록 아름답고 강렬한 여름날과 그들의 사랑... 마지막 아버지의 위로와 조언 한마디 한마디가 가슴을 울렸다 나에게도 이토록 아름다운 여름날이 찾아올까...,10,1
39,너무 감동이야 ㅠㅠ,10,1
40,"본능적 이끌림에 타오르고 타올랐지만, 이 또한 지나가리라. 만감이 교차하는 그 표정,그 마음 언젠가 또 다시 찾아올 그 때를 기다릴 뿐... ",9,1
41,우연희 봤는데 너무 아름다웠다. 엘리오와 올리버의 단둘이  여행을 가며 사랑을 속삭이는 장면.  아버지의 아들에게 한 자기고백의  이야기 충고.  마지만 장면의 여운까지.,8,1
42,재미있었다. 나도 이런 첫사랑 해보고싶다.,10,1
43,영상이랑 음악이랑 배우의 감정연기까지 너무 좋아요.,10,1
44,편견없이 보면 아주좋은 영화인거같습니다,10,1
45,"기익해 나의처음,너의전부",9,1
46,브로크 백 마운틴의 이탈리아판 정도 되려나?,8,1
47,언제 봐도 좋다.,10,1
48,난생 처음 두번연속해서 본 영화,10,1
49,좀 무식한 인간들은 평점 좀 안썼으면 좋겠다. 역겹다.,10,1
50,여름이면 항상 생각날 것 같다. 음악도 너무 좋다. 영상미와 음악이 좋은 영화 꼽으라고 한다면 꼭 추천하고 싶다,10,1
51,아름다움의 영화화,10,1
52,너무 기대를  했었나봅니다 너무너무  별로였습니다,1,0
53,별루입니다. 이해할수없는 구성과 시나리오,1,0
54,"잘만들어 감동을 주는 것처럼 보이나 본질을 잘못 전달하며 안좋은 것을 미화하고 있다. 예를 들어 부자악당들 도둑질해서 가난한 사람 나눠 주는 사람은 의적소리나 듣지. 이건 뭐 도둑질은 정당한 것이야 훔치는 자유가 있는것이야 이런 것 아닌가. 평점 주기가 아깝다. 마이너스 평점 주고 싶은 심정이다. 사회악을 조장하는 영화. 이것 역시 창작의 자유겠지만 과연 누구한테 이로운 영화일까? 악평을 하는 것 또한 나의 자유다. 당신의 자녀들과 가족들이, 동생들이 이런 사랑을 하기를 원하는가?",0,0
55,재미없다,0,0
56,영~~아니올시다.  돈 아까워!,0,0
57,완전 실망,0,0
58,이야기 하고픈게 먼지  이해가  안되요,0,0
59,돈 아까워..그 돈으로 맛난거 사먹자,0,0
60,돈주고 보기아까운 영화네요.... 구성과 연기력 모두별로예요,0,0
61,도대체무슨내용인지~,1,0
62,시나리오가 별로네요     수면제영화,0,0
63,구성이나 표현이 많이 부족하네요,0,0
64,동성애의 현실을 보지 못하도록 미화시키고 감성을 자극하는 영화일뿐... 안타깝네요. 이런 영화를 적극 홍보하다니....,0,0
65,뭐...ㅜㅜ,0,0
66,동성욕자들의 도덕성 제로 영화에 연기력...  요즘 관람료가 얼마나 비싼데 이런 영화에 돈을 .....이구,0,0
67,ㅇㅇ,1,0
68,우웩,1,0
69,똥.꼬.충,1,0
70,ㅡㅡ;;;,0,0
71,아버지의 태도와 화면만 아름다움. 어린 나이에 찾아올 수 있는 사랑이라고 이해해도. 맨 마지막 엔딩은 뭐임?  전화로 결혼을 알리는 장면. 어린 아이와 했던 행동은 불장난이었나. ,1,0
72,남자 동생애를 이토록 미화 하다니...  동성애의 감정묘사는 뛰어나지만....    이런 영화로 인해 동성애에 대한 정서가 미화되고 확산 되는것에 대해선 우려를 금할 수가 없다!  청소년들이 보면 성 정체성 혼란을 야기할수 있겠다... 그래서 19금 영화....,1,0
73,영화라는 포장을 한 쓰레기라고 본다,1,0
74,"LGBT들이 몰려와서 별점퍼주고, 거기다가 인권 좋아하는 깨민들 몰려서와서 평점 퍼주고, 암튼 아는 사람은 알겠지만 이런 영화는 평균 평점 +2점은 먹고 들어가요.  감안하고 보시길. ",6,1
75,"막판에 아버지의 대사가 아니었으면 동성애 영화에 머물렀을 수도 있다. 이탈리아 남부의 자연환경과 정서를 느끼는 것도 좋았다. ""우리의 몸과 마음은 오직 한번만 주어진다."" 이 말에 동의하지 않을 수 없다..",8,1
76,동성애 영화 좀 만들지마라!!,1,0
77,배경이 아름답기는 하지만 솔직히  둘사이의 정서나 감정이 공감이 안됐다. 너무 섬세했기 때문일까.. ?  다먼 아버지는 반전캐,8,1
78,Ost는  좋네요..,4,0
79,"여름, 첫사랑, 티모시, 설레임들의 대표작",6,1
80,우리는 무엇일까 흐르는 대로 흘러도 될까,6,1
81,이탈리아의 멋진 풍광과 아름다운 음악으로 맘 설레게 포장해놓은 첫사랑 영화. 퀴어는 그 첫사랑을 좀 특별해보이게 하는 양념이군. 끝에 올리버가 결혼한다고 전화를 걸어오는 건 너무 뻔해서 좀 희극적으로 느껴지더라. 영화는 아름답지만 그저 퀴어에 대한 감독의 환타지와 첫사랑에 대한 관객의 환타지가 잘 버무려진 영화일 뿐이라는 생각이 드네.,6,1
82,이게 뭥미?!!  싱숭생숭~~알쏭달쏭~~￦+%÷￦=,5,0
83,그럴듯한 배경 그럴듯한 음악 그럴듯한 대사로 동성애를 포장하는거로 밖에 안보이는데. 첫사랑?지랄. 대사가 마음에 들어서 5점은 준다.,5,0
84,영상미 이런건 좋았는데 스토리가 거의 없어요.. 분위기 중요시 여기시는 분들만 보시는 거 추천! ,4,0
85,원작소설과 크게 갭이 없어 그냥그냥...,7,1
86,.,10,1
87,역겨워 이성과 결혼할 놈이 철모르는 어린 미성년자 남자애 꼬드겨서 술쳐먹고 섹스하고 여름한철 놀아난 변태 성욕자 얘기를 잘생긴 배우와 멋진 풍경 보여주면서 아름답다고 꾸며서 마치 이것이 첫사랑이야라고 헛소리하는 더러운 영화 아무것도 모르고 봤다가 진짜 화나네,1,0
88,여운 오졌다,9,1
89,완전 동성애 영화였네.   ㅠㅠㅠ영화 분별하고 봅시다.,0,0
90,잔잔하면서 마음이 편안해지는 영화,8,1
91,또 보고  또 보고 그래도 지겹지 않은 이런 영화가 있었던가,10,1
92,"첫사랑의,  최고의 영화.",10,1
93,"영화가 끝나고 한참이 지나도 여운이 가시지 않고 결국의 나의 인생, 과거와 미래를  생각하게 하는 면에서 이 영화는 내 인생영화다.",10,1
94,아름답다. 정말 보이는 그대로 좋아 보인다.. 영화는 타인의 시선을 구원해주었다.,9,1
95,배경을 아름답게 설정한 작품 동성끼리 가능한 콜 미 바이 유어 네임,8,1
96,제약이 없다는 것만으로 영화가 얼마나 아름다워질 수 있는지에 대한 감동!,10,1
97,내 마음   끝에 닿아 있었던 그 사람이  동성인지 이성인지는 중요하지 않아요 그런 강렬한 경험을 했다는게 중요하지요. 그리고 그 반짝거렸던 순간들은 영원히 기억 속에 남을 거예요...,9,1
98,청불에다가 거장이라  무척 설랬다!  이게 무언가!! 전혀 내 취향이 아니다!!,5,0
99,동성애자인 감독이 동성애 자체를 넘 미화시킨 영화 딱 그정도.,1,0
100,늘 가슴속에 묻어놓고 그리울때 꺼내보고싶다,10,1
101,웩~~~ 이해불가,1,0
102,양성애자  얘기.. 어린애를 그런영화에 출연시켰네,2,0
103,티모시 살라메 팬 됨  예전에 레오나르도 디카프리오의 토탈 이클립스 생각남 그때의 레오를 떠오르게 함~ 티모시는 다시없을 앨리오 아미 해머는 다시 없을 올리버네요 너무 설레며 봤습니다 다시보기 강추 ,10,1
104,보기불편함. 남남간의 러브라인은 별로다.배우들이 잘생겨서그나마 봄.  ,2,0
105,내 코드가 아님 브로크벡마운틴의 절절함을 기대한게 잘못,3,0
106,짜증 이거보고 복숭아못먹게됐다 아 동성애 ㅡㅡ,0,0
107,ㅇㄹㅇ ㅈㄱㅂㄹ,0,0
108,아름다운 호모 이야기 토나온다;;;,0,0
109,Gross disgusting ,0,0
110,내스타일 아닌데... 중간에 안끈고 억주로 다 보기는 봤음. 성서수자들 좋아 할 영화!!,3,0
111,공감하기 어려움,0,0
112,감독의 커밍아웃?,0,0
113,"우리나라 영화계 수준이 이것밖에 안되었나? 사회적 동성애 폐해는 생각하지 않고 흥행만 생각한단 말인가!  *2015년 질병관리본부 통계: 에이즈 감염자 남성 93%, 여성 7%.(30년 누적) 남성 동성애와 에이즈 관련 증거.  *에이즈 감염 단계: 남성 동성애자-⟩ 양성애자-⟩ 여성.  https://www.youtube.com/watch?v=yJQ5UlmGacY&featu",0,0
114,구성이 별로네요 우리나라 정서와는 안맞아요,1,0
115,이런걸 돈주고 보긴 아깝다 구성엉망,1,0
116,동성애를 미화하는 게 요새 왜이리 많죠?!;;;;  이거 내용 자체도 진짜 별로인데 ..진짜 구성도 별로고 짜임새도 엉망이네요...,0,0
117,동성애영화는 아니지  노노노,0,0
118,별로예요. 낚였어요,1,0
119,재미없어 너무...이쁜여자랑 하믄좋겠구만  세금으로 에이즈 간병비 전액지원 ...싫어,0,0
120,대한민국 공동체를 생각합시다~,1,0
121,구성이  돈내고 보기에는  아깝다는 생각이드네요,1,0
122,이렇게 지저분한 내용을 아름답게 포장하는 기술이 놀랍다...이게 정상으로 보이는가?,0,0
123,헐,1,0
124,구성과 내용이 별로임,1,0
125,이렇게 졸린영화를 좋다는 기준이 뭔지 @.@,1,0
126,뭥미.  미화해도 너무 미화했다   역겹네.,0,0
127,"시나리오, 구성, 연출 다 별로입니다. 완전 비추! ",0,0
128,사랑이란 이름으로 동물과 다를 것 없는 감정ㅈ과 행위를 정당화 한 영화 0점,0,0
129,"동성애 미화 영화!  *2015년 질병관리본부 통계: 에이즈 감염자 남성 93%, 여성 7%.(30년 누적) * 한국은에이즈 감염자 만명을 넘어서 에이즈 확산 위험 국가다!!",0,0
130,소돔과 고모라,0,0
131,영화를 보기전에 이탈리아 근현대사를 모르는 것이 치명적이다. 알려면 0점을 주든지 하겠지만...  내용은 그럭저럭...,1,0
132,나오려다 다른분 분위기 망칠것 같아 보고 왔네요.,1,0
133,역겨운 걸  미화하는 영화,1,0
134,동성애는 미친짓~  동성애를 미화하다니~  지구가 멸망하길 바라는가?,2,0
135,소년과 청년의 사랑이란다....  정상적이지 않은 사랑은 만족도 없고 영혼의 파멸을 부른다  감독 배우들 모두 정신차려라,0,0
136,역겨운 동성애 미화 영화.,1,0
137,⟨윤희에게⟩보고 느낌 감정이랑 비슷하네...  슬프면서 아름답다.  배우도 배우지만 연출이 정말 좋았..,10,1
138,별것 없음. 괜히..쩝,6,1
139,⠀⠀⠀⠀⠀⠀⠀⠀⠀,10,1
140,괜찮은 영화 ,10,1
141,불은 순식간에 타들어가고 시간이 지나 얼핏 완전히 꺼진듯 보여도 불씨가 남는다,8,1
142,지루하다,6,1
143,내  진작 이렇게 성숙하고 진하게 사랑과 이별을 할 줄 알았었더라면!!,10,1
144,좋았는데 아버지가 설명을 너무 길게 하셔서 1점 깎았어요. 엘리오로 충분히 이해했어요.,9,1
145,커밍아웃한 감독의 본인 이야기인듯.......,1,0
146,흘러가버린 젊음과 생에 대한 찬가. 그게 무엇일지라도.,7,1
147,"계속되는 코로나.. 사실 모든 것이, 전부터...  그런 죽음의 그림자는 항상 우리 곁에 있었죠..  두려운 건 그런 게 아니에요.  혼자만의... 만나지 못한.. 만난 후의... 이별이에요.  떨어져 있어도 떨어져 있지 않은 그것...  자가격리의 삶은 혼자만의 삶은, 나에게 낯설지 않아요.  당신이 걱정될 뿐이에요.  자연 속에는.. 영화 속에는.. 음악과 책 속에는.. 가까운 사람들 곁에는.. 지금 걷고 있는 길 속에는..  거의 모든 것이 있어요.  당신을 만나지 못해도 내 안에 당신이 있고, 당신 안에 내가 있다는 것을 느껴요..  이렇게 마음 속으로, 당신의 이름으로 나를 부르고 있으면..  나의 이름으로, 내 속에 있는 당신을 부르고 있으면...  초록, 싱그러운 자연.. 더없이 빛나는 여름의 ",9,1
148,티모시야   핫바디  만든다고 벌크업 하지말고    그렇다고 디카프리오처럼  놔버려서 배뿔뚝이도 되면 안되 ㅠ,9,1
149,그냥 아름다운 눈부신 여름날풍경이 남을뿐,8,1
150,이 영화와 '사랑방 손님과 어머니' 차이가 뭘까. 또는 '내마음의 풍금' 과는 이루어 질 수 없는 사랑... 이 영화는 오묘한 감정을 잘 표현했고 지적인 부모님과 아름다운 풍광이 한몫 했다. 개인적으로는 '문라이트'가 더 좋았다.,8,1
151,소장해놓고 보고 싶은 영화. 아미해머 너무 멋지다,10,1
152,복숭아 깨물때 토하고 말았다,2,0
153,충격적인데 영화속 인물들은 다 담담하다,9,1
154,포스터 하나는 기가막히네,6,1
155,아름다운 사랑의 정체성,8,1
156,아름다운 풍광과 나름 더 아름다운 결말  우린 언제 저렇게 여름에 한달씩 휴가를 보낼까,7,1
157,아미해머팬이라 보기시작 내가 왜 우는건지 ㅠ 실연을 경험해서?,9,1
158,브로크백 마운틴의 절반...그래도 참 괜찮았네.,8,1
159,"부모님, 참 대단하다. ",9,1
160,좋았다.,10,1
161,아름다운 영화이다. 제임스 아이보리가 각본을 썼다면 할 말 다 했지만. 예전의 제임스 아이보리라면 애정씬을 노골적으로 넣지는 않았을텐데. 아쉬운 부분이다. 너무나도 아름다운 두 청년. 거기까지가 좋지 그들의 애정씬을 보고 싶지는 않다. 하지만 영상미 아미의 의상 음악 정말 훌륭하다. ,8,1
162,마지막장면이 잊혀지지가 않는다 배우의 표정이 모든걸말해주는것같아서 가슴이 먹먹했다,10,1
163,그냥 아름다운 영화,10,1
164,중간중간 감정의 흐름이 이해가 안되는 부분도 있었긴 했지만 분위기와 절절함만으로도 충분햏기에.,10,1
165,이 영화. 책은 절대 못따라오지만 엘리어와 올리버릐 연기가 너무 좋았다. ,10,1
166,퀴어소설이지만 한 사람에 대한 동경과 열망으로 시작된 첫사랑의 뜨거움과 이별의 슬픔을 잘 표현해 준 영화. 음악과 영화의 색감이 뛰어난 영화임.배우들의 연기는 말할것도 없음.  ,10,1
167,동성사랑  내용보다 아름다운 이탈리아 경치와 음악이 더 와 닿은 영화네요,9,1
168,"퀴어소설 원작의 영화를 각색한 작품. 대사 하나하나가 주옥이고 시적이다. 인물의 심리가 함축된 대사를 놓치면 영화를 제작 의도대로 이해할 수 없다. 한편, 완벽한 감동을 원한다면 두 주인공 올리버와 엘리오의 '성 정체성'을 분석해야 한다. 그때 그들 사랑의 절절함이 털끝부터 모공 하나하나, 그리고 심장까지 전율로 다가올 것이다.",10,1
169,모닥불 피울 때 잔가지만 놓으면 불은 잘 타지만 불 쬐고 있기 바쁘게 계속 잔가지를 놓아야 한다. 마른 장작만 놓으면 불이 커져 가까이 앉아 있을 수 없다. 그렇다고 생나무를 놓으면 불도 안 붙지만 연기 때문에 매워서 눈물이 난다. 그럼 어떻게 피워야 할까. 먼저 굵은 생나무를 가운데 놓는다. 그리고 밑에 마른잎 깔고 그 위에 잔가지 올려놓고 마른 장작 몇 개 놓고 다시 조금 굵은 생나무로 덮는다. 그럼 적당히 불도 크고 오래 가면서 연기도 조금밖에 안 나고 나중에 불씨도 넉넉하게 생겨서 고구마를 구워 먹든 고기를 구워 먹든 할 수 있다. ,7,1
170,첫사랑의 추억,10,1
171,너무 다른 엘리오와 올리버의 춤  하지만 엘리오 엘리오 엘리오,10,1
172,"최고에요 ,, 왜 넘기면서 봤지 ㅠㅠ 조만간 곱씹으면서 다시보려구요 아버지의 말이 와닿네요",10,1
173,좋다,10,1
174,마지막  모닥불씬이 긴 여운이 남네요,10,1
175,엘리오 아버지 대사처럼... 나도 너무나 쉽게 죽여버렸던 감정을 다시 포살포살 살리는 영화 내일 출근해야하는데.. 오늘 밤동안 다시 죽여야 하려나..,10,1
176,아름다운 첫사랑 이야기에 여운이 오래 남아요,10,1
177,보는 내내 설레고 마음 아픈 아름다운 첫사랑 이야기..연속해서 두번보고 여운에서 벗어나질 못하겠어요ㅠ,10,1
178,"여기서 동성애 혐오를 얘기하고싶다면 ""너 자신을 알라""를 곱씹어 보기를!!! 내가 어떤식으로 생각하고 어떤 감정을 느끼는지에 자신을 관찰한다면 영화 끝부분의 아버지의 조언이  인생을 사는데 얼마나 중요한 말인지,  내자신이 되기가 얼마나 어려운 일인지 알게된다. 이탈리아 여름의 멋진풍광과 더불어 한여름의 순순한 사랑 그리고 현명한 부모를 둔 엘리엇은 참 복이 많다.",8,1
179,소설도 좋았지만 영화도 압축적으로 아름다운 영상에 잘 녹여냈네요,9,1
180,엘리오 엘리오 엘리오.,10,1
181,지독했던 첫사랑으로 인한 상처에 위로와 치유를 준. 게다가 감각적인 영상과 연출 영혼을 울리는 음악까지 완벽한 만찬,10,1
182,이런 좋은 영화가 호모포비아들 때문에 평점이 낮은 게 안타까울 뿐.. 정말 찬란했습니다. 내 인생영화!,10,1
183,내인생영화!!!!,10,1
184,"진짜 사랑이야기,,",10,1
185,한여름 밤의 꿈과도 같은 지독한 사랑..,8,1
186,연출 연기 음악 완벽한 조화,10,1
187,섬세한 청소년기의 첫사랑,7,1
188,계절의 풍미가 가득한 '사랑' 이라는 격정. 햇살 가득한 여름풍경이 유난히 아름답게 느껴지는 이유 - 이토록 로맨틱해서.,9,1
189,잘생겼,10,1
190,알리오 알리오 알리오 올리버,10,1
191,엘리오 엘리오 엘리오   올리버,9,1
192,지적인 영화   똑똑한 영화   아름다운 영화,8,1
193,여운이 깊게 남는 인생영화.,10,1
194,"호모가 정신병이아니라 호모포비아가 정신병인 것으로 의학회에서는 이미 결론난 지 한참이 지났는데요.   에이즈는 우리 사회전체의 문제이지 동성애자들만의 잘못이 아닙니다. 학교에선 언제까지나 알아야 할 것들, 부끄러워해서는 안되는 당연한 것들을 숨기고 포장하면서 어떻게 우리가 성병예방을 제대로 할 수 있겠습니까. 좀 더 실용적으로 실제 상황에서 도움이 되는, 와닿는 교육이 더욱 절실하다고 생각합니다.  또한 그런 성소수자분들을 구석으로 밀어내고 배척할 게 아니라 그들을 인간으로써 존중해주고, 음지가 아닌 양지로 나와 깨끗하고 바른 성교육, 콘돔 등 성병을 예방할 수 있는 도구와 에이즈의 심각성을 제대로 확인시켜야.",10,1
195,너무 아름답고 슬프고 아련한 영화.....보고나서 한참이나 가슴앓이 하게 한 영화 첫사랑을 이토록 아름다고 아련하게 표현한 영화가 있었을까? 생각할수록 눈물나게 하는아름다운 영화 내인생 최고 영화,10,1
196,"역시 제임스 아이보리 감독을 찬양하게 된다. 스토리, 인물 그리고 영상미.... 어린 시절 한때 모리스, 전망 좋은 방 등, 그의 영화에 매료되었던 나를 다시 기억시켜주는 작품이었다.",8,1
197,첫사랑의 기억..,10,1
198,분위기만으로도.,10,1
199,브로큰백마운틴이  슬픈  사랑  이야기라면 이 영화는 첫사랑의  설레임과  이별을  담았다 아름다운  이탈리아의  풍광과  멋진  배우들의 연기와  따뜻한  아버지의  조언까지  빛나는  영화다,9,1
200,첫 사랑.,10,1
201,"어느 여름날, 스쳐지나간 그 사람",10,1
202,"여름 날 숨막히도록 더웠던 어느 여름 날, 여름 같았던 손님. ",10,1
203,엘리오오리버 사랑해,10,1
204,미루다 미루다 보게 되었는데 이렇게 여러 감정들을 느끼게 될 줄 몰랐어요 무엇보다 연기하는 배우들의 눈빛과 표정과 말투가 하나 하나 진짜 같아서 더 깊이 볼수 있었어요 예쁘고 아름답고 신비한 영화 감영 깊게 봤어요 ,10,1
205,다시 올 수 없는  저 나이의 열정을  영화를 통해 잠시나마 느꼈습니다,10,1
206,와쿠가 예쁨,10,1
207,ㅇ,10,1
208,☺️,10,1
209,"햇빛에 취하고 사랑에 취하고 추억에 취하게 된다 이건 단순히 동성애뿐만 아니라 첫사랑, 아니 그냥 사랑에 관한 이야기인데.. 호모포비아들의 별점테러가 참 안타까울뿐",10,1
210,진한여운 그리고 사랑의 공허함...,10,1
211,그냥 아름답다!! 배경~~첫사랑~~ 아이러니한게 두 남자가 여행에서 장난치는 모습에 왜 웃음이 날까?,10,1
212,"브로크백 마운틴 잭과 에니스 이후 가장 마음을 흔든 두 사람이었다 엘리오,올리버   폭풍같이 휘몰아치는 첫사랑의 감정을 이토록  섬세하게 그려내다니.... 감독의 역량과 배우의 연기에 찬사를. 엘리오의 부모님. 특히 소파에서 보여준 아버지의 대사는 가슴을 울린다 그리고 라스트씬. 엘리오가 느꼈을 감정에 동화되어 같이 울었다ㅠ 그 라스트씬을 보고서  난 다시 또 영화를 볼 수 밖에 없었다",10,1
213,엘리오 엘리오 엘리오 ,10,1
214,엘리오 올리버 사랑해,10,1
215,티모시 살라메의 잔망스러움이 스토리의 개연성이고 필연성 ,7,1
216,"그 풋풋한 첫사랑을 이토록 순수하고 아름답게 풀어낸 영화는 이제까지 보지 못했다. 정말 뭐라 형용할 수 없는 아릿한 감정의 소용돌이에 휘말리게 만드는 가슴저릿한 영화였다. 영상미와 분위기, 연출, 삽입곡, 배우들의 연기.. 그 어느것 하나 놓치지 않은 완벽한 예술작품이라고 느꼈다. 이 영화를 본 모든 사람들에게 기억 뒷편에 저물어가는 첫사랑을 다시금 꺼내 되새겨 볼 계기가 될 것이라 믿어 의심치않는다.",10,1
217,영화 다시 보고 싶고..책도 욕심나요! 너무 아름답고 감동적인 영화 컬쳐쇼크 입니다,10,1
218,보고 또 보고 싶은 영화,10,1
219,영화가 예술인 이유.,10,1
220,영화 두번보고 원작소설도 읽어보고싶어 책도 주문했어요! 퀴어영화라기보다는 그냥 평범한 소년의 첫사랑이야기.. 사람들이 편견을 갖는게 너무 아쉬움  영상도 너무 아름답고 ost도 영화와 잘어울리는듯 ,10,1
221,제목이 주제를 말해주고 있다. '나'라고 부를만한 사람을 만나야 한다. 내가 가장 잘 알 수 았다.,10,1
222,날것그대로의 불편함 하드코어적 접근보다는 상징적 표현을 못보여준게 아쉬움 아재들은 보지말것,7,1
223,개독 호모포비아들은 진짜 천국으로 꺼져라.,10,1
224,내인생 최고의 영화 호모포비아는 좀 나가,10,1
225,소년의 아름답고 아픈 사랑,6,1
226,완전히 빠져들었음,10,1
227,아~ 충만함!  너무 좋았어요. 꼭 보세요,10,1
228,사랑이었어,10,1
229,저는 괜찮게 봤습니다,10,1
230,21세기최고의걸작,10,1
231,"뭔 단체로 글싸러 오셨나요?? 퀴어영화를 떠나 첫사랑의 아픔이 너무 절실하게 와닿았어요 거기에 풍경,음악 뭐하나 빠질게 없는.. 아름다운 영화 잘봤습니다~",10,1
232,연기력 넘 형편없음~ 영화가 돈 내고 보기엔 아깝네요 !,0,0
233,좋다,10,1
234,"첫사랑의 열병 같은 영화  처음부터 끝까지 너무 완벽해  캐릭터가 인간성이 없고 잘 만들어진 예술작품 같다는 단점이자 장점 빼고는  사랑의 감정 묘사와  영상미, ost, 각본 모두 완벽하다 ",8,1
235,모든 장면이 완벽하다,10,1
236,그게 1983년이고 이탈리아여서 빛난 것이다.,8,1
237,극장서 보고 다운받아서 또 보고 명작,9,1
238,티모시 연기력 정말 최고!!,10,1
239,몇번 반복해서 봐도 아름다운 첫사랑 이야기. 퀴어영화 아닙니다,10,1
240,눈물나게 아름다운 첫사랑이네요,10,1
241,여기서 동성애 논하는 사람은 그냥 밥을 먹지 마. ,10,1
242,아름다운 성장기영화~,10,1
243,사랑에 대한 멋진 영화! 세번 째 봄!,10,1
244,그들은  한때  별을  찾았다. 너와나... 인생에  단  한번만 주어지는 것이다.  Call~원문에서.,10,1
245,여운이 긴 영화!! 또 보고 싶은 생각이 들게 만드는 작품!,10,1
246,.,9,1
247,"다수의 인식과 다른 삶을 사는 너의 쓸쓸함의 온도에 사르르. 속상함이 타닥타닥.  (섬세하고 완벽한 구도, 사소한 음향 하나하나가 근사해 특히 압권)  부디 남의 약점 찾기 바쁜 사람들이 없기를..",9,1
248,.,5,0
249,ㅜㅜ 인생영화,10,1
250,지독하게 아름답다,10,1
251,두배우의 연기도 너무 좋았고...전체적인 영상미가  긴여운을 남기는 멋진 영화였습니다.,10,1
252,모든 것이 비현실적일만큼 아름답고 완벽하다. 여름의 북부이탈리아 살구나무와 복숭아나무가 있는 시골 별장에서 나도 수영팬츠만 입고 뒹굴고 음악을 듣고 피아노를 치고 책을 보고  누군가에게 강렬한 끌림과 도취를 느끼며 사랑에 빠지고 싶다는 열망에 사로잡히게 만든다. 가상의 인물인 엘리오에게 지독할 정도의 질투심이 발생하게 만드는 영화. 엘리오가 가진 모든 것을 빼앗아 내 것으로 만들고 싶은 강렬한 욕망에 사로잡혀 마음이 참으로 숨가쁘고 이상한 자괴감까지 들게 만드는 그런 영화였다.,10,1
253,아름다움을 아름다움으로 받아들이지 못하는 사람들은 제발 보지도 말고 토를 달지도 말았음 좋겠다. 21세기에 인간의 가장 순수한 감정을 아름답게 담아낸 클래식 명작이 탄생할수 있었음에 동 시대인으로 무한한 기쁨과 감동을 느낀 작품입니다.,10,1
254,ㅌ,10,1
255,"내 생에 최고영화 영상, 음악, 배우 연기 다 최고. 무조건 보세요...상영할때 몇번이고 극장에서 보세요",10,1
256,애틋하다..샬라메의 마지막 씬 표정이 모든걸 말해준다.,7,1
257,"보다 더 자유롭게, 보다 더 진지하게",9,1
258,보고 난 후에 더 두근거리는 영화,10,1
259,오늘 영화 내려가기 전에 두번째로 봤는데 처음 봤던 감동이 그대로...넘 좋음^^,10,1
260,어떠한 종류의 사랑이든(세상이 용인하든 용인하지않든) 진정한 사랑의 경험은 드물고 귀한 것이다라는 걸 예전에도 알았지만 이영화를 통해 다시한번 확인했다.. 내가 그걸 20대때에 알았다면 내 사랑을 그렇게 쉽게 놓아버리지 않았을텐데.. 동성애코드는 용인되지않은 사랑조차도 아름답고 귀하다는걸 느끼게 해주는데 더 도움이 되서 거부감이 들지않음.. 영상미와 음악.. 두 남주의 비주얼까지.. 눈이 호강했음,10,1
261,..,6,1
262,거의 참 완벽한 영화네?,10,1
263,좋았어요,10,1
264,이런 영화인줄 모르고.음악과 배경이 좋아요 ,6,1
265,'지금의 그 슬픔 그 괴로움 모두 간직하렴. 네가 느꼈던 기쁨과 함께.'  아버지의 충고대로 모든 감정을 껴안는 엘리오.  엔딩 장면이 이 영화의 전부를 담아 내고 있다. ,10,1
266,^^,10,1
267,정말 좋으네요,9,1
268,눈물나요. 정말요,10,1
269,편안한 배경과 그리고  첫사랑 성장통...,8,1
270,콜바넴은 사랑입니다ㅠ 두 번 세 번 봐야하는 영화!,10,1
271,"음악도 좋고, 배경도 너무 예쁘고, 배우들 연기까지 진짜 대박 ㅠㅠ",10,1
272,원작소설도 너무 감명깊게 봤던 터라 나에겐 정말 특별한 작품...,10,1
273,두번 관람했는데 처음에 안보이던 것들이 보였다. 좀 더 많은 관에서 계속 해줬으면 ㅠㅠ,10,1
274,여운이 길게 남는 영화,10,1
275,굿굿 아름답네요 영상도 대사도,8,1
276,"첫사랑의 마스터피스 라는 제목에 들어맞는 영화. 배우들의 연기, 케미, 감독이 연출한 모든 장면 하나하나가 아름다워서 계속 생각나는 영화.",10,1
277,이탈리아 어딘가 아름다운풍경과 사람과 사람에 대한 사랑 열정이 너무 좋았고 아버지와의 대화 눈물이났다 엔딩신 ㅠ 극장이 넘 없어 아쉽다,10,1
278,도대체 영화는 어디서 봐야하나요? ,0,0
279,대사.연기.비주얼.음악이 압권이다 엘리오..올리버.. 오랫동안 기억에 남을 듯 그들의 찬란한 사랑에 처음엔 거부감이 있었으나 동화되었고 찾아옹 겨울이 얄궂게만 느껴졌다,10,1
280,앤딩을 보며 나도 같이 울었다 엘리오 올리버 둘다 매력넘치는 감성영화내요~,10,1
281,좋음,10,1
282,말도 안 되는 작품.. 정말이지 최고의 영화.,10,1
283,  .,10,1
284,골빈당 허영심에 낚인 Queer film! 본능(성욕)을 미화한 변태적 흥행 성공(세계 유일)... 재작년 모모에서 영화제(공짜) 마지막 날 까지 만원이었던 그 이틑날.이태리에서 18 주 흥행 1 위였던 영화(유료) 개봉일  첫 회를 혼자 앉아 보며 한탄했던 비참한 코리아! 코리아에서만 예외적 성공은 어글리 코리아의 민낯!,5,0
285,영화가 끝나고나면 어느 소년의 예쁜 첫사랑의 기억만 남는다. ,10,1
286,아름다운 부모가 되어 볼 수 있었으면....허지만   모든 게 지나갔다 아무일도 일어나지 않는 텅 빈 신비하기만한 生도  존재한다,7,1
287,"스토리, 배우들 연기, 감독의 연출력... 다 무난하고 아름답다고 느껴진다. 하지만 동성애에 거부감이 큰 사람한테는 영화가 많이 불편할수도...",8,1
288,마지막 진짜 너무 가슴아팠어요ㅠ,10,1
289,나도 자녀를 둔 부모로서 영화의 끝무렵 아버지가 아들에게 건넨 위로의 말에 아주 많은 울림을 느꼈다. 나도 그런 부모가 되도록 노력해야겠다는 다짐과 함께..,10,1
290,아름답다...,10,1
291,"첫사랑, 너의 슬픔과 고통을 애써 지우려고 하지 마. 그 속엔 우리의 기쁨과 행복도 들어 있으니까. (올리버, 그런데 엘리오에게 좀 더 미안해해야 하는 거 아니니?)",8,1
292,콜바넴 앓이중,10,1
293,한여름밤의 꿈. . . . 끝으로 갈수록 더 인상적인 영화,8,1
294,"⟨콜 미 바이 유어 네임⟩ 은 내게는 너무 부담스런 동성애 영화다. 감미로운 음악과 클래식한 분위기.. 그리고 멋진 자연 풍광으로 동성애 코드를 희석시키려 했지만 두 남성의 진한 스킨 쉽 장면들은 보기 불편했다. 그나마 그 장면을 길게 보여주지 않은 것은 감독의 배려일까? 염려일까? 17세 소년 엘리아 앞에 꼰대처럼 다가온 24세 청년 올리버가 아버지 보조 연구원으로 찾아온다. 배우 같은 이목구비, 훤칠한 키.., 그를 본 여자들은 금방 사랑에 빠진다. 그런 그에게 질투를 느끼지만 마냥 싫지만은 않다. 낯선 나라에서 사는 이방인인과 양성애자로 느끼는 이방인의 심리를 잘 나타낸 루카 구아다니노 감독의 감성적인 연출력은 칭찬할 만하다. ",3,0
295,섬세하고 아름답다 눈물이 왜이렇게 나는지,9,1
296,모든것이 완벽한 영화!!!!!~~~~,10,1
297,개인적인 경험(이성애)과 닮은 모습이라서 너무 놀랍고 아름다윘다,10,1
298,아름답다,10,1
299,later,10,1
300,10대소년의 첫사랑에 대한 가슴아픈 성장통  앤디싱 엘리오의 눈빛이  가슴 한구석이 저려온다 아 눈물나 ㅠㅠ 지금 콜마넴 앓이중 ,10,1
301,미숙하지만 황홀한...... 설레이지만 당황스러운....온 마음을 다한 열병. 나의 사랑에도 그들만큼 혼신을 다했더라면.  내 마음은 아직 다른 이에게 줄 만큼 남아있는가 힘들고 슬프다고 그동안 마음을 다 떼어내버린건 아닌지,9,1
302,첫사랑의 아련한 추억,8,1
303,올리버 스물넷 청년맞음? 사십대 아재인줄 ㅠ ,7,1
304,정말 사람홀리는 영화다. 요즘 일상생활 불가능 할 정도로 콜바넴 열병에  걸렸음. 티모시 샬라메 매력에 헤어나지 못하겠다. 나도 출근하면 맨먼저 걔부터 검색하고 본다. 아~~,10,1
305,최고로 좋아 배우 풍경 대사 음악 분위기 ...... 전부 다 좋아 이 영화는 반복해서 보면 더 좋고 볼때마다 더 좋고 이 영화를 볼때마다 마음이 너무 평화로워진다,10,1
306,진짜 분위기 개쩔 ㅠ ㅠ 아름다운 영화,10,1
307,"태어나 처음으로 영화 평가를 하게 만드는 영화였네요 상대가 어떤 누구든 첫사랑에 대한 감정을 이렇게 잘 표현함에 놀랍고 거기에 어울리는 음악과 화면...... 배우들의 표정...... 뭐하나 무시할 수 없는  저만에 인생작........ 몇일을 머리에서 아른거립니다, 요즘도 DVD나오는지 모르지만 소장하고 싶네요  영화 종반에 엘리오 아버지의 대사를 외우고 싶읍니다 ㅎㅎ",10,1
308,보고나서 먹먹해진 가슴에 자리를 쉽게 뜰 수가 없었다. 열병처럼 겪은 일생의 사랑.,7,1
309,음....대충보면 아름다울수 있으나 현실적으로 본다면 아름답게만 보기는 어려울듯. 난 부모님의 태도가 오히려 아름답고 감동적이었음. 나에겐 불가능한일... ,7,1
310,내가 어찌 평을 내릴수 있으랴 몇일이 지나도 아직 마음이 여려온다 첫사랑이라 그런가 모든게 완벽한 영화다,10,1
311,남자라서 사랑한게 아니라 그사람이어서 사랑한 엘리오와 올리버!!!! 올리버는 엘리오를 떠난건 사랑하지만 현실을 받아드릴 수 밖에 없었다고 믿고싶다..... 그렇기때문에 콜 미 바이 유어 네임이 아닐까ㅠ 세상은 엘리오 부모님같은 분이 많지않을테니깐.. 원작소설을 다시 읽고난 후 다시 보고 싶은 영화다,9,1
312,마지막 엔딩에서 엘리오 옆을 지키는 건 파리뿐...,10,1
313,올해 최고의 영화였다. 지적이면서도 인물의 감정을 영화적으로 너무 잘 풀어낸 감독의 연출력에 감탄할 뿐이다. 꼬맹이 연기도 너무 훌륭하고. ,10,1
314,아버지의 자식에 대한 사랑이 더 아름다운 영화였네요 잔잔하고 아름다운 영화입니다,10,1
315,"분위기, 음악, 연출, 비주얼, 연기 모든 것이 완벽합니다. 이 영화는 볼때도 참 좋았는데 보고나서 더 좋은 영화네요. 여운이 오래 갈것 같아요.. 영화 정말 정말 잘 봤어요. ",10,1
316,다시 보고 싶은 영화 다시본다면 올리버의 시각으로 봐야겠다 가슴 떨리게 아름다운 영화,10,1
317,"동성애 영화라 다소 불편할 줄 알았는데,  보고나서 여운이 너무 짙어 그 자리에서 다시 한번 보고싶었다.  이런 느낌을 주는 영화 아주 오랜만이다.  그런 첫사랑을 가진 엘리오가 너무 부러웠고,  모든 걸 기억한다던 올리버의 나지막한 목소리가 잊혀지지않는다ㅠㅠ",10,1
318," 스티븐 호킹 ‘우리는 모두 다르며 어떤 표준이 되는 인간이나 평범한 인간은 존재하지 않는다’고.. 그러한 인간들이 겪는 사랑의 모습도 모두 제각기임을. 이 오롯하게 아름다운 영화에 오만한 편견 따위가 어떻게 버릇없게 엉길 수 나 있을까. 온전하게 싱그럽고, 충분하게 아찔 아련했을 그때 그 사랑. 마지막 앨리오의 원샷 엔딩이 내내 가슴에 얽혀 남아 오랜 시간 여운 짙던. 사랑이 그렇더라.. 늘 끝나고 나면 나만 홀로 멍하니 남더라. 하염없이 그저 홀로.. 추억은 함께이나 기억은 단독인 채. 어느 평론가의 얘기처럼 우리 모두 사랑에 있어 그와 같은 얼굴을 한 번쯤은 가져보지 않았던가! 인터스텔라의 어린 티모시가 이토록 아련해질 수 있다니. 사랑은 심금을 울리는 아름다운 그 자유라고, 그때 나의 첫사랑은 내게 ",8,1
319,미적 감성이 풍부해지는 경험만으로도 볼가치 충분하다,9,1
320,엔딩이 인상적이네요. 평점이 이렇게 낮아진 이유는 동성애 혐오하는 사람들이 영화를 보지도 않고 낮은 점수를 준 듯. 아무리 못 받아도 9.3은 받을 영화입니다.,10,1
321,잔잔하게 울리는 감동이네요 내가 몰랏던 세계에서 일어나는 비범함과 아버지의 아들에 대한 사랑에 경의와 놀라움을 느끼면서 배우고 갑니다.,10,1
322,마지막 그 웃음의 의미는 그도 자신의 이름을 들을 때마다 나를 떠올리겠지 이기를 ,9,1
323,브로크백 마운틴처럼 아름답고 슬픈 여운이 오래 남는 영화네요,8,1
324,너는 똑똑한 사람이니까 그 감정이 얼마나 드물고 소중한건지 알거다,10,1
325,엘리오 엘리오 엘리오 엘리오... ,8,1
326,"음악 배경 대사 모든게 완벽함....와 이런 분위기 있는 영화 너무 좋다...동성애가 외국은 일반적이니까 부모도 이해하는건가...프랑스에서 잘생긴 남자는 다 게이라더만..남주 둘다 몸매,얼굴 너무 훌륭...",9,1
327,머리로는 기억나지도 상상할 수 도 없는 가슴 어딘가.. 좋은 영화 잘 봤습니다.,9,1
328,동성애에 대해 잘 다룬 영화. 보기 좋았다.,10,1
329,첫사랑은 반짝반짝하지만 금세 흐릿해지지 ,9,1
330,격조있는 동성애 영화다 여운이 오래가고 사람의감정.부모의 자식에 대한 품격있는 대화.더없이 좋은 음악.... 감동이다.추천하고 싶다,9,1
331,'푸른하늘'아 정신차려. 이성애자냐 동성애자냐는 타고나는 거지 누가 미화한다고 달라지는 게 아니야,10,1
332,실오라기 걸치지 않은 순수한 인간의  무공해 사랑 ..  현실에서 가로막힌 또한 넘어가야할 산과같은 아픔이 뭉클하네요 ... 아버지가 말한것처럼 아름다운 추억으로 간직하면 좋겠지만 아픈가억이 될수도 있는 보이지않는 그 무엇 .. 주인공 연기도 뛰어나네요 ~,10,1
333,호의적인 사람들에 둘러싸여 안전하고 은밀하게 나누는 사랑이라 처절하거나 극적이진 않지만 첫사랑의 설레임과 변덕스러움이 잘 표현된듯요. 여름 한철 방문하는 이탈리아 시골동네라는 배경이 이렇게 잘 어울릴 수 있을까 싶어요. 쓸데없이 무겁지 않아서 좋았습니다.,8,1
334,"그 해 가장 아름다웠던 이탈리아의 여름, 아름다웠던 두 청춘의 사랑.",10,1
335,Call me by your name.  너의 이름으로 나를 불러줘....   사랑을 모르는 엘리오 진정한 사랑을 알려준 올리버   남겨진 엘리오를 위한 아빠의 담담한 위로  이모든게 너무 완벽했다  너무 먹먹하고 아팠다 긴여운 까지... ,10,1
336,한동안 이 영화에서 헤어나올 수 없을 것 같다... 모든 것이 완벽하고 아름답다.  그 해 여름만큼이나 뜨겁고 찬란했던 엘리오의 첫사랑... 너무 좋다 이 영화..,10,1
337,"교회 다니던 사촌형이 묻습니다. 뭔 영화여? 멜로, 격정 멜로지. 에로구만? 응 그것도 있고.  1983년 이탈리아의 여름  소년이 겪는 사랑.",8,1
338,첫사랑의 설레임과 아련함을 다시한번 느끼게해주는 영화! 그저 아름답다는말밖에는...,10,1
339,오래 기억될영화  기~~~~~인여운..  ,10,1
340,풍광이나 색채는 아름답다 그러나 여러번 나오는 남자동성애 장면은 좀 역겨웠다.,5,0
341,아련하고 조금 먹먹했던 성장통/남성퀴어/드 라마...자꾸만 귓가에 맴도는 감미롭고 몽환적 인 ost들...관능적이고 에로틱한 분위기와 영상 미가 유독 더 짙게 느껴지던...조만간...속편이 나온다니...oh my god....!!!,8,1
342,아미 해머 연기력의 재해석. 티모시 샬라메라는 엄청난 배우. 동성애가 다름이 아니라 감정으로는 같음을. 이상적인 부모의 모습을 다시 생각하게 만드는 엄청난 영화. 부모라면 초강추!!,10,1
343,진짜 어쩜 목소리 둘 다 이렇게 꿀이냐ㅠㅠㅠㅠ 최고다 진시뮤ㅠㅠㅠㅠㅠㅠㅠ,10,1
344,영상미가 너무 예뻐서 기대됩니다!! ,10,1
345,영상미 OST 정말 너무 좋고.. 엘리오의 첫사랑 가슴시리네요,10,1
346,지루함...,2,0
347,원작도 읽었지만 영화로 잘 옮긴것 같아요.올리버 어디서 봤다했더니 백설공주에서 왕자로 나왔던 배우네요.잘생긴 사람이 참 코믹한 연기도 잘한다 했더니..연기돌인듯^^,9,1
348,처음엔 지루한듯 봤다 그러다 책을 접하면서 다시 영화를 보며 장면장면들이 너무 좋다 생각했다. 아 이거 이성로맨스가 아니지란 생각에 다시보니 먹먹하게 했다 왜 이렇게 표현했는지 어렴풋이 느껴진다. 이 영화를 좋아하게 된건 내 첫사랑과의 추억과 너무 닮아있어서..,9,1
349,乃,10,1
350,단순한 퀴어 영화는 아닌 듯하다. 그저 두 사람의 감정이 너무 순수하고 아름답다는 느낌만 들었다... 아...엘리오...,10,1
351,8.0,0,0
352,원작을 보고 영화 개봉만을 기다리고 있음ㅎ 배경 배우 모두 기대된다,10,1
353,.,10,1
354,음악 연기 대사 영상미 어느것하나 빠뜨릴 수 없는 걸작 ,10,1
355,"영화가 무척 섬세하고 서정적임. 두 주인공의 케미가 좋고, 여운이 짙다.  티모시 샬라메의 연기가 무척 빛나 아카데미 남우주연상 받아도 됐을 뻔.",10,1
356,티모시 샬라메의 찰떡 같은 연기 굿 ,10,1
357,"좀 파격적인 사랑 이야기를 멋진 영상미와 음악으로 잘 다듬는 루카 감독답다 아직 17살 풋풋함이 있는 주인공의 동성애를 멋진 배경에 걸맞는 사랑으로 풀어냈는데,  사실 주인공은 둘의 사랑을 이해하는 부모님의 관대함과 이해인지도 모르겠다. 단 서정적인 심리묘사와 음악,배경에 비해 정서적으로 이해하기 쉽지 않은  스토리라 약간 거부감이 들 수 있겠다.",7,1
358,지겨워 죽는줄 알았음. 40분 정도 인내하고 보다가 포기.  솔직히 퀴어 영화는 느끼한지 공감이 안감.  조용한 영화 싫어하는 사람 접근금지,1,0
359,예고편을 보고 다시 책을 사서본후 영화를 봤다.괜찮은 영화였다. 어린 젊은 배우가 연기를 잘한다 티모시 살라메... 그리고 보는동안 나오는 중간중간의 피아노음악이 뭔가를 연상시켰다 뭔가 친근한 분위기다.  그래 영화 아엠러브다.이 영화도 중간중간에 피아노음악이 나왔던... 퀴어영화.성장영화...그리고 좋은영화라고 하고싶다.,8,1
360,Words don’t come easy to me. How can I find a way to make you see I love you. ..........Just call me by your name.,10,1
361,아름다운 첫사랑의 기억,10,1
362,저런 부모를 둔 애들은 행운아,10,1
363,간질간질하게 시작해서 아련하게 끝나는 첫사랑의 기억,9,1
364,"그해 여름 크레마에 있는 듯 착각을 불러일으키는 영상미와 음악, 눈빛으로 모든 감정을 전달하는 티모시까지. ",10,1
365,"여름이 무르익어가는 이탈리아 북부의 시골 마을처럼 묘한 탐구 열기, 겨울이 오고 수프얀 스티븐스의 Visions of Gideon이 깔리며 지나간 여름이 더 아름답고 아득해진다",9,1
366,"자연스런 감정흐름을 존중해주는 분위기가 인상깊었고, 트레킹하며 메아리치듯 서로 호명하는 신도, 보통은 홀로 여행하며 연인의 이름을 외치곤 할텐데 ..^^",9,1
367,펄먼교수가 아들에게 해준말을 누군가 어린 나에게 해줬다면 내 젊음이 찬란하지 않았을까?,10,1
368,배경이 너무 아름답고 연기도 좋고 배우들도 잘생기고 잔잔하면서 슬프다,10,1
369,"여운이 길게 남을 영화~ 인생에서 첫사랑을 하고 잊지 못할 사랑을 하는 두사람과  옛스러움을 그대로 간직하고 있는 이탈리아의 북쪽 지방 풍경, 아들의 변화와 성장을 공감하고 받아들이고 지지해 주는 부모 이외의 모든 것들이 너무 자연스럽게 조화된 영화이다~ ... 멋진 영화다~",10,1
370,아름답다. 자신의 감정에 솔직하고  아버지의 이야기가 가슴에 와닿는다. 그 어떤것도 이미 세상의 편견에 결정짓지 말고 살자.,10,1
371,뜨겁고 찬란했던 그 여름의 이야기.,8,1
372,이탈리아의 아름다움과 열린 부모의 사고와 동성.양성애 그린 작품,8,1
373,오랜간 만에 마음에 깊이 여운으로 남은 영화. 보고 또 보고싶은 그런 영화   한가지 아쉽다면 영화를 보고 나서 책을 사야한다는게. 책을 먼저 보고 영화를 봤다면 어떻게 달라졌을까 궁금하기도  아무튼 너무 잔잔하게 밀려오는 감동의 영화. ,10,1
374,굿,10,1
375,아미 해머 목소리...,10,1
376,제발.. 부탁입니다 이런 영화 좀 만들지 마세요..,1,0
377,"동성애인가 아닌가를 두고보지말고 그저 사랑이라는것만 두고보면 좋겠다.. 동성애든 이성애든 사랑이니 그냥 사랑을 사랑으로 보자 동성,이성 나누지말고",10,1
378,뼈저리게 부러운 유럽,10,1
379, 우정보다 더 큰 순수한 사랑을 그린 영화라고 생각합니다. 2020년 버전 동성 커플!!  말그대로 서정적이면서  감동적인  두 남자의  금지된 사랑을 그린 영화입니다.,10,1
380,그냥저냥~~킬림타임용ㅋ OST + 핸썸올리버 볼만한 정도일뿐 여운없는 무의미한 느낌,0,0
381,어떤 메시지를 말할려는지 이해가 전혀 안되는 영화,3,0
382,길어도 너무 길다. 풋풋한 첫사랑이 아니라 물비린내나는 서툴음과 욕정을 사랑인 듯 어설프게 감추고 있네. 진이 빠진다. ,2,0
383,이렇게 지루한 영화가 또 있나 싶다.,1,0
384,.,9,1
385,아름다운 추억이었길...,7,1
386,여름마다 생각 날,8,1
387,설레였던 나의 첫사랑,10,1
388,"풍경, 음악, 색감 등 첫사랑의 이야기 공식을 그대로 따른다.  다만 상대가 동성일 뿐. 그리고 그부분이 아주 중요하다.  고지식한 공식을 따르기에 결국 사랑은 같다는 것을 다시금 확인시켜준다.",8,1
389,첫사랑 어리고 어렸던 그래서 아름답게 느낄수도,8,1
390,"엘리오, 엘리오, 엘리오, 엘리오... 올리버....",10,1
391,헤어나올수가 없다   13번째 보는중...,10,1
392,편견이 아닌 마음으로 보면 새롭고 놀라운 영화,10,1
393,"첫사랑!  생에 첫 사랑! 결코 통제할 수도 멈출 수 없는, 아니 통제하려 할 수록 멈추려 할수록 더욱 강렬해지는 사랑! 그래서 더더욱 아프고 고통스러웠던 사랑!  아련하다. 나의 첫사랑! 참 아름답게 애절하게 그려냈다. 그 첫사랑을. 오래 기억될 듯.   ",10,1
394,제목 멋지다,7,1
395,엔딩장면이 특히 인상적이다,9,1
396,사랑은 결혼 전에 오거나 결혼 후에 오는듯~^^,9,1
397,색감 정말...내영화다 이건 기대중입니다,10,1
398,오랜만에  너무 괜찮은영화를봤네요  후반부에  두사람이  여행가서  너무신나하는걸보면서 같이  자유를 느꼈네요  그러면서  눈물이  마지막에  아버지의  따뜻한말 부모로서  인생선배로서  사랑가득  이해가득  너무 감동,10,1
399,세게가 격찬하고 무슨 아카데미 노미네이트고 등등 안보면 안될거 같아 봤더니 그냥 동성애 영화인걸요. 동성애 영화라고 선입견을 가지고 본건 아닌데 뭐가 영화가 극찬받을 영화인지 도통 이해할수가 없네요. 내가 영화보는 수준이 낮은건가? 전혀 이해를 못하겠네요,2,0
400,여자들이 참 남자 동성애에 대한 환상이 있는 것같다. 만화도 그렇고. 이게 만약 주인공 한명만 바뀐 나이 많은 남자 대 10대여자의 얘기였다고해도 여자관객들이 이렇게 열광할수있을까? 난 그들의 이중잣대가 솔직히 전혀 이해가 되지않는다.,2,0
