﻿,document,score,label
0,그린랜드 : 민폐 가족 이야기 재난 상황에서 억지스런 고집을 가족애로 포장 명대사 군인 : 만성질환자는 제외입니다. 여주 : 봐주세욧! 당신의 가족을 만성질환자라고 탈출을 안시켜주면 어쩔거에욧! 군인 : 저흰 선택조차 받지를 못했는걸요. 여주 : 죄송합니닷!,1,0
1,발암영화 자기 자유가 소중해 코로나 퍼뜨리는 미국 상황을 이해하겠더란. 이기적인 것들.,1,0
2,"배우만 블록버스터인 가족드라마. 민폐 가족의 재난 생존기가 부제쯤 되겠다. 아무런 효용성도 없는 거부된 팔찌를 끝까지 사수하고 가족과 떨어지지 말라는데도 자꾸 나서는 아빠의 오지랖, 눈치없고 능력없는 엄마, 그리고 사고를 부르는 입을가진 아들까지, 눈치없는 뻔뻔함으로 많은이를 천국으로 인도하는 가족의 눈물겨운 이기주의가 돋보인다. 배경만 2012였지, 실상 제작비는 전부 출연료에 쓰인게 아닌가 싶을 가족 드라마다.",5,0
3,코로나에게 감사. 극장에서 봤으면 돈과 시간이 아까워 홧병으로 죽었을 듯.,1,0
4,보면  볼수록  화만 나는  영화... 비행기  폭발도  결국  주인공  때문... 애휴..  눈버림,1,0
5,정말 한심한 영화다~ 그냥 집에 있지 왜 나와서 민폐를......,1,0
6,민폐가족의 재난 영화... 충분히 저런 상황이 있을거라고 생각은 하는데.. 너무갔다...,2,0
7,지금까지 봐왔던 재난영화중 진심 역대 최악이라고 봄.,1,0
8,딥임팩트에 1/5정도수준...보는 내내 답답...,3,0
9,혜성의 비주얼에 집중했다면 2012보다 나았을까? 비주얼보다 재난상황에서 충분히 있음직한 현실적인 모습을 보여주었기에 좀더 와닿지 않았나 생각들었다,10,1
10,감동입니다. 재난 영화 중에서 잘 만들어진 영화라고 생각해요. 재난의 피해와 무서움을 표현하기 보다는 재난에 처했을 때 사람들의 행동과 심리에 대해 지금까지 다루지 못했던 부분들을 잘 묘사한 영화네요.,10,1
11,느낀점이 많은 영화 재난시 제일 중요한건 선택과 집중.  당뇨약 빠뜨렸어도 비행기는 탔어야 했다 아빠가 가지러 갔음 엄마하고 아들은 비행기 타고 있어야했다 길이 엇갈렸음 차든 검문소든 있어야 했다 저런 나라에선 남의차 타면 안된다  자신이 선택받았다는걸 못받은 사람앞에서 얘기 할 필요 뭐가 있나. 팔찌를 숨기든 버리든  팔찌가 공격의 대상이 되는데. 혜성 파편이 떨어지는데 불타는 차에 사람은 왜 구하고 있나  애와 엄마는 다리 밑에 두고 왠 정의감인지 비행기 추락도 마찬가지 검문소와 벙커 들어갈때 급박한데 아이는 안고 뛰자 부모라서 몰입하고 보긴 했지만 쓸데없이 이산가족 찾기가 영 불편했던. 아버지는 끌고라도 모시고 가야지 앞으로의 재난시 대처방법이라도 생각하게 하는 영화임,6,1
12,이 가족과 영화가 재난임,1,0
13,애미는 지만 알고 정작 애한테 필요한건 다 빼먹고....애는 사고는 사고대로 치고.....애비가 불쌍한 영화...,2,0
14,마누라 발암캐릭터 진짜... 어휴,6,1
15,평점을 주기가 아까울정도로 망작이다~ 제라드 버틀러의 영화중 가장 큰오점으로 남을 영화 제목을  발암가족으로 지어라~,1,0
16,이기적인 와이프로  민폐총출동. 동감 안가는 비굴한 행동들. 주인공들 매력 없음,2,0
17,지구 멸망 재난 영화는 무수히 많았지만 이영화를 봤다는 시간낭비의 느낌..보편적 가족애라고 보기엔 무리가 있는 설정. 예전 이런류의 영화들에 비해 현저히 낮은 수준의 영화,1,0
18,마누라하고 애새끼 진짜민폐네,6,1
19,고구마 10개 먹은듯 꽉 막힌 영화....,4,0
20,"내가 본 최악의 재난 영화. 아무런 긴장감도, 전율도 없는 추레한 가족 신파극. 억지스러운 전개와 막장과 같은 CG는 영화 중반부 이후 집중력을 고갈시키기에 충분함. 유일하게 기억에 남는 점은 실제로 저는 재난이 일어나면 아내랑 애는 무조건 버리고 가야 한다는 점이다... 민폐도 저런 민폐가 있을수 없음",1,0
21,재난영화의 짜증 전개는 다 모아놓은 구질구질한 영화인듯... 항상 문제있는 부부와 몸이 안 좋은 아이 등장 그리고 재난을 극복해 가며 가족애 확인과 화해! 헐리웃 영화의 포맷은 이제 지긋 지긋 그 자체! 근데 이영화는 재난 영화 특성상 제공되는 볼거리도 별로 없고.... 전개 과정은 관객들 답답해 죽으라고 억지 스토리 입빠이 삽입..... 다른 재난영화에 비해 내용은 좀 더 현실적이었으나 영화는 자고로 무조건 일단은 재밌어야 한다는 대전제로 본다면 언 OUT!,2,0
22,억지스러운 스토리.보는동안 재미보다는 답답하고 영화가 끝이나면  짜증남,1,0
23,미국이라는 나라가 맛이 가는 것처럼 헐리웃도 같이 가는구나.,2,0
24,보는 내내  답답 진상 가족 절대 비추,1,0
25,뷰웅딱같네 가족이 전부 발암이여,2,0
26,재난 발생시 미국인들의 인간성을 볼수있었다.,1,0
27,재미없슴 재난영화인줄 알았는데 갑자기 이산가족찾기로 변해버림...,1,0
28,어제 남편이랑 보고왔는데 시간가는줄 모르고 재밌게 봤네요,9,1
29,미개한 미국인,6,1
30,혹시나 해서 봤는데. 진짜 고구마네 시나리오 쓴 새끼 나한테 좀 맞자,1,0
31,이 영화를 통해 배운 점 1. 차 안에 두고 내린 물건이 없는지 잘 살피자. 2. 중요한 순간일수록 내 개인 상황에 대해 함부로 타인에게 발설하지 말자. 3. 갑자기 헤어지면 원래 만나기로 한 곳이나 원래 있던 곳에 가있자. 멋대로 싸돌아다니지 말자.,5,0
32,"재난 영화 특성 상 민폐 가족이 없을 수 없다 이해합니다만,,,,  상황 파악 못하는 여주인공에 감성팔이 민폐 가족 스토리  2012도 지네 가족 살겠다고 인류의 상당수가 탄 배 1척을 침몰시킬 뻔 했는데 지 멋대로 비행기 멈추고ㅋㅋㅋㅋㅋㅋ 선택 받지 못한 채, 의무를 다하는 군인들한테 윽박지르고 지가 멈춘 비행기는 지체된 일정 탓에 따라온 폭도들 때문에 폭발했네?????  역겹다 솔직히  + 그리고 도움 준 모든 사람한테 고맙다는 말 단 한 번도 안 하냐 공무원, 군부대, 멕시코 가족까지,,, 어우 역겨워",1,0
33,한번 에  다가져오던가 그와중에 꼼꼼챙기네 아놔 월드워 z 민간인버전,2,0
34,내 소중한 두 시간이 덧없이 날아갔다,1,0
35,이거 로드무비인가요? 영화 3분2가 가족찾아 삼만리네요... 지루하고 재미없어요,6,1
36,"간만의 수작이었음.  인류의 멸망을 앞두고 내 이웃, 피난민, 군인, 환자, 정부가  어떻게 대응하고 생각하고 행동하는지 리얼한 민낯을 까보인 영화.  정의로운척 하면서도 스스로 우월함을 느끼고 약자의 것을 뺏으려는  인간의 본성이, 재난을 앞두고 여실히 보여주는 모습에서 씁쓸함을 감출 수 없었음.  다만 벙커 도착시점과 행성 충돌 시점을 너무 인위적으로 조합해 놓은거 같아서  1점 깠음(물론 영화적으로 극적인 구성을 만들기 위해 그랬겠지만)",9,1
37,"제라드 버틀러 망작.. 이라 생각될 정도.. 제라드 특유의 액션은 전혀 나오지 않고, 스펙터클한 혜성 충돌 장면도 나오지 않고.. 대통령 발령에 의한 선택된 자라는 알람이 스마트폰과 IPTV를 통해 알려지면서, 아들과 부인을 데리고 공항에 도착하지만, 제 1형 당뇨질환을 겪는 아들 약으로 인해 가족이 이산가족이 되었다가 우여곡절끝에 그린랜드에 도착해 구원 받는다는 내용인데.. 긴장감이나 기대감이 구성되질 않아 지루했어요.",3,0
38,부인이 너무 눈치없다,7,1
39,전혀 미국식 스럽지 않은 영화. 이번 코로나로 들통난 그들의 자유민주주의 모순...보는 내내 뭔가모를 짜증이 밀려왔지만 그나마  가족애로 밀어붙힌 재난 영화....,4,0
40,와이프진짜 발암이다 목소리만 크게내면서 우기고 답답하게굴고....토나옴,6,1
41,사람들 생각은  다똑같구만ㅋ  자기중심  이기적인 지금 미국인들을 보는거같음,2,0
42,살짝 지루함,4,0
43,재난영화가 아니라 가족영화임,5,0
44,영~~~,1,0
45,1998년도 개봉한  딥 임펙트 보다도 못하다 영화에서  주인공들이 살아남아야 하는것은 어쩔수 없는 부분 이지만 그렇타 해서 주인공들이 무슨 무적인가 요리 조리 피해 가는게 신기 할 따름 조연과 엑스트라 무차별 죽음  여주 아버지 되는 사람은 차만 덜렁 주고는 어떻게 되었는지 보여 주지도 않고 지네들끼리 기분 좋아서 다 왔다면서 비행기 안에서 기쁨을 만끽 하는 장면은 어찌 아버지를 두고 그리 기뻐 할 수 있을지 참으로 이해 안가는 장면들이 많타  그리고 한가지 군인들이 선택받은 자만 갈 수 있다 했는데 마지막 장면에서는 군인들이 어서 오십쇼 하고 받아줘 버리네 존니 억질 스러운 장면 외국 이나 우리나라나 영화의 억질스러운 장면은 못 피해 가는구나,2,0
46,가족애를 깊이 느낀 수작임,10,1
47,사람들 이영화에 악감정 있나... 나름 스토리도 그렇고 재밌게봤는데 중간에 무슨 이산가족 마냥 가족 찾아 다니는게 좀 스토리상 너무 많이 나와서 그랬는데 그래도 재밌게 봤음,10,1
48,생존할 수 있는 사람들만 선택적으로 QR코드를 받을 수 있다. 특권층은 계속 특권층이라는 말인가?,7,1
49,"암세포를 제거하기위해서 큰 수술을받았는데,  여기저기서 암세포가 살아남았다.... 살아남은암세포들이 지들끼리 또 세포증식을 시작한다",6,1
50,긴장감이 떨어지고 지루하다. 감동은 없고 짜증만.,5,0
51,미국스러운 이기주의 왕 민페가족 생존기.,4,0
52,왠만하면 재난영화는 평타치는데 7처넌 돈버려 가족들한테 욕쳐먹어ㅡㅡ,1,0
53,재난 영화  마니아에겐   비추 액션은 전체 1% 가족드라마 좋아하는 분은 ~ 보셈,1,0
54,"별 1개도 진심 아깝다. 7,000원이나 결제했는데, 돈 받고 봐도 시간이 아까워서 못 볼듯. 보다가 포기함.",1,0
55,처음과 끝만 보면 되는영화. 중간까지 다보면 암발생,4,0
56,스킵하면서 보세요ㅋㅋ,1,0
57,"남는 돈으로 만든 영화, 둑둑 끊기는 스토리. 재앙이다. 라고 코로나로 인류 멸망 당하기 1년전 대한민국 서울의 한 이불속 영평가의 평점. 1점.",2,0
58,실 망,1,0
59,뭐라 표현하기도 좀 그런 민폐 우왕좌왕인데 재난이란 소재에 항상 따라가는 필수요소니까 넘긴다고 쳐도...  화려한 cg 보다 인간군상에 집중하면서 아주 졸린영화가 되어버렸음;,4,0
60,정말 쓰레기중에 ♩♪♪~♬♩ 망작 민폐가족영화 자기들만 살면 그만  어덯게 요즘 같은 시대에 보기드문 망작이예요 절대보지 마세요,1,0
61,민폐가족 3종 셋트 활약상 억어지 설정으로 근래 아주 보기 드문  짜증 제대로 영화,1,0
62,보고나니 앞으로 어떻게 살아야할지 생각했어요.,10,1
63,너무 재밌게 봤음..강추....,10,1
64,지루하지않고  재미있게 봤어요 가족과함께 꼭 봐야 할 영화입니다,10,1
65,실화에도 이렇게 되는건가.. 만족했다,7,1
66,"*스포가 포함된 댓글입니다. 안보셨다면 눈감고 내려주세요. 또 저의 개인적 의견이 들어가있음을 알립니다.*   이 영화의 장점은 카메라와 CG라고 생각됩니다. 카메라의 움직임과 구도가 나름 주인공 가족과 곧 위기가 닥쳐올 지구의 혼란함을 잘 표현해냈다고 생각합니다. 또 CG는 필요한 부분부분에서 쓰여지고, 과도하게 쓰이지 않아 이 역시 영화의 몰입도를 높여주었습니다.   이 영화를 세 단어로 표현하자면, 식상.신파.발암 이라고 생각합니다. 주인공 가족들의 발암짓(이 가족이 한 300명은 죽였다고 보시면 됩니다.) 물론 이 혼란한 상황에서 그럴수야 있다고 생각해도, 이해가 안되는 행동이 한부분이 아니라 몰입을 할 수가 없었습니다. 두번째로, 식상합니다. 지금까지 봤던 재난영화의 전개와 똑같습니다. 진짜",4,0
67,시나리오가 투모로우 2012  짜집기식으로 결말이 이어져 상당히 아쉽다 하지만  가족애와 진행된 스토리는 나름 흡족한 작품 재난영화를 좋아하는 1인으로써는 꼭 봐야 할 영화임 2020년 재난영화 그린랜드 추천합니다,9,1
68,5점대는 아니다.재난영화중 평작이상은 되는 수작.  모든이는 절대적 위험앞에서 내가족 나자신을 먼저 챙길수밖에없다.,10,1
69,온가족이 발암덩어리 그자체네 ㅎ   제라드 왜 출연시켰냐... 배우가 아깝다,1,0
70,???? 난 재밌게 봤는데 평점들 왜이러지...?  진정한 가족애를 느끼게 하는 영화,8,1
71,재난영화마다 꼭 억지로 위기를 유도하 위해 등장하는 발암 캐릭터가 있는데 이건 발암 가족 전체가 주인공이네요. 그래서 영화 내내 발암.,1,0
72,재난영화는 호불호가 심하다 왜냐면 대작아니면 망작이기때문이다.하지만 이건 나름 볼만은 하다 재밌게봄 킬링타임용으로 괜찮음,7,1
73,그럭 저럭,7,1
74,사실적 묘사의 재난영화. 딥 임팩트와 유사한 감동이 있습니다.,9,1
75,아니 저런 상황이 닥치면 어느 누가 이기적이지  않을까 내 가족이 죽음 앞에 있는데 이타적으로 행동안한다고 비난 할 수 있을까,8,1
76,내 가족이 처했을 상황만 봤을 땐 그러고도 남았을 것 같다,6,1
77,미국본토에서 느끼게한 고립감까진 호평 마무리까지 고립되버린데는 혹평,7,1
78,큰 재미는 없지만 재난영화로서 무난한 정도는 됨.,10,1
79,오~ 재밌네요. 오랜간만의 재난영화라서 긴장감있고 재미있게 봤네요.,7,1
80,너무 재밌었다..재난영화지만 사실상 가족 드라마에 가깝다고 보면 됨,9,1
81,한번쯤 볼만한 영화다!!,10,1
82,내일  죽을지 모른다면 저렇게 될까,7,1
83,한시간동안의 밤장면    껌껌한영화 돈은 덜들었을듯,6,1
84,.,10,1
85,앞으로 곧 다가올 미래를 본 듯한 기분. 너무 무섭고 두려웠어요.  살짝 설국열차가 떠오르더라구요. 장인이 지들끼리 가고 내겐 아무말 없을땐 어차피 가자고해도 안갈거였지만 서운한 표정이 역력..  그래도 다행이 사위의 말에 기분 풀려 웃으며 차도 내주고.. 너무 현실적이었음. 아들에게 확실히 조기교육 시켰어요.ㅜㅜ,8,1
86,코로나 사태이후 이러한 재난영화가 허투루 보이지 않게되네요~~가족 재난영화로서의 무난한 행보를..,8,1
87,..,7,1
88,인류멸망앞에 선 인간들의 생존과정을 천재(天災)와 인재(人災)로 담은 극사실주의 재난영화.  혜성폭발의 시각적 데미지는 조금 아쉽다.,7,1
89,"매 상황마다 나라면 어떻게 했을지 생각하며 보게되네요. 일단 띠가 없겠지만... 근데 자기가 자기 가족 지키는걸 '가족이기주의' 라고 까는것들 뇌 속이 궁금 평소에 지 가족, 지 자식 팽개치고 남에 자식부터 챙기는 분들인가?",8,1
90,마지막  약하다,6,1
91,잉,10,1
92,감독이 휴대폰을 싫어하나봐,8,1
93,이영화 언제 iptv로나오나요??,9,1
94,"이대로라면 지구와 인류의 존망은 파멸의 길만 남았을 뿐. (아이고, 아버지!)",5,0
95,내용 자체는 무리없지만 재난영화로 보기에는 같은 장르의 다른영화들과 비교해볼때 CG나 스케일이 너무 빈약한 느낌. ,7,1
96,나름 기대안했는데 괜찮게 봤다. 물론 재난영화 특성상 참신함은 좀 떨어지지만 영화내내 지루한 틈은 거의 없었고 나름 갠찬았음,7,1
97,스토리가 식상하긴 해도 cg도 괜찮고 나름 볼만함.2012같은 스팩터클함은 떨어지고 가족애같은것이 더 부각되어서 뭔가 블록버스터느낌이 안남.그래도 수작임.,8,1
98,"만족스럽습니다 요근래 십년만에 무진장 기분좋은영화. 오락영화보다 훨 좋습니다 다른 영화도 재밌었지만.ㅋ 또 혜성의 의미가 궁금해지네요. 그라비티랑 둘은 인생영화, 버드박스도 좋았고요.  현실적으로 가능한 일이지만 끝까지 서로를 사랑하는 마음놓지않는가족이라 의미있었던듯 해요. 근래는 작은일에도 미워하기 일수니까요",9,1
99,재난영화와 가족의 재결합과 기독교정신이 부합된 영화 ,7,1
100,이정도면 재미지다.,7,1
101,일반적인 블록버스터급 재난영화인 줄 알았는데 재난을 앞둔 상황에서 현실적으로 일어날 수 있는 과정을 담은 영화. 재난 앞에서도 나누어지는 계급에 마지막엔 참 씁쓸했다. ,7,1
102,첨엔 혜성충돌로 인해 지구가 멸망하는 과정중에 스케일을 기대했는데 그런건 조금 약한거 같고 그 보다도 실제 저런일이 일어났을때 현실적으로 잘 묘사한 작품입니다. 일반 재난영화 보다 디테일이 살아있는 영화입니다. ^^ ,8,1
103,재난 블록버스터인줄 알았는데 그냥 재난 영화,7,1
104,10점이 안아까움.최고,10,1
105,최고다. 눈물나 혼났슴,10,1
106,이산가족상봉영화! 좀더 스펙타클 했더라면! 너무기대하고 보지마세요.거품빠진맥주랄까!,6,1
107,짱재밌는뎅??????? 평점 왜케 낮음,10,1
108,나쁘지 않음  또 말도 안돼는 일이 아님,8,1
109,왜이리 스포질이세요 다들,10,1
110,간만에 몰입하며 재밌게 봤습니다,10,1
111,졸지 않고 계속 봤습니다 그만큼 몰입감은 있고 과한 cg가 아니기에 현실적으로 와 닿았습니다 내용전개도 좋았네요,8,1
112,예측못한 코로나시대처럼 예측못할  인류미래와 가족에 대해  현실감있게  다가온 작품. ,9,1
113,다른사람들 의견대로 재난영화의 화려한 장면들이 나오지는 않습니다만 가족애를 중심으로한 연출이 신파가 너무 심하다고 느껴지지 않을 정도? 라서 적당하게 잘 보고 왔습니다 ,8,1
114,너무 재난영화적인 부분만 보여주는 것보다 가족에 더 중점을 맞춘 것도 재미있는 것 같아요.,9,1
115,여태껏 보아왔던 재난영화처럼 휴먼드라마이다. 엄마아빠자식이라는 영원불멸의 진리가 여기서도 최고의 주제가 되고 반복적으로 부각되  좀 지루한면이 있었다. 그리고 월드워z와 2020의 여러장면들을 차용한게 눈에 띄어서 일부러 그랬나 싶기도 했고 ㅋ 우째든 긴장감은 유지되는게 볼만 했다. 이런영화를 보면서 좋은 기술력으로 재난장면을 보다 장관으로 했으면 하는 아쉬움이 있었는데 '클라크'를 비춰주는 장면들이 이 영화의 핵심이라 할 수 있듯이 군데군데 인상적인 부분이 있기는 했지만 가족애에 집착할 시간을 줄여서 재난 현상 자체에 좀더 공을 들였으면 좋았을뻔 했다. 실제로 생각지도 못한 무지막지한 재난이 닥쳐도 ‘내성’을 기를 수 있게 지속적으로 이런 영화가 생산되었으면 좋겠다. ㅋ  ,8,1
116,실제 일어날 수 있을 것 같은 일을 담은 영화입니다.  연기한다는 생각이 들지 않고 실제를 촬영한 것 같았습니다.  인간이 얼마나 약한 존재인지 알려줍니다.  마지막 순간에 무엇을 지켜야 하는 지 알려줍니다.  가장 중요한 것이 무엇인지 깨닫게 해 줍니다.  사랑하는 이들을 지키기 위한 아버지의 사랑이 감동입니다.  아들을 잃은 엄마의 절망과 두려움이 실제같았습니다.  끝난 것 처럼 보여도  피할 길이 있음을 보여줍니다.  재난 속에서도 다른 사람을 섬기는 사람들로 인해 감동받았습니다.  영화 한편 보고 나왔는데 잔잔한 감동이 여운으로 남습니다.  가족이 함께 보길 잘했습니다.  주변에 아는 지인들에게 적극 추천해야 겠습니다.  평점은 적어도 8.5이상되는 영화입니다.  인생 처음 영,9,1
117,아이의 시선으로 바라보니 너무나 이기적인 사람들의  모습에대한 안타까움이~ 그럼에도 인류에게 주신 가장 아름다운 모성애 부성애가 마음을 따뜻하게 만들었습니다~ 친정아버지의 속깊은 부성애도 감동이었고(그부분에서 많은 눈물이 흘렀네요) ... 예상치 못했던 재난을 당한 사람들의 다양한 모습들을 보여주고 있어서 숨막히는 순간순간이었습니다~ 이런영화 보고나면 우리아들 꼭 고분고분 해지더군요..; 역시 가족밖에 없다는걸 느끼는거겠죠~^^ 주연배우의 연기력도 뛰어났지만 특히 네이션과 데일의  존재감이 크게 다가왔던... 여운이 크게 남았습니다.,10,1
118,지루하다는 일부 평을 무색하게 만들정도로 저는 몰입감 있게 잘 보았습니다.,9,1
119,올해 재난영화중에 제일 볼 만했다.  약간 루즈한 부분도 있었지만 결말까지  가기위한 여정이었다고 생각한다. 현실적이었고 인간의 욕망(?)과 인간애가  다 녹여진 영화라고 생각한다.,9,1
120,화려한 스켈 이나 화려한 cg가 아닌 재난에 직면한 사람들의 무질서와 질서  그리고 그 속에 피어 나는  가족애가 돝보 였던 작품,9,1
121,정말 실감나는 오랜만에 재미있게 본 재난 블록버스터 영화,10,1
122,재난영화는 항상 찾아보는데 역시 재밌었어요. 극장에서 큰화면으로 보니까 더 실감났어요,10,1
123,재난영화답게 스케일 커서 좋았고 가족 챙기는 모습에 코끝찡ㅠ,10,1
124,재난 블록버스터 영화 좋아하는데!! 재밌게봤어요! 중간중간 뭉클 ㅠㅠ,10,1
125,긴장감도 있고 스케일 쩔어요!,10,1
126,"스케일도 괜찮았고, 중간중간 드라마에 맘이 짠했음. 극장에서 봐야하는 스케일의 영화",10,1
127,기대되네요!,10,1
128,믿고 보는 제라드버틀러!!!,10,1
129,"초딩 애들, 와이프와 아주 재밌게 보고 왔어요~ ",10,1
130,종말의 순간을 너무 현실적으로 잘 그려냈다.,10,1
131,사람들 서로  지은죄값을  치르지  않게하는  경우가  꽤  많은듯-⟨하늘에서  불벼락을  칠수 밖에  없는가 봅니다⟩-  죄짓고  지내지  않았든⟨비교하시겠지요⟩---선량한  지구인류들은---지켜주고  보호하시는듯---  공룡멸종 보다  더  크다고-그래야겠죠-(악랄한  죄수들이    꽤  많이있는지),10,1
132,재난이들이닥치면 사람들이 어떻게 바뀌는가에 초점을 둔영화 와이프 말 한 마디에 온가족이 생이별을  하게 되는 그런영화,7,1
133,재난영화........ 아니 ..... 가족영화  .......   손에 땀을 쥐고본 가족영화,10,1
134,잼있었어요 장인어른 나올 때  눈물났음ㅠ  제라드 넘 듬직하니 멋짐,9,1
135,별 기대 안하고 봐서인지 재밌었습니다,9,1
136,인생영화,10,1
137,민폐가족의 생존기 내가 못살면 다죽어 배째라 비행기 폭파시키고  다죽이고 가족상봉 찐감동 부처도 화낼만한 이기심으로 남들 민폐주고 해냈다며 처웃음 ㅋㅋㅋ,1,0
138,이영화 비추다,4,0
139,기가막히다 제미가없네요 이영화 보지마세요 돈도비싸지 않나 제미도없지않나 가장제미있는영화는 1위2012  2위투모로우3위인투더스톰4위노아40 일간의기적5위그린랜드,1,0
140,재난영화에 사람들이 기대하는 장면들은 다 뺀 영화...그냥 고구마 가족드라마임 재난장면은 예고편에 나온게ㄹㅇ전부임,6,1
141,발암의  향연      다른가족을  구했어야,3,0
142,이런 시나리오가 영화화 된다는 사실이 놀랍다. 헐리웃영화는 이제 왠만한건 걸러야 겠다는 생각을 하게 만든 영화. 시간만 날렸네.,1,0
143,미국영환항상애들이 문제여~~ 답답하다 ~~,1,0
144,가족찾다 끝나는줄ᆢ 인피니티 혼다 도요타 일본차만 나오네 할아버지차는 어디건지?,2,0
145,...,5,0
146,음~~왜 별점이 1점 아님 10점 이유는 블럭버스터 아니 액션도 아니고 가족 휴먼 이야기이 때문에 블럭버스터나 액션을 기대하고 본 사람들은 당연 1점이고 휴먼 드라마로 본분들은 10점 준거라 보입니다~제 점수는여 저도 1점을 주고 싶었지만 일찍감치 휴먼으로 생각하고 봤기에 별3개 줬네요~~ㅎㅎ,6,1
147,평점테라가 너무 심한듯..영화 괜찮습니다,9,1
148,제라드버틀러  a급 투자영화를  b급으로  만드는  배우  봐도 남는게 없다    이기주의  영화였다,5,0
149,굳..좋았어요,9,1
150,재난은 인간이다,1,0
151,밤 장면 하나도 안보임,1,0
152,별 하나도 아깝다 집에서 봤는데도 돈아까움 차라리 독립 영화를 볼걸,1,0
153,"별 내용이 없으니, 할 말도 없음",2,0
154,진짜 저런일이생기면 소수에인간들만 선택해서 데려갈려나...?,8,1
155,화려한 영상 효과를 기대한다면 이 영화는 보지 마시길... 이 영화는 극단적인 자연 재해 상황에서 사람들의 심리와 행동이 어떤지를 보여주는 영화다. 자신만을 위해 행동하는 이기적인 사람도 나오지만... 저런 상황속에서도 끝까지 자신의 역할을 하는 사람도 있다는걸 보여준다... 근데 마지막까지 자신을 희생하며 남을 도울 사람이 실제로 저렇게 많을지는 모르겠다.? 여튼 영화는 지루함 없이 전개된다. 나름 재미있었음.,8,1
156,엔딩이 조금 아쉽지만 인간이 위기에 쳐있을때에 이기심과 이기주의를 잘 나타낸것 같아서 잘 봤어요,9,1
157,어디선가 본듯한 내용이었음.  처음부터 끝까지... 그것도 여러번.,2,0
158,"흔히 등장하는 우주에서의 조망샷,거대한 계획,수뇌부의 작당모의,영웅. 이런거 다 빼버린 철저히 일반인의 시선으로 끌고간 점은 흥미롭긴 한데. 재난영화가 뭐 그렇게 심오한 장르도 아니고 충격파 CG에 공을 많이 들여서 뻥뻥 터트리긴 했지만 이도저도 아닌 스트레스만 양산. 그리고 적어도 수십억명의 인류와 동식물이 희생당했을건데. 그런것에 대한 고찰도 없어보인다. 오로지 '내가족'. 그리고 가족간의 갈등 해소를 외부문제 해결에서 찾는 행태가 과연 맞는것인가??? 외도는 국난 극복으로 해결??? 트럼푸세요?",4,0
159,볼만함,8,1
160,"2012영화랑 비슷하겠지 하며 기대안하고 보았는데, 재난의 현장과 막다른 길에 섰을때 사람들의 이기적인 모습들을 잘 표현되어서  현실감있게 잘 보았습니다.  코로나로 인해 극장에서 못본게 아쉬웠지만 집에서도 감동을 느끼기 충분한 영화~~!!  가족들과 함께 보기 강추합니다!!",8,1
161,재난상황 보다는 가족애에 중점을 둔 영화..,5,0
162,등급으로 살 수 있는 세상이라니..,5,0
163,팬데믹 시대에 더 다가 온 두려움.,8,1
164,다소 지루한 감이 있네요.,5,0
165,제라드 버틀러..그의 얼굴을 보고 있노라면 모든 역경을 다 헤쳐나갈 것 같은..듬직함이 보인다....그래서 이 영화에  남주로 발탁이 됐으나...약하다 약해....재난영화가 으레 스펙타클하게 마치 그 현장에 있는 듯한 비주얼을 선사하는 데 빈해 이 영환는 전혀 그런게 없어서 긴박감이 없다...그저 인류 솎아내기? 그러면서 일단 지네 가족 먼저 살자하 는 이 세상에 꼭 필요한 인종들이라...ㅎㅎ그래도 인간들은 벙커라도 팔 수 있었으니 공룡처럼 멸종되지는 않을겨... 여주가 매력적이네...모레나 바카린...남편...맥켄지가 사람 좋아보이더구먼....,6,1
166,어우지겨워,5,0
167,감독이 관종티를 너무 냇어.  내공이 부족해,5,0
168,혜성충돌장면은 볼만했지만 결국 선택받고 선택못받고... 나는 못받을걸 생각하니 찝집... 그린랜드까지 가는 여정이 너무 기적 같았다는...,5,0
169,돈을 너무 아꼈네   주요장면을 떼어  먹었다,1,0
170,삶은 계속된다.,8,1
171,재난의 스케일에 비해 헐거운 짜임새,5,0
172,이런 영화야 말로 요즘 가장 볼만한 영화다. 유성이 마구 떨어지고 지구가 폭삭 주저않는 영화. 그 와중에 오가는 선과 악 그리고 가족애 등등 여러가지 감정도 담았다.,8,1
173,"영화 스케일보다는 휴머니즘쪽에 더 기울어지긴 했으나, 몰입감도 좋고, 스케일도 적정하고 재난 영화로 손색은 없다. 2012 같은 스케일이 였다면 더 좋았겠지만...",8,1
174,나도 지금부터라도 지하벙커나 파놔야 되려나..  코로나도 이기적이고 개념없는 인간들때문에 퍼지듯이 가장 무서운것은 인간이다...  비교적 사실적으로 잘 보여준것 같고 그래도 마지막에 날아다닌 새 한마리가 희망을 보여주는것 같다...,8,1
175,킬링타임용으로 볼만함. 평점7정도 수준.,10,1
176,좋은 영화입니다. 충분히  전개될 수 있는 수작입니다!  가족들이 함께 보면 좋을 영화 GOOD,10,1
177,파괴되고 진화하고 발전하며 인류는 그렇게 흘러왔다 6.0,6,1
178,어이없네 마지막 충돌은 적어도 영상으로 보여 줘야 되는거 아니냐  돈 드릅게 애낏네,3,0
179,재난영화에 재난이 안보인다. 2012의 화려한 CG를 기대한다면 실망만 가득.,1,0
180,지루할 정도는 아님.,7,1
181,B,2,0
182,발암 장면도 여럿 있지만... 재난 영화중에는 재밌는 편임.,6,1
183,.,3,0
184,지루하다 지루해.,1,0
185,재난 액션과 드라마 둘 중 한가지를 했어야 했는데......... 어정쩡함....,5,0
186,그래픽을 최소화하고 가족 중심의 스토리로 인해 더 긴장감이 있어 재미있게 봤다. 이전 재난영화보다 더 현실감 있어서 좋았다.,7,1
187,처음부터끝까지 감동적인 영화였습니다. 오래만에 재난영화 재밌게 잘감상 하였습니다,10,1
188,숨바꼭질은 동네에서 그냥 하면 되지....,1,0
189,보다가 암 걸리는 부분 몇 군데 있음 그러저럭 시간 때우기용 재미는 그닥....,6,1
190,이건 평이고 나발이고 없다. 딱 세마디.  '개 짜 증'.,1,0
191,재난영화로 이 정도면 됐다. 7.5점,8,1
192,아무 정보없이 봐서인지 생각보다 좋았던 영화 뻔한 내용이었지만 그래도 시간이 아깝다는 생각은 안들더라구요 가족애를 다룬 영화를 좋아한다면 강추  cg 빵빵한 재난영화를 기대한다면 글쎄..,8,1
193,"조금은 예측가능한 부분이 있지만  스토리, 스케일, 연기력 모두 좋았어요 극적이지만 그만큼 따뜻한 영화입니다",9,1
194,별로임.....재미 얷음,1,0
195,안타깝다. 출발은 좋았는데 용두사미의 전형적인 영화...  우연과 우연이 만나 억지로 바뀌는  영화..... 안타깝다....   영화 중간중간 디테일이 너무 허술함ㅠㅠㅠ,2,0
196, 시끄러운데  꿀잠들게하는 영화,3,0
197,개연성은 개나줘버린 영화,1,0
198,다들 ...나만 죽을 수 없다?  모드 입니까,1,0
199,재난영화 지루하긴 처음이네,1,0
200,보다 뛰쳐나오고 싶은영화...,1,0
201,ㆍ,9,1
202,인생영화.,10,1
203,"끝까지.. 엄청 집중하고봄 재난..보다는 가족~  이런쪽이지만, 전 재밌었어요",10,1
204,애 생일잔치  영화인줄....,0,0
205,"도망쳐라, 한 번도 달아나 본 적 없는 거처럼",6,1
206,차라리 우주전쟁이 낫다...,0,0
207,선택된 극소수 100명만 들어 갈 수 있다던 그린랜드 벙커에  생존자들 마지막에 모두 아무런 제약 없이 프리패스해서 다들 뛰어 들어 들어간다는 ㅋㅋㅋ 머냐 이건 ,2,0
208,재난영화는 개뿔 한가족 재결합영화지ㅋ,1,0
209,지금 살아 있다는 것만으로도 고마워지는 영화에요. 완전 강추입니다.,10,1
210,설운도의 잃어버린 30년 들으면서 이산가족 찾기 방송을 보면서 죠스바 입에 하나 물어라 이것보다 낳다 ,2,0
211,가족 휴먼드라마 라고 생각하면 볼거리가 있고.... 정통 재난영화를 기대하면 급 실망하는 영화...,4,0
212,헐리우드라고하지말자.. 블록버스터 재난을 기대하면 2012을 다시보자..이건 솔직히 실망이다,4,0
213,"실제 있을법한 소행성의 지구 불시착으로 인하여 지구의 재난이 발생되는 스토리/ 거기에 강대국 미국에서 재난에 발생하자 통제불능 상태와 거기에 나오는 인간의 본능성,그리고 휴머니티를 보여주는 영화",8,1
214,정통 재난영화를 기대했지만 현실은 왁자지껄 이산가족 찾기,5,0
215,"롤랜드 에머리히 감독의 2012 영화 생각하고 보면 개낭패... 액션, 스펙터클함 아예 없음... 그냥 재난을 가장한 가족영화... 영화 장르가 드라마라고 생각하고 보면 그럭저럭 볼만... 액션 생각하거나, 영상 특수효과 생각하고 본 사람들은 욕 나올듯... 재미없다... 진짜로 많이.....",2,0
216,미국 헐리우드 재난영화의 클리셰에서 벗어나지 못함,3,0
217,그냥 보통 만족. 지나가는 사람들이 주인공들을 태워주고 또 갑자기 왜 그런짓을 했는지 이유를 몰랐는데 나중에 이유를 알아도 이해가 안되는 건 마찬가지다. 꼭 그런 짓을 해야 했을까? 나는 이지구가 종말이 온다면 다른 행성에 가서 살기보다 그냥 내가 태어난 지구랑 같이 죽겠다. 다른 행성에 가서 살 자신도 없다,6,1
218,완전 재난영화 그자체 처음부터 끝까지 긴장을 늦출수없어요 현실이 될까봐 두려울정도로 현실감 있어요 강추합니다,10,1
219,개 실망 가족 영화다,1,0
220,이게 뭐냐,1,0
221,재난 속에서도 가족애만 있으면 된다는 메시지를 주기 위한 것인가? 생존자를 정부에서 선별하는 것부터 맘에 안 들었는데 주인공 부부의 관계회복을 목적으로 한것 같은 맥락없는 설정들. 지인에게 보자고 권해서 봤는데 사과해야겠어요. 비추!!,1,0
222,예고편에 나온게 가장 스펙터클한 장면입니다. 나머지는 이산가족 찾기. 미국 사람들 성악설 확인하기. 지 가족 밖에 모르는 남자 이야기. 맥락없는 여행기. 뉴스가 재난연화인 세상에서 이런 영화 비추합니다. ,1,0
223,가족들과 같이 보기 좋았어요!,7,1
224,시간 아깝다는 생각은 안들었다.,8,1
225,"SF 가 아니라 재난영화라고 인간들아 이 정도면 수작임  스토리, 연기, 개연성, 영상미, 스펙터클 모두 조화를 이루고 있음 그리고 이게 영화같지? 현실로 닥치면 이 영화를 떠올리게 될 것이다",10,1
226,진짜재밋게 봤는데 평점이 낮은이유를 모르겠음,10,1
227,지루할틈 없이 스릴있고 잼있었는데 평점이 너무 짜다,10,1
228,"있을 많한 이야기, 그러나 영화가 영화 같지 않다. 그냥 보지도 말고 궁금해하지도 말지어다. 검객 예매 했는데...헉 내일 걸 예매해서..그냥 극장간김에 본건데...우매...시간, 돈 다 아까움....",4,0
229,"혹시 지인이 우주적 재난 블록버스터를 보러가지 않으련? 이라고 말한다면 ""노""라고 답하세요 쌍욕 하면서 싸울 수 있어요.. 엄청난 그래픽에 SF의 신기원을 이룩한 영화처럼 광고해 놨던데 그냥 드라마.. 고구마/드라마  원제는 산너머 산.. 대충 이해되시죠?",4,0
230,보고나서  돈.시간 아깝다는 생각이...,1,0
231,"주인공 가족들 때문에 다른 사람들이 많이 죽게되니,  민폐 캐릭터들이라 별로.  지구 재난 상황 궁금해서 본 영화인데, 가족애 보여주는데 시간 다 쏟아서 지루함. 비추.",3,0
232,미국인데 일본차 광고를 담은...  집에서 아무 드라마 보세요. 드라마가 더 재미있습니다.,1,0
233,상영관이적은건 이유가있는겁니다 블록버스터가아니었네 발암가족이야기,3,0
234,2점도  아까운데 더 낮은 점수가  없네. 멤버십으로  봤으니 그나마 덜  억울하다만   나의 시간은  어쩔껴....,2,0
235,일본차와 미국국산차 비교 소수만 살아남기는 진부한 얘기 마지막 새 CG는 최악,5,0
236,완전 속았음. 블로버스터? 아니고 블랙버스터여,2,0
237,좋은 영화입니다^^,9,1
238,재난영화 중에서 이렇게 개연성 있는 영화는 없었던것 같다. 지구에 혜성충돌같은 재난이 일어나면 실제로 이럴것 같은 느낌이 들었다. ,8,1
239,"여자와 어린애의 바보짓, 실수를 발판 삼아 진행하는 멍청한 영화임,,,",5,0
240,기대가 커서 그런제 실망했네. 적어도 행성이 지구를 피해가서 모두 살았다는 결말은 아니어서 다행이고. 인도나 인도네시아도 저런 벙커가 있나? 그리고 극장에서 맨날로 남의 의자 옆자리에 발을 올려 놓는 무식한 짓은 하지 마라. 애도 아니고 나이 먹은 놈이 무슨 짓이냐? 가진게 없고 무식하고 교양 없는건 자랑이 아니다.,3,0
241,나쁘지 않은데 왜들그렇게 악플임?.. 현실적으로 저상황이면 자기가족보다 남가족챙길수있나?...  같은돈내고 국제경찰같은 영화보단 10배는  돈아깝지않던데.. 얼마나 영화에대해서 잘안다고들 뻣뻣하시나들...ㅋ,8,1
242,Selected되었음 조용히 가족들 데려가든가 동네방네 소문내고,5,0
243,지금 보고있다 똥을 쌓고 싶은 영화다 영화보면서 돈이 이깝다고  생각이  계속  든다,1,0
244,마지막 15분 감동적이어서 1점 알바생이 예뻐서 1점,2,0
245,재난영화 매니아로서 제일 재미없음 가족 모두 가서봤는데 모두다 절레절레...,1,0
246,가족이기주의 끝판~ 아니 지 새끼만 중요해요! ,5,0
247,혜성으로 인한 스펙타클한 볼거리는 생각보다 없다. (몇몇 장면만으로도 충분히 무섭긴 함..) 그보다는 주인공 일행이 고군분투하는 상황이 더욱 숨통을 조여온다.,10,1
248,너무 허술허게 만든 CG와 스토리도 너무 개연성 없는 이야기만....  지루하고 ....  시간과 돈이  남아 도는 사람만 추천,1,0
249,영화처럼 지구에 혜성떨어져서 지구인류반이상 사라졌음좋겠다 물론 나포함해서ㅜㅜ 살기가싫으네,7,1
250,재미없어요 지루해요,2,0
251,차마 돈주고 보기  아까운영화,4,0
252,재난영화를 빙자한 제라들버틀러에 가족찾아삼만리 씨지는 티비에서만보여주는 저렴한영상  명절하고잘만는병맛영화,4,0
253,코로나로 인해 일회용 씨레기가 산더미처럼 나오는 걸보고 큰일 나겠다 생각 했는데 무섭네요 홍수 지구의 온난화 등...우리도 미래를 대비 해야 하지 않을가 나부터  더 실천 해야 겠네요,9,1
254,약간은 아쉬웠던 내가족구하기재난영화였네요. 그래도 졸지않고 두시간 보았습니다. 지구의 재난이 남일같지 않네요. 코로나에 산불에 온난화에,8,1
255,시간 가는줄 모르고 잼께봄,10,1
256,명절 케이블TV용 영화,5,0
257,재난 영화 아님. 다른분들 내용처럼 가족영화라고 봄. 2012 영화와 거의 비슷함. 재난cg는 오히려 2012가 월등히 낫다고 봄. 별 재미 없었음.,6,1
258,‘가족애’에 치중된 재난영화의 추락,3,0
259,"재난 영화임에도 가족의 사랑과 진솔하고 잔잔한 감동이 매우 인상적입니다. 특히 성경의 요한계시록 내용도 나오며 종말의 위기시에 남은자들이 되기 위한 믿음과 사랑, 생명을 지켜내야하는 신앙적인 측면에서도 볼 수 있는 영화였고 사실적 표현이 큰 감동입니다. 극장에서 꼭 보세요~~",10,1
260,"추석때 가족이 함께 보기 좋은, 재난 영화를 빙자한 가족 영화... 재난 영화는 평균 이상의 재미는 보장 한다는 40년 인생의 고정관념을 깨준 고마운 영화... 관람하던 이들의 동공을 함께 흔들리게 해준, 낯선이들과의 진정한 연합을 이루어준 영화... 대한민국의 재난 영화 제작 기술의 위대함을 일깨워 준 애국 영화... 혼자 보기 억울해서 평점 5점 드립니다... PS : 참고로 와이프는 평점 10점을 원했습니다...",5,0
261,블럭버스터 액션절대아니다  딥임펙트급 가족사랑 눈물영화..2012급 액션 예고편이다다,5,0
262,잔잔한 가족 영화입니다 재난이 주가 아니고 재난을 소재로한 가족간의 끈끈한 사랑이야기이네요  그렇지만 지루하지 않고 뭔가 긴장감이 있는 몰입감으로 2시간이라는 상영 시간 동안 졸지 않고 시계 안보고  본 거 같네요  리얼리티가 있는게 실제 상황이 연상되면서 긴장감 있게 봤습니다  보세요~좋았어요!,9,1
263,재밌게 잘 봤어요~,9,1
264,2012하고 뭐가 다르냐. ,0,0
265,재난영화의 바이블은 역시 딥임팩트...가 최고다. 20년이 지나도 그정도의 재난영화가 안나오다니..........헐리웃이 역시 맛탱이가 많이 갔구나. ,2,0
266,고구마 500개 미국식 신파 스크린용은 아님,2,0
267,가족애에 집중한 연출은 재난영화라기 보단 휴먼 드라마에 가깝다. 실감나는 재난 상황을 기대한다면 실망하겠지만 가족애에 집중한 연출과 기획은 충분히 공감할만하다.,8,1
268,민폐가족,1,0
269,"졸음과의 싸움,,,,,아이고 아까운 내돈",2,0
270,재난씬이 너무 적ㄷ 초반 긴장감은 좋았지만 몇개 안 떨어져서 재난 영화로는 비추 가족 영화  인간적인 모습 보여주는 영화 여자 친구가  국제수사보다는 좋아 했다,6,1
271,재난영화보다 잠들기는 처음~~,3,0
272,.,5,0
273,뭔 재난영화가 이리도 지루한가! 예고편에 낚이지 말기를... 무료관람권 썼는데 아까워죽겠다!ㅠㅠ,1,0
274,"오늘 보고왔는데 역대급.. 스케일, 시나리오, 개연성 등 다 최고.. 블럭버스터!",10,1
275,영화 초반의 계속되는 무질서는 후반부 무질서 속에서도 남을 돕는 자들을 부각시키기 위한 듯. 마지막까지 긴장과 스릴이 넘치는 영화 헐리우드는 가족을 지나치게 강조하는 경향 언제쯤 바뀔까,8,1
276,헐리우드의 가부장적 스타일을 잘 보여준 영화 당뇨약을 버리고 그걸 말하는 아이와 여자는 발암유발 그저 주인공을 돕고 따르는 수동적인 존재 그래도 대피소 가는 과정의 로드무비와 재난CG 등  코로나바이러스 시대에 남일같지 않음,5,0
277,전반부에 가족과 헤어졌다가 다시 만나게 되는 과정과 후반부에 비행기에 타고 무사히 그린랜드에 도착하는 과정이 스펙타클하고 인간들의 선한면과 악한면을 두루 보여줘서 재미와 감동을 모두 주는 영화였어요,10,1
278,초반의 뭔가 터질듯한 분위기를 이끌어가질 못하고...개연성 없이 왔다갔다 스토리..CG만 볼만하다,6,1
279,간만의 재난영화라 기대를 너무 했는가? 용두사미다. 예고편이 다다,6,1
280,디스토피아적인 상황을 잘 그렸다.  위기 상황과 패닉 상황들 그 속에서도 가족을 지켜내기 위한 노력들. 비록 감동적이진 않지만 그럴듯한 상황을 보여줘서 공감할 수 있었다. 캐나다는 탈출이 쉽다던가 군인 경찰 간호사 모두 천사만 있는점은 좀 아쉽지만 불안한 요즘 세상을 보는거 같아 대리 만족을 할 수 있었다,7,1
281,저만 죽을 수 없어요.ㅋㅋ 급체유발영화 재난 영화가 주는 쫄깃한 긴장감 따위는 안드로메다로 ~ 난생 처음 댓글 남깁니다 ,10,1
282,코로나 시대에 겹쳐져서 보게되네요!,8,1
283,"재난영화라고해서 그 진행과정에 관심을 가졌었는데, 그런 장면은 CG로 죄다 처리하고 너무 카메라를 멀리서 잡아서 실감도 안나고, 그냥 가족영화네요.",4,0
284,큰 기대없이 봤다가 잼나게 보고 왔음~,9,1
285,지구멸망영화 끝나는시대 잘 봤어요 재미있어요,10,1
286,잠옵니다,2,0
287,뻔한 스토리 식상한 가족애 발암요소가 넘 많아서 왕 짜증나네요 걍 다같이  종말을 기다리지 저리 발악들인지 ,2,0
288,나름 잘 만들었네여!!!  시간가는줄 모르고 잘봤습니다!!!,8,1
289,볼거리가 없네요. 비슷한 느낌의 2012는 볼거리가 많았는데 그린랜드는 볼거리가 별로 없어서 2시간 내내 집중하기엔 조금 무리가 있었네요.  ,8,1
290,가족들이랑 같이 보면 더 재밌을 것 같아요 뭉클한 감동도 있음 ㅠ ,10,1
291,"재난영화는 확실히 비쥬얼 스케일 만으로도 존잼, 생각보다 감동도 찡하게 있어서 좋앗음",10,1
292,초반에 긴장감 넘쳐서 몰입하면서 보다가 마지막에 눈물 찔끔 났다..존잼,10,1
293,개봉까지 기다린 보람이 있다!! 진짜 시간 순삭! 간만에 돈 아깝지 않은 영화였음!,10,1
294,조조로 보길 다행...뻔한 가족애 영화...느린전개... 뜬금없는 아이 납치...암 걸릴뻔 조금 아쉬운건 혜성 충돌 장면을 좀 멋지게 보여 줬면....벙커 들어가고 난 후 그장면이 나오길 바랬는데,7,1
295,홍련의 비술 처럼 개똥같은 영화안보고 막 써 난 봤어 거지같어. 만든 감독한테 이메일을 쓸거여 거지같은 영화 왜 만들었냐고,2,0
296,무자비한  혜성 충돌로 인하여  지구의 운명이 결정되는 영화라고 생각해요. 과연 주인공은 살아남을지!!,10,1
297,너무 기대되요,10,1
298,음.. 재난 영화로서는 재미있는데 감독이 부산행을 감명깊게 봤나봐요. 회상씬이 많네요. 솔직히 그것만 큰 감점요소고 CG등 재난요소 등 기본에는 충실한것 같아서 몰입감은 아주 좋아요. 중간에 아주 약간 늘어지는 부분이 있는데 제 친구는 그때 잤어요.,7,1
299,제라드버틀러 기대한다~~!,9,1
300,가족영화로 충분히 수작,7,1
301,여기 댓글 신경쓰지말고 봐라.  볼만하다. 진짜다.,10,1
302,"재난영화의 공식 이혼 또는 별거가족, 아이가 아프다 무식한 사람들, 가족의끈끈함확인  벗어나질 않는 영화",5,0
303,평점 왜 이래? 개재밌는데,10,1
304,아프다 울다지쳤다...,10,1
305,볼만하다 . 심심할때.,6,1
306,저는 정말 긴장감 놓지 않고 끝까지 봤어요. 재밌는데 평이 별로라 의외네요. 저런 상황이 온다면 제일 먼저 아무것도 모르고 죽는 사람이 저였음 좋겠어요..,10,1
307,리얼리티가 있네요.,9,1
308,이렇게 재밌고 현실적인 재난영화는 처음 입니다.,10,1
309,스토리는 됐고 마누라 몸매가 좋음,10,1
310,미국영화의 특징:  애새끼가 ♪♬. 나같으면 말안듣는 새끼 버리고 나중에 새로 낳는다.,8,1
311,예고편이 제일 잼있음 코로나 덕에 2020년도엔 잼난 영화가 거의 안나오네~,1,0
312,"이게 영화냐  생존 앞에서는 친구도 버리고 ,  내가만약 그린랜드에 선택받지 않은사람에 속하지만 어찌저찌 해서 생존한사람이며 저기서 기어나오는 사람 모두 죽일것 같음  지들만 살자고 기어들어갔으니깐......",1,0
313,생략,1,0
314,재난영화를 기대했는데 볼거리가 너무 적다,4,0
315,이 영화가 재미없으면 도대체...,10,1
316,그상황에 옥상에서 술파티하는  장면이 공감된다,8,1
317,"소행성 충돌에서 자기 가족을 살리기 위해 노력하는 가장을 그려냈는데, 스토리 구성도 뻔하고 재난 영화가 주는 긴장감도 없었다.",3,0
318,2012보단 낫다. 망작은 솔직히 아니고 시간이 아까울 정도는 아닌듯..,7,1
319,내로남불을 당연하게 시전하는걸 보니 감독놈이 좌파놈인듯 ㅋㅋ,1,0
