﻿,document,score,label
0,뮤지컬을 런던에서 뉴욕에서 서울에서 본 적 있고 영화는 오늘 집에서 티비로 봤는데  그리 욕먹을 영화는 아닌 듯하네요. 혹평이 유행을 탔었나 봅니다. 전 남자지만 올드 듀터러너미 여성화는 굿센스라고 생각되네요.  관람 순서는 뮤지컬-⟩영화가 맞을 거 같아요. 저는 뮤지컬에서 놓친 디테일을 챙겨서 좋았던 관람이었습니다.,8,1
1,뮤지컬에서는  볼수없는 세세한 표현과 감정선 난 잘봤는데   웬 혹평이 이리 많은지이해안됨. 선입견없이 한번  보심 어떨까요~,9,1
2,"잘봤습니다.  뮤지컬 영화가 아닌 시네마틱 뮤지컬이라고 본다면 좋은 작품이었습니다.  약간 루즈하게 느껴질 수도,  스토리가 빈약하게 느껴질 수도 있지만 이 작품이 말하고자 하는 바는 그 줄기 위가 아닌 바깥에 있었다고 생각합니다.  혹평이 많아 궁금하지만 도전하지 않으신 분들, 생각보다 괜찮을 수도 있습니다.  고양이를 싫어하지 않으신다면, 추천합니다.",9,1
3,사람얼굴 바퀴벌레에서 훅 감 ㅠㅠ,7,1
4,재밌었는데 평점 왜이러지 뮤지컬을 본 사람과 아닌 사람들의 차이인가,10,1
5,이정도로  욕먹을 작품은 아니것같은데... cg가 조금 보기안좋긴해도 뮤지컬을 그대로 영화화한것같아서 보는내내 귀가 즐거웠어요!,10,1
6,뮤지컬의 생생함은 없지만 상상력을 가미한 넘  좋았던 영화.,10,1
7,"뮤지컬 무대의 현장감이 가진 아우라를 살릴 수 없는 게 아쉽지만, 나쁘지 않았다. ",9,1
8,동작 하나하나가  멋지고 아름답습니다 감동도 있고 한편의 멋진 공연 감상한기분,10,1
9,뮤지컬을 보신 분들이라면 내용을 더 잘 이해하실 수 있을 거 같습니다. 음악에 어깨가 절로 들썩이네요. 고양이들을 소중히!,10,1
10,"분장도 좋고, 배우들 진짜 고양이 같네요^^",8,1
11,바퀴벌레 빼고는 뮤지컬보다 영화가 나은 것같아요 ,9,1
12,뮤지컬보다 괜찮다고 느껴짐,10,1
13,오리지날 내한팀 뮤지컬 2번보고 오늘 영화보러갔는데 어차피 내용은 고양이 소개인거 알고 간거고 ..아는 노래와 고양이 나올때마다 흥분되고 노래 따라불렀어요~~노래 알고 가면 더 재미있어요~~뮤지컬에서 놓친 내용 다 알게되서 넘 좋았고 럼텀터거와 그리자벨라가 좀 아쉬움이 남는거 빼고는 전 만족스러웠답니다~~,10,1
14,인문학을 본듯해서 아주 좋았습니다.간만에 작품을 봤어요,10,1
15,이야옹~~~!!!!,4,0
16,악평이 많은 캣츠. 냇플릭스에서 봤습니다.  뮤지컬은 영상으로 두번 봤는데.....  저는 좋았습니다. 익숙한 노래들이 나와서 좋았구  뮤지컬과 다르게 춤외적인 부분도 알기 쉽게 영화로 보며 이해할수 있어 좋았구....  비판만 할 작품은 아닌것 같은데요?  뮤지컬을 너무 사랑한 나머지 이 영화를 과도하게 폠하하는건 아닌지.....,10,1
17,야옹~!^^,0,0
18,사람들이 왜 졸았다는지 알겠네.  그냥 분위기가 엄청 졸리게 함.  그리고 Memory같은 명곡을 R&B로 만들어 망쳐놓음. ,2,0
19,그래픽이 너무 많이 가미되어있어서  대실망,4,0
20,평점 4.9정도일줄 알았는데 . 테일러스위프트보려 꾹참고 봤는데 토쏠렸음 고양이들을 묘사해놓은 분장이 얼굴이 너무 이상,3,0
21,애들과 함께봤는데 좋아함..,10,1
22,"몰입감👍 메모리 노래할 때 전율, 소름 대박ㅠㅠ 뮤지컬도 꼭 볼 거임!",8,1
23,노래도 좋고 저는 고양이중에  마술사 고양이가 눈에 들어왔습니다.,10,1
24,현실이나 tv가 보여 줄 수 없는 기괴함에 박수.,4,0
25,"보다가 몇 번을 졸았는지... 그나마 제니퍼 허드슨 때문에 6점 줌. memory와 제니퍼 허드슨과는 잘 안맞을 거라 생각했었는데, 와... 진짜 대박이었습니다. ",6,1
26,캣츠가 객석에서 앉아보는 뮤지컬이라면 뛰어난 연출이라 하겠지만 뮤지컬영화로서는 정말 이해가 안될 정도의 연출이다. 영화라는 장르는 뮤지컬이나 연극보다 훨씬 더 많은 효과와 에디팅을 거칠수 있음에도 뮤지컬을 그냥 옮겨놓은듯한 느낌으로 오히려 진짜 오리지널 뮤지컬보다 못한 느낌을 선사하였다. 이 정도의 자본과 배우들을 투입하고 이렇게 만들기도 쉽지는 않은것 같은데 말이다.,5,0
27,후반부는 좋은편 그리고 단체 곡보다 솔로곡이 더 듣기 좋음 혼자 부르는거,7,1
28,평이 안좋아 갈까 말까 망설였는데 기대 않고 봐서 그런지 괜찮은데요.,8,1
29,♥♥♥,10,1
30,"영화를 기대하고 가셨다면  3점.    음악을 기대하고 가셨다면 마지막 근처에서 9점.   노래가 많아서,  우리 정서와는 많이 다를 것 같습니다.   아이들 데리고 왔는데 허탈하실 것 같습니다.    새로운 분야를 경험하는 정도면  될 것 같습니다.  ",4,0
31,한번더 봐도 안아까울 영화 눈앞에서 브로드웨이 공연 캣츠 뮤지컬이라니...또보고 말것이다,8,1
32,"너무 감동적인 영화입니다~ 진심!~ 소외된 고양이를 위로해주는 모습속에서 따뜻함을 느꼈으며,  용기를 잃은 마술사에게 용기를 주는 캣츠들의 아름다운 화음에 그 멜로디에 감격했습니다~ 인생 영화!~   꼭봐야할 영화입니다~",9,1
33,평점을 보니 불면증에 좋다고해서 꼭 가려고 한다  부디 헛말이 아니길 바라며...,10,1
34,죄다 졸았다고 하는데  어떻게 앞에서 노래 하고 춤추고  하는데 잘수 있는지 이해가 안됨...,10,1
35,이렇게악평받을정도는..아닌데..,8,1
36,어렸을 적  트럼프 카드의 킹과 퀸 카드를  처음 보았을 때 참  기묘하다는 느낌이 든 적이 있다. 아마도 루이스 캐롤이  그  기묘하고 이상한 느낌을 문학적으로  표현한게 '이상한 나라의 엘리스'일 것이다.  그  꿈의 세계는 곰돌이 푸우처럼 푸근하고 정감있는 곳이 아니라  불편하고 주인공에게  살짝 적대적인  세계다.  이 영화에서 받은 인상도  그와 비슷하다.  이 고양이 인간의 세계는 처음엔 매우 불편하고 기묘하게 다가온다. 하지만  영화의  중반 이후 (이안 맥캘런의 춤과 노래가 등장하는 즈음)이 춤추는 고양이들이 뭘 말하는지 이해하게 된다.  이게  그 유명한 캣츠였구나를 알게 되는 순간이 찾아오면  이 꿈나라에  동조하게 된다.  야릇해지는 연말연시엔 기묘한  고양이 인간들의  세상을  구경하,6,1
37,이목구비는 붙박에 옷도 움직이고 배경도 움직이고 얼굴도 움직이는 안경을 쓰지 않아도 3d를 저렴한 값에 볼수있는 최고의 영화이다,10,1
38,초반에  자기소개만 하느라 너무 지루한데 원작 자체가 딱히 스토리가 없으니 뭐... 뒷부분은 재밌어요. 연기나 연출도 좋구요,7,1
39,문화의 날에 봤기 망정이지... 고딩딸과 교대로 잠시 자고 5천원에 메모리 2번 들은 느낌,5,0
40,N차 관람할수록 더 좋아지는 영화,10,1
41,초반부는 쫄쫄이를 입은듯한 고양이 cg에 적웅하느라 조금 힘들지만 젤리클극장부터는 원곡의 힘과 다양한장면을 다룰수 있는 영화의 장점이 살아나 재미있게 봤습니다  일단 초등생 이하는권하고 싶지 않고 (왔다갔다 잠자고 ㅠㅠ) 켓츠 내용을 전반적으로 이해하는 데는 뮤지컬무대보다 더 도움이 됬습니다  ,8,1
42,졸리는 내가 이상한가? 결국 푹 잤다.,0,0
43,불면증에 시달리는 분들에게 초 강추~!!! 잠이 절로 와요~,10,1
44,만족할만한 수준은 아니지만 그래도 나름 괜찮았어요,7,1
45,태어나서 영화관에서 본 영화중에 제일 지루했어요;;,1,0
46,"걱정했던거보단 괜찮았음. 다만 그리자벨라로 나온 흑인의 목소리, 연기가 맘에 안들었고 럼텀터거도 예전 뮤지컬영화에서 나온 사람보다 느끼함이 줄어서 별로였고 나머지 고양이들의 매력이 뮤지컬만큼 나오지 않아서 약간 실망했음. 미스토펠리스도 춤을 기똥차게 잘 춰야 하는데 그게 안보여서 약간 실망했고..나머지는 다 좋았음",8,1
47,"뮤지컬 원작을 여러번 본 사람으로서 만족스러웠습니다. CG가 좀 아쉬운건 공감하지만, 캐츠의 스토리는 원래 고양이 캐릭터 하나하나 소개하면서 고양이가 닮은 사람들의 모습을 담아내는게 원작 스토리입니다.마지막 듀터러노미가 고양이를 대하는법 얘기하는 장면도 원작에서 막내리고 마무리하는 씬입니다. 완전히 영화처람 기승전결을 만들기를 원했겠지만 그러면 원작을 너무 파괴할수밖에 없죠. 뮤지컬 영화는 적어도 뮤지컬 원작에 대한 리뷰나 스토리 넘버정도는 사전에 보고 영화를 즐기길 바랍니다. 마치 어벤져스 보기전에 시리즈 정주행하듯이요.",10,1
48,딸이랑 같이 잠~잠이 솔솔 옴~극장에서 보기에는 돈 아까운 영화,1,0
49,나름재밌게보았다 악플세례받을정도는 아닌데....,10,1
50,졸아도 부끄럽지 않았다 차라리 뮤지컬을 촬영해서 보여주는게 나을듯,2,0
51,지루했음,4,0
52,이렇게 망쳐놓기도 힘들겠다. 뮤지컬명작은 뮤지컬배우의 무대에 맡기는 걸로~,1,0
53,"전국 노래자랑 고양이편 알고 있는 넘버는 오직 메모리뿐, 기억에 남을 넘버도 오직 메모리뿐. 서사도 감동도 없는 비주얼만 강조한 연출의 실패로, 반면교사가 될 기념비적 작품.",5,0
54,나만 졸음 때문에 힘든지 알았더니 많은 동지들이 있군ㅋㅋ 난 존게 아니라 코골고 잤음. 어째 노래만하냐ㅡㅡ,1,0
55,어쩔 수가 없네,1,0
56,가격이 10배이상 차이나면 감동은 그 이상인가 보지?,9,1
57,최악~,0,0
58,솔직히 영화관에서 안운건 퍼스트맨 이후로 처음이네요...영화화 할때 주인공 그리자벨라의 과거를 조금 더 세세하게 표현하면 좋았을텐데...너무 현재화 되어있어서 뮤지컬을 보는건지 영화를 보는건지...,0,0
59,"다른 건 몰라도 영상 하나만큼은 정말 괴이하고 불쾌하다. 예고편을 처음 봤을 땐 기겁했었는데, 막상 영화를 보다 보니 나름 적응은 돼서 끝까지 볼 수 있었다. 그러나 여전히 감독의 표현 방식엔 동의하기 어렵다. 기술도 충분한데 인간의 의묘화보다는 차라리 고양이의 의인화가 낫지 않았을까?",4,0
60,졸지 않을 수 없는 영화였다.,1,0
61,영화좋아하는데 극장에서 졸긴 처음이엇다.것도 5번이나 졸았다..뮤지컬영화중 최악.노래만함 근데 노래가 너무 지루함,1,0
62,40평생 극장에서 졸면서 본 영화는 처음,1,0
63,.....,0,0
64,우리나라사람들이 좋아하는 장르 중 하나 뮤지컬(음악) 영화라고 생각되는데.. 흥행도 왠만하면 잘 됐던 것 같고.  여튼 이번 영화 캣츠가 그런 흐름에 반전을 줄 것 같네요. ^^,2,0
65,"몇 년 전 너무 감동적으로 뮤지컬을 봤고,  그 느낌으로 딸과 함께 영화를 봤어요 뮤지컬은 그냥 뮤지컬로 보는 것이 진리~~ 열심히 열연한 배우들과 분장팀 노고를 생각해서 별3개",3,0
66,웬만하면 영화 다 재미있게 잘 보는 사람입니다. 이 영화는 너무 지루해서 힘들었음... 뮤지컬 좋아해서 보는 사람 외에는 절대  보려고 시도하지 마세요. ,1,0
67,뮤지컬을 그대로 영화로 옮겨와 답답 CG티가 너무나서 Real이 아닌 Fake 같음 스토리도 뮤지컬로는 괜찮으나 영화로는 많이 부족함 별 2개는 노력한 배우들에 대한 존중,2,0
68,그냥 알수 없는 노래만 쭉~ 메모리 나올때 잠깐 반갑. 간달프 나올때 잠깐 반갑.,5,0
69,캣츠가 뭘 말하려고 하는 건지 줄거리가 뭔지도 모르겠다는 분들... 원래 뮤지컬도 이래요 뮤지컬은 호평인데 영화는 혹평인건 왜인가요 물론 뮤지컬을 영화화하면서 부족함도 있었지만 내용 이해가 안되서 최악이다 영화 내내 졸렸다고 하는 사람들은 뮤지컬로도 절대 보지마세요,10,1
70,뮤지컬 영화로의 가치를 높이 평가한다,9,1
71,화면은 눈을 땔수없이 아름답다.... 근데 영화가 뭘 말하려는지는... 도저히 모르겠다 ㅡ.ㅡ,6,1
72,이것도 영화라고~~~앞자리는 30분만에  아이 데리고 나가버리고 나는 코골다 허벅지 꼬집다... 결국 아내와 일요일 공치고 사이가 틀어지고 말았다...  이것도 영화라고 진짜~~~걸레다 김해에서 ......,0,0
73,30분만에 같이간언니와 자리를 박차고 나왔다.,0,0
74,보는도중에 나온건 20년만인듯,1,0
75,더럽게 별로임,1,0
76,졸려서 혼났어요. 캣츠가 예쁜것 말고는 매력 없었음!,4,0
77,레미제라블 만큼의 퀄러티를 기대했었는데 메모리밖에 남는게 없다.,5,0
78,두서 없는 내용과 매력 없는 캐릭터,5,0
79,memory 너무 좋았고 스토리는 예상되는 내용이었지만 뮤지컬영화 너무 좋네요..고양이가 의인화되는 설정이 신선하고 좋았어요,10,1
80,"제 수준이 별로인지 모르지만 전 상영시간 내내 굳이 나쁜 기억 하나 없이 영화를 즐길 수 있었습니다.  (T.S. 엘리엇의 시를 곱씹 듯 장면장면을 맛보았지요) 그걸로 부족하다면 memory를 부르는 제니퍼 허드슨,  그 노래, 그 목소리, 그 가수, 그 상황의 고양이 하나로  넘치게 만족할 수 있었다고 자신합니다.  예쁘게만 부르는 여타 뮤지컬에서 듣던 memory와 달리 애절하고도 투박한 제니퍼의 목소리에는 울컥, 거듭 눈물이 흘러 감정을 추스리느라 한참동안 숨이 가빴더랬으니 적어도 제겐 영화 역시 뮤지컬에 비해 손색이 없는 값진 MEMORY었습니다.",10,1
81,진짜 푹 잘 수 있는 영화!!! 불면증 있으신분들 완전 추천,0,0
82,CG의 불편함. 스토리의 부실함. 메모리는 좋음.,3,0
83,나만 재미 없는 걸 볼 수 없다..같이 보자..같이...돈 날리자!!!,10,1
84,발레도 보고 비보이도 보고 계속되는 음악에 너무 기여운 빅토리아까지.....  제니퍼허드슨 울먹이는 메모리 감정이입되서 감동..... 나까지 울고 최고의 영화임,10,1
85,"음악.춤.메세지 기다린보람이 있었다 검증된 뮤지컬이 현장의 열기라면 영화는 동화같은 매력이 있었다 무대에서 표현되지못한 벌레군악대.기차역연결씬. 해가떠오르는 광장의 아침은 스크린의 감동이었다. 생상의 동물의사육제를 떠올리게하는 캣츠ost를 사랑하는분들이라면 음악만으로도 분명 아깝지 않은 관람이 될것이다 다만 음악이 영화에서 별로중요하지 않은 분이라면 고양이자기소개라는 안타까운 평을 할 수 있으리라고는 본다 분장에 대한 악평들도 워낙 많아 확인해보니 뮤지컬역시 사람손에 바디인데ᆢ 나는그보다 세계적 발레단 공연을 함께 본 일거양득의 시간이었다 마지막으로  메세지 저마다 고양이의 이름과 존엄에 대한 발견.인간계로 확장하자면 기차운전사, 늙은연기자, 집안일하는 살찐 중년, 은퇴한 유흥가의 여자ᆢᆢ 세상사에 지치고 ",10,1
86,"감동적.  클라이막스 제니퍼허드슨  Memory 들으며 전율이 오고 울컥, 눈물 ㅡ 카타르시스 느낌.  Well made movie. 감독의 역량 대단함.   졸았다는 평이 있었지만  좋은 영화일줄 알고 있었음.",10,1
87,뮤지컬 캣츠랑 데칼코마니이길 기대하셨나요? 오리지널팀 내한공연 뮤지컬 캣츠 저도봤습니다   비교하며 똑같지않다고 평점테러하지 마세요 그러실거면 비싼돈주고 뮤지컬만 보셔야죠 영화도 충분히 괜찮습니다  심하게 평점테러 당하니 9점주려다 안타까운마음에10점,10,1
88,이거 10점 준 사람들 나만 죽을수 없어서 준거임?,0,0
89,뮤직컬 영화 정말 좋아해서 기대를 너무해서 그런지....너무 실망이크네요...이건 뮤직컬로 제대로 보는편이 나을것 같아요 보는 내내 지루하고 주연배우의 춤연기. 메모리 음악...아주 잠깐 볼만한 정도....레미제라블팀이 만든거래서 기대했는데....대실망,2,0
90,"호불호는 갈릴듯하네요. 영화 다 보고난 후 옆에 아저씨 왈~ ""이게 무슨 내용이야?""하기도 하고, 또 중간에 나가는 관객도 있더라구요. 캣츠는 워낙 뮤지컬로 유명한 작품인지라 그걸 잘 모르고 보신 분들에게는 아마도 재미없을 수도 있을 듯 해요. 저흰 잘 봤습니다~^^",7,1
91,레미제라블 3번 라라랜드  3번 봤는데 이건 진짜   최악 백두산도   별로였는데 이건  진짜............,1,0
92,원래 스토리는 등장 고양이 중심의  소소한 캐미로 채워진 뮤직컬이었음.  충분히 영화로 잘 만들어진 것이라 생각됨. 초반 약간 실망스러웠지만 그 뒤로는 완성도 높다고 본다. 고양이 하나 하나가 실제 어떤 고양이 를 표현한 것인지 상상하면서 더 즐거웠다,9,1
93,"2시간 동안 아름다운 음악으로 귀가 호강하였고, 이 땅에 버림받은 고양이들에게 헌정한다. 그리고 평점테러 하는 사람들은 백두산이나 봐라.",8,1
94,"뮤지컬이란 장르를 좋아한다면 만족할만한 수준의 영화입니다. 장르에 대한 호불호가 있을수는 있겠지만요. 전 뮤지컬을 좋아하는 사람인데 기대하고 봤고 기대에 어긋나지 않았어요.  내용은 어차피 정해진 내용이고 음악과 구성이 좋았습니다.  고양이 귀 움직이는 디테일도 재밌던데요. ^^ 제니퍼 허드슨의 메모리는 뭔가 심금을 울리는 색다른 의미로 다가왔습니다.  혹평이 많은건 뮤지컬영화를 받아들이기 어색한 사람들도 있어서 그런것같은데요. 퀄리티가 허접하거나 성의없는 연출같은 치명적 오류는 없었어요. 연기자, 분장, 연출, 음악 모두다 기대한것만큼은 보여줬어요.  본인이 뮤지컬에 대한 알러지가 있다면 보지 마세요.  그리고 미국 평점 사이트에서 준 점수가지고 이 영화를 본 사람들을 수준 이하라고 얘기한 밑에 어",10,1
95,궁금하면 보세요! 기대는 아예 하지 마세요. 잠은 충분히 주무신 다음에  보러 가시구요. 저는 오래 전에  뮤지컬 오리지널 팀 공연을 보면서 분장이 참 신기하다고  생각 되었는데 영화는 좀 기괴하고 무서워요. 뮤지컬은 사람이 고양이 흉내를 잘 내는구나 이런 느낌이면 영화는 지나치게 고양이 비중이 높아서 몰입이 안 되고 거부감이 듭니다. 뮤지컬은 젤리클 주제음이 계속 깔리는 반면 영화는 그렇지 않고 제니펴 허드슨 메모리만  뮤지컬 보다 나아요. 궁금한 분만 보세요.,1,0
96,"""dogs"" 란 뮤지컬이 만들어 진다면 어떨까?",1,0
97,어떤부분이 지루하고 어떤부분이 징그럽나요?  몸짓하나하나 아름답고 연기도 분장도 놀랍던데.. 8살 10살 딸아이들도 두시간 내내 집중하고 조용히 봤습니다 12세이상이지만 선정적이거나 자극적내용이 없는거 알고갔고 혹시나 지루해할까 걱정했지만 전혀였네요  음악도좋고  시간가는줄 몰랐습니다.  혹평이 너무많아 안타깝네요...,10,1
98,저도 째끔졸았네요.나름 좋아요. 노래도좋고 연출도  특별하고,6,1
99,"남편은 졸았지만, 저는 재밌게 봤어요. 크리스마스에 딱 어울리는 감동도 있습니다.",9,1
100,미국 영화평론사이트인 토마토에서 평점 18프로를 받았다는것이 보고나서야 공감되더군.. 이제까지 본 헐리웃 뮤지컬영화중 최악이라 부를만 하지.. 근데 한국인들은 겨울왕국2처럼 뭔가 있나싶어 특유의 군중심리로 우르르 몰려가며 보고있지.. 정말 수준이 낮은 관객들이지..,2,0
101,노잼,1,0
102,"예매를 한 후에 혹평의 후기들을 본 터라 걱정이 많았는데 나쁘지 않았다 같이 본 어머니는 안 봤으면 후회할 뻔했다는 얘기를 하실 정도로... 물론 극 초반에는 졸았지만 그건 단지 뮤지컬  영화 자체가 내 취향이 아니여서일 뿐이고 전에 봤던 뮤지컬 영화도 동일했기에 지루해서 쭉 잤다는 것 역시 케바케다. 배우들의 분장이 징그럽다는 평을 많이 봤지만 뭐, 그렇게 징그럽지도 않았다 결론은 봐서 나쁠 건 없는 영화. 아, 마지막에 감동적이라 눈물이 조금 날 수도 있다.",9,1
103,초반에 좀 지루한감은 있지만  평점테러당할 만큼 형편없는 영화는 아닙니다. 중후반으로 갈수록 감동도있고 흥미로운  전개로 나름 재밌게 봤습니다.,8,1
104,안좋은 후기가  많아서 걱정했지만  재밌게 보았네요  막판에 눈물까지 ㅜㅜ~ 배우들 연기와 춤 노래 좋았어요,8,1
105,정말정말세상에서가장가장겁나존나수퍼파워 노지고지리고씹고뜯고맛보고즐기고랫잇고알파고좀비고재미없다아싸라비아다비드비아닭다리먹고삐양삐양애얄감동실화에베베베베흘으으응ㅇ,1,0
106,경쾌함 속에  감춰진 슬픔 그리고  mermory 는 우리를 전율케 한다,10,1
107,"대중적 영화 아니지만, 좋음",8,1
108,얼굴이 너무 사람얼굴인 거 다 티나는 느낌이 좀 아쉬운듯 긴장감이 좀 떨어지고  그래도 봄발루니아역의 테일러스위프트가 가장 인상깊음 그나마 고양이상이여서 덜 이상하고 부르는 노래가 좋았음 또 다양한 고양이들의 이야기가 나와서 재밌었음,9,1
109,캣츠는 뮤지컬도 영화도 처음. 일단  여러 고양이의 특성을 잘 살린 분장은 굉장히 좋았어요.  스토리가 불명확해서 초반에 지루해서  졸리더군요. 초반지나고 재미있게 봤네요. 고양이 키우고 많은 고양이 보살피는 입장에서 고양이의 습성이나 표정 몸짓등은 훌륭했어요. 내 이해력이 부족한건지.. 줄거리에 대한 이해는 ...  좀.. 쫑긋거리는 두 귀와  감정 풍부하게 흔들리던 꼬리는 ~~~보송한 솜털~~~,7,1
110,진짜로 돈아까워요 내 영화보다가 끝나는 시간 기다리긴 처음이네요,1,0
111,1점도 아깝다....,1,0
112,"진짜 재미없어  가족  모두  졸 다  나옴.  20년간 봐온 영화중 가장 최악영화. 스토리도 없고, 내용도없고, 그래픽 모두 최악.. 여기에 평점 10점 주는 사람들은 거의 대부분 영화 관계자라고 봐도 무방함.. 그런 평이 나올수 없는 최악영화... 영화 보고 나면 이해갈것임.  특히 같이 가서 보면 둘다 싸우거나 어색해짐",1,0
113,레미제라블 감독이 만든거 맞나 싶네요. 이건 뭐 영화도 아니고 뮤지컬도 아니고 처음부터 끝까지 등장인물 소개만 보고 나온 느낌! 이랄까.. 보다가 나오고 싶었던 영화는 캣츠가 첨이네요.,0,0
114,영화는 아닌듯 뮤지컬의 생생함이 훨 좋음 영화는 진짜 졸다 옴,0,0
115,"다른 건 다 그렇다쳐도, 제니퍼 허드슨의 '메모리'는 클라이맥스라는 말이 무색하게  징징거리다가 끝난 느낌, 기대감이 팍삭ㅠㅠㅠ",5,0
116,"넘 지루하고,,,, 실망입니다. 뮤지컬로 끝내셔요.",1,0
117,잼있게 봤네요 자러갔는데 잠은 안오네요,8,1
118,"연기좋고, 주인공 이쁘고, 감동적임.",9,1
119,숙면이 필요하신분 목베개 준비해서 가셔요 꿀잠 ㅎㅎ,6,1
120,불면증있으신분 추천합니다,1,0
121,뮤지컬때 생각으로 기대했는데...영화는 영 아닙니다. 극장사운드는 대실망 영화는 웬만하면 안보는것이 돈버는것입니다.,1,0
122,스토리도없고 음악도 지루하고 뭐하는건지...소리끄고 자막꺼도 상관없을듯...그냥 엘베안에 켜놓는 무음 광고영상보는 기분....  보다가 중간에 나와버림 ,0,0
123,메모리만 기다리다... 메모리만 남다,4,0
124,넘 지겨웠습니다.ㅜ,1,0
125,예고편이 화려해서 색다른 영화 기대하고 갔다가.. 정말이지...  초반에느 지루하고 스토리도 없고.. 노래도 이건 뭐 아마추어 수준에.. 대체 이걸 왜 만든건가 싶더라.. ,5,0
126,뮤지컬영화는 빼먹지 않고 보는데 가장 음악이 별로였습니다. 사운드도 너무 안좋은 모노인듯하게 않좋았고요. 스토리가 너무 없이 진부한게 고양이를 이뻐하는 저조차 고양이 행동과 특성을보며 아주조금 웃음짓는부분 있었으니 고양이를 잘모르시는분들은 마냥 지루하실듯! 너무너무 아쉽네요. ,1,0
127,평소에 뮤지컬영화를 좋아하는 1인으로써 영화가 많이 아쉽네요. 평점이 낮은 이유가 있어요. 다음부터는 평점 낮은 건 안 보고 싶어요. 메모리 노래가 아깝다는 생각이 듭니다.,2,0
128,최곱니다,10,1
129,흠 ....여친이랑 분위기좀 잡을려고 보러 갔다가..반쯤보다 나왔습니다. 영화보면서 중간에 나와보기는 처음이네요. 새로운 경험이었습니다.,2,0
130,최고입니다,10,1
131,기대하지않고 볼만한 영화. 큰 내용이 없고 졸리다.. 다행이 불쾌한 감정은 들지 않았다.,5,0
132,워낙 잘 아는 뮤지컬영화에 스토리를 기대하지는 않는다는 각오(?)로 임한 캣츠... 붕~붕~붕~음악이 훌륭하던데(훌륭한 음악을 충실히 재생한 것이지만 ㅎ) 평단의 혹평이 나의 느낌일 필요는 없다는... 사족이지만 발레에 가까운 춤들이 눈요기거리이긴 한데 마치 CG로 춤사위를 표현한 것처럼 보여져서 제작진들은 이점에 억울해해야 할듯,9,1
133,"스펙타클한 영화스토리에 길들여진 현대 관객들에겐  좀 지루한 느낌 맞음. 그래도 워낙에 노래들이 고급져서 그걸로도 영화값 안아까움.  Oh, well  i never was there ever a cat so clever as magical Mr. Mistofelees  노래 계속 흥얼거렸다는..",6,1
134,"개인적으로 비위가 약하고 겁이 많아서 바퀴벌레, 쥐, 혐오스런 고양이 모습 등등을 운운한 평을 보고 괴기스럽고 망작의 기운이 느껴져 걱정했습니다. 그 부분은 조금 과장해서 퍼져나가고 있는것 같구요, 저는 참 좋았습니다.  뮤지컬 캣츠를 보는 비용의 1/10도 안되는 비용으로 본다는 생각으로 즐기세요. 로열발레단 수석무용수가 분한 빅토리아의 아름다운 몸짓하나하나에도 집중해보시면 멋진 시간 되실듯 합니다.   ",8,1
135,성냥팔이소녀의 재림이 1점이면 캣츠는 0.000001점 실력없는 개그맨이 두시간동안 굉장히 열심히 관객을 웃기려고 노력하는 영화. 평생 본 영화중에 가장 최악이라고 자신할 수 있고 남은 생에 볼 영화중에서도 가장 최악이라고 자신하루수 있다,1,0
136,꿀잠자고옴~~ 불면증에 최고,1,0
137,1점도 아까운 영화. 해외에서 평점 10점에 2점인 이유가 있음. 자는 사람들 진짜 많고 최악임,1,0
138,1,1,0
139,정말 잘 자고 왔습니다.,1,0
140,그 좋은 넘버들을 이렇게까지 활용못해서 만들다니.... 대실망극.....,1,0
141,메모리에 꽂혀 가족 8명이 다 보게 예매를 했는데 전부 잠잤어요 대실망 이렇게 지루하게 만들어도 돼나? 역시 우리나라 영화가 짱,0,0
142,스토리 없음. 왜 고양이들 개인사정을 듣고 있지라는 생각이 듬. 뮤지컬은 여기서 얼마나 더 다를까? 왜 유명한 뮤지컬이 된거지? ,5,0
143,뮤지컬 영화에서 음악이 별루면 말 다한거지 연기 어색하고 노래 별로고 의상은 둘째 치고도 이건 망작임.,1,0
144,노래도 별로임,1,0
145,크리스마스날 영화로 기대를 안고 갔는데 대실망했습니다.  스토리보다 노래 들으러간건데 노래도 좋은지모르겠고 화면은 어지럽기만하고 번역도 이상한것같고..암튼 진짜 중간에 나오고싶었습니다.,1,0
146,보는 내내 지루했다. 평생 이렇게 영화관에서 많이 잔 영화는 처음이다.,1,0
147,수면장애자용~~,1,0
148,몇년전에 뮤지컬로 보았을때의 감동을 기대하였지만..... 코까지 골았네요... 그러기도 힘들텐데...,1,0
149,재미로만 평가한다면  정말 재미없습니다.,2,0
150,뮤지컬을 스크린으로 잘못 옮긴 대표케이스 하품만 욜라 나오고 언제 끝나나 시계만 들여다 보다 나옴,3,0
151,"기괴하다,분장이 이상하다등 재미없다는  평이 많은데  나는 괜찮았슴 초반에 적응하는데 시간이 걸렸는데 중반이후 배우들의 움직임,노래등이 감동적이었슴.",8,1
152,지루함은 좀있었지만  재밌게봤습니다,7,1
153,볼만한데? 일단 노래가 다 살림,8,1
154,"처음부터 화면이 이리저리  정신없이 돌아간다.. 토하기 직전.... 영화 20분이지나면서 졸음이 오기 시작 ㅠㅜ 쥐들과 바퀴벌레에 맨붕이와서 잠이 깸... 계속 지루함 .. 즐겨 듣는 음악이 아니였으면... 마지막, 풍선타고..?",3,0
155,진심 너무너무너무 재미없음.,1,0
156,레미제라블은 띵작으로 만들어 놓고 이건 왜 그랬어요ㅠㅠ,3,0
157,대체 왜 캣츠를 영화화를 한 걸까....,1,0
158,완존 좋왔어요~~^^,10,1
159,괴기히고 쟁시 없다는 평을 보고  들어갔는데 전 너무 좋았어요. 고양이가  각각 개성이 있고 전 괴기스럽지 않았어요. 전 겨울왕국보다 더 좋았어요. 꼭 보시라고 추천합니다,10,1
160,"새침한듯 앙증맞게 예쁜 빅토리아 냥이와 '메모리'란 노래만 기억에 남는 영화. 근데 그 노래의 선율과 감동이 꽤나 묵직하고, 순간 울컥할 만큼 대단하다. 영화가 끝나고 그 노래가 입가에 맴돌며 나직하게 읊조려진다면 당신 또한 위로가 필요한 사람일 듯. 토닥토닥.",7,1
161,"왜 기괴한 생명체 얘기가 나왔는지 일겠더군요. 감독이 고양이의 특성을 어디까지 입힐지에 대한 부분이 좀 과했었던 것 같군요. 일부 캐릭터만 입은 옷을  모든 출연진에게 입히고 나왔으면 훨씬 괜찮았을 것 같더군요. 관객이 감독의 의도와 다르게 캐릭터를 받아들이기가 어려웠음. 특히, 쥐와 바퀴벌레에 사람 얼굴을 입힌 것은 너무 과했음. 나머지는 볼만했음. ",7,1
162,자전거도 안탔고 섬에도 안갔고 모든걸 피한 내가 고양이에게 물렸다,1,0
163,그유명한켓츠를 이제야봤네요ㅡ고양이와인간과비슷한점이 많구나~~역시 이래서켓츠켓츠했군요ㅡ 명작책한권을본듯ㅡ감명받았어요♡ 뮤지컬영화라서 노래도 좋고 고양이분장도 잘했구요ㅡㅡ멋진하루였습니다♡,9,1
164,뮤지컬 좋아하면 꼭 보시기를~ 강추   만원에 멀 더 바라는지... ,9,1
165,10살 8살 아이들과밨는데요 볼거리도있고 그리자벨라의 메모리는 정말좋네요~~~^^ 뮤지컬영화 좋아해서 전 재미있게봤어요~,8,1
166,"최악의 영화. 덕분에 최악의 크리스마스. 차라리 집에서 [나 홀로 집에 1, 2, 3]을 보는게 더 낫겠다.",0,0
167,영화가 보여줄수있는 뮤지컬의 장점을 너무 잘 살렸네요. 먼저 스토리를 알고 가면 더 재미있게 감상할수있겠네요.,9,1
168,그리자벨라의 연기와 노래만으로도 10점이에요. 메모리 노래 대박이구요ㅜㅜ 소울 풍의 목소리와 감성이 와~~완전 반했어요. 저는 5분을 위해 만원을 투자해도 아깝지 않았어요. 이건 제가 메모리란 노래를 엄청 좋아하는 이유여서 그러니 지극히 개인적인 의견이라 생각합니다,10,1
169,오우~~! 메모리~~ T.T♡,10,1
170,캣츠 뮤지컬을 좋아하면... 볼만하겠지만.. 저를 물론 극장에 계신 분들이 지루하다.. 졸았다라는 평을 할 수 밖에 없었습니다.. 주제는 잘 알겠지만.. 이걸 영화로 보는 건 비추합니다.,1,0
171,평점 0점을 표시할 수 있어서 다행 살면서 평점 남겨보긴 처음 졸음 참지말고 그냥 푹 잘걸 그랬음,0,0
172,저는 참 좋앗어요~^^ 가족영화로도 좋을듯해요!,9,1
173,개인적으론 재미있게 봤습니다,8,1
174,오랜만에 괜찮은 뮤지컬영화 봤어요 추천합니다!!,9,1
175,귀호강~⟩⟨ 짱좋아요 ㅋㅋㅋ,10,1
176,우려와는 달리괜찮앗음,9,1
177,"뮤지컬을 영화한 오페라 유령이나 레미제라블에 비하면 극적 스토리가 약해서 지루한 느낌을 주지만 엔드로이 위버 음악과 역동적인 춤, 분장등으로 충분히 뮤지컬 원작의 감동을 느낄 수 있었습니다.",9,1
178,다 좋으나 스토리 미약함,5,0
179,볼거리는 있어도 스토리는 하나도 없습니다..,3,0
180,그냥 괜찮더만...,7,1
181,최악의 영화...,0,0
182,너무너무 좋게 봤는데 평점이 다소 의외? 뮤지컬의 감동이 다시 느껴지네요. 음악과 배우들의 섬세한 연기가 일품이었습니다.,10,1
183,그래픽이상해도 좋아ㅋㅋㅋ노래때문에 또 보고파ㅋㅋㅋ,10,1
184,기발한 상상력과 압도적인 음악이⟩.⟨,9,1
185,이상하게 계속 보게 되는 영화랄까? 왠만만 오락영화보다 훨씬 재밌다,10,1
186,진심 강추!! 넘넘 재밌었습니다,10,1
187,뮤지컬은 비싸서 못봐도 영화는 2번이고 3번이고 볼 수 있다 ㅎㅎ,9,1
188,색다른 뮤지컬 영화를 보고 왔습니다~!,9,1
189,기대보다 더 좋았던 영화],9,1
190,초반에 한 30분 꿀잠 잤고 그 이후엔  돈 아까와서 눈 부릅뜨고 봤는데 춤 노래는 볼만 했지만 스토리가 넘 지루했슴.,2,0
191,뭐지. 뭘본거지...  충격.,1,0
192,이 뮤직컬에 대한 사전지식이 없어서 재미없는 거라고 하는데 우리가 영화를 공부하고 가야합니까?! 저 역시 스토리를 모르고 갔는데 돈아까워 죽는 줄 알았습니다! 제 생각엔 알고 가도 제미없었을거 같네요.,0,0
193,지루하다못해내용도허점하고잠만자다가왓음 돈이넘아까워,0,0
194,저는 뮤지컬보다 영회캣츠가 더 감동적이였엉ᆢ^^ 뮤지컬은 2번에 나눠서하니까 이해가 안되는데 영화는 다볼수있어서 좋았어요^^~~,10,1
195,음악만  좋았고 같이 영화본 친구는 계속 자고 있음 ㅋㅋ,4,0
196,초반부 지루함이 느껴지긴 했지만  배우들의  탄탄한 내공 연기에 감동적 이었음 ....무지컬을 좋아하는 분들에게 추천합니다♡♡♡♡,9,1
197,매우 지루함,2,0
198,대박어이없는영화 영화보다 중간에나오긴첨,1,0
199,내가 너무 기대했다  너무 잘잤듯 그래도 분장과 춤  그리고 노래봐서 예의상 점수줌 내용 ㄹㅇ 1도  기억안나,3,0
200,지루하네,1,0
201,분장이 가상하여 드림,2,0
202,ㅋㅋ 빵점은 못주냐? 햐~~~진짜! 수입한 넘들 먼저.봤을텐데 ~ 수준이…이걸 수입할 생각이 든다니! 데체…하……43년 인생 중에  최악 1위다.,1,0
203,푹 잤습니다... ,1,0
204,꿀잠. 잠 완전 잘옴 불면증 탈출,1,0
205,정말 지루합니다. 돈이 아깝네요.,4,0
206,너무 지루해요,2,0
207,뮤지컬  영화의  광팬이고 영화보면서 잘  안자는 편인데  잤다 제작사측은  사과바람,5,0
208,뮤지컬 원작을 완전히 망쳐 놓았네요. 정말 강력하게 비추합니다.,0,0
209,영화를 통해 고양이세계를 좀 더 알게 된 계기입니다 무척 재미있었어요,9,1
210,뮤지컬이 나을듯,2,0
211,젤리클 젤리클 젤리클 젤리클 젤리클 젤리클 젤리클 젤리클 젤리클 젤리클 젤리클 젤리클 젤리클 젤리클 젤리클 젤리클 젤리클 젤리클 젤리클 젤리클 젤리클 젤리클 젤리클 젤리클 젤리클 젤리클 젤리클 젤리클 젤리클 젤리클 젤리클 젤리클 젤리클 젤리클 젤리클 젤리클 젤리클 젤리클 젤리클 젤리클 캣,1,0
212,..내 돈,0,0
213,울아들과 마누라한테 추천했다 욕먹었음.,1,0
214,한마디로 말할게요  절대 보지마세요,1,0
215,'캣츠'라는 작품의 감동엔....리얼한 털은 필요없다. 하지만 감독이...어떤 이유로 캣츠라는 작품을 영화화하고 싶어했는지는 느낄 수 있었다. 배우들의 탄탄한 연기로 보여지는 감독의 의지.,3,0
216,볼만합니다,8,1
217,"첨으로 영화보면서 잤어요.스토리도 없고,춤도 그닥 멋지지도않코 딸이랑 같이 봣는데  딸두 첨으로 영화봄서 잣대요.ㅜ",3,0
218,뮤지컬은 고양이 같은 움직임을 보는 재미가 있었는데 이건 cg가 너무 과도해서 아무 감흥도 없고 오히려 괴기하고.. ,1,0
219,배우들 정말 대단하고 멋있어요. 스토리 전개는 그닥. ,8,1
220,내가 뭘 봤는지는 기억나지 않는다,4,0
221,진짜 이상한 영화... 돈 아깝고... 기억에 남는게 앖다.. 노래가 좋은 것도 아니다 진심으로 별로다... 평생 영화보면서 이렇게 지루하고 짜증나서 지금 영화보는 중간에 이거 쓰고 있다. 사람들 반응보시면 나올거에요 진짜 재미없고 남는거 하나도 없습니다. 지루해 죽겠네요,0,0
222,"브로드웨이뮤지컬을저렴하게 극장에서보다니 소외되고아픈영혼을함께,우리,공동체가 보듬어서치유할수있음을보여준것같다 감동!! 연말이라서더따뜻하게본것같다",10,1
223,쿨쿨...,1,0
224,개인적으로 소중한 몇장면..그것만으로도 충분하다,8,1
225,나름 이정도면 고퀄리티 영화 ㅋㅋㅋ,9,1
226,존잼이다 기다린 보람이 있다,10,1
227,"뮤지컬이 재밌다고 해서 봤는데 기대 이하...기억에 남는 노래가 없음, 그리고 무슨 내용인지 모르겠음 다시 보고 싶지 않음",1,0
228,살다살다 이렇게 지루한 영화는 또 첨보네 영화 30분보다 중간에 나왔습니다 스토리도 지루하고 재미도 없고 보다 중간에 잠옵니다 여긴해서 다 보는편인데 이건 졸음을 참을수가 없을정도네요,0,0
229,"그리자벨라 완전 미스캐스팅ㅜㅜ 소울풍의 메모리~ㅜ 듣기 싫고,보기 싫었음.. 것 빼곤 괜찮았다~",6,1
230,진심 노재미 중간에 나가는분도 계심 이것 보느니  불우이웃돕자,0,0
231,제길 내가 이 영화를 왜 봤을까?,1,0
232,캭~~ 퇫 ,1,0
233,하품만,1,0
234,이상함.,3,0
235,처음부터 끝까지 다양한 춤과 노래의 향연.  감동적인 Memory.,7,1
236,109분의 영화에 모든 것을 담기엔 무리가 있어 보인다.,8,1
237,돈들여 뮤지컬로 봤으면 눈물 났을 듯... 갠적으로 허접한 스토리를 춤으로 때우는 뮤지컬은 극혐...,5,0
238,재밌었어요ㅎ 지금 보고 왔어요. 한곡한곡의 개성이 정말 좋네요 시간이 아주 금방 갔어요,10,1
239,넘 재미있었어요  시간가는줄 모르고봤는데 멋져요 이가격에 멋진뮤지컬을,8,1
240,빅토리아같은 고양이 키우고싶다ㅋㅋ 뮤지컬은 직접 봐야 진짜 소름돋음ㅋㅋ 영화는 지루함ㅡㅡ,6,1
241,제발 보지마세요. 자기소개 하다가 영화가 끝이나여... 사람들이 다 코골면서 자더라고요 노래도 재미없이 시끄러워요,1,0
242,한마디로 졸작이다. 뮤직컬과 상반된다.,3,0
243,아이들하고 함께 봤어요 아이들 표정이 모든걸 말해주네요 지루하고 공감 안되서 참고 보고 힘들만큼  너무 지루했어요 ,1,0
244,참다참다 한시간만에 자리를 박차고 나옴,1,0
245,"전체적으로 좀 밋밋합니다 그리자벨라의 성량도 아쉽고, 올드 듀터러너미는 미스캐스팅 같아요. 마지막 노래는 아예 랩에 가깝습니다. 거스의 그라울타이거 연기 장면이 등장하지 않는건 한탄스럽습니다. 캣츠에서 가장 좋아하는 넘버인데... ㅜㅜ",4,0
246,이  짓궂은 사람들..ㅠㅠㅋㅋㅋ,6,1
247,노력과 연습이 대단해요. 분장도 고양이 특징도 고양이스러움.,10,1
248,너무 재미있게 보았어요 강추입니다 ,10,1
249,박수를 못친것이 아쉽습니다. 강추입니다.,10,1
250,기대한만큼은 아니지만 재밋엇어요,9,1
251,워낙 유명한 작품인데 뮤지컬이 부담스러워서 원작을 못봤었는데~ 아이들이랑 극장에서 볼수있으니 너무 좋네요,10,1
252,ost가 감동적 ㅎㅎㅎ만족햇다,8,1
253,메모리 노래 대박ㅠㅠㅠ 짱이다,9,1
254,"음악, 스케일 훌륭하다 이영화..",9,1
255,간만에 뮤지컬 영화 좋다,9,1
256,캣츠 제일 애정하는 뮤지컬인데 영화도 좋았어요,9,1
257,자다일어나보길 반복반복 감동도 재미도 없음 옆자리초등생은 지루함에 몸을 비틀비틀같이본 엄마한테 괜히 미안하기까지ㅠㅠ,1,0
258,한숨푹잤네요,1,0
259,기대했던 영환데 너무 재밌었어요~~,9,1
260,기대 이상의 만족감을 준 영화랄까ㅋㅋㅋ,8,1
261,엔딩까지 놓치지 않고 봤습니다!,9,1
262,내 평생 욕이란걸 모르며 살았거늘...,1,0
263,스토리자체는 역시나최고!! 말많은 cg는 거르고보면됨 캣츠는 스토리와 음악의 조화로 보는거지 화면으로보는게아님.,8,1
264,노래 감상하기엔 영화관 음향이 별로이고 메모리 말곤 좋은 노래도 모르겠고 엄청 지루해서 졸음과 싸움,1,0
265,이보다  더 최악일순 없다    4식구  공통이니   무슨  말이 더  필요 할까.......,2,0
266,보고나서   테일러스위프트 임펙트 강함...섹시 고양이.. 보는내내 관객을 한번 못 웃김.. 웃긴영화는 아니지만.  쫌..지루했음 초등중딩 애들은 좋아했음,6,1
267,인터넷 평이 너무 안좋았지만 저는 정말좋았어요  춤이 너무 멋있고 노래도 하나같이 좋았네요. 원작을 좋아하는 분들은 원작과 달라진데 위화감을 느끼시겠지만  전 미스토펠리스같은 경우는 오히려 영화가 좋았네요. 카타르시스 ㄷㄷ 글구.빅토리아 너무 이쁘다.표정이 정말 사랑스러움..  까는 사람들은 이해못하겠지만 영화 최초로 오늘 두번 보고 왔어요 한번 더 보고 싶다.,10,1
268,심야예매하여봤다ㅠㅠ 돈이아깝다는 말을 이때쓰는것이 딱이다,0,0
269,역시 음악이 죽임,10,1
270,뮤지컬과는 또다른 느낌!  뮤지컬은 무대라는 공간의 제약을 상상력을 더해 보고 있었다면 영화는 내 상상력을 눈으로 보여준 느낌 이랄까?  혹평 보고 가서  기대안하고 봤다가 의외로 넘 좋았음! ㅎ,10,1
271,ㅋㅋㅋㅋㅋㅋㅋㅋ 진짜 배신 ㅋㅋㅋㅋ,1,0
272,"뮤직컬 감동을 다시 느끼고 싶었으나, 파괴당함 ",4,0
273,이건 아니지 않나 싶음... 빅토리아는 눈부심,5,0
274,생각보다 별루,5,0
275,초반 너무 지루해서 나가고 싶었는데  뭔가 있을까해서 참고 봄 역시 아무것도 없음 중간에 나가고 싶은 영화는 처음 배우들 노력은  가상함,2,0
276,뮤지컬과는 또 다른 감동!!,8,1
277,내 인생 최악의 영화. 스토리도 없고 매우 산만함. 대체 왜 영화로 만든건지...,1,0
278,"볼거리, 즐길거리, 들을거리 충분하네요",9,1
279,배우들 조합이 너무 좋아,10,1
280,스토리도없고지루함  ,1,0
281,뮤지컬을 영화로 봐서 좋았는데 같이 간 분은 조네요 뮤지컬 안 좋아하는 분에겐 별로인가봐요,8,1
282,"캣츠 뮤지컬 팬이라면 볼만한 영화 뮤지컬에 없던 새로운 내용 보는 재미가 솔솔  뮤지컬이 별로인 사람에겐 더 별로일 영화 캣츠는 원래 약한 줄거리, 가사를 뛰어난 노래와 춤으로 메움  익숙한 멜로디를 극장판 해석으로 보는 정도로도 만족! 커진 빅토리아 비중과 신곡, 등장인물 간 새로운 설정도 좋았음",9,1
283,기대가 너무 컸나?,6,1
284,두시간이 정말 아까웠다 ㅠ,3,0
285,자다가 말다가 재미로 볼건 아니네요,4,0
286,솔직히 전반전은 지루했음 졸다가 타이틀곡 부를때 깼음,8,1
287,밑에 10점 준 사람들... 이력보면 '인랑' 같은 망작에게도 10점 준 사람들입니다.  로튼토마토 17% (안전 썪은 토마토). 메타크리킥 32 점.  스스로 낚일 필요 있을까요?,1,0
288,뮤지컬 보셨던 분이면 더욱 보지 마세요. 신비하고 감동적인 인트로는 안드로메다로 가버렸고. 각각 다른 고양이들의 움직임이 압권인데 카메라는 얼굴만 잡아내거나 손가락만한 떼샷으로 잡아요. 제가 본 영화관에 감독이 보였으면 멱살잡고 싶었습니다. ,5,0
289,"저녁을 너무 많이 먹어서 그랬겠지 낮에 이리저리 뛰어다녀서 그랬겠지   쏟아지는 눈꺼풀 올리느라 더 힘든 시간이었다   메모리 그 하나에 별 4를 누른다  ""내 손을 잡아 줘요~""  어쩌면 익숙하지 않아서 그럴수도 있다  한 공간에서 패턴이 반복되는 것이 잠을 불렀는 건 아닌지  아쉬움은 ebs 벤허로ㅡ 채웠다 유대 총독 본디오 빌라도가 말한다 ""우리는 실수를 통해 전진한다""",4,0
290,잘봤어요,10,1
291,헤이워드가 너무 눈부시던데.,10,1
292,감동적입니다!!!,10,1
293,"얼마나 재미없어서 논란인가 해서 호기심에 본 영화. 너무 재밌게 봤고, 스토리가 심플하면서도 철학적. 갠적으로 고양이를 좋아하는데 특징 작은 것들 묘사한 게 보일 때마다 즐거웠음.",10,1
294,왜이리 악평이 많은지;;;  만원으로 뮤지컬 캣츠를 로열석에서 관람하는 기쁨을  누리시기 바랍니다. 메모리를 극장 스피커로 듣다니 ㅠㅠ,10,1
295,뮤지컬은 좀  다를까요?영화는 졸음참느라 힘들었네유ㅠㅠ음악도 기억에 남는건 메모리하나ㅠㅠ,3,0
296,이곳에 평점 1점 이상 준 사람들..    알바인듯...   레미제라블 감독이라 기대했건만 졸면서 만든 영화,1,0
297,불면증 있으신분 보세요~따봉임,1,0
298,최고였어요~^^,9,1
299,최악,1,0
300,호불호가 확실하게 나뉘어지는~~하지만 난  완전 괜찮음~^^ 캣츠 뮤지컬 VIP예약할꺼임~~,10,1
301,크리스마스이브에 아내랑 봤습니다 미안하네요 싸게 어찌 뮤지컬 감동을 보려한게 노래한곡 빼고는 나머지 시간이 많이 피곤하네요,2,0
302,톰후퍼 감독ㅋㅋㅋ센스잇더라 ㅋ,10,1
303,스토리나 음악이나 모두 적절하다,10,1
304,생각보다 재밌고 음악이 너무 좋아서 딴건 솔직히 생각 안나요,10,1
305,아이들이 더 좋아하네요 옛날 공연했던 뮤지컬 캣츠가 한번더 보고프네요,8,1
306,덕분에 행복한 크리스마스 이브였습니다~ ㅎ 메모리 다시 듣고 있어요,10,1
307,기대안하고 봤는데요 상당히 재밌었습니다.,10,1
308,너무 몰입해서 재밋게봤어요,8,1
309,"뮤지컬좋아하는, 딱 내스타일!",9,1
310,일반 영화처럼 기대하고 보면 졸다 나온다.  영화 내용이나 구성도 허접.  뮤지컬은 재미있었다곤 하나(안봐서모름) 지금까지 영화로 나온 뮤지컬중 제일 재밌는건 맘마미아가 유일하다.  내생애 더이상 뮤지컬영화는 볼일없을거다. ,1,0
311,영화로 만든  만큼 스토리가 가미되었다면 좋았을 듯 음악은  좋았어요 ,7,1
312,앞뒤에서 코고는 소리가ㅋㅋㅋ 내돈내놔,1,0
313,"잔망스러운 고양이들을 보는것만으로 캣츠뮤지컬을 좋아해선지 영화에 엄청 몰입하면서 즐기고 온 1인으로서 낮은 평점이 안타깝네요 귀엽고호기심많은 고양이로 분장한 테일러스위프트나 눈물나게 호소력있는 제니퍼허드슨의 메모리, 배경의 런던거리 다 좋았는데.. 스토리나 극적긴장감이 없어서 지루하게 느껴지나봐요들 ",10,1
314,"뮤지컬도 별루지만 영화도 별루. 유명한 곡은 꼴랑 메모리 한곡이고, 스토리가 없이 각 고양이들 자기 소개만 나열되는 구조라서 재미가 있을래야 있을 수가 없음. 싫어하는 사람에겐 캣츠 영화표를 선물하세요.",1,0
315,제발 사랑하는 사람과는 보지 마세요,2,0
316,음악 연기도 잘하고 보는데 부담없이 볼 수 있었당ㅋ,9,1
317,영화 분위기 굿굿ㅋㅋ 음악은 뭐 말할 것도 없음../,10,1
318,개인적으로 음악들이 마음에 들어서 개인적으로 넘나 인상 깊게 봤음ㅎㅎ,10,1
319,큰 화면으로 봐서 더 좋았던 영화,9,1
320,"진짜 비추!! 연말에 괜히 같이 보러간사람이랑 서먹해지고싶은게 아니라면 절대 선택지에 넣으면 안되는 영화입니다. 원작은 화려한 퍼포먼스로 부족한 스토리를 가렸는데 영화는 그런 완급조절 없이 계속 노래만해서 지루하고 CG도 분장도 괴상해서 몰입도 하나도 안되는데 마지막에 ""우리는 고양이 분장한 사람들이야 고양이한테 잘해주렴 ^^"" 하고 훈계합니다. 메모리같은 명곡 노래도 원곡보다 훨씬못해요. 이걸볼바에야 진짜 겨울왕국을 또보세요 기분 확상합니다. 주인공 여자고양이는 수석발레리나라서 발레만하고 기대하고 보러 간 테일러 스위프트는 끝나기 직전에 캣닢 살포해서 마약 취하게 하는듯한 장면 말고는 거의 등장하지도않아요. 제작진이 조별과제처럼 하다가 마감일 닥쳐와서 그냥 후닥닥 만들어진 과제물 발표하는거 구경하는기분이에",0,0
321,졸립구 졸립구 졸립구...ㅠㅠ,0,0
322,"빅토리아의 춤, 노래,  얼굴 완벽...",10,1
323,"졸아서 중간부분기억못함 . 냥이들 소개만하고 끝 별 큰 줄거리는 없는 영화 노래,분위기.영상미는 좋음",3,0
324,뮤지컬장르 광이라 그런지 저는 좋았어요! 음악과 영상들은 진짜 끝내줍니다!,10,1
325,연기도 좋고 나오는 장면들을 보는데 ㅇㅣ상하지 않던데.. 이상하다고 생각하는 사람들이 이상함..ㅋㅋ,10,1
326,충분히 흥미로웠던 영화,8,1
327,영상미나 시각 효과는 훌륭했어요bb,10,1
328,흥미로운 영화 ㅋㅋ 음악만 들어도 좋아여!!,9,1
329,워낙 뮤지컬장르를 좋아해서 그런가 캣츠 존잼이던데?,10,1
330,노력했다.. 안자려고...,1,0
331,크리스마스 이브를 망친 영화 배경은 화려하지만 앵글이 너무 빠르게 바뀌는데다 1인칭 시점인듯한 흔들거림에 너무 울렁거렸음  뮤지컬에서 볼 수 있는 전체적인 군무를 볼 수 없었고 그래픽의 고퀄만 확인할 수 있는 희안한 영화  감독의 의도를 잘 모르겠음 뮤지컬에서 잘 볼 수 없는 얼굴에 쓰인 감정을 보라는건지 중간에 나가는 관람객도 있었음(맘 같아선 따라가고 싶었음)  음향이 좋은 atmos 극장에서 봤는데 그래서 그런지 음악에서 나오는 자그마한 감정선만 느낄 수 있었음  그냥 눈감고 노래만 들음 그냥 들어봐줄 영화임 영화는 쓰레기 음악은 좋았음  뮤지컬 배우들이 매우 잘했다는걸 다시 느끼게 해줌,1,0
332,아 지금 한시간 견디다 도중에 나오면서 별점 매깁니다 맘 같아선 빵정 주고 시픈데 어휴  진짜 너무함,2,0
333,이 대단한 뮤지컬을 왜 저따위로 망쳐놓은건지?! 노래실망 연기도 실망. 캐릭터 다 실망. 분장도 실망 1 점도 아까운 영화. 뮤지컬 영화화한것중 최악.,1,0
334,돈 더주고 뮤지컬 보는게 100배 남~ 몇년전에 실제 뮤지컬  보고 감동해서 큰 맘먹고 봤는데 개 실망~ 실제 공연땐 기괴한 분장이나 행동이 관객과 교감되어 생생하고 짜릿했는데 영화로 보니 일체 교감이 안되서인지 징그럽고 기괴하기만함~,1,0
335,두세번 졸다 나옴 ㅜ.ㅜ,5,0
336,갯츠 대단한 뮤지컬 생각하고 영화 보고 실망.영화보고 중간나갔다  라라랜드 반도 못해 ㅋㅋ 평덤10점 인간들 웃긴다 ,1,0
337,괜찮았음 난... 약간 불쾌하긴 했지만 전체적으로 좋았어요,10,1
338,시작한지 30분 졸고 있는 나.. 지금 나갈까?ㅠ  내생에 최악의 영화~ 진짜 왜봤을까?,0,0
339,이렇게 볼품없는 뮤지컬도 처음. 한 무대서 다 함. 볼것도 들을 것도 벨로없음,4,0
340,뮤지컬 캣츠가 서사가 없어 호불호가 큰 작품이어도 오랫동안 사랑받은 이유는 캣츠만의 특징이 있기 때문인데 영화로 제작된다는 소식에 이미 망할 것 같았다. 신비로운 무대 독특한 고양이 분장 고양이 마다 다른 향수가 뿜어내는 공연장 안 캣츠만의 향기 객석에서 관객들과 직접 교감하는 생생함 고양이 하나 하나 다른 몸짓 손짓 눈짓 그리고 젤리클 고양이들의 너무나 고양이스런 댄스 영화 속 댄스는 절대 젤리클 고양이들의 댄스가 아니다. 캣츠뮤지컬 덕후라면 눈물이 날 정도로 실망할 것임 너무 과하고 징그럽기까지한 CG 매력적이지 않은 냥이들 돈 들어도 직접 뮤지컬을 보세요 내년 8월에 내한합니다!,1,0
341,내가본영화중에 가장 최악이었음 중간에 나오고 싶어서  혼났음  ,1,0
342,그래픽의 한계로인해 이 영화는 눈감고 봐야하는게 맞습니다. 완벽한 음악은 자연에 가깝기에 들으면 잠이 들기도합니다.  이 영화는 자면서 보는게 맞습니다.,4,0
343,뮤지컬에서 신나는 곡만 나와서 다행이었고 기괴하다는 평이 이해 안 됨. 빅토리아 빅토리아 빅토리아♡,8,1
344,뮤지컬로 봐야 하는걸~~~ 약해 ㅠ 혼신의 연기들이었지만.. 약해 ..,7,1
345,왜봤지....,1,0
346,나름 볼거리도 많고 음악만 따진다면 좋아요,10,1
347,좋았어요 재밋게 보고왓어요,9,1
348,킬링타임으로는 좋네요 시간 아깝지는 않은 영화였어요ㅎㅎ,10,1
349,"제일 정신이 멀쩡한 상태라고 할수 있는 조조영화로 봤음에도, 졸음과의 사투를 벌이고 있는 내 자신이 그저 안쓰러울 뿐이였다!",2,0
350,알바 진짜 많네 ㄷㄷ 정말 보고 기분이 나빠서 견딜 수가 없던 영화.. 연말에 괜히 돈버리지마시고 딴거보세요,0,0
351,지난 50 년간 본영화중 가장 실망스러운 영화 그거보느라 투자한 시간과 돈이 너무 아까움 배우들의 노래실력은 형편없고 도대체 이걸 왜이렇게  만들었을까 망하고 싶어서 일까,0,0
352,오늘 아침 첫상영시간에 봄 기대가 크면 실망도 큽니다ㅠ,4,0
353,레 미제라블 생각하고 보면 좀 별로라고 생각하수 있어요  하지만 메모리를 영화관에서 들을수있는 1가지로도 이 영화를 볼 가치는 충분해요^^,7,1
354,뮤지컬 캣츠를 좋아한다면 한 번쯤 봐도 좋을 것 같아요,8,1
355,보다가 졸다가 40분쯤 흘렀을때 한계를 느끼고 박차고 나왔음 ㅡ,2,0
356,이렇게 지루한 영화는 처음 봄 ,1,0
357,최악임. 보다 뛰쳐나옴,1,0
358,음..재미없어요..ㅎㅎㅎ,4,0
359,정말 펑펑 울면서 봤네요.  과거를 그리워 하시는 분들 꼭 보셨으면 좋겠습니다.,10,1
360,기대 많이 했는데 ㅠㅠ 이게 뭐예요...ㅠㅠ,1,0
361,2번볼 의향있음. 근데 12세 관람간데 애들 데리고 와서 떠드는건 뭐임,9,1
362,평소뮤지컬영화좋아하는데.개실망ㅠ분장과메모리빼곤볼게없다진심영화인생중첨졸아봄,0,0
363,"완전 기대했는데 실망이예요. 화려하고 스펙타클한 뮤지컬을 기대했는데, 지루해서 졸을 정도였고....",2,0
364,너무지루해요  나는별로임 ,5,0
365,평점이 왜이렇죠..ㅠㅠㅠ 연말느낌나고 간만에 귀호강하는 영화였어요,10,1
366,시작 후 10분이 지나자 이 영화에 집중할 수 없단걸 깨달았고 고양이 소개만 한시간이 넘을때쯤 두통이 시작되어 끝나는 시간이 기다려졌던 영화. ,1,0
367,메모리를 영화로 보는 것만으로도 이 영화는 가치가 있다고 생각함,10,1
368,ATMOS DOLBY SYSYTEM  메가박스 MX관에서 보다가 너무 보기 힘들어서 아내와 밖에 나왔습니다. 내 생전 영화도중 나온 경우는 처음... 어떻게 그 엄청난 뮤지컬을 이렇게 망쳐놓을 수 있는지... 0.5점도 아깝습니다 나만 당할 수 없어요 대박,10,1
369,정말 오랜만에 푹 빠져서 본 영화,9,1
370,해외평 보고 걱정했는데 생각했던거 보다 넘 재미 있었어여,10,1
371,노래가 넘 좋네여ㅋㅋ 자꾸 생각남,9,1
372,대박 ㅠㅠㅠ 기대이상의 작품!!,9,1
373,이게 정상 아닌가? 평점테러 없잖아~~솔직히  시간이 안감~,3,0
374,상영시간 내내 졸음과 싸우느라 고생했네요~ 영화내용과 음악에 대한 사전 지식없이 앉아 있으려니 졸음만 쏟아지네요~ 미리 공부하고 다시 한번 도전해 보겠어요~,1,0
375,원 뮤지컬을 안봐서 그런가 별로네요. 좀 과다한 냥이 CG가 배우들의 연기를 잡아 먹는듯..  음악도 우리  정서엔 그리 신나지않고,3,0
376,재밌게 봤습니다. 또 보고싶네요ㅋㅋㅋ,9,1
377,"분장 빼곤 볼 게 없음. 노래도 별로고, 배경으로 깔리는 음악이 너무 커서 목소리 감동도 별로.... ",2,0
378,"노래나올때마다 소름돋고, 고양이들이 춤출때마다 흥겹다!! 올 연말은 캣츠!!!",10,1
379,너무 지루해서 죽을뻔했음. 별하나도 아까움.,2,0
380,삽입곡 메모리를 비롯하여 ~  여러 고양이 캐릭터 특성을 유연하고 생동감있게 또 극적으로 표현하였어요. 쥐와 바퀴벌레 떼도 나오고 ..ㅎㅎ,8,1
381,화려하고 볼거리가 많은 영화 눈요기에 딱 좋다 ost도 좋았고,10,1
382,ost가 다 했네ㅋㅋㅋ 간만에 귀호강,9,1
383,난 개인적으로 노래와 무대 그리고 행동들도 완전히 연기짱!!,10,1
384,리뷰 믿고 가족끼리 영화보러 갔는데 바퀴벌레에서 애가 울어버렸다. 낚시 그만하라고 좀!,0,0
385,시간가는줄도 모르고 본 영화! 또 보고싶당,9,1
386,노래도 연기도 좋아요 노래들은 정말 황홀!!,9,1
387,메모리~ 감동적이다,10,1
388,배우들의 매력적인 연기와 OST의 강렬함!! 진짜 여운이 남는 Memory,10,1
389,굿굿 재미있었습니다~*^^*,9,1
390,즐거운 시간이 되었습니다. 노래도 너무 좋았습니다.,9,1
391,뮤지컬 원작을 보고 기대한다면 약간 실망스러움. 괜히 CG가 어설프게 섞여 이상한 느낌...얼굴 주변에 넘실대는 꼬리가 배우들 연기를 깎아먹음. ,6,1
392,편견들만 가득차 왜 난리인지. 원작이 뭐...대단한 작품이라 기대들이 커서 그런지 악평만 난무하는구만? 난 재미있게 봤다 그냥 영화로 본다면 재미진 요소가 있다.,10,1
393,마지막 20분 ... 환상입니다..^^ ,9,1
394,평소 뮤지컬 덕후면 잼있게 볼수도 있다 고양이 얼굴이나 바퀴벌레 먹는 씬도 그렇게 기괴하거나 혐오스럽지도 않고 순식간에 지나간다 다만 뮤지컬 캣츠를 모르면 안보길 노래로 1시간 40분을 끌고가는데 이게 뭔내용가 할것이다 젤리클이 열리고 고양이 소개하다 한명을 뽑는 내용이 다인 별내용 없는 작품이라 스토리 원하면 절대 보지마라,5,0
395,오랜만에 혼영하며 힐링하고 옴 ㅋㅋ,10,1
396,노래가 너무 좋았어요 계속 듣고 싶어요,10,1
397,내용도 좋고 노래도 좋았던 즐거웠던 시간ㅎㅎ,9,1
398,듣기 좋은 음악과 영상미가득 너무 좋았어요:),9,1
399,고평 준 알바들 좀 꺼져라 이런 영화 잘못 보면 트라우마된단 말이야 솔직하게 좀 써,1,0
400,고양이가 예쁘지 않고 혐오 스럽다. 메모리 빼고 다 별로다. 오리지날 뮤지컬은 좋은데 영화는 전혀 아니올시다.,1,0
401,"제발 알바들은 꺼져주세요,  재미없어요. ㅜㅜ",2,0
402,만점은 못주겟지만 충분히 뮤지컬영화로서 재미는있엇음,8,1
403,음악도 영상미도 너무나도 좋았습니다~ 정말 감동이상이었어요ㅠㅠ,10,1
404,크리스마스의 악몽 개 지루함,1,0
405,고양이한테 이렇게 빠져들 수 있나 ㅜㅜ 감동 그 이상이다 ,10,1
406,좋은 영화 감사합니다,10,1
407,크리스마스에 보기 좋은 영화 메모리가 다했다 역시,10,1
408,크리스마스에 잘어울리는 영화에요,9,1
409,이 시간에 어떻게 영화를 다 보고 평점까지 쓴거지? 영화관 검색해봐도 대부분 9시 40분쯤이 1회인데...,0,0
410,넘 악평 심한건 오바였던 것 같음 괜찮던데?,9,1
411,테일러스위프트 오늘부터 덕질시작이다,10,1
412,상상 그이상 눈호강 귀호강~! N차 각이다,10,1
413,음악과 춤이 다 한 영화 걱정하며 들어갔지만 감동받고 나왔다 필히 다른 이의 의견에 귀 기울이지 말고 내 자신의 마음에 귀 기울일 것.,10,1
414,메모리 나오는 순간 힐링되는 느낌,9,1
415,개봉일 기다렸습니다! 좋은 영화 감사합니다!,10,1
416,"두번의 메모리, 새로 추가된빅토리아캐릭터, 듀터러노미의 카리스마..하나하나 감명깊게다가왔다 괴작이라는 소문은 도대체 왜났을까.. 요약 그냥난감동받았음",10,1
417,이유불문 국산영화는 명절때 티비로 본다는건 변함이없다,8,1
418,시대의 괴작 후대를 위해 없애야 한다.,1,0
419,보고싶으면 보세요~ 나쁘지 않습니다,9,1
420,평점 높은건 공포영화 좋아하는 사람들인가?,1,0
421,메타스코어 32점 ㅋㅋㅋㅋㅋㅋㅋㅋㅋㅋㅋㅋㅋㅋ,1,0
422,1점도 아껍네...,1,0
423,알바새끼들 역겹네,1,0
424,분장이 짱이예요!!! 귀 꼬리 움직이는거 짱 신기해... 그리고 네발로 걷는거 힘드셨겠당,10,1
425,음....그 비싼 해외 뮤지컬팀이 우리나라 와서 라이브로 노래하는곳에 가서 봤는데도 생애 최초 최후   뮤지컬보믄서 졸았던 작품.  진짜 몰라서 그러는데 이거 왜 유명한거임?좋은 노래라곤 메모리한곡.  처음부터 중반까지는 그야말로  지루한 고양이들의 흐느적 움직임.,4,0
426,뮤지컬 꽤 오래전에 봤었는데  영화를 통해 그때의 기억이 새록새록 날꺼 같아요 너무 기대됩니다!,10,1
427,예고편 보니 망.,1,0
428,크리스마스때 유일하게 기대하고 있는 영화에요 ㅋㅋㅋ 뮤지컬 원작을 못봐서 영화로 나오는게 너무너무 반갑네용 ~~ 꼭 보고싶어요 ,10,1
429,크리스마스에는 캣츠지~ ,10,1
430,메모리를 극장사운드로 듣는다는건 진짜 행운..ㅜㅜ,10,1
431,내일 예매했음! 뮤지컬은 노래 듣는 맛이지,10,1
432,논란은 있지만 어찌되었든 3~4대 뮤지컬 이니까.  메모리는 일레인 페이지가 부른게 최고인데...,6,1
433,올 연말 관람영화는 캣츠로 결정!,10,1
434,올 크리스마스 가장 기대하고 있는 영화!! 음악이 너무 좋을 것 같아 왕기대됩니당~!,10,1
435,크리스마스는 캣츠와 함께 ♥,10,1
436,십얼마짜리 뮤지컬 만원에 보는걸 땡큐라고 생각함,10,1
437,메모리 하나만으로 영화 볼 이유는 충분히 있는 것 같음! 난 기대중 ,10,1
438,나는 진짜 불쾌한 골짜기 먼지 잘 모르겟음;; 애초에 아바타나 그런거 나올때도 이런 논란 있찌 않았음?ㅠ 진짜 영화 개기대됨,9,1
439,"기대가 1도 안되는 영화... 4대 뮤지컬이니 어쩌니 해서 뮤지컬로도 봤지만, 스토리는 전혀 없고, 그냥 각양각색의 고양이들이 본인 성격 보여주는게 전부... 노래는 늙은 그리자벨라의 추억을 회상하는 노래 빼곤 좋은것도 별로 없음... 그냥 분장빨 하나로 4대 뮤지컬 반열에 오른... 솔직히 개 쓰./레기... 아마 돈 아깝다는게 뭔지... 이게 왜 4대 뮤지컬인지 갸웃?? 할사람 넘쳐날듯..",0,0
440,미국평점테러리스트들이 영국 웨스트엔드 뮤지컬을 이해 할 리가 없지.. 런던  그리고 캣츠 ... 고양이는 개가 아니다..집사들은 공감할 영화 뮤지컬 그 이상이었음,9,1
441,이 영화는 감독이 뭔 의도로 만든건지 알수 없다 메모리 하나 빼고는 실패.  뮤지컬을 극장에서 즐기겠다고? ㅋㅋㅋㅋㅋㅋ 북미에서 왜 망했는지 알겠다,1,0
442,미국에서 평점 별로인거 알게되는 영화 0점도 주기  아까운 영화 돈 아까운 영화,0,0
443,"캣츠라는 뮤지컬을 본적이 없는데 영화로 만들다니,, 영화가 가져다 주는 무제한 적인 공간적 연출의 이점이 영화 내 활력으로 작용하지 않을까 함.  저렴한 가격으로 뮤지컬을 감상할 기회",10,1
444,ㅜ.ㅜ,1,0
445,감독 내 최애 감독인데 ㅠㅠㅠㅠㅠ,10,1
446,관객 호응이 좋다면 한국 망작 영화들을 가볍게 제치고 흥행될 듯 ,10,1
447,  .,0,0
448,진심으로 영화 ⟨캣츠⟩도 기대되는 영화입니다.  팬으로써 너무 기쁩니다^^,10,1
449,"뮤지컬 캣츠도 대박인데, 뮤지컬영화 캣츠도 대박이겠죠! 엄청 기대중입니다!",10,1
450,언제 예매시작하지요?,9,1
451,기대되네요!! ,2,0
452,뮤덕인데 조조로 본거 후회안함 메모리 나올때 눈물 글썽 ㅠ,10,1
453,크리스마스 이브에는 캣츠 보러 가야겠다 사랑해요!!,10,1
454,고양이 왜이렇게 생김,0,0
455,테이 테이♥,10,1
456,사랑해,10,1
457,기대된다 ,10,1
458,너무 기다려져요,10,1
459,노래가 기대가 됩니다.,9,1
460,"보고싶네요...^,^~~~",10,1
461,정말 기대됩니다,10,1
462,노래가 좋아요,10,1
463,내가 영화 본것들중 최초로 잠든 영화 대단하다!,1,0
464,뮤지컬 캣츠 팬이고 톰 후퍼도 좋아하고 제니퍼 허드슨도 좋아하지만 이 영화는 너무 하잖소. 젤 멋진 고양이 맥커버티가 옷도 그렇고 노 매력이고  제니퍼 허드슨의 메모리도 너무 힘차고.... 왜 혹평을 하냐 난 팬인데 하고 보고 있는데  나도 악평을 쓰고 있다. ㅠㅠ,1,0
465,콧물의 메모리,1,0
466,자세히보니12세 관람가네요......,2,0
467,말.잇.못,0,0
468,이걸 왜 만들었냥~?,0,0
469,내가 본 영화 중 최악의 영화,0,0
470,영화보다가  토할뻔한건 캣츠가 유일 고양이들을 돌연변이로 만들었네,0,0
471,이건 좀,1,0
472,보면써 쓰고밌음 ㅋㅋ,4,0
473,뭔가...기분 나쁘고 불쾌한것 같습니다,0,0
474,동네 유치원 재롱 잔치도 이 영화보다는 수준이 높다  스토리 위주가 아닌 뮤지컬을 영화로 만들려면 영화적 해석이 필요한 것을...,0,0
475,이건 기괴뮤비인가 기괴무비인가...,1,0
476,전형적으로 과대평가된 뮤지컬 캣츠 내한공연 2번 영화 1번봐도 정이 안가네,5,0
477,...,3,0
478,그냥 뮤지컬을 그대로 옮겨서 지루함... 뮤지컬 안본 사람은 답답할꺼고 본 사람은 새로울 게 없었네요. 노래가 대사예요..좀 더 상상력을 발휘하면  좋았을텐데 아쉽네요.,5,0
479,기술적 진보가 작품성을 담보하진 않는다,4,0
480,특수분장에 들인 시간이 아까워,3,0
481,...,5,0
482,이 영화는 개인적으로  의견차이가 많은것같아요. 그래도 뮤지컬이 조금나은것같구요. 분장술과 화면은 좋았는데... 음악을 엄청좋아하는 남편은 눈물까지 보였고~ 저는 옆에서 몰래잤어요.ㅎㅎ,7,1
483,캣츠 광팬인 사람이 꼭 보라고 해서 거금 주고 뮤지컬 보러 갔는데 지루해서 미칠 뻔 했다. 돈 아까워서 끝까지 보려고 했는데 먼 얘기인지도 모르겠고 줄창 괭이들 나와서 노래하고 춤추고 이보다 더한 고문은 없었다. 중간 쉬는 시간에 화장실 가려고 나왔다가 집에 와 버렸다. 영화는 좀 스토리가 있을까 싶어 보려고 했더니 역시 영화도 수면제였군.훗훗 안보길 잘했다.,1,0
484,딸하고 심야영화봤는데  전개가 너무 이상했다... 뜬금없는 전개와 계속되는 노래........ 아이가 도대체 저게 무슨영화냐고... 좀 즐겁고 밝고 재밌는 전개였으면 하는 아쉬움이 있다. 뜬금없은 노래와 계속되는 반복  악의 굴레다....충격  공포  소름 돋는 전개.. 사람인건 징그럽지 않고 상관없다 내용이 완전 깡통쓰레(?)그런느낌...   정말 100프로 장담하는데 오늘은 기분이 나쁘고 싶으면 보세요... 똥싸고 덜닦은데 닦긴 닦은 느낌....(??,3,0
485,고양이들이 또 노래할까봐 겁났어요.. 입만 벌리면  헉~!! 지루한 노래가 쭉~~~~ 시계를 어찌나 봤던지..,0,0
486,최악의 영화 ,0,0
487,수면제 강추,0,0
488,쓰레기영화!,1,0
489,ㆍ,0,0
490,불면증치료제,1,0
491,그냥 냥줍한 깨릉이 한시간 반 틀어주는개 더 잼나것다ㅡㅡ,1,0
492,고양이들이 쉬지도 않고 1시간50분동안 주접을 떤다,1,0
493,기대를 해서 그런지 별로였네요...아이랑 같이 갔는데 지루해 하더라고요 ㅎ 대사가 너무 없다고...,5,0
494,외계인 영화,2,0
495,진짜 최악의 영화 영화라고 하기에도 아까움,0,0
496,평점 무시하고  보러 간 내탓ㅠ 영화보다 두번 졸았어요 올해   본  최고의   졸작,1,0
497,기대하고 봤지만 엉망진창 소란스럽고 노래도 형편없고 뮤지컬이 아니라 재미없는 만화 같은...졸작,2,0
498,정말 중간에 나오고 싶었다~~! 메모리 노래도 징징거리기만 하고.,0,0
499,캣츠는 스크린이 아닌  무대로 봐야한다는 깨달음을 얻음,2,0
500,내내 졸다  메모리 듣고 나옴,2,0
501,내용이없고 노래만해서...지루함 중간에 슬금슬금 나감ㅋ,2,0
502,진정 불면증 치료에 직빵인 영화! 뮤직컬의 감동이 반감을 넘어 만감되어  지는 영화!,0,0
503,너무엮겨워서 못견디고 중간에 나왔다 크리스마스이브에 식욕이 다떨어질정도에 징그럽고 기괴하고 혐오스런영화였다 진짜 거짓말안하고 짝꿍에게 바퀴벌래 쳐먹을때 아 진심도나오고 엮겨워서 못보겠다고 가자고하니까 숨도안쉬고 미식거린다며 콜라 쭉마셔대고 같이나왔다 근데더웃긴건 풍선효과도 아니고 연말에 시간아깝다며 하나둘 나가는데 말할수없는 동질감을 느꼈다  진짜 이렇게 참신하게 영화가 엮겨울수 있다니 ,1,0
504,진심..너무 시간이 길게 느껴지는 영화.,3,0
505,최고의 배역들과 최고의 넘버들이라는 최고의 재료들을 가지고 요리를 시작했는데 뮤지컬의 장점과 영화의 장점 모두를 제대로 살리지도 못하고 CG라는 최고의 도구도 제대로 써먹지도 못하고 괴상한 요리를 만들어 낸 안타까운 작품입니다. 도입부는 불친절하고 전개부는 너무 쳐집니다. 중반 이후의 전개와 결말은 괜찮은데 앞의 실수를 만회하기엔 너무 늦었습니다. 다음엔 감독 안 하시면 안 될까요?,5,0
506,좋고 나쁘고를 떠나서 이안 맥켈런 할아버지와 이드리스 엘바의 흑역사로 남을 영화.,4,0
507,이 영화보고 칭찬하는 분들은 천국 갈겁니다. 난 안갈래요.나도 잠듦,1,0
508,너무 뛰쳐나가고 싶었다. 그치만 친구와 와서 참았다 사실 중도 잤다. 근데 주윌 둘러보니 옆사람도 자고 있었고 친구도 나가고 싶어했다. 근데 아까운 내 돈... 좀만더 참자고 얘기하며 봤던 영화. 후반부는 재밌어서 4점 줍니다,4,0
509,많은 분들의 평점을 무시하고 보러 가서 죄송합니다ㅜㅜ  진심 리얼한 평점이었음...,1,0
510,불면증 있는 사람한테는 초고의 약이될듯.,1,0
511,어떻게 영화를 이렇게 만들수 있나? 너무하다. ,1,0
512,"뮤지컬 캣츠?  에휴~ 정말 살다 살다 초반 30~40분 보다가 중간에 나오긴 처음인 영화다. 가장 재미없는 요인은 모든 장면이 CG이기 때문이다.  만약 배우들이 실제로 춤을 추고 열연했었다면 볼만했겠으나 대부분을 3D애니메이션에 사람 얼굴만 입혔기때문에 움직임이 작위적이어서 화면, 춤, 노래, 숨소리 모든것에 감동이 전혀 없다.  게다가 초반부터 주구장창 노래만 부르는데 가사 내용도 전혀 공감가지 않고 특별한 내용도 없어서 정말 지루하기 짝이없다. 마지막 내용도 들어보니 허무맹랑. 에휴...",0,0
513,"주위에서 별로라고 했는데.....혹시나 혹시나 역시나! 묘하게 졸리다 대학교때 교수님 강의들으면 그 묘한 졸린톤이 있는데, 묘하게 졸리다.  그러나, 메모리 들으면 떨어지던 눈물은 뭐지! 암튼, 묘한 영화였다ㅡ",5,0
514,졸려서 중간에 잤어요 자장가 같아서 잠은잘옴 끝부분이 좀 재밌고 기대를해서 그런지 별루 그리고 동물분장 징그러움,1,0
515,여주인공이 예쁜것만 기억나네요 원작을 떠나서 스토리 개연성도 없고 지루했습니다,1,0
516,지루해서 졸았어요. 끝부분20분만 볼만합니다.,1,0
517,0점도...아깝다...제가 너무 한건가요ㅠㅠ뮤지컬은 보여줄수 없어서 가기 싫다는 딸을 데리고 갔다가 다시는 엄마랑 영화보지 않겠다네요ㅠㅠ감독이 만든 전작들에 속아서?봤다고 해야하나요?..그대신 잠은 잘잤습니다.,0,0
518,추천하긴 주저하게되는 영화,2,0
519,"이  영화의 부족한점은 분장엔 신경을 안쓰고 자기소개만 하여서 스토리를 엉성하게 만들었다는 점이 있다. 하지만 뮤지컬의 감동,메모리,판타지한 cg와 그에 걸맞는 노래들,  실력파 배우들의 연기... 이는 모든 부족한점을 없애준다고 생각한다. 또 이 영화가 지금 혹평을 받고 있는 이유는 아마 윈작 무지컬 캣츠보다 감동이 덜하고 완벽했던 작품에서 단점이 너무 튀었기 때문이라고 생각한다. ",8,1
520,캣츠가 뭔지도 모르고 제목만 알던 사람들은 다 욕할듯 뮤지컬을 본 사람이라면 뮤지컬과 비슷하다 생각할겁니다 넘버 다 좋고 영상미 있고 만족한 영화임 2점은 캣츠는 퍼포먼스를 보는 맛인데 그게 편집과 씨지에 가려져서... 그 외엔 저렴한 가격으로 뮤지컬을 본 효과를 느낄 수 있음,8,1
521,노래소리가 조금 더 크고 웅장했다면 10점.,8,1
522,백두산 알바들 분탕질 하느라 애쓴다... 한창 200만 넘기고 물오르고 있는데 대작이 나타나서 예매율이 비슷해지니 똥줄타겠지..ㅎㅎ 위대한쇼맨 이후로 2년만에 심금을 울리는 영화가 될것 같다. 오늘 예매했다. 이런 영화는 뒤도 안돌아보고 예매... 백두산...ㅋㅋㅋㅋ 철지난 재난영화 많이들 봐.... ,10,1
523,볼까 생각중이었는데 메타스코어 점수가 32라서 맘 접음.,1,0
524,커버송은 룰라 김지현이 불러야 되는 것 아닌가?,10,1
525,미국에서 평점이 너무 개판이라 봐야할지 고민이다,5,0
526,인간화하지 말고 그냥 고양이 CG로 하면 더 좋았을듯 그럼 귀엽기라도 하지 애초에 무대극이라 표현의 한계때문에 인간화 고양이가 된건데 굳이 그걸  CG가능한 지금에 그대로 가져온게 무뇌짓 아닌듯,1,0
527,뮤지컬로 볼 때도 내용이 별로 였는데..... 돈 들여 똥 만든 꼴......,1,0
