﻿,document,score,label
0,위화감 없는 실사화에 놀라움을 감추지 못했다 명작임에 틀림없다 ,9,1
1," 동물캐릭의 실사화로 인해 표정에 감정표현이 잘 나타나지 않아 배우 목소리도 겉돌고 스카의 사악함, 품바의 유쾌한표정 등 원작 애니의 과장된 몸짓과 표정이 빠진게 아쉽지만 완벽에 가까운 그래픽과 살아 숨쉬는 배경, 원작의 감동과 노래를 감상하기에는 충분하다",9,1
2,이 영화에서 CG 기술은 그야말로 압도적인 수준이었다 배경의 디테일과 동물들의 움직임이 너무나 사실적이어서 경탄을 금치 못했다  하지만 이 완벽한 CG는 원작과 리메이크의 결정적인 차이를 만들어냈다 바로 많은 사람들이 공감했을 표정이다  만화라고 하는 것은 기본적으로 데포르메가 전제된다  하지만 리메이크의 심바는 다르다 이 친구는 그냥 사자다 아무리 봐도 사자다 그렇기에 이 친구는 원작 애니메이션의 심바처럼 과장된 행동과 움직임을 보여주지 못한다  이 영화가 원작의 스토리 라인과 구도까지 전부 복사 붙여넣기 했던 것에는 다양한 시각이 공존할 것이라고 본다 하지만 좋은 리메이크는 아니라고 말할 수 있다  원작의 좋은 부분을 건드리지 않는다고 해도 실사화인 이상 연출의 차이는 드러날 수밖에 없다,5,0
3,이영화 강추다,9,1
4,어릴적라이온킹이 트랜스포머급라이온킹으로 ,10,1
5,25년만에 애니메이션에서 영화로 보게 되어 반갑고 즐거운 시간이었습니다.,9,1
6,이정도 그래픽이면 이제 사람도 풀3D로 영화를 만들 수 있을듯. 실사인지 3D인지 구분도 못하게. 가장 이상적인 배우를 창조할 수 있다면 엄청난 배우들이 나오는 영화가 탄생할듯.,8,1
7,최고!!,10,1
8,시부랄 흑크린 쿼터제  다행히 다스베이더는 원래 흑인이어서 계속 무파사 배역을 할수있었음  티몬의 경박한 목소리는 애니가 더 좋았고 무엇보다 스카의 야비하지만 무게감 있는 목소리는 원조 제레미 아이언스를 따라가지를 못하네,7,1
9,라이언킹 내용 자체를 안좋아하지만 동물원 온거 같아서 좋음 ,4,0
10,"무파사,품바, 티몬 다 괜찮은데  정작 심바나 날라 사라비.하이애나 여자대장 등등 목소리가 영..몰입에 도움을 안준다.",9,1
11,잼나다,10,1
12,실사라 놀라울뿐 단지,1,0
13,옛날 라이온킹... OST가 더 좋았던 것으로 기억 하고 싶다. 정글의 왕이 사자라니... 공감 할 수 없다! 코끼리가 짱 아닌가?! ㅎㅎ;;,0,0
14,라이온 킹 실사! 놀랍네요. ^^,8,1
15,...,8,1
16,실사  놀랍고 감동적이다 인생최고 영화로 다시 한번 자리매김한다,9,1
17,그래픽이라는 게 믿기지 않을 정도. 이야기는 부실.,7,1
18,더빙.......아 진짜. 특히 심바역할 너! 보스배이비때도 짜증 작살이었는데  대사가 기복이 없냐? 잘만든영화 더빙때문에 왕짜증.,8,1
19,어메이징~,8,1
20,기대한대로 재미는 있었지만 실제 동물들의 현실을 너무 반영해서 인지 모든 캐릭터들의 표정이 진짜 짐승들처럼 그냥 어떤 상황에서 든지 그냥 내내 아무런 감정이 기복이 전혀 없는 시종일관 무표정 얼굴인게 아쉽다. 그리고 스카 의 Be prepared 장면은 진짜 심각하다. ,8,1
21,원작파괴 없는 것만으로 충분,6,1
22,이야기는 익숙하지만 실사의 구성이 아주 잘 만들었다..,8,1
23,"정말 재밌었다. 단순히 사자들이 권력 다툼하는 이야기가 아닌 제3의 세력 하이에나를 등장시켜 새로운 긴장감을 조성하는 데 성공했고 원작 라이온 킹을 완벽하게 실사 그래픽으로 재구현 해냄으로써 디즈니의 위상을 다시한번 증명하였다.  또한 생명의 순환, 정글의 섬세한 먹이사슬, 균형의 원칙 등 수많은 메세지를 관객에게 전달하여 많은 여운을 남기게 했다.",10,1
24,평범한 내용이지만 실감나는 CG 보는것 만으로도 행복하다.,8,1
25,94년에 극장에서 직접 봤는데....감흥은 94년이 훨 낫다. ,7,1
26,와이렇게 한인디스크나 튜브박스나 링크티비 같은데 올라오는데 이토록 드럽게도 오랜세월이 걸리노??,8,1
27,가출라이언짱,6,1
28,원작의 감동을  그대로 살려냈군,7,1
29,솔직히 스토리는 별볼일 없는데 영상이 기가막히다. 거의 실사를 보는 느낌.. CG만큼은 지금까지의 그어떤 애니메이션 영화보다 차별적이어서 한번쯤은 볼만한 영화인것같다..,9,1
30,돈은 엄청 바른 영화네요ㆍ경치이쁘고 cg죽이네요ㆍ근데 내용은 별루야ㆍ애덜 눈높이에 맞추려고 그랬나?사자 격투신이 앞발 치기가 약하네ㆍ좀 지루했다가ㆍ새한마리가 궁시렁될때 피식웃고ㆍ멧돼지 나올때 어이없어 좀 웃었네요ㆍ품바가 귀엽네ㆍ돼지때문에 조금 웃어서 시간은 아깝지않네요 근디 두번은 못보겠음ㆍ돈많이 들인 영화라 점수는 후하게 줍니다ㆍ돼지가 날웃겼음,8,1
31,알라딘은 재미가 있다면 라이온킹은 눈이 즐겁다ㅋㅋ,9,1
32,원작에 충실하며 CG를 잘 살린 것이 흥미롭다,8,1
33,고전명작을 놀라울정도로 포토리얼리스틱하게 만듬. 음악들도 새롭게 정비된 최고의 리마스터링 작업물 중 하나라고 생각됨.,9,1
34,"CG기술은 놀랍구만...  음악이며 추억이 새록새록... 극적인 부분이 약해서 그렇지, 아이들과 시청하기엔 딱 좋은거 같다~~  ‘Can you feel the love tonight’ 노래는 원작을 망친거 같긴하다. 원작대로 부르지...엘튼존이 화낼만 한듯...",8,1
35,표정이 에니보단 덜 드러나지만 충분히 와닿았고 감동적이었어요. 아기사자는 넘 귀엽네요.,10,1
36, 김일성 김정일 김정은...   나도 나이 많이 먹었다.  옛날 기억 떠올리고 싶었는데...  그게 안되네... 기분만 버렸다. ,5,0
37,기술적 성취가 감동을 보장하진 않는다 ,5,0
38,"오프닝부터의 그 웅장함. 그리고 진짜 그래픽이 이젠 거의 실제와 구분이 안되는구나.. 헌데 날라의 너무 R&B 감성이 묻어나는 비욘세의 음성때문에 조금 거슬렸음. 평소에는 몰랐는데, 성우로 하니깐 비욘세 특유의 흑인 악센트가 엄청 심하게 들렸음. 그 외에는 너무 감동적이고, ost도 너무 명곡이 많은 애니였으니깐요. ",10,1
39,굿잡,10,1
40,"아....., 정말 다운로드 파일 올라오길 기다리다가 진짜 목이 빠지는줄 알았네",8,1
41,실사로 돌아온 추억,7,1
42,"""...in the great circle of life"" 이 대사가 기억에 남음.",8,1
43,그래픽이다보니 감정표현이 하나도 없다. 기쁨.슬픔.분노.좌절.. 어느것하나 볼수없다. 실제같은 느낌은 있지만.. ,6,1
44,"누군가 그랬다, 내셔널지오그래픽 사자 다큐를 본 것 같다고. 혹 자는 비비씨 동물다큐 같다고도 했다. 실물같은 대지와 초원을 보여주는 그래픽엔 찬사를 보낸다. 허나 감정 이입이 힘든 캐릭터들과 맷돼지나 암사자, 개코원숭이 만도 못한 전투력의 내새울건 왕족인거 뿐인 라이온 킹의 존재감은 다소 의문 스럽다. 차라리 라이온퀸이 더 어울릴 법한 각본이 아니었나 싶다. 내용은 아쉬워도 이 기술력과 연출력으로 앞으로도 더 많은 동물 애니가 나왔으면 하는 바램이다. ",7,1
45,추억의 애니  옛날생각나서 좋았다 애니에서 느끼던 감정이 없어서 아쉽 솔직히  영상하고 추억빼면 별른일듯,7,1
46,Bbc 인줄! 감정 없는 cg들,3,0
47,왕이 되기까지,6,1
48,라이온킹 ! 이젠 새로운 동화의 전설이 되었다. ,8,1
49,표정연기가 안되었다는 약점은 있지만 알라딘보다는 괜찮은 리메이크,5,0
50,자한당 국개 어른이 빵점 인간들이보고 정의와 신념이 무었인지 배워라.ㅋㅋㅋ,7,1
51,잼나게,7,1
52,뭐나름대로재밌었습다,10,1
53,인간은 표정을 보며 공감하는 동물이다.,6,1
54,노잼 보다 잤음,1,0
55,"최근에 나온 사자 , 엑시트 , 기생충등 봤는데 이 영화가 가장 기억에 남을듯.. 감동적이고 중간 중간 나오는 노래도 좋고 무엇보다 심바가 귀엽다",10,1
56,귀엽고 재밌고 감동. ,10,1
57,25년전 애니 재밌게 본 사람들에게  실사  실망할꺼란 얘기듣고 기대를 낮추긴 했지만  아주 재밌게 봤다  잘만들었고   음악도 여전히 좋고 ,10,1
58,감동,10,1
59,"감동적이고, 아름다웠어요",10,1
60,"전세계 흥행 성적은 라이온킹이 알라딘 보다 훨씬 높지만 한국인들은 자극적이고 유치한 코메디를 선호해서 그런지 흥행 성적은 해외와 비교해 낮은편. 최고의 스토리, 캐릭터, 음악의 조화. 어린 사자가 정말 귀엽다.",10,1
61,옛추억..,8,1
62,기대를 너무 했던가..애니의 풍부함 과장된표정들을 실사판에서는 보여줄수 없으니 전체적으로 밋밋하게 느껴짐.,6,1
63,진짜 진짜 재밌음 이 영화 대박날 듯,10,1
64,아기 심바 너무 귀여웠고 무파사 죽었을때 슬펐다 마지막에 싸우는 장면도 모두 재미있었다 이 영화 추천합니다~^^,10,1
65,실망. 장면의 웅장함도 없고 우리가 알고있는 노래에 비해 ost도 완젼 꽝이고  지루해 죽는 줄. 포효하는 시원함도 한번도 없어서,1,0
66,애니메이션이였던 라이온킹. 이젠 살아 움직인다. 감동이였어. 디즈니 고마워,10,1
67,"인생이란 그런거다....깊은 울림이 있습니다.......감명 깊었고, CG의 경이로움에 감탄 합니다",10,1
68,"그럭저럭 볼 만한,고급진 CG 기술에는 감탄스러운,그러나 마음 한 켠 속 자리잡는 허전함은 어쩔 수 없다.",6,1
69,그럭저럭 볼 만한,7,1
70,감동은 원작에  못미치지만  CG의 사실감은  대단,7,1
71,완벽하진 않지만 울림이 있는 영화,8,1
72,보다가 나옴.....너무 너무 너무 지겨워....,1,0
73,추억으로 본...^^,6,1
74,에니메이션의 다양성을 실사로 그대로 베껴 옮겨서 폭망한 영화 표정에서는 아무런 감흥도 없고 몸짓은 에니메이션처럼 과장되거나 희화화 되지 못한 채 어색함만.. 싸움질은 그럭저럭 볼만 했던 왜 사람들이 기를 쓰고 보려고 하는지 이해가 안되는 영화,2,0
75,처음 노래 나오자마자 뭉클!,10,1
76,극호~ OST 도 영상도 너무 극호,10,1
77,스케일에 놀랐습니다.최고!!!,9,1
78,아기 심바 너무 귀여웠고 애니매이션보다 영상미가 너무 좋았어요~ 간만에 보고싶은 영화를 봐서 행복했어요^^,10,1
79,잔잔한 감동과 아름다운 영상미가 너무 좋았어요.무파사와 심바..감동,10,1
80,재미없었어요 졸림,1,0
81,최고,10,1
82,애니에서 볼수없는 영상 역동미가 있음,10,1
83,다큐멘터리 보는 것 같아 감동,10,1
84,애니랑내용똑같네,5,0
85,어릴 때 라이온킹을 너무 좋아했는데 이제는 아이들과 보게 되다니요. 2019년 되자마자 개봉 날만 기다리며 너무 보고싶었는데 역시나 감동적이고 실사라니 보는 내내 멋진 영상으로 볼 수 있음에 감사했어요. 감동적이에요~아이들에게는 사파리 구경시켜주듯 흥미로운 시간이었습니다. 최고예요 ㅋ,10,1
86,정글북때도 보고도 믿을 가 없었다 그게 다 CG 라니 그저 놀라웠다 이러다가 인간 배우도 만들어 낼수 있지 않을까???정말 그런날이 오면 오디션 같은 거 볼 필요도 없고 배우란 직업이 없어지지 않을까   ,8,1
87,스토리진행이 너무 빨리 흐르는느낌 여운이없음,2,0
88,동물다큐멘터리에 더빙한 느낌,6,1
89,"아프리카 가서 사파리투어 한는 것 같아요, 잔잔한 감동이 밀려오네요.",9,1
90,영화 재밌네요,10,1
91,잼나요,9,1
92,별로에요 ,1,0
93,하......포디엑스로 봤는데... 처음에 광고인가? 그런게 스릴이 더 넘쳤음ㅋㅋㅋㅋ(자동차) 내용은 그냥 그럼..... 다시 보고싶지는 않음,6,1
94,새로운 감동 영화   좋 슴,10,1
95,"덤보를 볼 때도 느꼈지만, 동물이 주연이 되니 표정 표현이 안 돼서 몰입이 어렵다. 마치 성우들이 더빙한 동물의 왕국을 보는 느낌이었다. 그럼 동작이라도 과장되게 하든가... 너무 진짜 같이 만들어도 문제다. 그리고 엄밀히 말하면 전부 CG니까 실사 영화도 아니잖아?!",5,0
96,실망. 라이온킹 매니아들이나 좋아할 영화. 웅장함도 새로움도 없다. 잠깐 졸기도 했다.,0,0
97,"명작 애니메이션을 실사화 재탕해서 돈 벌어들이는 디즈니..   돈독이 단단히 올랐구나.. ㅉㅉ  원작 애니메이션과 비교하면  동물들 표정이 구현이 안되는게 가장 큰 문제다..   그래픽이 대단하다고 빨거면  차라리 초고화질 자연다큐멘터리를 봐라 ㅉㅉ   앞으로도 뮬란, 인어공주 등등 전부 실사화로 재탕 우려먹을 기세..   실사 동물 영화로만 비교하자면 차라리 아기돼지 베이브가 더 낫다.",2,0
98,우리는 이런 수준의 영화도 만들지 못하는 주제에 까기는!한심하다!,10,1
99,25년전   받았던 감동만큼은 아니지만   정말 재밌게 봤어여   너무 재밌어서 25년전엔 비디오테이프  소장해서 생각날때마다보고   친구들한테 선물하고  그랬는데 ㅎ여전히  우리 심바는 있었고        심바  너무귀엽고   씩씩해여   슬픔 감동 모두 가지고 있는  가족들이봐도 연인들이봐도   저처럼 혼자봐도   좋은영화 무더위 휴식같은 영화  라고나할까 여   꼭보세여,10,1
100,1. 무표정한 동물들.. 내셔널 지오그래픽 보는거 같음 2.애들은 캔유필러브투나잇을 부르는데 배경은 대낮 3.그나마 사자들 쌈이 실감나서 그건 좀 볼만함 4.실사화되며 젤 나은애가 티몬 티몬 엄청나게 귀여워짐 5. 자주 개그 다 죽어버림 무표정한 새 되어벌임 6.심바가 프라이드랜드 돌아갈때 나오던 ost Busa 왜 짜른거냐!!!! 더 이상한 노래 넣어서 빡침 7.스카 be prepare.....스카 특유의 능청스러움과 카리스마 다 죽어버림 ㅠㅠㅠ  8. 그렇지않아도 날라 아빠가 누군지 옛날부터 궁금했지만 뭔가 물어보면 안될거?? 같았는데... 이번 실사에서 못박아주시던데요. 나라도 그분닮아서 다행이네!! 대사-⟩⟩날라아빠=무파사....동심 박살..니네 남매잖아 사자여서 괜찮냐?   알라딘 실사,2,0
101,그저그래요. 더빙은 어떤지 모르겠지만 자막버전은 영 별로네요. 목소리연기들도 별로고 자막은 또 왜 그리커서 화면을 많이 가리는지 관람에 방해된다는 생각이 들 정도였어요. 스토리는 애니로 이미 알고 봐서 그런지 보는내내 긴장감도 없고 지루하더라구요. 두번 보고 싶진 않아요.,4,0
102,TV 동물의 왕국을 보는게 나을뻔.. 그저 대사있고 노래만 섞었을 뿐이다. 실사.. 동물의 왕국...그 수준..,3,0
103,알라딘을 보는게 더 나았겠다.,4,0
104,"영상의 질은 좋아요,  음악은 애니가 훨~씬...ㅎ ,  화면 뷰의 구도가 마치 다큐 보는것 같은 건 저만 그런 건지는 몰라도  덕분에 몰입도가 떨어져 재미, 흥미가 좀 덜한 편이더라고요.  그래도 원작을 실사로 최대한 보여주려 한 건 충분히 느껴지고도  남았고요~ 박수받을만하다고 생각합니다~~ ",7,1
105,멧돼지의 발걸음과 연기가 최고였어요~ㅎㅎ 심바 귀여웠구요,9,1
106,"원작 애니 만큼이나 전 실사 라이언 킹도 너무 좋았어요! 2D 화면과 소리론 충분치 않아 IMAX 로 한번 더 봤는데 정말 만족합니다. 이런 영화가 만들어지는 과정이 너무도 궁금하기만 하네요! 울 조카애기들도 너무 재밌게 보길래, 실사영화 감상 후 오리지널 애니도 보여주었는데 의외로 실사가 더 좋다 합니다.  원작을 따를 영화는 없다지만, 실사화 역시 저는 너무 좋았어요!",10,1
107,그냥 알라딘이 나아요,1,0
108,최고,10,1
109,어휴~ 애니가 훨씬 나은듯…,1,0
110,아이들과봐서 더빙으로봤네요 다음에 원판으로 다시 봐야겠어요,9,1
111,그냥 애니를 내용그대로 실사로 바꾼거....   비욘세 목소리만 반갑다..    그게 다임...,5,0
112,"심바.... 너무 귀요어,,,,,",10,1
113,실사판이 궁금했는데.. 음악과 스토리.. CG 모두 만족합니다. 만화판 대사의 짠함.. 을 그대로 간직한  성인용 동화 한편 즐긴 느낌입니다.,9,1
114,"원작스토리 강렬한 힘은 실사판에서도 여전히 살아있네요. 영화 마지막에 눈물이 흐르는 감동은 여전하지만,  그래픽으로 처리된 캐릭터들의 무표정한 연기는 뭔가 아쉽습니다. ",8,1
115,시대 흐름을 반영하지 못했고  지루하고 스토리 맥이 끊기는 ㅜㅜ  아쉽다 ,6,1
116,"남편이 잘못 예매. 더빙판을 봤는데 어린 애들 데려온 부모들이 대부분. 애들 영화 보게 생겼다고 남편을 원망했는데, 보고나서는 미안하고 고맙다 했음. 어른을 위한 동화같음",10,1
117,원작 만화보다 퀴즈탐험 신비의 세계가 더 생각났다.,5,0
118,CG는 매우 훌륭함 하지만. . 초반에는 다큐멘터리만큼 지루함... 장면장면이 툭툭 끊기는 느낌이고  쓸데없이 노래가 많이나옴 상황이랑 어울리지도 않는.. 초반의 심바는 짜증을 유발함 티몬과품바가 하드캐리함 전반적으로 스토리가 엉성한듯 누가 공짜로 보여줘도 다신안볼듯 한번은 볼만함ㅋㅋ,6,1
119,초3 딸과 4D로 봤어요 아이가 많이 좋아했네요~~~ 라이언 킹 내한 뮤지컬보다 훨씬 재밌다고 해요,9,1
120,어제 볼게 없어서 봤는데 걍 평타,7,1
121,그냥 나 cg 잘 만들어요~ 정도,4,0
122,좋은사람과 봐서 그런지 재밌었습니다. ,9,1
123,밀림에왕자 레오를 대놓고 표절한 디즈니영화,6,1
124,"우려하는 것처럼 넷지오 보는 느낌은 아니다 실사 형태 동물들이 말하는 것이 어색하지도 않다 실사라고 해서 감정 표현이 잘 안되는 것도 아니다 오히려 실사화 해서 더 진지한 분위기라는 특색도 얻었다 케릭터 표현은 아기 심바의 경우 애니메이션보다 더 칭찬받을만 하다 아주 귀엽고 아기사자를 보던 아이들도 좋아한다 실사화를 통해 만화속 이야기는 현실로 다가왔다 그렇기에 한 아기사자의 이야기는 더 진지하게 받아들여 질 수 있을지 모른다 애니메이션의 극적 장면이나 부드러운 감정표현, 따뜻한 그래픽은 잃었지만 다른 쪽으로 얻은것이 많다 아쉬운게 있다면 알라딘처럼 음악적 측면을 더 강화했으면 좋았을 것이란 점과 연출이 좀더 매끄럽게 이어지면 좋겠다는 점이지 실사화 그 자체는 문제 없었다 전체적으로는 수작이고 ",9,1
125,"얼마 전에 애니메이션으로 보다가 하늘의 별이 실사로 그려지면 엄청나겠다 싶었는데요,  원작과 겹치는 대사와 장면이 많아서 비교하는 재미도 있었어요 시즌 2 나왔으면^^",8,1
126,어렸을때 비디오테이프로 봤던 내용이 새록새록 떠올랐어요 동물들이 정말 실감났어요 재미있게 봤습니다 하쿠나마타타 ,9,1
127,너무 아름답고 좋았어요,10,1
128,나쁘진 않음... 원작 훼손 하지 않는 범위 안에서 잘 만든듯... 하지만 원작 만화랑 달리 동물들의 행동을 기본으로 만들다 보니 캐릭터들의 표정들이 드러나질 않아 감정을 느끼기가 쉽지 않아 성우들 목소리랑 실력에 많이 의존할 수 밖에 없었음.. 원작의 무파사 목소리야 워낙 유명하고 중후하니 무게감이 느껴졌지만.. 솔직히 제레미 아이언스의 선과 악이 공존하는 목소리를 이번 스카에서 못 들은게 아쉬움.. 어린 심바 목소리는 아무리 봐도 원작의 목소리 톤이나 목소리까지 많이 따라하려 한거 같은데 좀 아쉬웠음.. 그리고 또 어른 심바 목소리도 나오는 비중이 적어서(??) 그런지 아쉬운 느낌을 지울 수 가 없었음... 무엇보다 품바 티몬이랑 날라랑 말을 한 마디도 섞지 않고 날라가 죄다 쌩까는 스토리 전개는 할말 ,8,1
129,영화 보는 내내 지루하다는 느낌을 지울 수 없었다. 애니메이션을 보지 않은 경우라면 볼 만할 듯.,6,1
130,귀엽긴 하나 귀여운게 다다  cg는 인정 살아있는 애들 데리고 연기시킨 것처럼 똑깥아요 ,5,0
131,자루해~~~ㅜㅜ,3,0
132,애들하고 보기 좋은 영화~! 하지만 색다른 전개나 화려한 화면을 원한다면 조금 실망할 수도...,7,1
133,"대자연의  순환과 공존의  원리, 철부지 귀여운 아기 사자가 왕으로 거듭나는 과정이 생생하게 잘 표현된 영화",9,1
134,너무너무 감동적~~~! 심바 대박 귀여움~~~♡,10,1
135,100프로 씨지라는데 뭐가 그리 마음에안드는지 이해안되네용 첫장면부터 난감동이던데 ㅋ,10,1
136,4D  보고 싶었는데 매진이라 더빙으로 봤네요.ㅠ 재밌었어요.,10,1
137,"B급 영화도 수준에 맞춰 보는 나,  그래서 점수를 짜게  주는경우 드문데. 이번 라이온킹은 영화에 필요한 요소 (스토리, 캐릭터등)는 빠지고 기술력만 남았네요.  애니치곤 굉장한 기술력, 동물의 왕국보다 덜 리얼하고.. ",4,0
138,"무파사는 영국 영어를, 그 아내와 심바는 미국 영어를... 결국 영국은 과거의 왕, 미국은 현재의 왕이란 이야기겠지? ㅎㅎ 라이온킹 원작이 나올 무렵엔 일본이, 지금은 중국이 미국의 경제 헤게모니를  위협하니 다시금 라이온킹이 만들어진 건 아닐까 하는, 약간은 어이없는 생각을 해본다. ",8,1
139,라이온킹 뮤지컬이 훨씨이 이이니이니인잉닝ㄴ인이인인이이인인인닝닝닝니이ㅣㅇㄴ인이ㅣㅣㅇㅇㅇ 씬  나음요,2,0
140,주말 300만 돌파 오늘까지 보면 400만도 넘겟는데  댓글 알바는 비관적 ㅡ  라이온킹 만화 본 부모와 씨지  보는  자녀세대 콜라보인듯  오랜만에 외화들이  대박나는  분위기,6,1
141,많이 아쉽습니다 그냥 다큐같은 영상에 스토리는 우리가아는 그 내용인데 목소리분위기와 도물표정들이 매치가 안되고..음 그냥 애니가 나은듯요,2,0
142,원작에서 애니특성상 과장되거나 생략되거나 오글거렸던 부분이 실사화에 맞게 좀 더 구체적이고 느슨해지고 자연스러워지면서 요즘 감각에 맞게 다시 태어난 작품이라고 생각합니다. ,10,1
143,초등3 딸은 잼나게 봤고  중등1 아들은 쏘쏘~  아빠는 나름 잼나게 봤네요.  다 아는 내용이지만 8점 드립니다.,8,1
144,진짜 감동! ㅜ ㅜ,10,1
145,넘 감동적이었어요 겨울왕국이후로 애니보다  또 눈물 찔끔 ㅠㅠ,10,1
146,이건 아니다..... 대충 만든건가 싶은데.... 돈은 또 많이 들였을 것 같고.. 별로였다 굳이 볼거라면 큰관 선택하구 앞에 앉아서 영상미나 느끼는게 좋을 듯,3,0
147,"예고만 봐도 알수 있던.. 표정에 감정이 전혀 안나타나고, 익살스러움도 표현되지 않으니... 아무리 영상미가 뛰어나고 CG가 뛰어나도... 더 높은 점수를 주기가 힘든... 역시나 음악과 웅장한 CG는 좋았음...",7,1
148,동물의 표정이 없어서 감정이입이 힘들었습니다. 누군가의 말대로 잘만든 동물의 왕국이네요,4,0
149,오  호~~   행복   했습니다   디즈니는   역시  대단해요   동물들의  눈빚을  비롯한   섬세한   표정과   모션들~~  적극   추천합니다,10,1
150,자연의 순환? 악의 순환아닌가? 노비의 자식은 노비~ 노력해도 노비~ 가해자는 계속 가해자가되고 피해자는 계속 피해자가 된다는 논리. 새로운 세상? 그저 역사의 반복 노력은 불필요 유전자 우월주의. 빈부의 되물림 이런 개같은 경우들을 어떻게 순진한사람들에게 좋게 보여줄수 있는가에 대한 방법을 배웠고~ㅋㅋ 주토피아 다시보고 눈 정화함.  그 옛날에 내가 라이온킹을 좋아했던건 순수해서가 아니라 순진했었기 때문에 좋아했던 거였구나 하고 깨닫게 해준영화,1,0
151,너무너무 재밌게 봤습니다! 감동적이고요. 또 보고싶네요! 알라딘보다 더 재밌게봤어요,10,1
152,감동그자체! 아이맥스3d로 꼭보세요!,10,1
153,명작의 스토리가 없었다면 별로였을거같아요 어색했음,6,1
154,정말재미 없음 옆에서 코골고잠,1,0
155,클래식은 영원하다. 놀라운 표현력과 원작을 훌륭하게 살려서 묘사했다. 다만 장면 중 중간중간 뭔가 극적인 느낌이 살짝 떨어지는 부분이 있다. (처음에 아기심바를 올리는 부분이나 클라이막스 전투장면 등) 그러나 감동은 여전했다.,9,1
156,"애들이 보기에도 좀 그렇고, 어른이 보기에도 좀 그렇고,  그래픽만 동물의 왕국본셈치면 훌륭한 정도.",5,0
157,뭐가 재미가없다는거야!!????나오지마 그럼 볼자격도 없구먼  역시 믿을게못되네   재밌었다 ,10,1
158,솔직히 그동안 나온 디즈니 애니 실사화중 제일 좋았다 알라딘은 신나고 재밌는  실시화였다면 라이온킹은 그저 감동 ㅜㅜ ,10,1
159,꼭 아이맥스 3d로 보세요. 내가 아프리카에 서있는 기분 ㅋㅋ ,10,1
160,사실적이어서 더 꿀잼~~ 음악도 신나고~~,9,1
161,열라 재미 없네..... 참 재미없게도 만들었다...,2,0
162,노잼~ 보다 잠듬~  - 백인 우월 주의 사상 영화 - 코끼리한테 지는데 사자가 왜 킹인가? - 하마한테 처발리는데 사자가 왜 킹인가?,1,0
163,보는 내내 감동 그 자체였습니다,10,1
164,감동깊게 봤습니다,10,1
165,믿고 보는 파브로. 재밌음. 심바랑 날라가 귀엽다. 그래픽 역대 최고.,9,1
166,"해피,당신은 못하는게 모유?",7,1
167,뭐라머라 말들 많은데... 정말 잘만들고 재미 있는 영화임. 삐딱한 시선들은 어디에나 존재함 대체 얼마나 잘만들어야 만족함?,8,1
168,생각보다 재밌어요,7,1
169,디즈니 덕후 1인입니다~ 처음 애니메이션으로 접하고 그후 애들 키우면서 20번도 더 본 영화인데 볼때마다 감동적이었죠. 실사화 된대서 연초부터 손꼽아 기다렸다가 개봉날 바로 보고 왔네요!! 어린 심바 목소리가 조금 서운하긴 했지만 정말 감동있게 보고 왔구요.. 중간 부분이 조금 지루하다는 분들도 계시던데 그 부분은 애니에서도 같은 내용이기에 전 딱히 지루하지 않더라구요.. 영화보는 내내 닭살 돋는 감동을 받으면서 정말정말 잘 보고 왔네요~~!! 애니 라이언킹을 본 분들이라면 꼭!꼭 보러 가시길 추천합니다~~^^,10,1
170,난 만화가더 감동,7,1
171,눈호강 귀호강 ㅠㅠ 꿀잼!!,10,1
172,애니메이션보다 더 감동이었어요ㅠㅠㅠ 노래가 진짜 최고였습니다!,10,1
173,세상 힐링 ㅠㅠ 하쿠나 마타타 나올때 춤출뻔ㅋㅋ,10,1
174,개꿀잼ㅋㅋㅋ 감동도 있고 재밌는 영화네 ,10,1
175,심바 너무 커엽네 ㅠㅠ ,10,1
176,열일한 품바와 티몬에게박수를~ 무파사 제임스 얼 존스 지하에서 올라오는듯한  중후한 음성이 마이 가늘어졌네요   세월이 ㅜㅜ  ,6,1
177,다른 것은 볼것 없고 딱 한가지 배경에 펼쳐진 은하수가  상영시간안에 5분 볼만함. 그 다음은 자면 됨,1,0
178,노잼 보다가 졸았다 돈아깝 ,1,0
179,감동 이상의 무엇. 지금은 고등학생인 딸 아이 아기였을때 테이프가 늘어지도록 봤던 원작 애니와 똑같아서 추억 소환도 되고. 모든 씬이 좋았다.,9,1
180,재밌었음! 인트로부터 엔딩까지 완벽했다,9,1
181,다시봐도 괜찮아요,7,1
182,너무 좋아요 영화 시작부터 끝까지 1도 안졸고 ㄹㅇ 너무 재밋게 봤어요 다시 보고싶을정도..,10,1
183,알라딘 오늘보고 라이언킹 지난주봤다 라이언킹승  이유는  컴 그래픽이  아바타 이후 쵝오  지금도 콧노래 나온다  하쿠나 마타다  ㅋㅋ,9,1
184,너무 재밌어요 원작보다 1000배 10000배! 더 재밌어요 영화관에서도 말고 유튜브에도 라이온킹 실사판이 나왔으면 좋겠어요! 그리고 실사판인데 감정표현은 해가 됩니다 심바가 입을 찢으며 웃는다고 생각해 보세요 그래서 지금 이야기 쭉그대로 (유튜브에) 하루 빨리! 나왔으면 좋겠습니닷!,10,1
185,원작은 최고였는데 이번 영화는 완전 실망,1,0
186,재미있고 감동도 있고 메시지도 분명하고...,8,1
187,만화영화랑 똑같이 카피해서 만들었드만.. 계속 졸았다.. ,1,0
188,"용산 아이맥스로 봤습니다. 처음 오프닝 장면 너무 좋았어요.  이 장면은 과거 애니메이션, 뮤지컬 심지어 이번 영화도 최고의 오프닝이라 할수 있을 정도... 하지만.. 표정연기가 부족한 동물들로는 감정 전달이 안되더라구요. 제가 가장 불만인 점은... 원작에서 스카가 하이에나들 꼬드기는 씬의 노래와 율동을 매우 좋아했는데... 노래도 좋고 군대가 진격을 준비한다는 식의 연출등등... 거의 삭제 수준으로 간단히 표현.  라이온킹 3버전 원작 애니, 뮤지컬, 이번 영화중  가장 만족도가 낮습니다.",5,0
189,"정보 없이 봐서 그런가 넘만족,개이득 좋아했던 음악들이 자꾸 나오는데 넘좋았다(여기ost인줄 몰랐었음ㅎ)  풍광등 비쥬얼 넘멋짐(캐릭터비쥬얼은 아주별루) 티몬&품바가 공신. 아기심바 동작이 귀염귀염 목소리연기는 들으면서도 아쉽(무파사 티몬품바 빼고)",9,1
190,3번 졸았다. 돈내고 동물의 왕국을 보고 온 기분이었다.  디테일은 최고 였다. 에버**에서 사파리에서 봤던 사자의 활동하는 모습과 똑같았다. 완벽했다. 티몬과 품바는 역시 재미 있더라. 그런데 졸은 기억이 강했다 초반에 2번 중간에 1번 졸지 않으려 노력도 했었다... 그래서 평점을 3점 드림,3,0
191,애니랑 비교해서 말들 많은데  그건 어릴때 처음봤던 순수한마음이 지금까지 이어지지 못한거일뿐 난 오히려 실사를  이렇게까지 표현할수있을까 디즈니는 역시 대단하고 웅장한사운드도 자연에서와서 자연의섬리로 살아가는 그들이 인간보다 정의롭다는거 다시 깨닫게 되어 감사했다 세상의 모든 동물원이 없어지길 바라며...,10,1
192,예전 애니메이션 봤더 기억으로 보러 갔다가 후회하고 나왔다.  실사화를 할게있고 하지 말아야 할게 있는 거다~ 라고 알려주는  영화,5,0
193,라이온 킹이 귀엽네,10,1
194,실사 사자로 3D로 다시보는 심바의 라이언킹 시작할때 울컥하기도하고 감동적으로  노래도 따라부르며 재미나게 보았다.  그때 태어나지 않았던 어린 아이도 재밌어하며 잘 보았는데. 어릴적 심바랑 날라. 그후 자란 날라랑  엄마랑 심바엄마등이 구분이 안되기도하더라 ㅋㅋ  아이맥스로 한번 더 봐야겠다.,9,1
195,이게 영화냐?,1,0
196,재미는 있었다만 동물의 왕국 볼라고 영화관 가기는 돈아깝다,5,0
197,오프닝부터 개감동 내가 본 최고의 영화 중 하나가 됌,10,1
198,신미대사는 진짜다^^반면에 사자새기는 2년후 100%추방된다.ㅎ족외혼이다.암컷도 8 마리를 넘으면 추방된다ㅡ반면에 하이에나는 암컷이 킹이고 공주는 새끼여도 삼춘이나 오빠를 물어뜯어서 권력을 누린다ㅡ개기면?하이에나여 여왕이 죽인다^극단적 가모장제다!,4,0
199,좋아요 노래는 아쉽,9,1
200,아~~~~~~그랬냐~~~발발이~! 치와와~스치고오~~~~~~,10,1
201,만화보다는 훨씬 생동감있어서 저는 재밌게 봤어요~,10,1
202,내용면에서 창의성이 부족한 느낌~~ 뻔한 스토리  드라마 본 느낌을 지울 수 없음,2,0
203,"원작 만화가 훨씬 낫습니다. 디즈니가 ""나 이정도 기술력 있어~"" 자랑하는 정도의 느낌만 들어요. 만화 본 분들은 다시 안보셔도 됩니다.",5,0
204,옛추억은 추억일뿐 지금이순간이 중요할뿐~,7,1
205,인생에서 꼭 봐야 할 영화! ,9,1
206,감사합니다!!!! 6살 여아 넘 즐거웠어요,10,1
207,ㅇㅎㅎ 개인적으로 알라딘이 더 좋지만 재미짐,8,1
208,2탄나온줄 알고 갔는데 섬세한 cg가 들어간 1탄재제작품이더군요. 예전작품을 안본 아이들에겐 좋은 작품일듯요,7,1
209,음악 이야기 감동이 어우러진 장대한 스케일의 디스커버리 채널을 보는것 같았어요.,6,1
210,6살 아이랑 재밌게 보고 왔어요^^ 더빙으로 봤는데도 음악의 거장 짐스한머답게 웅장하면서도 마음이 풍요로워지는 음악과 영상미 굿~!!^^,9,1
211,알라딘도 마찬가지지만 2D 애니메이션만이 줄수있는 무한한 표현의 해학과 즐거움이 있거늘 실사같이만 만들면 되는줄...진짜같은 사자가 우물우물 영어를.,0,0
212,아이들이 보고 후회함  알라딘이 더났다함.. ,2,0
213,초등 5학년 아들이랑 봣고요 개인적으로 알라딘보다 잼나게 봣어요 참 감동적이게 잘 만들엇고 지루하지 않고 아는 내용이지만 너무 행복하게 잘 봣어요 한번더 보고싶네요 심바 넘 귀여웡,10,1
214,ㄴ ㅏㅇ ㅏ주~ 평야~ 자체만으로도 어릴적 향수를 느꼈습니다. ,10,1
215,너무나 재밌게봤습니다.,10,1
216,재미있네요 ᆢ,10,1
217,정말 재미와 감동이 듬뿍인 영화,10,1
218,...,3,0
219,실화치곤 퀄리티 너무 높고 노래도 좋고 감동까지 느끼는 아주느냥 갓갓영화,10,1
220,영상.노래. 뭐 하나 빠지지 않는 최고의 명작.,10,1
221,너무나도 완성도 높고 끝까지 한시도 눈을 못  뗏음..^^,10,1
222,사랑스런심바. 대 자연에서 힐링제대호 하고왔어요,10,1
223,영상도 좋고 노래 너무 좋음ㅠㅠ,10,1
224,용아맥 완전 대박!!! 무조건 용아맥으로 보세요!! ,10,1
225,재밌게 봤어요 심바 너무 귀여워,8,1
226,풍경과 음악빼면 2점이내.디즈니 영화본 것중 최악이었음.알라딘 생각하고 보면 뒷통수맞음.,4,0
227,3D 그래픽 한계의 끝은 무너졌지만 옛 감수성도 사라져버린... 현실속 나 자신!! ㅠㅠ,7,1
228,재밌음,10,1
229,영상미는 있었지만  애니랑 스토리도 똑같고 재미도 감동도  별로였다. 비추,2,0
230,실사는 볼만함. 근데 동물들의 표정이 표현의 한계가 있어 감정몰입을 방해. 특히 실사라서 어느 사자가 엄마인지 여친인지.....동물들이 좀 구분이 안됨.....너무 기대했음. 알라딘은 다시 보고 싶었으나 이건 두번보고 싶을 정도는 아님. 더빙 목소리도 이유는 모르겠지만 애니가 더 좋음.,7,1
231,보다잠들었음,1,0
232,진짜 완전 비추다......이거 tv에서 공짜로 보여줘도 난 채널 돌린다 정말 완전 재미가 없다.,1,0
233,그닥 재미없음,4,0
234,오프닝 별 클로징 별. 딱 거기까지 원작은 정말 수십번 봤는데.. 각색 누구냐? 한대 좀 맞자  누가 그랬더라?  내셔널지오그래피에 더빙한거라고..  정답이다,4,0
235,감흥도없고  재미도없고  돈이아깝다,1,0
236,알라딘보다  훨 재밌었어요. 엔딩때  박수치는 분들도 많았어요^^,8,1
237,완젼.....너무 재밌고ㅠㅠ 저는 왜 그런지 모르겠지만 실서판이 훨씬 좋더라구요ㅠㅠ 해피님 존경합니다ㅠㅠ,10,1
238,알라딘 잼잇어서 여러번 보았고 겨울왕국 보면서 눈물뚝뚝 감동받았었는데 라이언킹은.. 동물좋아하는 칭구도 졸았어요ㅜ,6,1
239,아기사자 넘나 귀여운것ㅋ,9,1
240,실사영화보다 CG영화가 더 실감나는 세상이다.,3,0
241,뮤지컬도 보았는데~~ 비교될만큼 영화가 더좋음~~  요즘 영화 대부분 피흘리고 칼부림. 난투격속에~~  동물들로 힐링하고 감 적극 추천합니다~~,9,1
242,만화보다 감동도 없고 재미도 없고 동물에 왕국 보고 있는데 동물이 말하고 사람 흉내내는 느낌만 듬,6,1
243,전 재미있고 영상미도 이뻐서 만족합니다. ,10,1
244,특이하지만 알라딘만큼 감동과 전율은 부족,7,1
245,평이  갈리네  분명  실사와  애니의  장단점은  있으니까   아무래도  만화는  표현이  자유로우니까  훨씬 풍요롭게 느낄수  있겠지  하지만  분명 실사가  주는  매력도  있었다  첫장면은  감동이었고  어차피  더빙  들어가서  난  동물들  감정에  몰입됐는데  울  아이들도  잼나게 봐서  좋았고 ㅎㅎ13살과 5살이 함께  만족할만한  건  찾기 힘든데  라이온킹은  강추^^,7,1
246,재미와  감동은  없습니다 슬픈장면이 있어서 그나마 좀 기억에 남네요 시대가 영웅을 만든다더니. . .  무파사보다  스카의 입장이 더 이해가 되고 심바는 비겁한  날라리 였다면 닐라는  나라구한  진정한 숨은영웅,7,1
247,"조금 아쉽지만, 4D로 보면 좋아요!",7,1
248,어쩌다보니 알라딘과 라이온킹을 같은날 보게되었네요  재미는 알라딘에 못미치는정도?  그래도 옛추억을 되살릴수 있어서 좋았습니다^^  하쿠나 마타타~,7,1
249,"스마트폰 없던 시절에 아이들 낳아 키우면서  디즈니 애니 DVD 도움을 많이 받았습니다.  라이온킹은 10번도 넘게 본 것 같아요. 라이온킹 실사영화가 나온다고 해서  당연히 큰 기대를 하고 기다렸어요.  아이 방학 하자마자 4D로 보고 왔습니다.  애니와 대사, 음악, 주요 장면... 모두 똑같았지만 저는 그래서 재미있었습니다.  애니가 실사로 어떻게 표현될까? 가 저의 관심이었기에 다큐란 생각은 안했습니다.  다만 아쉬운 점은 4D로 볼 필요가 전혀 없었다는.  라이온킹 실사영화.  아이들  있는 가정에서는 꼭 보십시오. ",10,1
250,영화가 아니라 다큐보는 느낌 생동감이 없음 그래픽은 대단,3,0
251,최고. 그때 그 감동은 여전하다,9,1
252,"대실망! 4D볼까하다가 조조 2D로 봤는데, 4D봤으면 환불해달라 그랬을듯요(4D본 지인이 화났을정도임) 다큐보는느낌? 그냥 나중에 TV에서 공짜로 나오면 그때 보시길 강추!!!",1,0
253,개노잼... CG에 공들인 건 보이지만  시대에 뒤쳐지는 스토리에 공감 힘들고 음악도 그저 그렇다. Be prepared는 원래 임팩트 있는 노래인데... 편곡 그게 뭔지...,4,0
254,말이필요없숩니다. 최고~,10,1
255,감동이 몇배는 더했음 최고^^,10,1
256,"사자의 눈빛, 동작과 표정, 야생 동물들의 표정을 실사적으로 거의 완벽히 구현. 감동적 스토리와 영상미에 극찬을 보냄.",10,1
257,"생각보다는 별로~ 두 사자가 싸우는 장면은 너무 길고 시끄러워, 보고싶지 않아서 눈을 감았어요",5,0
258,스토리 구성이 좀 미흡하긴하지만 제가 동물을 너무 좋아해서 그런지 보는 내내 감탄하고 봤어요.동물들 몸짓 표정 너무 신기했네요,7,1
259,돈이 아까웠음. 아가들 많아서 산만하고 집중도 안되고.  반전도 감동도 없는 영화.,3,0
260,정말 재미있어요. 감동,10,1
261,노래가 넘 좋아 계속듣고있어요 애들이랑 재밌게잘봤어요,10,1
262,너무 재미있게 봤어요~~^^,10,1
263,저는 너~무 잼있게 봤어요ᆢ 또 보고 싶네요~♡,10,1
264,어릴때 극장에서 보고 엘튼존의 can you feel the love tonight을 듣자마자 집에와서 용돈을 털어서 테입가게에가서 ost를 구입한 기억이난다.. 그 cd는 어디로 갔는지 안보이네 ㅎㅎ 그때의 감동만큼은 아니지만 추억을 선물해줬기때문에...,10,1
265,친구가 숫자 7을 싫어해서 평점돔 낮출게요 ㅎ,0,0
266,더빙으로 받는데요....노력한 흔적이 보여서 좋았어요 ^^ 추천합니다. (뮤지컬~),10,1
267,실사라서 아주 재미있게 봤습니다. 원작도 몇번 봣지만 감동은 여전하던데요,10,1
268,애들때문에 봣는데 보다 잠들엇음 동물에왕국 해석해주는게 더잼잇겟음,1,0
269,초등학생 전용영화,1,0
270,아이들에게 보여주고 싶은 영화~~,8,1
271,26살때  라이온킹 보구 감동적 20년이지났고 원작을 수십번보고 영화보기전날  원작또보고  디즈니음악처음 나올때부터 설레이고 실사처럼 만든거게 감동먹고 원작과 똑 같아서 감동먹고 한번더보려구요~너무 좋아요,10,1
272,어릴 때 애니로 본 사람은  조금 실망할 수 있어요. 그러나 추억으로 한번 더 보는 영화이기 때문에 돈은 아깝지 않아요.,10,1
273,약간 아쉬워요.. 애니 본 사람은 기대하지않고 보기..,7,1
274,전잼있게 봤어요 주변엔  보지말라고 해도 애땜에 보고왔지만  눈물도나고 감동도있고  전잼나게 봤어요ㅎㅎ,10,1
275,알고 봐도 가슴뭉클하고 재미있었다 진심으로,10,1
276,그냥 동물의 왕국봐도 될듯해요.,5,0
277,원작도  10번은  봤어요.... 원작 보다  더 한것도  덜한것도 있었지만.....역시~~~~~~~~ 엄지 척!!!!!,10,1
278,.,10,1
279,원작 안봤으면 8점은 되지 않았을까??,6,1
280,이제와서 보니 심바가 죽일놈,6,1
281,딱!!!절반의 성공... 걍...잘만든 동물의 왕국?에 신나는 나레이션?? 근데 공감이 안됨.. CG는 정말 훌륭~,5,0
282,알고봐사 그런것도 있고 애니메션과 달리 표정 제약이 있을 수 밖에 없다보니 아쉬움ㅜㅜ 티몬과 품바덕에 그나마 본 듯,7,1
283,라이온킹의 비교대상이 전작이 될 줄은...이 스토리의 속속들이 알고 있다보니 놀라운 CG의 영상속에서도 전개의 앎이 바로 독이 되어 버렸다. 아예 처음 접하는 사람이 훨씬 몰입을 할 수 있을 것 같다.,7,1
284,나이들어 보니 더 좋은 내용. 아버지가 보고 싶어울고 어릴적 내가 기억나서 울고 사랑하는 아들들 생각에 울고 아직 꺼지지 않은 꿈이 기억나서  울었다..시지의 발전보다 다시 본 내용에 더 뭉클하였다..,9,1
285,"애니메이션의 실사 영화에 대한 관객들의 기대치가 올해 개봉한 영화 '알라딘'으로 인해 너무 높아져 버렸다는 생각이 들었습니다. 많은 분들이 말씀하셨듯이, 그냥 '동물의 왕국' 보는 기분이에요. 원작 애니메이션을 본 본들이라면 '무파사' 역할의 제임스 얼 존스, '스카' 역할의 제레미 아이언스 등 목소리 더빙을 맡았던 배우들의 목소리를 기억하실텐데요, 이번 실사 '라이온킹'은 더빙도 많이 아쉬웠습니다. 굳이 극장에서 볼 필요가 있다고 생각되진 않았어요.",2,0
286,물론 원작만큼의 감흥은 없지만 멋진 실사 씨지의 세계...... 아주 좋아,10,1
287,솔직하게 말하자면 원작 애니에서의 감동을 기대하고 보면 지루해요. 원작의 장면 장면을 그래도 재현하려고 했으나 감동이 없는 이유는... 실사 동물들이라 표정연기가 전혀! 없다는 거에요. 감정 전달이 잘 안된다는.... 다른 분들의 평대로 동물의 왕국에 성우 더빙을 가미한 정도...,4,0
288,"아무리 동물들이지만 연기를 넘 못하네, 연기력이 가장 아쉬웠고 감정없이 밋밋했던 몇장면... 티몬과 품바가 사막에서 사자새끼를 발견하고 깜짝 놀라는 장면, 바람에 날려온 털을 보고 원숭이가 심바의 생존을 확인하는 장면, 심바와 날라의 재회 장면, 심바와 세라비의 재회 장면. 위 장면들은 차라리 원작 그대로 했으면 훨씬 나았을 듯. ",5,0
289,ᆢ,6,1
290,넘 많이 지루했음...,1,0
291,동물의왕국 보는 느낌....,4,0
292,그래픽에 점수 드리고 싶네요 표정만 좀 더 넣었음 어떨까 하는 아쉬움이 ;,8,1
293,라이온킹 노래 역시 좋음ㅜㅠ 티몬 품바 미녀와 야수 패러디 하는데 진짜 터짐 ㅋㅋㅋㅋ,10,1
294,진짜 최고 ㅜㅜ ,10,1
295,"스토리야 이미 애니메이션을 통해 알고 있는 것이니 논외로 하고, 정말 동물들을 훈련시켜 촬영한 것이 아닐까 싶을 정도의 뛰어난 CG기술은 감탄을 자아내게 만들었다. 동물들의 표정이 없어서 어색하다는 지적들은 그냥 뭐 한가지라도 비난할 거리를 찾으려는 사람들의 심성 때문일 뿐, 전혀 어색하지 않다. 아프리카 대자연의 시원한 풍경도 볼거리라 생각된다. 다만 이 영화는 IMAX에서 보는 편이 낫다. ",10,1
296,영화시작 오분쯤 후부터 걍 애니메이션  보는 느낌 하이에나 캐릭이 완전망함,1,0
297,우리나라는 언제 이런 영화를 만들수 있을까? 하는 의문을 들게 하는 영화,9,1
298,아이들 있는 집 가족영화 ,7,1
299,내용은 익히 아는 그것. 새로운 것이라면 실제 동물들 보는 맛.,7,1
300,그냥 애니메이션  보세요.,2,0
301,원작 애니메이션 라이온 킹을 보지않아서 더 재미있었을까 ? 놀라울 정도로 정교한 컴퓨터 그래픽으로 의인화하여 인간들의 삶을 투영한 동물들 셰계에 푹 빠져있었다. 귀에 익숙한 배경음악들도 좋았고. ,7,1
302,"꽤 괜찮았던 우리말 더빙 (9살, 6살 후기)  컨트롤 안되는 아이들은 영화관에 데리고 가지 마라!!  https://sp017.tistory.com/238",7,1
303,무난하니 괜찮네요~~~,9,1
304,옛 어릴적 추억 그대로네요~~ 역시 디즈니 짱!!,10,1
305,오늘 아이들하구 같이보구왔어여~~  저는 갠적으로 너무 재미있었구 실사판 별로라고해서 기대않했는데 아이들도 즐거워하구  좋았어여~~^^,7,1
306,실사에만 너무 얽매였고 원작에 너무 집착했음,4,0
307,그래픽과 여성 보컬에 점수 드립니다. 그외엔 빵점이네요. 원작에서 몇 가지 내용이 바뀌었는데 그게 너무 어설프네요. 여성역할을 좀 늘리려는 시도는 좋은데 그거 말고는 구시대 이야기를 완전 그대로 답습 시종일관 새로운 모험을 하고자 하는 케릭터는 나자빠짐.  원작을 안본 사람에겐 감정이입도 어려웠을 걸로 예상됨,3,0
308,사춘기시절 영화관에서 관람한 후 25년간 잊지 않고 반복해서 보았던 제 완소영화입니다 영화는 물론 음악도 너무 좋아해 cd로 mp3로 계속 들어왔고요 오늘은 아이들과 함께 4dx 3d더빙으로 감상하고 왔습니다 하도 혹평들을 해대서 걱정했지만 동물의왕국 좋아하는 아들과 음악좋아하는 딸이 즐거워했고 원작에 90%이상 충실한 것도 좋았습니다,9,1
309,원작은 건드리지 않는 것이다를 제대로 보여준 작품,1,0
310,예전 애니가 훨 나은듯 노래도 내용도 ,5,0
311,지루ㅜㅜ,6,1
312,"애니메이션의 추억을 가지고 봤고, 딱 그 때의 그 감동이다. 물론 CG의 발전은 경이롭다. 경치의 묘사가 뛰어나다보니 원작보다도 더 웅장하고 화려하다. 다만, 동물 캐릭터들의 리얼리티가 너무 뛰어나다보니 표정 묘사는 원작보다도 못한 듯. 서클 오브 라이프의 가사는 역시나 내 마음을 언제나 울린다.",8,1
313,중간에 졸음도 오고  뮤지컬처럼 노래할때는 성의도 없고 대충 더빙한 느낌 . 더빙을 봐서 그런지 기대만큼은 아닌것 같아요.,5,0
314,심바를 추억하며 영화관에 갔으나 실사로 바꾼 것 말고는 아무것도 없었다.,5,0
315,조용필 킬리만자로는 또 뭐냐 ㅋㅋㅋㅋㅋㅋㅋㅋㅋ,9,1
316,재밌어요 추천합니다,9,1
317,애썼다. 동물의 왕국 100편 편집하면 영화 한편 나올 듯.,4,0
318,실사판답게 대자연의 경관을 담아냈더라면,6,1
319,너무 완벽한 실사... 귀여움과 악날함은 어디로 갔나.. BBC 다큐멘터리에 영화배우 더빙을 한 느낌.. 추억을 되새긴다면 절대 비추.. 아이들에게 처음 보여준다면 소소..,5,0
320,원작과  같은 오프닝은  정말 멋졌어요 다만  라피키랑  무파사포옹 장면은  재현을 못했더군요 아쉬운점은   애니메이션에서  볼 수 있던 다양한  표정들을 볼수 없다는게  상관없는 동물들한데  인간의 목소리를 더빙한  느낌이랄까 암튼  전체적인  CG나름  괜찮았어요 원작이  너무  괜찮았기에  ,8,1
321,감동~~진심 강추합니다,10,1
322,알라딘과 달리 스토리가 너무 똑같고 CG가 생각보다 별로.. 6점은 우리 초등꼬마가 준 점수다.,6,1
323,킬리만자로의 개싸이코새끼들 ,10,1
324,컴텨 그래픽이 실사의 수준에 거의 근접했군.....  내용은 뻔한거고,5,0
325,알라딘을 보고 너무 재밌어서 라이온두  기대하고  .. 개봉하자마자  보았는데. 그닥 ...,5,0
326,댕댕이랑 고양이 좋아하는 사람들은 무조건 추천. 보는 내내 귀여워서 앓아 누움 ㅎㅎ  ,9,1
327,전 너무 만족. 예전 생각도 많이나고 그랬네요.,10,1
328,오늘. ㅇ초등애들이랑. 신랑이랑. 봤는데. 오프닝 음악 대단.   마응이. 뭉클. 감동. 너무. 너무 좋았어요,9,1
329,원작만화보다 못하다는 후기글 많이읽고 갔는데도 저는 너무 재밌게봤습니다 오프닝은 진짜 소름소름 ㅜㅜㅜ  영화표값 내고 이정도면  저는 대만족입니다 ,10,1
330,쓰레기,1,0
331,"남푠 보다 잠,.",6,1
332,감동적이고잼나요보다가소름끼친건처음인듯,10,1
333,보다 잠,2,0
334,진짜 최고입니다. 꼭 한번 보세요.,10,1
335,최고예요 재미있어요 꼭 보세요,10,1
336,"최근 디즈니 오리지날, 리메이크 통틀어 가장 안 좋았던 것 같아요...  결정타는 오리지날에서 보였던 다양한 동물들의 표정들이 싹 사라졌다는 건데, 다들 말 했듯이 동물의 왕국의 동물이 입만 벌리고 말하는 수준입니다. 나중엔 동물들이 하두 표정하나 안변해서 지루하고 졸려요. 솔직히 누가 누군지도 분간이 잘 안갈 정도 입니다. 3D로 보았는데 이것또한 문제가 많아요. 메인 캐릭터는 3D인데 배경이 완전 평면일 때가 많아요 (입체 북 보는 느낌이랄까?)  여러모로 아쉬운게 많은 작품입니다.",3,0
337,최고라는 말밖엔,10,1
338,그래픽은 완벽했으나 너무 유치했어요 ㅠ 물론 원작이 만화라 그렇겠지만 ...  스카 삼촌 왜그렇게 마르셨는지  .. 갈기도 너무 작고 .. 아파보였어요 애기사자랑 티몬 나올때 좀 귀여운거 말곤 그냥 그래요 ..  ,5,0
339,너무 재미있게 봐서 가슴 뭉클한 장면이 많았어요 20년전 조카들과 자주 봤던 라이온킹 정말 즐겁게 부모님 언니 조카랑 잘 봤어요,10,1
340,알라딘재밌게봐서 봤는데 진짜 재미없음 처음에 알라사자 얼굴볼때 그때만 잠깐 귀여움 끝 노잼 돈아까움,1,0
341,라이언킹  애니메이션을  본  사람이라면  표정없고  유머없어진  캐릭터에  실망할  것이고  처음  라이언킹을  보는  사람이라면  괜찮다  생각할지도 옆자리  애들은  나가버렸고  몇몇은  언제  끝나를 보는  내내,7,1
342,"평점이 극과 극이네..유치아니면 감동.,...",0,0
343,기술적인면에서 5점줍니다 심바 너무 ㅜㅜ이에요ㅜㅜ 저런아들 낳을까봐걱정 너무 유치하고 재미없습니다 대실망,5,0
344,영화 시작부터 음악과 영상으로 감흥에 젖었고 내용 대사 배경음악 모두 최고였고 감동적이었다 결정적으로 뭉클뭉클한 장면의 감동이  대단했다 어찌 이렇케 잘만들수 있는지...라이온킹은 첨 봤지만 영화시작부터  끝날때까지 계속 감동의 연속이었다 ,10,1
345,대사하는  동물의왕국 ,1,0
346,딸래미 어릴때 함께 본 영화를 20년 후에 같이 보니  감회가 남다르고 감동이 벅차올랐어요.  좋은 영화 한 편은 마음의 양식입니다. ,8,1
347,나만 동물의 왕국을 떠올린게 아니었군요 ㅍㅎ,1,0
348,"감정표현의 왕 애니메이션에서 발연기라.. 멍청한 연출에 화가난다. 표정연기 없고 음향도 없다. 뛰어다니는 사자의 발소리 하나 없다. . 지속된 리얼 다큐영상에 짜증이... 색채감도 제로, 미술마저 엉망이다. 디즈니가 최악의 선택을 한듯... 불티가 날리는 장면에서 개 망작 정글북 냄새가 난다했다. 어벤져스의 호건씨~~!!!  다신 애니메이션 연출하지 말라! 짜증난다. ",1,0
349,나오면서  사오십대  관객들   하는 말 만화영화때가  훨  낫다 시간.돈  아깝다 나도  .딸도    인정! 진짜  동물의  왕국이  10배  이상은   볼  만하다,1,0
350,.,8,1
351,한편의 뮤지컬을 본 느낌. 깊은 감동,9,1
352,늦은 시간에  60댜 이모ㆍ30대 동생 50대 나  ᆢ  감동 이였네요  ᆢ  에니메이션  실사 보고 울고ㆍ웃고 ᆢ 한번  더  보려구요  쵝오입니다,10,1
353,"오늘 TV에서 원작 라이온킹을 다시 봤는데, 전 이번 편이 나은 듯 하네요.. ^^",10,1
354,좋았어요~^^♡,10,1
355,감동 많이 받았어요 !,10,1
356,"전좋았어요! 대사나 스토리도 좋았고, 실사같은 애니메이션 도 굿입니다!",9,1
357,완전 감동... 드라마틱하게 원작을 잘 살렸고 전혀 어색하지 않았어요. ,10,1
358,동물의 왕국 보고 온거 같아요 내용이 별로 기억 안남,4,0
359,감동이에요,8,1
360,정말 애니매이션에 비해 무색 무취란 말 밖에 생각이 안나더군요  노래도 퍼포먼스도 연출도 뭐 하나 나아진것이 없는  CG 로 동물을 저 정도로 만들수 있다는 기술만 보여준 영화였다고 생각합니다.  두시간 내내 빨리 나가서 애니매이션을 다시 보고 싶다는 생각밖에 안했어요  동물들이 너무 무표정해서 안드로이드들이 무표정하게 연기하는 영화를 보고 있다는 생각을 했어요  스토리도 뻔히 아는 영화를 두시간 보고 있는게 힘들었어요 ㅠ ㅠ,4,0
361,동물의왕국,1,0
362,미쳤다....이게 정말 cg임?,10,1
363,애들때문에 더빙봐서 너무 안타까웠어요. 자막으로 꼭 한번 보고싶어요. 사랑스런 동물들 배경과 음향! 모두 너무 좋았어요.,10,1
364,알라딘실사판이 화려한 화면이라면 라이온킹실사판은 담백한 화면,9,1
365,CG 기술력은  레버넌트 곰에 비하면 천지차이로 잘함... 다만 아는내용이라 조금 지루함... 초ㆍ중학생 전용 영화....ㅎㅎ,7,1
366,라이온킹이 웅장멋짐감동여운 쩌는 건 알았지만 숲에서 위모에뻐 노래 부분에서 동물들 넘나 사랑스러움 이렇게 사랑스러운 영화일 줄이야 노래 하나같이 쩔고 무파사ㅠㅠㅠㅠㅠ무파사 땜에 울고 영화가 넘 멋있어서 울컥하고 클라스 덜덜해서 또 울고 감동 받아서 울고 ㅋㅋ 그리고 티몬품바가 완전 하드캐리함 티몬품바가 영화를 더욱 살려줌 너무 좋고 너무 귀여움ㅋㅋ꼭 보시기 바람 귀호강하고 울컥하는 영화임,10,1
367,이게 어떻게 100% CG임??? 미쳤다...,10,1
368,갠적으로 알라딘보다 잘만든거 같음.각색도 거의 없고 ,10,1
369,재밌게 잘 봤어요.  음악도 좋고 cg도 훌륭합니다. ,9,1
370,만족스럽습니다....기회가 되면 다시 보고 싶네요... 특히 낭떠러지 장면...압권입니다....,10,1
371,한번더봐야겠음,10,1
372,애니메이션같은 실감나는 표정이 없어도 영화보는내내 감탄하면서 봤다. 아무리 CG라고해도 역시 디즈니 믿보입니다.,10,1
373,어린이 마음으로 보세요. 어른의 기준으로 감동받으려면 안돼요. 그냥 실사만화...,5,0
374,굿!,7,1
375,굿굿,8,1
376,대박!,10,1
377,CG 하나만은 역대급이었다,8,1
378,오래전에 본 만화보다 못한 느낌...,6,1
379,대단히 유치하고 수준낮음 ,1,0
380,"애니메이션은 셀 수도 없이  많이 봤는데 이번 실사 영화도 나름대로 좋았어요. 4세, 8세, 12세 세 아이들과 재미있고 감동적으로 잘 봤어요.",9,1
381,너무 좋았어요 6살9살 아이들도 좋아하고 80인 우리 엄마도 너무 재밌게 봤다고 하더라구요,10,1
382,굿,10,1
383,82년 생인데 추억 때문에 봤어용~~25년 전에도 감명 깊게 봤는데 실사판은 아프리카 대자연 한가운데 있는 듯한 전율을 느꼈습니다. 보는내내 너무 행복해서 동심으로 돌아간거 처럼 초롱초롱한 눈빛으로 봤습니다!  한스짐머는 역시나 믿고 듣는 OST 만들어 주셨고요~메가박스 MX관에서 봤는데 사운드가 웅장해서 좋았어요~! 강추~~♡♡♡,10,1
384,딸이랑  같이봐서 좋았어요~~ 음악도 좋아고요^^,10,1
385,애들보여주려고 봤는데 난 혼자 감동에 빠져  혼자 울고 웃고 정말 잼있게 잘봤다,9,1
386,원작에는 못 미치지만 추천할 수 있는 잼있는 영화~~^^,8,1
387,흠....기술력은 휴머니즘을 못 따라가네요. 알라딘을 한번 더 볼걸 그랬어요,7,1
388,왕권적자세습...   그런내용이  아이들교육용으로  적합할까요?  눈요기로는 좋았어요 ,6,1
389,고민말고 보시길. 쵝오임,10,1
390,이토록 아름다운데 뭐가 문제라는건지....그저 사자이야기일 뿐인데...보는 눈들이 너무 탐욕스러운건 아닌지....,10,1
391,너무 재미있게 봤어요~^^,10,1
392,기술만 있고 감성은 없는 영화.,5,0
393,세습이 중요한 조선 동물의 왕국...  손범수 아나운서의 해설이였으면 감동했을텐데,7,1
394,만화도 재밌었지만 실사판 역시 라이온킹 눈 호강하네요 아들녀석도 넘 좋아했어요,10,1
395,너무~재밌게 봤습니다~^--^  역시 디즈니~~♡,10,1
396,라이온킹  애니팬인데  실사보고 실망할까봐 아이들만 들여보냈네요.,8,1
397,더빙판 추천..우리나라 뮤지컬 배우님들 노래 너무 잘하시고 성우들 목소리도 좋고..더빙판은 감정이입 잘되더라구요..2시간이 어찌가는지 모르게 보았네요. ,10,1
398,아기들이 기린 나온다고 좋아하고 무파사 죽을때 통곡하더라고요. 어른 입장에서 기대에 좀 못미친건 사실이지만 아이들은 10점 만점인듯하니 만족합니다.,9,1
399,극장에서 반드시 봐야하는 영화.... 실사 사자에게 덕심이 발휘될 줄이야......... 여러분!!! 극장에서 꼭 꼭 보시길 추천합니다!,10,1
400,애니메이션 라이온 킹이 더 좋았다.  실사판은 진짜 지루함 그자체다.  그리고 못생겼다고 하이에나는 왜 악역으로 만드냐? 애들한테 선입견 심어주기 딱이네.   ,2,0
401,재미있었는데 애들 때문에 시끄러워서 영화 집중 제대로 못했어요 ㅋㅋㅋㅋㅋ 짜증남;;,1,0
402,만화영화보다  조금  늘어지는 듯한  느낌이나 절대왕권의  의미는 제외하고는 진정한 삶의  의미를  담은  영화라  생각함,8,1
403,프라이드 랜드가 내마음같았네요.,9,1
404,만화적 표현기법을 사용하지 못해 기대보다 내용이 밀도있게 흘러가진 못했지만 엄청난 실사화를 통해 이 또한 제작진들이 얼마나 많이 고민했을까하는 노력이 느껴졌다.  짧게 얘기해서 기대치를 충족하지 못하는 부분이 있지만  CG가 이 모든것들을 상쇄시킨다,9,1
405,영상미와 동물을 실시화했다는데 초점을준 감독 음악이나 지루한 전개 김정 전달이 부족함,5,0
406,하....이게 뭐야...해피 아저씨 ㅠㅠ 그 라이온킹을...이러케 만들면 어떠께 ㅜㅜ...,1,0
407,아 라이온킹...그 이름만으로 감동이 밀려오는... 4d로 봤는데 전 너무 잼있고  감동 그 자체였습니다,10,1
408,클래스는 영원하다. 생각보다 평점이 낮은데...원작을 최대한 잘 살리면서 오히려 그래픽 수준은 비교가 안될정도로 뛰어나서 감탄했다.  정글북도 재밌게 봤는데  이 감독님은 앞으로 믿고 볼듯,9,1
409,라이온킹을 어릴때 애니메이션으로 보다가 어른이되어 실사를 봐서인지..이 영화는 동물의 왕국인데 미국 감성 더하기 인간세계관이 들어간 동물의 세계라고나 할까?  몰입이 안된다. 사자에 머리를 조아리는 동물들이라니..자신이 왕이니 삼촌은 내 부하라고 하는 조카가 밉기도 했겠고! 동물의 왕국 수준이니 실사화하는데 쏟은 정성과 고민은 인정.,4,0
410,이제까지 이런 영화는 없었다. 네셔널 지오그래픽인가 동물의왕국인가?,8,1
411,개인적으로 라이온킹 원작이 나은듯.. 이번작품은 생각보다 캐릭터의 표정연기가 디테일하지못함.디지니는 아름다운 영상미인데 ㅡㄴ,4,0
412,원작 에니메이션을 넘 재미나게 보아서인지 동물의 실사는 보기 좋았는데 음악도 그렇고 품바하고 미어켓이 하이에나 따돌리는 장면도  ㅜㅜ 동물의 왕국 ㅋㅋ 기대를 넘 많이 했나봐요,3,0
413,알라딘  정도 기대하신분들  그냥 티브 보시는게 나을 듯,2,0
414,당연 최고 였어요.,10,1
415,어른들을 위한 뉘우침의 영화. 눈물이 많이 났음.,10,1
416,너무 재미있게 보았습니다 잘 만들어 주셔서 감사드립니다^^,10,1
417,알라딘때문에 기대치가 너무 커져서였을까. 생각보다 너무 지루했고 재미도 글쎄...,6,1
418,재미없어요.. 음악도 그렇게 좋은지 모르겠고.. 기대를 했었나...,2,0
419,감정이입이 안된다.,1,0
420,비욘세는 ost 정말 미스다 엘튼존 원곡이 더 감동적인데 비욘세는 정말 ;;,5,0
421, 진짜 살면서 이런 영화가 나올줄은 몰랐다...10점 만점에 10점!,10,1
422,감정을 표현하는 많은 요소중에 하나가 바로 표정이고  애니에서는 각각의 감정들에대해 표정으로 표현이 가능하기에 공감이 되지만 실사는 그 특성상 표정의 변화가 없거나 매우 미세하기에 크게 공감이 가질 않는다 그러나 실사에 표정을 넣는순간 이미 실사의 의미가 사라지기에 어쩔수가 없었을거같다  또 이 영화는 원작의 ost들이 주는 카리스마와 감동들을 짧고 단순하게 처리한것 같고 전체적으로 스토리 연결을 빠르게 넘기려고해서 그런지 매끄럽지 못하고 부자연스럽다는 느낌을 보는내내 지울수 가 없었기에 그래픽은 훌륭하나 원작에대해 너무 강렬한 인상을 가지고 있는 나에게는 많은 아쉬움이 남는 그런 영화였음..,5,0
423,애니판 동물의 왕국?,6,1
424,애니는 안봐서.. CG정말 대단해요~눈이 시원해지는 느낌. 어른이 보기에 더 감동적인것 같아요. ,10,1
425,실사 기대했는데...애들이 무섭다고 난리였어요. 사자들이 우렁찬소리에도 놀래고 싸우는장면에서도 놀래고..결국은 애들은 나가고.ㅜㅜ 근데 원작의 감동만큼은 아니네요. 그냥 동물다큐느낌.. 원작이랑 다 똑같음.. 음악도 솔직히 원작만큼은 아니구 지극히 개인적인 느낌이였지만... 집에와서 우연히 틀었는데  디즈니채널에서 라이온킹 원작방송해주더라구요....또 봤네요.훨씬 좋음^^,4,0
426,잘 보긴 했지만 애니랑 결이 틀린듯 해요 정말로 스카 의   제레미 아이언스의 비열하고 카리스마 넘치는 목소리 하이에나  쉔지의 비열한 우피골드버그의 목소리가 그리웠답니다 애니의 사랑 스러움이랑 하쿠나 마타타의 유콰함은 없어지고 정 말 장엄한 다큐느낌 실사도 물른 CG훌륨합니다 하지만 원작의 감동을   따라간긴힘든듯요 그래도   실사 한번은 극장에서 보세요,6,1
427,"저는 시간가줄 모르고 봤네요. 참고로 애니는 안봤구요,  사자 나오는 만화였다는 것 밖에 몰랐어요. 알라딘 먄큼 재밌었어요. 추천드려요.",9,1
428,기대하지않고 아무생각없이 그냥 봤는데 정말 감동이었습니다.  어른들을 위한 감동의 영화였습니다.  재미도있었고. . .  중간중간 눈물도 났어요.  강추  꼭 보세요!!!,10,1
429,...,6,1
430,애니로보고  지난달뮤지컬로도 봣지만 다 나름의 장점이 있네요 줄거리를 알아서그렇지 이정도면 괜찬은거같네요 심바 넘 귀여워~ 첫장면 circle of life 가 압권,10,1
431, 원작보다 별로라고 해서 기대안하고 봤는데 재밌습니다,10,1
432,어제 영화보고 만화봤는데 실사화가 확실히 재밌음~~!!더 신남~~,10,1
433,"초반 Cg가 다임~ 표정,감정 하나 없어 가면 갈수록 지루하고 감동도 없음~ 차라리 bbc 동물 다큐멘터리가 훨 나음~",1,0
434,개인적으로 애니메이션보다 더 좋았어요!!,10,1
435,다큐멘터리 보는 느낌. CG기술은 좋았으나 스토리가 진부하고 전개가 매끄럽지 못 하다.,6,1
436,"기대이상~ 다시 또 보고싶다. 더 큰 화면, 더 큰 음향으로 압도 당하고 싶다!!  강추!!",10,1
437,표정을 담을수 없어서 목소리랑 너무 따로 노는느낌...,5,0
438,예전에 봤던 감동 그대로 입니다 추천드립니다.,10,1
439,그래픽은 정말 좋았습니다. 원작을 느낌을 살리기 위한 노력도 보였고요. 하지만 스카역할을 맡은 분의 능력이 애니메이션으로 맡았던 분만 못해서 확실히 포스가 떨어지는게 너무 아쉬웠고 원작에 충실하려다 보니 그래픽으로 구현하려고 하는 내용과 연계가 잘 맞지 않았던 부분들이 많았던 점이 아쉬웠습니다. ,7,1
440,"지루하지 않고 CG현장감 생생 애기심바도 넘 귀엽고 대사속에 교훈,  따뜻한 감동영화~~강추  갠적으로는 알라딘보다 잼났음 ",10,1
441,영상미만 좋다. 스카목소리는 제레미 아이언스를 어떻게든 캐스팅 했어야 한다. 무엇보다 심바가 귀환할때 개뜬금없는 비욘세 노래가 극의 분위기를 망친다. 차라리 원작을 한번더 보는걸 추천한다.,4,0
442,눈 즐겁고 귀즐거운  영화 벅찬 감동실컷먹고 왔심다,9,1
443,내용 좀 지루한데 잘만듬,10,1
444,단순히 동물이 말하는 영화가 아닙니다. 나름 카메라 워킹이 동물의 입장에서 실감나게 표현됐습니다. 마치 내셔널 지오그래픽 느낌도 나구요.   실사화하는데 나름 개성있게 표현됐습니다.  미녀와 야수 be our guest 애드립도 재밌네요.,10,1
445,이건 인생 영화입니다...,10,1
446,영화관이 이상한 거냐 목소리가 왜케 안 들리냐 욕나옴,9,1
447,"원작 애니메이션을 극장에서 처음 봤을때의 그 감동에는 10%도 못 미쳤다. 배경은 애니보다 뛰어나게 만들었지만 주인공이 사람이 아닌 동물들이라는것이 이 실사판의 패착이라고 본다. 애니메이션에서는 동물들의 풍부한 표정연기가 몰입도를 높여 주었지만, 실사판에서는 정말 장수원의 로봇연기를 보는 것 처럼 감정이입이 전혀 안되고 몰입이 되지 않았다.",3,0
448,워낙 원작이 명작 애니메이션이라 .. 그래픽은 정말 놀라울정도 .. 애니원작에 비해서는 조금 아쉽지만 충분히 재밌고 감동적인 영화 ,8,1
449,"왕가 세습 찬양, . 내용은 딱 이거. 진부하다. 그냥 맷돼지의 명곡만이...실사에 덧입힌 노고가 보이긴 해서 별세개. 암사자(비욘세)목소리는 너무 연세가 드셨어. ",6,1
450,잤다... 졸림,3,0
451,옛 추억이 새로새록 떠올랐다.,7,1
452,좋은 화면 나쁜 아이디어.,5,0
453,모든걸 걸고 자식을 지키려던 무파사의  부성애에 짠한 감동이 일고..  품바의 코믹한 대사에  웃음소리가 극장안 여기저기 울리고..  형언 할 수 없는 경이로운 판타지..  떨어진 빗방울  하나 조차 아름답고 환상적이던  감동의 시간이였습니다.,10,1
454,"안보려다 CGV RVIP되고 싶어서 일부러 3D아이맥스로 관람했음. 처음엔 우와했는데, 조연급 동물들 같은 종은 복붙으로 무늬마저 다 똑같이 생겨서 이후에 그거만 신경쓰다가 몰입도가 떨어져 버렸네요. 역시 양놈들이 지적한데로 표정연기가 거의 드러나지 않기에 재미는 없었네요.",6,1
455,만화 똑같이 만듬,8,1
456,"원작이 워낙 유명해서 아쉬움이 있긴하지만, 오프닝 컷만으로 모든 단점이 다 커버 된다. 또 보러 간다면 일반상영관말고 설비 좋은곳 으로 갈것같음. ",10,1
457,너무 재밌게 봤어요 이쁜 영화네요~~!!!!,10,1
458,올여름 최대 기대작이였는데 너무 아쉽다 100프로 cg임에도 불구 너무 실사 자체에만 집중해서 디즈니가 가장 중요한걸 놓쳐버린건 아닌지...,6,1
459,이 싸이트 댓글  수준봐라 ,9,1
460,재미있었어요 아이맥스로 보세요,10,1
461,에휴!  몇 번 졸았어요. 두 장면정도 집중하다가 졸았네요. 정말 동물 다큐영화네요.,6,1
462,오늘 직장에서 스트레스 만땅이었는데...힐링하고 왔습니다.큰 화면으로 아프리카 대자연을 보는 것만으로도..ㅠㅠ 하쿠나 마타타^^ ,8,1
463,이이이이이잉 차라리 기생충본다 ,0,0
464,동물의 왕국에 목소리만 넣은거 아니누,0,0
465,정말 재미없었다. 동물의왕국 더빙버전 본 기분 이였다. ,0,0
466,아쉬운 면이 없는건 아니지만  실사의  모습들과  배우들의 목소리 연기는 디테일 함을 주내요,9,1
467,감동적이고 무엇보다 실사같은 CG... 아이들도 무척 재밌다고 엄지척~~,9,1
468,ㅁ친 영화 시작하는데 무슨 3D인줄 싱크로율 개쩔음.. 그래픽으로 해서 목소리랑 매치될까 싶었는데 영화 볼 때 신경 쓰일 정도는 아님 노래도 개좋음 소울 개쩔어 비욘세언니♡,10,1
469,돈은 안 아깝네....,7,1
470,흠,6,1
471,감동,9,1
472,아름다운 영상과 압도적인 오프닝 ~ 보는내내 감탄! ,10,1
473,이상하다 난 눈빛으로 감정전달이 다 되는것 같은데.. 오히려 만화처럼 활짝웃는표정보다 사실적이고 좋았음. 원작을 않보셨고 줄거리를 모르신다면 더더욱 강추!!!!!!!,8,1
474,동물 표정 연기가 전혀 없음. 감정 이입이 되지 않아 다큐 보는 줄. 큰 화면으로 내셔널 지오그래픽 보고 싶은 분들께 추천.  ,5,0
475,무파사가 젤 멋짐~ 기품있는 갈귀와 우렁차고 늠름한 목소리가 왕 포스 뿜뿜~,10,1
476,사자들 얼굴표정이....... ,8,1
477,잼나게  봤어요 뉴욕에서  뮤지컬 로  봤는데 그보다는  못  미치지만 또   다른  재미가  있네요,9,1
478,꼭 보세요.혼자 당하기는 싫으네요.꼭보세요~~~,6,1
479,감독이 원작과 레전드ost들을 망쳤다.,0,0
480,그래픽 정말 환상적이네요 그런데 울 애들은 재미가 좀없는듯 언제  끝나는지 물어보더군요,8,1
481,"이미 아는 내용, 아는 음악이라 솔직히 기대를 안하고 봤는데...새로운 영화를 보듯 집중하고 좋았습니다. 왜냐하면 뮤지컬을 보고 너무 실망했고 원작 애니는 뭔가 부족했는데 이 영화를 보고 왜 그랬는지 알았습니다. 왜냐하면 자연의 섭리와 동물들 이야기를 실사화한 웅장한 자연 배경에서 실제 동물들이 연기하는것 같으니 더 실감이 들었습니다. 물론 이것도 3D그래픽이지만 ㅠ 감독이 고민한 흔적이 화면에 보입니다. 프레임 구성들도 좋았고 그리고 이번 편을 살린건 멧돼지 품바입니다. 애니에선 미어켓 티몬이었는데 ㅋㅋ 심바보다 품바가 더 기억에 남네요... 성우들과 목소리 맞추는건 약간 미스인것 같지만 ...전 정말 제일 좋았습니다. 중간에 그 유명한 Lion sleeps tonight을 부르는 동물들의 제스처에 웃음이",9,1
482,어렷을때 정말 재밋게 봣는데 한번더 보고싶어요,10,1
483,진짜 너무 재밋엇어요 ㅎㅎ,10,1
484,디테일이 살아있네요~ 3D나 아이맥스로 보면 정말 실감날거 같아요~,10,1
485,아름다운 장면들에 매료되서 봤습니다. 고맙습니다,10,1
486,후덜덜했습니다. 뻔히 아는 줄거리인데도 몰입했네요. 평점 만점입니다.,10,1
487,다 아는스토리라 아이들 보여주려고 하는수없이 따라갔는데 내가 더 반해버림 아름다운 영상 인물들의 실감나는 목소리연기 마음을 울리는 음악~ 두시간은 너무 짧았어요 안보신분 꼭보시길  알라딘보다 훨씬 더 좋았어요,10,1
488,보고오세요 ㅋㅋㅋ 재밌어욬ㅋ 정말임,1,0
489,잔뜩 기대를 품고 갔지만...  아무리 팬심으로 보려고해도. 지루함.  특히 목소리랑 캐릭터랑 안 어울림. ,3,0
490,동물의 왕국을 뛰어 넘은 명작~,10,1
491,애니메이션이라는게 왜있는지 알게해줌,4,0
492,꼭 보세요 삶의 공존 애니와 내용은 거의 같지만 그래도 명작은 명작 삶의 철학이 닮긴 휼륭한 영화입니다,10,1
493,애니를 이렇게나 잘 실사화했다니 아버지와의 일화가 감동적이다. 날라도 멋있고 무엇보다 한스 짐머의 음악이 완벽을 더한다 즐겁고 감동적인 영화,8,1
494,기술력만으로는 재미와 감동을 보장 못함. 원작을 알아서 그런지 지루했음,5,0
495,어른인 내가 봐도 그냥 흐뭇한 미소만..  그래픽만으로도 눈과 마음이 절로 힐링된 기분이었습니다.  나중에 안 사실이지만 그렇게 멋진 영상이 모두 실사가 아닌 애니메이션이랍니다.,10,1
496,감동.  최고,10,1
497,실사화 된 영상은 ngc를 보는 것 같지만 감정 표현의 전달이나 구성은 원작에 미치지 못함.,7,1
498,기대하지는 마세요,5,0
499,역쉬 디지니,10,1
500,뻔한스토리 기대보다는 좀ㅠ,6,1
501,별로 기대는 안하고 가는게 나을거 같아요 무조건 4dx에서 봐야지 중간이상감  4dx 위주로 모든게 맞춰져있음. 지진효과 경험하고 용산은 거의 우비 쓰고가야되요 ㅋㅋㅋ 애기있는집 가족영화로 좋을거같네요,4,0
502,음..애니때보다 그 감동  혹은 슬픔이 보다 벅차오르는  부분이 많음  (영화보다가 눈물흘릴뻔한게..한두번이아님) 근데 아무래도 실사화다보니  동물표정에서 느껴지는  슬픔 기쁨이  크게 와닿지는않음. 그리고 누가누군지 좀 헷깔림..숫사자들은 구분이 가는데 암사자랑  하이에나는 .... 귀여움과 카리스마는 쩔게느껴짐 난 엄청 재미있었음 Ost도  다 좋았고  비욘세 목소리가 거슬린단  댓글도 있는데  잘 스며들었음 남주하고도 잘 어울리고 다만  심바랑 날라가  오랜만에 만나 부르는 듀엣곡에서 비욘세..파트에..바이브레이션준건 좀 별루였음. 하지만  기존 ost를 그대로 갖다쓴게아닌 전체적으로 느낌이 좀 세련돼어졌고  다른방식으로 해석했다고해야하나  한결같이 다 좋았음.  개인적으로 라이,10,1
503,애니 승~그래픽 사실적인 표사는 좋았으나..기존 스토리와 큰 차이는 없고..지루한 부분들 있었으며 좀 개그 요소가 많이 없어진것 같고 아쉬움 컸습니다.애니 좋아해서 기대가 커지만... 한번 더 본다면...실사 보단 애니 더 볼것 같습니다.,6,1
504,원작이 더 나음. 원작에서 개그씬 다 뺀게 실사판임. 그렇다고 별로라는건 아님  기본 시나리오가 좋다보니 원작이 100점이라는거지 이건 85점은 됨,8,1
505,"울아들과 남편은 애니보나 실사가 낫다,난 애니가 낫고 알라딘이 더 재밌었다. 알라딘은 좀 역동적이고 코믹적인 부분이 많았는데 이건 좀 루즈한 느낌이어서 지루했네요.  개인취향에 따라 다른듯요",5,0
506,말이 필요없네요 ㅋ 그냥 꼭 보세요~ 리얼하고 보는내내 집중해서 재미있게 잘봤어요 굿~~,10,1
507,너무 완벽해서 지금 시대랑은 맞지 않았다.,7,1
508,"라이온킹 애니를 최근에 다시 봤는데 너무 똑같아서 다음 장면 예측 가능ㅋ 간간이 애니에 없는 대사같은 게 좀 재밌었음, 아기심바랑 심바의 아기가 너무 귀엽고 무파사의 부성애, 심바와의 추억 더 보고싶음, 쉔지가 목소리연기 젤 잘함",8,1
509,동물은 감정표헌  보다는 눈빛이지요. 그눈빛을  이해한다면..  최고일듯.  레미제라블 과  아바타 를  합해놓은듯한   ..    전  최고였습니다.,9,1
510,아이멕스로 보고왔는데 한번더 보고싶네요.황홀한 영상미에 25년전의 감동까지 플러스. 아기심바와 동물친구들 너무 귀엽고 음악도 좋네요.스토리를 각색하지 않아서 더 좋네요.,10,1
511,역설적이게도 애니메이션의 존재 이유를 증명했다,6,1
512,영화가 그리 최악은 아니지만 실사화 영화 중에는 최악인 것 같아요.  이것저것 아쉬운 부분이 많았던 것 뿐....,5,0
513,추억을 떠올리며 너무 재밌게 봤습니다~ 동물들을 정말 사실적으로 잘 표현해놓았음!!,10,1
514,전 리얼한 실사가 좋았어요 음악.영상.스토리 어렸을때 보고 다시 보니까 기억이 새록새록 나네요 귀여운 동물들 흐뭇하게 즐긴것만으로도 힐링됨.,9,1
515,스토리나감동을떠나서 영화를만든 엄청난열정과노력을생각해보면 만원입장권사는게 뭐가아까울까. 영화 잘만들었습니다 ,8,1
516,스카 ? 그놈이 딱 이명박이더라  무파사는 노무현대통령이고    오래전과 지금 보는것이  정치적으로 겹치질 않아야하는데 난 이입되엇다  이명박과 하이에나놈들 언젠가 스카같이 죽을 지어다 ,8,1
517,"실사회된 cg를 보는것만으로 그 가치는 있겟다만, 영화적 재미는 글쎄요.  음악을 즐기기엔 뮤지컬을 못따라오고, 애니를 따라오기엔  특유의 생동감과 재치가 떨어짐. 동물들은 표정이 거의 없고 스토리도 새로울게 없으니 지루함",8,1
518,실사를 너무 리얼하게 한게 오히려 독이 됨,5,0
519,너무잘만들어서  조금 아쉬운 품바 마틴등 동물의 연기할때너무 실사 동물스러워서 조금 아쉬와요 차라리 조금 과장된 표현이면 좋았을거라고 생각이 드네요 ,9,1
520,솔직히 처음에는 좀 지루했습니다. 그래도 영상미가 그 점을 커버했는데 이후 돼지새끼가 심바를 독수리로부터 구할때부터  굉장히 재미있었어요. 하쿠나 마타타!,10,1
521,기술의 발전에 놀랐습니다. 영상미가 아름다웠어요. 동물의 눈동자로 여러 가지 감정 표현을 다 해내서 더 감동적이었어요.,10,1
522,영상미 넘넘 좋아요~,10,1
523,심바!! 하쿠나 마타타!!,10,1
524,추억과 감동을 그대로 간직한 영화,10,1
525,디즈니는 언제나 옳아ㅋㅋㅋ애니도 실사도 ㅋㅋ,10,1
526,아가심바ㅠㅠ 진짜 너무 귀엽잖아ㅠㅠ,10,1
527,"생동감, 영상미가 일품ㅋㅋ 실사의 끝판왕",10,1
528,하쿠나 마타타 정말 멋진 말,10,1
529,재미있게 잘봤어요. 강추합니다.,10,1
530,"ost, 줄거리, 영상미 모두 다 좋았음",10,1
531,라이온 킹 너무 잘봤습니다!!,10,1
532,애니가 너무 잘만들었었다...,5,0
533,뮤지컬로  못봐서  아쉬웠는데 영화로보니  더  잼잇게 봤어요 ost도  신나구요^^ ,9,1
534,감나게 너무 잘봤어요 아이맥스로 봐도 좋을거 같아요!!,10,1
535,꼭 보세요 두번 보세요,9,1
536,좋은영화 귀호강은 덤이네 ㅋ,10,1
537,동심으로 돌아 갈 수 있었던 좋았던 시간:),10,1
538,눈도 귀도 즐거운 영화ㅋㅋ 개봉일날 바로 보고 왔는데 보람있네ㅋㅋㅋ,10,1
539,너무 재밌게 봤다요 최고 ! !,10,1
540,추억이 새록새록! 실사도 훌륭하네요!,10,1
541,CG 넘 좋았어요~~ 보는 내내 눈을 떼지 못했네여,10,1
542,"노래 , 연기 스토리 모든게 완벽하다",10,1
543,너무 재밌게 봤어요 또 보고 싶네요,10,1
544,재밋어요 즐거운 시간. 추천합니다.,10,1
545,어릴때의 동심을 찾아 주네요,10,1
546,내 통장 가져가라 디즈니…,10,1
547,그 누구와 봐도 부담없이 보기 좋은 영화임!,10,1
548,재밌다 잘만들었다 진짜 재밌다,10,1
549,애니를 20번도 넘게 봤는데 그동안 내셔널지오그래픽을 많이 봐서 그런지 와닿는게 많고 실사번전이 백배천배 더 낫습니다. ,10,1
550,영상미 역시 훌륭하네요 좋은 영화 잘 보고 왔어요,10,1
551,말이 필요없는 고전! 오프닝부터 최고야ㅠㅠㅠ,10,1
552,어릴적 추억의 라이온킹을 실사로!!,10,1
553,노래도 좋고 연기도 좋고 ! 최고의 영화 ! ,10,1
554,또보고싶다.. 개봉하면 또 봐야지,10,1
555,알바들 많네 ㅋㅋ,0,0
556,하쿠나 마타타 . 근심걱정은 버리고 영화를 즐기자,7,1
557,4dx 로 보는게 좀 다른가요? 기대중인데...뉴욕 브로드웨이 뮤지컬도 넘 재밌게 봐서,10,1
558,넘 재밌었어요~~~ 10세 아들 완전 빠져들어서 봤습니다. 저도 예전 애니와 달리 더 잼났어요^^,10,1
559,뻔한내용이지만 역시 잘만들었다는 생각 시청해도 괜히 보았다생각은 안든다 생각 그냥 추천합니다,9,1
560,"사자를 좋아하는 사람이라면 재밌게 볼수있을 것 같습니다. 진짜 동물 같아서 더 좋았습니다. 물론 가끔 나오는 노래 때문에 조금 신경이 쓰이긴 하지만..그정돈 참고 봐도 충분히 재밌어요. 한가지 아쉬운 점은 사람 언어 더빙을 아예 뺐으면 더 사실적이고, 몰입하기 쉬웠을것같은데 아쉽네요 ㅠㅠ 그래도 재밌었습니다! 사자들도 멋있고. 마치 고려시대 현종이 떠오르네요. 라이온킹의 심바가 왕위를 빼앗기고 방황을 하다가 스카를 이기고 다시 왕위를 되찾듯, 고려시대 현종도 원래 왕위 계승자였다가 왕위를 찬탈당하고 모험을 다니다가 다시 힘을 길러서 왕위를 되찾잖아요. 비슷하지 않나요?",10,1
561,보다 나옴 영화관가서 중간에 나온 건 처음,1,0
562,재미있게 봤어요ㅋ 애니메이션만큼 표정이나 움직임이 풍부하진 않아서 다큐 같은 느낌이 들긴 했어요  아기심바 무지 귀여움 그리고 음악도 그렇게 와닿진 않은 것 같음 cg 가 좋아서 점수 많이 줌,8,1
563,역사를 대입 해보면 세조가 생각이 나네. 야사에 보면 세조가 등창이 난 이유가 단종의 모후 현덕왕후가 꿈에 나타나 침을 뱉어서 종기가 나서 죽었다고 그의 아들 의경세자도 요절을 했고. 원작과 넘 똑같아서 재미가 반감이 되고 멧돼지로 나오는 것이 약간 CG가 미흡하고 왜 꼭 확실히 죽이지 않고 하는 것인지...,1,0
564,초반은 지루했네요.,7,1
565,"대학다닐때 봤던 만화의 감동이 실사에선 반감이 된듯하다. 정글북의 실사를 보면서 깜짝 놀랐지만, 라이언킹의 감성은 정글북과 비슷하게 와 닿지가 않는다. 대단한 기술의 정수를 보는 즐거움은 상상이지만.. 그런것을 볼 장면은 너무나도 많다는것이 한계이다. ",7,1
566,정말 재미있는데^^ 댓글들이 왜이러죠?,10,1
567,최고,10,1
568,재미났어요. 동물의 세계나 인간의 세계나  같네요. 순환...,10,1
569,최악,1,0
570,동물의 왕국에 대사를 입혀 놓은 형국. 애니와 달리 동물들 표정 연기를 볼 수 없음. 로켓맨에도 안나온 Can You Feel The Love Tonight ㅠㅠ. 개미랑 굼벵이 먹던 사자가 사냥하던 노련한 사자와 하이에나 무리에 덤빈다고???,5,0
571,최악의 영화  이건 혹평이 맞다고 본다,1,0
572,이야기는 단순한데 러닝 타임이 두 시간이다 보니 다소 지루한 감이 있음. 그럼에도 불구하고 너무나 생생하게 재현한 동물들의 연기가 예술인 명작! 이건 필히 극장에서 봐야 몰입도가 높을 듯... 시원한 극장에서 두 시간짜리 사파리 여행을 즐기고 싶다면 영화표가 전혀 아깝지 않음.,7,1
573,"정겨운 친구들과 Don't Worry '하쿠나 마타타' 낭만에 안주하다가, 자신의 숨은 사자의 위용과 그의 왕국을  되찾는 여정을 감명깊게 전개한다.  자연의 섭리, 생명의 순환 메시지도 인상적이다 !",9,1
574,몇달동안 기다리다 드디어 오늘 개봉날 봤슴 ㅋㅋ cg 라고 느낄수 없을정도로 진짜같았고 재밌게봤슴 ㅋㅋ,10,1
575,"애니메이션이 넘 강해서인지 그닥. 와닿진 않았네요 좀 지루한 면도 있고,, ㅠ ㅠ ",5,0
576,좀 지루했음,7,1
577,용아맥 진리!!!!!! 감동이 두배로 다가올거임,10,1
578,기대 이상!! 적극 추천영화!!,10,1
579,진짜 이보다 완벽할순없다ㅜㅜ정말..,10,1
580,귀엽웡ㅋㅋㅋ  감동의 스케일  ㄷㄷㄷ,10,1
581,생명은 돌고 도는것..,8,1
582,너무사실적인게 흠,1,0
583,라이온킹 리메이크판이라고 하기엔 먼가 부족한 느낌.. 그냥 라이온킹 3D로 제개봉 이말이 어울릴듯하다. 그렇다고 해서 망작은 아니니~ 추천은 한다. 알라딘도 그렇치만 역시 디즈니는 노래로 승부를 보는듯,10,1
584,스카전나멋있다,10,1
585,내일보러갑니다 기대중,10,1
586,  애니매이션  심바가  더  귀여운 듯~  ost 좋았어요  !!,7,1
587,또 보고싶어,10,1
588,2시간 가까이 시간이 10분 같았어요..다시 보고 싶어요..아버지 사자가 죽는장면 슬퍼서 그건 싫지만..그래도 다시 볼가 합니다.~~이런 영화를 10점 안주면 어떤 영화에 10점을 줄까요??,10,1
589,한스짐머 음악이 전체적으로 좋고 마지막 심바와 나라 아들이 roar할때가 아이디어가 좋았다고 봅니다 제일 멋있는 장면은 저는 첫장면들 아니고 심바가 다시 왕이 돼 빗속에서 천천히 올라가고 포효할때입니다 개인적으로 어린 심바얼굴보다 어린나라 얼굴이 주인공이 됐다면 더 인기가 높을것 같네요,9,1
590,애니 본 적 없지만 재밌게 보고 왔어요. 음악과 영상이 주는 감동 엄청나네요. 무파사의 작고 하찮아보여도 다 이유가 있어 존재한다는 위로가 큰 감동이 되었어요. 심바는 진짜 귀어움,10,1
591,"엔딩이 너무깔끔해서 아쉬웠어요~좀더 해피엔딩도 조금더 길게했어도 좋았을듯요~ 치열한전투씬이 그 심바가 한때머물렀던 땅의 더 많은 군대를 몰고 전쟁했으면 좋았을듯, 특히 잔인하지도 않아서 더 아쉬움 ㅠ 근데 첫시작은 메인테마가 나와서 너무 좋았고, 메인테마가 첫시작에만 나와서 아쉬웠어요~ 전반적으로 또 보고싶은마음은 들더군요! 천만기록은날듯!!!   ",9,1
592,CG는 찬란하나 스토리는 게으르다.  2시간 내내 동물의 왕국 다큐 보는 줄....,7,1
593,알라딘을 너무 재밋게봐서 기대가 너무 컷던 탓일까요? 스토리는 진부하고 ost도 진짜 못살리고 비욘세 진짜 안어울립니다. 각색을 조금해서 영화를 좀 더 밝게 만들었으면 좋았을뻔...모르고 봤다면 7점 정도 줬겠지만...라이온킹이라는 작품을 이렇게 망가뜨린 것에 대한 책임을 묻지 않을 수 없네요.,4,0
594,"주인공은 원숭이와 맷돼지 미어캣  ,새 이다 왜??????? 라이언 킹이야 ㅋ 어느 댓글보니 알라딘 두번보는게  훨씬 낫다는 말  백퍼 공감.",4,0
595,삶을 그리고 관계성을 생각케 해 주는. 감사합니다. ,9,1
596,"딱 심바 탄생식 보러 동물들이 모여드는 첫장면까지 가슴벅차오르고 좋았다. 지나친 실사화로 캐릭터의 개성이나 표정은 다없어지고 동물의 무표정함, 어두침침한 배경의 다큐멘터리만 남았음. 집중할만큼 흥미로운 점이 너무 없어서 영화로서 즐길수가 없었다...ㅠㅠ 차라리 알라딘을 두번 보고싶었음. ",5,0
597,CG는 대단했지만 귀엽지 않은 라이언킹이라니요ㅜㅜ,3,0
598,너무 진짜같이 만들고 지나치게 완벽해서 탈인 영화 스토리재현성ㆍ실제같은동물ㆍ구도및카메라워크ㆍ배경등의영상미등 완성도가 너무높은게 탈이되었다. 완성도기준으로는 10년은넘게 이수준으로 3d가 실제같은건 구현하기가힘들듯 디즈니가 작심하고 돈을 때려박은느낌이다 도저히 욕먹을부분이 논리적으로는 없는데 스토리전개가 느리지는않는데 아는내용에 변주가 없고 과거의영광을재현하기위해서 그런지 이상하게 느리게느껴진다( 밀림이라 그럴수도),10,1
599,그냥 시지떡칠한 그 이상그이하도 아니다.. 미국영화 불매한다. ,1,0
600,디즈니영화 최고의 OST 라이온킹 감동입니다.,10,1
601,"실사와 그래픽을 전혀 어색하지 않게 잘 구현했고, 음악의 편곡도 잘 했네요.  아쉬운 점은 화면의 색감이 전반적으로 조금 어둡다는 느낌.  아이들과 함께 보기에 좋을것 같습니다",8,1
602,라이온킹 3D 아이맥스로 볼예정인데  기대가 됩니다.^^,10,1
603,원작의 감동을 가진분이라면 추천드리지 않아요. 차라리 보지 말라구 하고싶네요. 평점은 6~7점 정도가 적당할듯 한데 너무 높아 조절합니당.... ,0,0
604,나랏말ㅆㅁ 볼바에야 이거 세번 보겄다 ㅋㅋㅋ 그정도 가격차이가 나지 당근,10,1
605,워메 예매율 70프로는 머여?ㅋㅋ,10,1
606,여러분 진짜 저얼라 좋아요 ㅠㅠㅠㅠㅠㅠ 두번 세번 보세요 ㅠㅠㅠㅠㅠㅠ 욘세언니 오졌다리 ㅠㅠㅠㅠㅠㅠㅠㅠㅠㅠㅠ,9,1
607,태어나 가장 많이 본 영화가 라이온킹입니다ㅠㅠ라이온킹과 동시대에 살고 있다는 것 자체가 영광입니다,10,1
608,아이맥스로 봅니다. 엄청 설레네요♡,10,1
609,어른  비추  초등학생  추천  그래픽  굿  ,7,1
610,나도기대가됨ㅋㅋㅋㅋㅋ,10,1
611,일반 2D로 보실꺼면 용산CGV 4관 레이저 영사기로 상영하는곳을 추천합니다 같은값으로 더 선명하게 볼수 있고요  3D는 용산 아이맥스로  보시는걸 ~~ 롯데시네마 월드타워 슈퍼 플렉스G 는 화질이 안좋아서 추천하고 싶지는 않네요 알라딘 봤을때 화질이 차이가 많이 나더라고요  롯데도 영사기를 교체해야 지금 용산CGV랑 롯데시네마 월드타워 매표 현황 비교해보세요  왜 사람들이 용산을 가는지 ~~ 화질의 차이 ,8,1
612,심바야 이모가 곧 갈게,10,1
613,드디어 개봉하는 날이 오긴왔구나.. 휴... ㅠㅠ,10,1
614,시사로 봤는데 이건 CG인지 실제 동물들인지 헷갈릴 정도고 한스짐머 음악은 뒤짐 진짜,10,1
615,말해 뭐해ㅜㅜ 개봉하자마자 달려갑니드앙,10,1
616,어릴 때 정말 매일 보던 걸 그동안 잊고 살았었네요.. 개봉 후 바로 달려가겠습니다!!,10,1
617,주체할 수 없는 감동!!!,10,1
618,"전율, 감동",10,1
619,지발 영화감톡 김기덕씨 또 봉준호씨 우리는 이렁거 왜?! 안만드러유?! 눼?!?!?!,10,1
620,글게여무파사 아닌가? 무사파가 아니라...ㅎ  암튼 꼭 볼 영화 심바야 기다려~,10,1
621,출연진 소개에 제임 얼 존스의 캐릭터 무파사임. 무사파가 아니라..... 영화 기대됨. 페미만 안들어가면 반성공.,10,1
622,재미와 감동 있을것같아요. 디즈니영화라 더욱 기대됩니다.,10,1
623,오픈닝만 보고 눈물 터짐..ㅠㅠㅠㅠㅠ,10,1
624,가서 봤는데 circle of life 노래에서 울었습니다ㅠㅠ 그만큼 노래도 좋았고 기대했습니다 근데 장면들이 거의 애니하고 똑같아서 애니를 본 저는 내용이 예측이되어서 조금 지루했습니다 하지만 볼만했습니다!!,7,1
625,ㅋㅋ 티몬 품바,10,1
626,.,10,1
627,영화 잘만들었네 라이온킹 재밌어서 매일 보는데 이젠 저거만 봐야지 ㅎㅎ,10,1
628,The legend is back.,10,1
629,잘봤습니다.,10,1
630,이건 꼭 봐야됨,10,1
631,"솔직히말하면 리얼이건 예고편만봐도 개띵작이란걸느꼈지만 스카연기하신분이 없다는것,(진짜그분목소리 스카에맞게 멍섹시하셨는데)그래도 무파사분의연기를 무파사로다시들을수있어서기쁩니다. 하지만뭔가 무파사가죽는장면이 실사판으로 어떻게될지 참막막합니다. 이거는 안봐도되고,예고편만봐도  '와!'라는 감탄사하나로 정리되는영화입니다.",10,1
632,라이언킹은 10점을 줄 가치가 있는 작품이지만 스카 목소리가 제레미 아이언즈가 아니라니...ㅠㅠ 무파사는 제임스 얼 존스 그대로면서 ㅠㅠ,9,1
633,공식예고편 봤는데 눈물이 핑~  n차 찍을래요,10,1
634,good,10,1
635,안봐도 10점 줄 가치가 충분하다,10,1
636,"유치원에서 보던 그 전설의 영화을 다시 볼수 있다니, 그것도 실사 영화로 ㅎㄷㄷ",10,1
637,기대되는 영화!!,10,1
638,"초등학교 5학년때 처음으로 본 라이온킹. 담임선생님께서 보여주셨던 극장에서의 세상은 완전히 새로운 세계였습니다. 타이틀곡과 더불어 디즈니 2D 애니메이션의 전설이자 가장 최고였던 이 작품을 직접 눈으로 본 경험은 지금도 가슴벅찬 큰 감동이자 행복했던 추억으로 남아 있습니다. 그때의 라이온킹을 그대로 살린 이번 영화, 거의 25년만에 큰 기대를 가지고 기다립니다. 라이온킹은 전설이자 레전드입니다. ",10,1
639,발 왜이렇게 귀여워 ㅋㅋ 냥이 ,6,1
640,귀요미 라이온킹!!!,10,1
641,7월까지 언제 기다리냐 ㅜㅜㅜㅜ,9,1
642,올해 기대되는 영화 1순위  더빙판 나올려나??? 얘들이랑 같이 보고싶은데....,10,1
643,실사 너무기대되요빨리 개봉했으면 빨리보고싶다 ㅎㅎㅎ,10,1
644,오마이갓~ 실사로 실사로 볼수 있다니~~ ㅎㅎㅎㅎ ,10,1
645,진짜 기대된다. 꼭 극장가서 봐야지,10,1
646,도널드 글로버가 심바역인데 티몬역으로 표기되었어요~!! ,6,1
647,드디어 나의 여신 나의 청춘을 다줘도 모자랄판에 그분이 성우로 나오신다!!! 비욘세~~~~~~~~!와~!~!~!~!~!~~!~! 2019년 금방오니까 빨리 참아야지 비욘세  날라역 너무 기대된다♥,10,1
648,이거 진짜 잘만들어야된다... 정말 잘만들어야해,5,0
649,"실사화가 독이 되었다. 기술에 감탄하는 건 잠시뿐이고, 실사로 감정표현을 하려니 영 어색하다.",0,0
650,애니가 넘사벽,5,0
651,표정연기 빼곤 괜찮았다. 풍경은 그야말로 장관이었다. 노래도 아주 좋았다.,8,1
652,내셔널지오그래피같은  다큐같을거같아서 볼까말까했는데 정말 대박. 어떻게 이렇게 잘 만들었는지 정말 감동했음. CG기술력이 정말 대단함 ,10,1
653,실사가 아주 나쁘진 않았지만....갠적으론 애니가 훨씬 낫다고 생각함...표정이 거의 없어서 동물의 왕국 에 더빙 입힌 것 같았음....좀 지루했다...,7,1
654,라이온킹 라이온킹,9,1
655,동물의왕국 누가 누군지 얼굴 구분도 안되고 노잼,1,0
656,"호불호가 갈리는건 분명한 것 같다. 애니에는 있는 풍부한 표정이 실사에 반영안되는 건 분명 아쉽지만 이미 내용을 알고 애니와 비교하며 보는 재미가 있고 애니의 명장면을 잘 살린 장면들도 많다! 자연을 이름답게 보여주는 것과 실감나는 결투장면, 들소떼 장면, 티몬과 품바도 실사로 그정도면...난 잘 보았다!",8,1
657,굿,10,1
658,라이온킹의 묵직한 메시지는 에니메이션이나 실사나 모두 감동을 준다. 진정한 용기는 힘은 권력에서가 아닌  정직함에서 온다.  You are my son. Remember who you are. Father! ,9,1
659,두시간동안 고개를 돌릴수가 없었다. 나에겐 실사판이 감동과 재미 두배.  ,10,1
660,나이 들어서인지 잼 없었음.  애들은 좋아할지도...,5,0
661, 눈물나도록 기대되고 벅차오름..,10,1
