﻿,document,score,label
0,진짜 과거의 나를 꼭 보는 기분이었어요 그래서 웃음도나고 제 과거와 영화가 겹쳐 보였어요 진짜 최고입니다 지금은 가정이 있고 애도 있어서 과거의 나같다고 가족한테 추천은 못하겠어요 ㅋㅋ 영화속 김래원 씨가 저랑 똑같아서 너무 놀램용 ㅋㅋ가장  현실 보통 우리네 현실판 영화 너무 재밌게 만들어 주셔서 감사합니다 공효진씨 사랑받는이유 이제 알거같아요 제일 사랑스러워요,10,1
1,연애의 상처를 씻지 못한 자들이 한 번 쯤은 꼭 봤으면 하는 영화 유쾌하면서도 여운이 남는 그런 영화,9,1
2,연기가 아니고 실제인거같은 기분인데 연기가 너무좋았네,10,1
3,재밌는데   아프다,8,1
4,완전 잼나요~,10,1
5,"정말 재밋게 본, 20대-30대라면 너무많이 공감될 로맨스코미디.",8,1
6,  딱 거기까지만 재밌는거야 그 다음부턴 노동같은 노력이 필요해  거기서부터가 진짜야,9,1
7,김래원(재훈)은 거의 알콜중독자 아니냐? ㅋㅋㅋ,5,0
8,술로 시작해서 술로 끝나는 영화.,3,0
9,공블리  ,8,1
10,굿,10,1
11,최근 넷플릭스에서 가장 재미있게 본영화,10,1
12,굿~~,10,1
13,자연스러운 연기가 포인트인 이 영화. 내용은 현실같은데 현실에는 김래원씨나 공효진씨같은 분들이 없어서 판타지인 영화 ㅋㅋㅋㅋ 이 영화속의 유머코드도 잘 맞고 너무 재밌게 잘 봤어요 ❤,10,1
14,굳.. 파스텔톤같은 깔끔한  영화,10,1
15,공효진은 다큐멘타리를 보는 듯한 자연스러움을 연기에 녹여내는 면에서는 최고의 배우.  김래원은 존재 자체가 밝은 에너지를 주는 배우라서 이런 로맨스에 정말 잘 어울림.,9,1
16,배우들만 아니면 빵점,2,0
17,즐겁다,8,1
18,"공효진 역할이 너무 좋고, 현실적인 로코물로 사람들에게 현실성 있게 다가간 영화이다. 항상 다 좋은 연애, 좋은 사람이랑만 만날수 없다는 이야기를 하는 부분이 인상깊다.",10,1
19,시간도 적당하고 재미씀,10,1
20,"좋은 영화에 감사...10여년 전 나의 30대로의 여행...많이 미숙했던 연애와 서툴러도 진심만 가득했던 그시절, 내 사랑에게 안부를...",10,1
21,꽤 좋은데요~~~ 영화~ 여성감독이라 역시 섬세^^ 추천,9,1
22,연애의 목적 리마스터  우린 왜 연애를 하는가?,8,1
23,재밌어요,10,1
24,너무 재밌게 봤어요.그리고 김래원씨 연기 반했어요♡,9,1
25,진짜 공감하면서 내 30대 독신시대가 그리워지는 영화였네,10,1
26,.,8,1
27,저는 재밌게 봤어요~공효진도...김래원도 좋아요~막판에 공효진이 뒷담화한 여직원들 디스하는 장면이 유쾌~통쾌~,10,1
28,.,0,0
29,조그 전 티비에서 하길래 봤는데 너무 재밌게 봤어요,10,1
30,기대 보다 훨씬 잼있네~~ ,7,1
31,김래원 공효진 둘다 좋다!!!,9,1
32,김래원 공효진이 원래 이렇게 매력적인 배우였던가... 깨닫게 되는 영화 제목처럼 가장 보통의 연애이기에 쉽게 공감할 수 있었던 영화.,8,1
33,그냥 저냥 볼만은 했어요 근데 맨날 술만 마시나 젊어서 체력들이 좋으시나 보다,7,1
34,두 주연 배우의 진가를 느낄 수 있다. 과음이 극을 이끄는 주요 소재라는 점이 누군가에게는 너무나 큰 단점일 수도 있을 듯. 19금 말장난은 혼자 보면 아주 즐겁다.,9,1
35,영화 음악이 연애의 목적이랑 너무 비슷해요...,5,0
36,너랑 세수 하고 싶어ㅋㅋㅋㅋ 간만에 재미난 로맨스 영화를 봤음 김래원 공효진 너무 잘어울림 ,10,1
37,이걸 이제야 봤네 ㅎㅎ 정말 가장 보통의 연애라는 제목이 훅 꽂힘,8,1
38,잼있네 김래원 멋있고 섹시  공효진은 누굴 옆에 놔둬도 조화롭다 ,10,1
39,연애의 목적이 많이 생각나는 영화였다 ost 도 그렇고 뭔가 스토리를 이어가는 부분이... 좀 더 맘에 들었던건 공효진 송별식 자리에서 사람들에게 한 방 먹이던 씬이 통쾌했다,8,1
40,저렇게 쿨하려면 머리 좋아야겠어 착하면 불가능,6,1
41,김래원 공효진 최고,10,1
42,진짜 잼나 래원 멋찌다 낸 왜 눈물이 나지 ,10,1
43,시종일관 즐겁네요,8,1
44,아 술땡겨...,8,1
45,너무 재미나게 봤어요. 김래원  매력쩔고 공효진 역시고요.ㅎ,10,1
46,넘 잼났다 영화관에서 볼걸 ,10,1
47,영화관에서 봐야하는건데  티비로봤지만 재밌었다 ,9,1
48,현실 그대로.... 수정인가?? 딴놈이랑 바람피고 떡까지 치고  어딜 기어 들어와서  ,9,1
49,매력적인 두 배우의 연기를 보는 것만으로도 만족스런 영화였어요  ,9,1
50,오. 진짜 기대 안 하고 봤는데. 기대 이상이었어요^^ 김래원 공효진 넘 귀엽고 사랑스럽고. 현실적이고. 중간 중간 깨알 개그요소가 있어서 더 사랑스러웠던 영화였어요. ^^ 잘 봤습니다~~~♥♥♥♥,9,1
51,누구나 한번 쯤은 경험 해봤던 이야기.강추.ㅋ,7,1
52,환상을 걷어낸 현실적인 연애이야기.. ,8,1
53,김래원귀엽닼ㅋㅋㅋㅋ 지극히 현실적이고  완벽한타인이랑 극한직업보다 훨씬 낫다. 그 2개는 영화관에서 보고 후회막급이었다. 완벽한타인은 예고편이 전부였고 극한직업은 조잡,7,1
54,공효진 역시 로코퀸 너무 매력적이에요 김래원과의 케미도 최고 연기가 리얼해서 간만에 재밌게 본 로코,10,1
55,잔잔하고 사실성 있고 재밌었어요.,8,1
56,연휴동안 두번 봤네요. 재밌었어요.  실제연애에 가까운듯  ㅋㅋ  주연들의 연기가 볼만함 ,8,1
57,연애의 목적이랑 비슷한 점이 있네요. 그때도 재미있었는데 이 영화도 넘 재밌게 봤어요 ^^,9,1
58,맞는지는 모르겠는데~ 아주 예전 '나의사랑나의신부'를 처음 봤을때 같은 풋풋함? 아닌가? ^^,10,1
59,재밌다. 평범한 듯하지만  질리지 않은 진행...,10,1
60,"이별은 참 슬프다. 더 이상 볼 수 없어서, 더 이상 사랑하지 않아서, 더 이상 함께 할 수 없어서, 이별의 마침표를 찍는다. 누구나 이별은 힘들고 익숙하지 않다. 모든 이별이 좋게 끝이나면 좋겠지만 그렇지 못한 경유가 많다. 누군가는 헤어지지 않겠다고 버티고, 누군가는 나랑 만날래? 아님 같이 죽을래? 협박하고, 또 다른 누군가는 헤어지면 너의 치부를 동네방네 떠들겠다고 협박을 한다. 쉽게말해 약점 잡고 끝까지 물고 늘어지겠다는 것이다. 몰래 사진이나 영상을 찍거나 여자의 치부를 들머거리면서 파멸할때까지 쫓아다니겠다는 것. 그것은 사랑이 아닌 폭력이다.",5,0
61,너무재밋게봣어요 인터넷으로보고 티비로 한번더 봣네요 실제연애영화로 추천ㅋ,9,1
62,공블리 연기 때문에 10점. ,10,1
63,너무 재밌어요~~~,10,1
64,김래원오빠 진짜짱이예요 엄청잼있어요 이번에 안방극장언제 나오나요?,10,1
65,공블리.. 김래원 믿고보는 배우들.. 재밌게  잘봤어요,8,1
66,웃으며 봤어요. 현실 자각 로맨스 타임.,10,1
67,"개봉한 지 얼마 안되고, VOD서비스 된지 얼마 안된 걸로 아는데 케이블에서 해서 보게 되었음. 평가를 할것도 없고 그냥 어느 정도 볼 만한 영화로 판단됨. 영화 제목처럼 가장 보통의...느낌과 가장 부합하다고나 할까?",7,1
68,난 괜찮은거같은데??너무억지스럽게웃길려는 로코보다 어느정도 현실성도 있고 재밌었는데,8,1
69,예고편만 그럴싸하고 실제는 허접 이렇게 내용 부실하기도 힘들다,1,0
70,볼만했음,9,1
71,로코가 잔잔한 웃음주면서  해피엔딩으로 끝나면 그만이지 재미만 있구먼,9,1
72,이걸 영화라고 진짜  돈이 아깝다,2,0
73,추석특집 영화용,6,1
74,김래원 어색. ,1,0
75,김래원 캐릭터 진짜 짜증남. 일단 회사에서 부하직원이라고 반말찍찍대는 인성부터 쓰레기임. 공효진 왜 똑부러지게 말 못하고 싫어하면서 질질 끌려다니냐 공짜영화라 티비로 보고 있는데 끝까지 봐야되나 진지하게 고민되네 회사 탕비실에서 전담피우는 씬도 있음 하아.. 미친거아니냐,1,0
76,뒷다마까는 재수없는 직원들한테 복수해주는 씬이 통쾌해서 8점 줌 ㅋㅋㅋㅋ 재미있게 본 영화. 정말 뭔가 평범한 연애이야기,8,1
77,이 영화를 돈주고 볼 필요가 있겠나 싶다. 돈 아깝다,2,0
78,예고편이 더 재미있었다.,6,1
79,술 한잔 안먹고도 술에 취한다^^;;; 중간중간 유머코드가 나랑 잘 맞아서  가볍게 쏘쏘!!!,10,1
80,맙소 똥같은 영화 ,1,0
81,뻔하고 드럽다. 이게 15세. ,1,0
82,유쾌상쾌통쾌로코판타지,10,1
83,왜  연예의 목적이 떠오를까?  닮은 구석이 없는 듯 하면서도 닮아있다. 흔하디 흔한 닭살돋는 로맨틱 코미디인 줄 알았는데  조금 다른 느낌. 좀 밋밋한게 흠이지만  사랑은 사랑으로 치유한다는  이야기.,8,1
84,"현실적! 마지막 심쿵 대사 보고싶었어,,,ㅜㅜ ",9,1
85,재밌고 이별에 대해 생각하게 된다,8,1
86,재밌당~,9,1
87,그나마 현실뿜뿜 포스터쌩뚱,9,1
88,보통이하의 영화!!,0,0
89,광고쪽이라서 개방적인듯 남녀 아무도 모른다만 어떤면은 현식적 어떤면은 말도 안되는듯~~ 근데 200만 봤네 동백이가 ... 으메,5,0
90,적당히 가볍고 적당히 취한 영화 술로 시작해서 술로 한방 먹이는 느낌 주인공 둘의 케미가 영화를 달달하게 만든다. 술 깨고 보면 좋은 영화,7,1
91,진짜 보통의 연애를 해보고싶다.,8,1
92,가장보통의 연애,10,1
93,so so한 듯 하지만 그것이 우리네 사는 보통의 연애일지도..,6,1
94,잠이안와서  좋ㅇㅏ하는 배우들이지만 스토리에 대한 기대는 안하고 봤는데 재밌네요. 보통의연애라 보긴 어려울수도 있지만 공감되는 내용도 많아요,9,1
95,흠..누가 재밌다고 해서 봤는데.. 이렇게 공감안되는 영화는 몇년사이에 진짜 처음이에요ㅠ 보통의 연애라고 하기엔 보통이 아닌 상황들 천지... 어디서 웃어야될지도 모르겠고 주인공남녀 모두 한심하고..그냥 그러네요 많이 실망했어요,1,0
96,오랜만에 연애 감정을 느꼈어요. 즐감했답니다. 동백이 공효진씨 왕팬 되기로 했어요. 팬싸인회 하시면 꼭 참석하고 싶습니다~~~!,8,1
97,상사라고 첫대면에 반말짝찍....ㅠㅠ  우리 회사에 ㅇ과장...이혼당했는데 남편이 집에 있는 것처럼 평소말함 남직원들 아무도 모름 0이사님 딸낳고 바람펴서 이혼 두번째 결혼후 아들 둘낳음. 다들 개인사  공사다망하지만 단톡으로 사적인 대화 전혀 안함.,4,0
98,이게 호불호가 강하네유~~~!! 난 잼나게 봣는데  30대중반에 헤이지고 2달동안 쉬지 않고 술마신것도 생각나고 ~~공감만잘가고만 ~~호불호 엄청 나네유 ㅎㅎㅎ,9,1
99,요즘은  이렇게  연애하나? 너무  1차원적이라  생각되지  않냐? 배우자를  너무  쉽고 가볍게  고르는거 같다 패널트킥  찬스에 쿨한척 함부로 똥볼 차지  마라,5,0
100,중간쯤까지 정말 참고보다 그냥 꺼버렸다. 더 심한말은 차마.. 안하고 싶다. ,0,0
101,재밌네~~~~,9,1
102,정말 어제 포인트 결제하고 봤는데.. 아.. 진짜 쓰레기네요 직장생활하면 다 저렇게 암투하고 욕하고 헐뜯고 하나요? 연애를 저딴식으로 하나요? 내 포인트 돌리도,0,0
103,그다지 과장되지 않은 과장된 보통연애.,7,1
104,로코는 잘 안봐서 몰랐는데 이번 계기로 자주 볼래요 김래원 공효진 믿고 본 영화 최고네요~♥,10,1
105,"20대 초반 실연의 상처를 술로 달랬떤 시절 35살 정도 나이를 먹으면  사랑에 대해 좀 알게되지 않을까 하는 생각을 했다.그러나 이 영화의 주인공처럼 사랑은 여전히 미스테리하고 헤어짐의 씁쓸함과 분노는 여전하다. ㅋ 이별 후에 만난 현실적 사랑, 직장 생활의 뒷담화의 웃음 포인트. 그리고 김래원, 공효진 등 주조연의 조합이 큰 기대 안하고 봤지만 소소한 재미를 줬다.",6,1
106,"연애를 해본 사람이라면 누구나, 자신 혹은 주변 누군가의 이야기로 공감될 만한 소재. 김래원과 공효진 조합은 화룡점정. ",8,1
107,간만에 재밌게 본 로맨스 영화 30대 취향저격인듯,10,1
108,소소하게 재밌음. 제목을 왜 이렇게 지었는지는 모르겠음. 솔직히 말해 제목대로 '가장 보통의 연애'는 아니고  '보통의 연애'도 이 정도는 아닐 것 같음.,7,1
109,존잼 ㅋㅋㅋ,10,1
110,매우 재밌음^^,10,1
111,김래원 실감나는 가끔찌질남 연기 짱,8,1
112,겁나 웃김~ ㅋㅋㅋ 김래원 짱!~ ㅋㅋ 공감 못하는 애덜은 음... 면상이 폭탄들이라... 아마도 연애를.. 흐흐흐흐...,10,1
113,시대의 연애상. 마음 아픈 남자들의  시대. 그냥 가볍게 가볍게 살아야 하나... 2019.12.10.,5,0
114,몇번을 봐도 잼나다,10,1
115,집에서 vod로 햄맥하면서 봤는데 재미있었다,10,1
116,남주인공은   술만 먹으면 도벽이 있고 여주는 술만먹으면 아무나한테 뽀뽀하고 자자고 하는 아주 이상한 영화.망하는데는 이유가 있음,1,0
117,넘 시시하네여  주제가  없는게 주젠가여 내돈 돌리도!! ㅜㅜ,2,0
118,이런것도 영화라니 공감 0%,0,0
119,현웃 터지고 재밌었는데 / 돌구신맨님은 마음에 여유가 없으신가봐요^^ 니 인생 무능한거나 신경쓰세요 부모님한테 좀 잘해드리고 ,10,1
120,재밌었어요 ,10,1
121,편안하게 재밌었어여~,10,1
122,정말 잼없어요.. 지루..,1,0
123,너무 재밌게 봤어요 ㅎㅎ,9,1
124,김래원하고 공효진 너무 웃겼음..극장에서 못봤던게 아쉬움..VOD로 잘봤습니다..그외에 조연분들도 코믹연기 너무 재밌게 봤네요 특히 강기영씨 팬입니다 앞으로도 화이팅 하시길...,9,1
125,가장 보통의 연애가 가장 어려운 연애 인것 같내요,8,1
126,잔잔함,10,1
127,김래원 너무 멋짐ㅠ  즐거운영화!!!!!!,10,1
128,아쉬움이 많네요~~~,7,1
129,SOSO 현실적이지만 현실적이지 않는...재밋게 잘봣어~,7,1
130,"맨정신에 들리는 대화로 소통하는 연애를 하세요. (연애담의 공감 여부와 별개로 개인사에 함부로 끼어드는 사람들, 왜 사니?)",5,0
131,적당히 가볍고 적당히 재밌슴..,7,1
132,오랜만에 공감하며 웃었다~ 젊을때가 그리워진다 ㅎ,9,1
133,ㅋㅋㅋㅋㅋ 현실성이 다소 떨어지지만 오랫만에 현웃터지면서봄 ,10,1
134,가장 보통의 로맨틱 코미디,5,0
135,김래원 연기넘잘한다 영화 소소하게 나쁘지않다 근데 전여자가 넘 썅년이라 좀 짜증났고 저런착한남자 만나야하는데란 생각은 든다 ㅋ,8,1
136,공효진 너무 예쁘고 사랑스러워요. 영화 너무 재밌어요.,8,1
137,"신랑이랑 함께 보는데 자꾸 연애할때의 한 순간이 생각나서 엄청 크게,많이 웃었어요^^",9,1
138,재미가 있을려다가 말았다. 공효진 없으면 남는 게 없는 영화.,7,1
139,간만에 가볍고 재밌게 본 영화 이영화 다큐멘터리 아니잖아~ 진지빨고 보는 인간들도 있네 ㅋㅋ,10,1
140,...,6,1
141,무난한 멜로... 근데 요즘도 저렇게 술 마시는 회사가 있으려나? 시대가 변했는데...,7,1
142,술 좋아하고 술 쳐먹으면 진상부리는 주당인 연놈의 취중 연애 스토리. 이런걸 영화라고 에효. 겨우겨우 반 넘게 보다가 꺼버림,3,0
143,매번 똑같은 케릭터... 지치지도 않나....  그냥 배우만 보면 영화 다 본거 같은.... ㅋㅋ,5,0
144,"김래원의 미소 정말 매력적. 공효진이 이렇게 예뻤나? 간만에 로맨스 영화 잼나게 봤네.  ""두번할까요""와 비교 김한결⟩박용집 김래원⟩권상우 공효진⟩이정현 가장 보통의 연애의 압승.",8,1
145,역시 공효진의 코믹로맨스는 악수가없네 거기에 김래원이라는 좋은 배우가 같이 어우러지니 정말 별거아닌 스토리가 잼있게 연출이되네 잼있게 잘본영화,10,1
146,요즘은 이렇게 여자들이 좋아할만한 대사가 나와야 영화가 잘되나보다,6,1
147,잘봤음. 억지스럽지 않은 가장 보통의 연예임. ,10,1
148,꽤 괜찮은 로맨틱 코미디  공효진이 로코의 여왕인 이유를 알 수 있는 영화,7,1
149,가볍게 보기에 넘 잼있어요,10,1
150,보다말고 꺼버림 씹유치 끝판왕 여배우가 매력적이면 좀 볼만햇을텐데 (19.11.19 집),1,0
151,곳곳에 웃긴 장면들 숨어 있음~ 직장 생활도 연애도 맞다 그렇지... 공감되는 영화~,7,1
152,이불킥했던 내과거랑 겹친다ㅎㅎ 맨탈지금으로다가 옛날로 돌아가면 더 이쁜사랑을 했었읉텐데 ㅠ,10,1
153,쵝오,10,1
154,"직장생활도 연애도 뭐하나 쉽지 않은 20,30대 직장인들을 위한 영화 ",8,1
155,영화관에 돈주고 안보길 잘한건 처음이다,0,0
156,시간 가는줄 모르구봄!! 굉장히 공감 가네요~~ 공효진 김래원 참 연기 잘해요♡♡♡,9,1
157,재미있다 !!!!!,10,1
158,제목 그대로인. 킬링타임용으로 재이있게 봤음,9,1
159,간만에 재밌는 멜로.,9,1
160,연애하면 자신의 찌질함을 확인할수 있다던데... 찌질한 인간군상을 모두 보여준다.,7,1
161,이렇게 지루한 영화도 참 간만이네. 대사도 정말 재미없고. 공효진 옷 보느라 그나마 중간에 안끄고 끝까지 봤다. ,4,0
162,쿨~~~,10,1
163,"유쾌, 발칙, 유머.  재미있음.",10,1
164,유쾌한 영화.,10,1
165,"전 여친에 상처받은 ‘재훈’(김래원). 여느 때처럼 숙취로 시작한 아침, 모르는 번호의 누군가와 밤새 2시간이나 통화한 기록을 발견하게 되고 그 상대가 바로! 통성명한 지 24시간도 채 되지 않은 직장 동료 ‘선영’임을 알게 된다.",10,1
166,최근본 한국 로맨틱코메디 영화중 최고ㅎ,8,1
167,코믹하고 잼나네 술들 땡길 껄~~,8,1
168,술장면이 너무 많아 한국은 술마시는 사회,8,1
169,현실의 상황들을  잘 닮으려 한 듯한 느낌만....,5,0
170,'보통'이 아닌 것 같은데...영화에서 듣기 힘든 단어들이 나와서 살짝 놀라기도...,7,1
171,현실적인 로맨스,9,1
172,재미있음 ㅋㅋㅋ 조연들 재미남 ㅋㅋㅋ,9,1
173,영화가 진짜 재미없음과 있음의 경계선이네...,6,1
174,재밌고유쾌하고설렘 공효진김래원케미좋구 매력있음,9,1
175,시간이 아까워요 ㅠㅠ 배우가 아까워요ㅠㅠ,1,0
176,억지스러운 영화. 공효진과 김래원이라는 배우를  의심하게되는 영화,1,0
177,솔직히 재미없다 등장인물들의 감정선에 공감할수없다 현실적인 연애를 담고싶었던건 알겠는데 암만 보통의 연애라하더라도 영화에서 보여지는 연애보단 재밌다 배우들은 전부 호감인데 김래원이랑 공효진이 아깝다 공효진 패딩 정보 궁금하다,4,0
178,자연스러운 두 배우의 연기에 시간 가는줄 모르고 봤어요,9,1
179,너무 현실적..... 너무 사실적...... 오랜만에 영화 잼나게 봤습니다.,9,1
180,.,1,0
181,나는 이런것도 못해보고 늙었네  ,4,0
182,오버스러운 유머 없이 딱 현실적인 영화같아 자연스러운 재미있었어요,10,1
183,"이거 리얼, 보통 맞는거임? 전혀 공감 못하겠고 걍 영화로 보기엔 재미남~",7,1
184,너무 현실성을 강조하려고 하지만 영화적 설정이들어가있고  현실감이 있어서그런지 설렘은하나도 안느껴지는영화,6,1
185,다들 한번씩은...추억에 잠기게되는 그런 영화,10,1
186,정사신이 없네 ,4,0
187,전 너무 잼나게 봤어요~~♡ ,10,1
188,"1점도 아까운 영화! 공효진 나와서 기대했는데, 왜 이런 영화같지도 않은걸 찍었어요?ㅜㅜ",1,0
189,이야기가 참 재미있고 독특하네요. 달달한 진행 속에 함께 살아가는 사람들과의 관계에 대해 생각하게 만드는 영화네요. 몰입도 10/10 영화입니다.,10,1
190,근래 가장 재밌는영화,10,1
191,멀었다,0,0
192,영화 내용이 현실적이었어요.  이야기 사이에 억지 유머없어서 부담없이 봤어요.,7,1
193,이따구걸 300만이나 보는구나. 배우들이 아깝구만.,4,0
194,간만에 웃음띤 코믹멜로가 나왔네.......,9,1
195,영화굿입니다,10,1
196,온통 술로 시작해서 술로 끝나네.. 이게 진심 고딩들이 봐도 된다고 생각하고 15세로 한거냐? ,1,0
197,평범한 이야기를 유쾌하게 풀어 가는군,7,1
198,대사들이 잼나네요~~,9,1
199,재밌게 잘봤습니다 김래원씨 연기잘한다는 말은 들었는데 정말 잘하시네요 연기가 너무 실감나서 더 재밌었음,9,1
200,지루했고 김래원님 관리좀 하시길 ,2,0
201,로맨스와 술은 단짝이 맞다,7,1
202,김래원설레 ㅋ ,9,1
203,빨간입술이 바로 쌩입술이구 옷을 10겹을 입어야지 추운데 겉옷에 패딩에 긴팔에(?) 와우 히말라야가야죠,1,0
204,너무 리얼한 영화!! 재밋었어요.... 우리 주위에 있을만한 여주 남주 여서 더 좋왔어요 ~~ 근데 이 회사 회식이 넘 많아서 부러웠어요... 그런데....확실이 회식이 많은 회사도 존재 한다는게 팩트!!  ,10,1
205,재밌게 잘 봤어요,10,1
206,영화 참. 쓰레기 같이 만들었네,1,0
207,재밌네,8,1
208,제목에  충실한 영화 의외로  래원 효진배우 잘어울리네요 ,8,1
209,꾸밈없는 연애사를 보게 되어서 마음이 애잔했습니다,8,1
210,배우들이 아깝네유. 이건 3류 영화보다 못함.,0,0
211,이게 어떻게 300만인거지? 술먹고 술 취하고 필름 끊기고 또 술 먹고 술취하고 블랙아웃되고 그러다 눈 맞고~자고. 하긴 볼게 진짜없었나보다 극장가서 이거라도 본듯~~~ 그리고 흥행 조금하니 다 낚여서 본 듯~~,2,0
212,두 배우분들 좋아해서 봤는데 스토리나 내용전개가 영 너무 뒤떨어지고  특히나 겜하는 장면 단어들이 눈살을 찌푸리게하네요 이거 커플이나 어른들이봤으면  진짜 민망하고 쌍욕했을듯하네요 아쉽네요 ,3,0
213,이 영화 안 본 눈 삽니다.,2,0
214,김래원   전여친   진짜   어이없다  실컷   바람피다   헤어질수  있냐고 배우들이   아깝다 ㅠ,1,0
215,정말 이게뭐냐 ㅠ  주사부리는걸보란거지?,1,0
216,"일단, 영화는 재밌게 봐습니다. 한, 두가지 빼고 그냥 저인줄.. 보면서 감독님이 여자인가 했는데 역시.. 그리고 공효진씨는 여고괴담부터 여태 다 봐왔는데 이젠 연기가 최고 정점인듯.. 이번 캐릭 정말 사랑스럽게  잘 표현했네요. 공효진씨의 개인적 최애 캐릭은 '고맙습니다'와 '네 멋대로 해라'",7,1
217,이거 돈내고 보는거 아니지? 설마!,1,0
218,나와 술버릇만 완전 똑같은 남주...  근데 뭐 이리 달라 보이냐 에라이 더러븐 세상 ㅋ,10,1
219,오랫만에 정말 재미있는 영화였어요~ ,10,1
220,가장 보통의 영화다.  드라마에서 단골로 등장하는 오해 씬이 그냥 넘어가는게 이상하게 생각됐다. 연예를 많이해서 내공이 쌓여서 이해하고 넘어간건가? 연예 초보들과 경력자들은 다르겠지.,8,1
221,...,7,1
222,"100점!!!! 정말, 재밌고, 현실 잘 표현했어요!!! 이런 류의 영화 잘 안보는 데, 우연히 봤는데. 기대 이상!!! 역시, 공효진, 김래원.ㅎㅎ 험담하고 소문 내는 사람들, 술, 말, 생활,.... 굿 입니다. 100점! 짝짝짝.ㅎㅎ",10,1
223,술냄새 나지만 재미나,10,1
224,와아 넘 재밌었어요. 현실적인 연애 ㅋㅋㅋㅋ,10,1
225,공효진은 품행제로때부터 목소리 톤이나 연기력이나 천상 배우였다...그리고 쎄끈한 매력도 있다 얼굴도 갈수록 칼도 안댔는데도 살짝 튜닝정도만으로도 점점 예뻐진다.....그러나 늘 느끼는 거지만 손은 정말  최악이다....손이 너무 못 생겼다 남자 손도 그렇게 못 생기진 않으리라.....손은 성형할 수 없나?,8,1
226,사랑을 표현하는 것은 여러 방법이 있지만 그래도 가장 공감되게 잘 만든 스토리와 연기. 효진씨! 수고했어요! 래원씨는 연기의 폭이 정말 넓은 배우임. 다음 영화들이 기다려지는 배우들입니다! 술 씬이 너무 현실적임,10,1
227,재미도 감정도 없었어요. 영화 목적도 이해 안되고요. 똑같은 술씬만 많았어요.,1,0
228,잼 나게ᆢ빠른전개  굿,10,1
229,김래원은 오랜만에 맞춤인 영화를 만났고 공효진은 여전히 사랑스럽지만 여전히 비슷한 모습? 그런데 공효진 얼굴에 저렇게 떡칠을 한건 도데체 누구일까? 분장팀 누군지 참...,9,1
230,결혼 전생각도 나고 가볍게 볼만했어요~,8,1
231,졸라 웃었음,10,1
232,재미있고 공효진 너무 예쁘고 그런데 스토리는 약간 짧아서  끝났을때 뭔가 허전한~ 생각없이 가볍게 웃으며 볼수 있는 유쾌한 영화 ,7,1
233,잘 만든 생활밀착형 로맨틱코미디~ 배우들 연기도 자연스럽구,9,1
234,잼났음,10,1
235,더 길지ㆍᆢ짧아ᆢ시간 잘감  웃김 ㅋㅋㅋ,10,1
236,뭘 말하고 싶은 지는 알겠는데 엄청 부족하다,5,0
237,겁나 재밌었음ㅋㅋㅋ.  대박.  보면서 계속웃었음 옛날 생각이나서..,10,1
238,이렇게 저렇게 시작하는 연애도 있다. 술로 시작하지만 진실엔 술이 없었다.,8,1
239,진짜 재밌게 봤어요,10,1
240,남자들은 아무것도 못해본 첫사랑 빼곤 다 걸래라고 하잖아~~~   현실적인 영화  한참 웃으며 봤다.,8,1
241,동백이 화이팅~,10,1
242,좋아요,10,1
243,"오랜만에 웃으면서 본 영화네요ㅎㅎ 강기영 배우님 ,김래원 배우님 너무 재밌었어요~~ 공효진 배우님은 너무 예쁘게 나오시네요~~옷도 너무 잘어울리시고.. 즐거운 영화였습니다^^",10,1
244,오랫만에 재미있고 유쾌한 시간이었습니다 ,9,1
245,김래원 설레는.. ㅎㅎ,10,1
246,간만에 유콰한 한국영화였어요 군더더기없는  흐름과 재미 너무 좋았어요,9,1
247,김래원 무대인사 때 너무 반가웠다 정말 연기잘하고 진솔한 배우다 너무 잘생겼다... 영화도 생각없이보면 잼있다 강기영배우가 너무 웃겼다ㅋㅋㅋ,3,0
248,솔직담백한 연애담. 뭐랄까 우연히 집었는데 경품에 당첨된듯한 기분. 한번 보세요.,8,1
249,재밌어요,8,1
250,기대없이 간 영화 였는데 너무 현실적이어서 너무재밌게 봤네요~~역쉬 공효진~^^,9,1
251,사랑한 후 상처의 깊이만 다를뿐... 다시 예쁜 사랑으로 치유되길~~예쁜 영화네요,10,1
252,재밌네요 역시 공효진,9,1
253,지금보고 왔는데  한참웃었네요 김래원.공효진 너무좋아요~,8,1
254,뭐 좀.... ㅡㅡ;,4,0
255,편하게 웃기 좋은 영화. 공효진은 이쁘고.,8,1
256,"보통  연애를 이렇게 한다고? 진상의 연애라고 제목을 바꿔야할듯. 남주나 여주나 정이가는 캐릭터가 아니라 인상 찌푸려지던데. 여자는 남자 핸드폰 집어던져 다른차 손괴시키고 남자는 술만 먹으면 개되고 엘리베이터가 안방인 주사쟁이. 그런 사람들 오래만나면 홧병 생기지않을까요 무튼, 공감 부족했던 영화였음",4,0
257,"생각보다 재미 있었어요, 많이웃고나왔어요~",8,1
258,아무 생각 없이  편하게  보았다.. 웃김ㅋㄷㅋㄷ,6,1
259,기대 안했는데 꽤 괜찮은 로코영화일 줄이야,8,1
260,사람들은 이런 멜로를 더 공감하나보다.. 난 유열의 음악앨범같은 순수한 따뜻함이 마음을 녹이던데..,4,0
261,가장 보통의 연애를 하고 싶은 등장인물들의 마음을 보통이 아닌 연애들을 통해 표현한 영화 제목이 돋보인다. 영화가 지루하지 않아서 별 생각없이 즐기기 좋다.,8,1
262,오호 넘나 잼나게 봄 제목 그대로.,10,1
263,잼써요,10,1
264,쓰레기같은 영화 시간 돈 가 아까웠음,1,0
265,재미있었어요 시간이 잘 가더라고요 간만에 영화보다 시계안본 영화네요 ㅎ,10,1
266,시간이나  때우지 하는  생각으로 봤다가 웃으면서 잘 봤어요~~ㅎ,8,1
267,딸과 함께 봤어요. 웃을일 하나 없는 요즘인데 이 영화 덕분에 참 많이 웃었어요. 딸은 조커 보고 가라앉았던 기분을 이 영화로 기분전환 했답니다.,10,1
268,잼있어요. 그냥한번 볼만한영화,8,1
269,생각보다 재미있었어요 ^^,8,1
270,남편이랑 한참을 웃으며 재미있게 봣어요. 가볍게 보기 좋아요,9,1
271,재밌더만... ,10,1
272,82톤김지영 sf공상과학 영화보지말고 이거나보세요 진짜 개꿀잼인데,10,1
273,저는 엄청 웃으면서 잼나게 봤음.!!,9,1
274,이 영화가 관객수 2백5십만이라는 게 믿어지지가 않는다 최근 본 영화중에 제일 재미있었다는 사람은 도대체 무슨 영화를 봤길래.......,3,0
275,술주정뱅이 영화,5,0
276,재민도없고 그냥 쓰래기 영화. 그런데  극장이  상영. 미스터리다. 영화관들? 미스터리 개같은 영화 왜 밀어 주지,1,0
277,재밋어요! ,8,1
278,가볍게 보기좋은 한국영화 재미있게 봤습니다~,7,1
279,음... 뭐랄까.. 킬링타임용.ㅎ  SoSo.,5,0
280,남편이랑 재미있게 봤네요 ㅎㅎ 앞자리에 젊은 남자 3명이 왔는데 영화끝나니까 벌써 끝이냐고 욕함 ㅋㅋ 그정도로 재미있게 봤음 ㅋㅋㅋ(저도 조금 아쉬웠네요 좀더 두사람의 이야기를 보고 싶은 마음),8,1
281,달달하네,9,1
282,캐쥬얼화 된 홍상수 영화,7,1
283,뭐 어차피 기대안하고 가서 봤는데 졸지 않을정도로 공효진과 김래원 연기가 나쁘지 않았슴. 술먹는거 싫어하는 사람은 싫어할수도 있는데 주변에서 많이들  마셔서 그런가 일상의 연얘를 담담하게 풀어낸 얘기 같음.  돈아깝지 않았슴,7,1
284,인듯 아닌듯 인듯 아닌 듯 혼자나 친구랑 보기 좋은 영화 :)가장 보통인 지금 ,9,1
285,별로....술마시는 장면밖에 없는듯...,1,0
286,필름낭비,0,0
287,공효진 동백이인줄. 좀 겹쳐 보임,5,0
288,재밌었음 ㅋㅋ,9,1
289,동백을 안봤으면 패스했을 영화인데 불구하고 봤는데... 패스했어야 했네요 드라마 동백이보다 영화가 별로임,5,0
290,15년전 영화 -강혜정 박해일 주연의( 연예의 목적)각색 아니면 주요포인트 표절? 재미는 더 살렸는데 찡하게 남는건 덜함.,6,1
291,재있어요~^^,10,1
292,재밌,10,1
293,ㅋㅋㅋ그냥 가볍게 보기 좋았고 웃겼어요  진짜 보고나면 술땡김 ㅠ 남친이랑 술 먹으러 가고싶었는데 배불러서 못마셔서 아쉽 ,7,1
294,볼거 없어서 본건데 최근 본 영화중에 젤 재밌었어요 가볍게 깔깔대며 본 영화요,10,1
295,재밌다,10,1
296,"좋은배우들로 왜 이렇게 최악의 영화가 탄생하죠,,,ㅠ 돈낸게 넘 아까워요",1,0
297,"있을법한 얘기, 재밌고 사실적으로 표현",7,1
298,굿굿 ㄴ짜 재밌게 봤음 똥소리 듣고 여잔지 남잔지 아시는분 ~ 시팍새꺄 이부분 개웃김,10,1
299,재밌네요. 지극히 현실적이라 공감가는~ 근더  술퍼먹는 장면 너무ㅈ많아서 짜증나긴  하더라.,7,1
300,아 정말 ㅠㅠ 돈 아까워요. 가장 보통의 연애라고 했는데 보통의 연애는 확실히 아닌듯요,0,0
301,재밌어요 공효진 정말 볼매ㅋㅋ,10,1
302,재밌던데..섹드립이..좀..어이없고 글킨하지만...그냥저냥 아무생각없이 보기엔 무난햇음,8,1
303,기대없이 보면 재미나요. 현실적이지 왜? ,9,1
304,최악입니당. ,1,0
305,섬세하고 위트있는 성인용 로코. ,9,1
306,굿,10,1
307,영화를 보는 내내 나의 20대를 생각해보았다.. ... 뭐 대단한 신념이나 있는 것 같은 나름의 생각을 전파하며 폼 잡고 각종 쾌락에 몸을 맡기며 자유난잡했던 그 시절들.. 알콜로 시작해서 알콜로 끝나는 장면이 내내 좀 불편하다..;;,6,1
308,너무 잼있게 봤어요.. 간만에 크게 웃었네..겨울 12월쯤에 봤음 더 좋았을꺼 같아요..,10,1
309,기대이상,10,1
310,술이 땡기는 영화~  재미나게 그냥 그저 그렇게 볼수 있는..~,7,1
311,주말에 편하게 볼수 있어 좋았어요,10,1
312,김래원 연기두 잘하구 공효진 배우가 이쁘다 생각한적 없었는데 이 영화계기로 존예배우됨 솔직히 나에겐 이 영화가 공감이 많이  가서 너무 재밌었음,10,1
313,김래원 약혼녀 욕하며 보고 있다가 손여은 나오니 용서가 되더라 젠장 여자는 얼굴이 깡패다,8,1
314,그냥 웃고 있는 날 봤음 그냥 좋다,9,1
315, 재미있다고 해서  봤는데   생각만큼은 아니었어요  그냥 깔깔 웃고 싶어서 봤는데   그정도는 아닙니다 ,2,0
316,재미있게잘보았는데 좀더 코믹연기가 들어갔으면하는 아쉬움이드네요  맘껏 더 웃고 싶다,10,1
317,아무생각 없이 갔는데 잼있게 보고왔다 ㅋㅋ 공감가는 부분도 많았고 ,10,1
318, 아무 생각없이 볼만한 영화   ,8,1
319,편하게 재미나게 즐겼습니다.,9,1
320,소주 한잔 같이 할까?,8,1
321,너무너무 재미있어요 래원씨 연기 최고,10,1
322,난 넘 재밌게 봤네요. 내가 이별의 아픔을 술로 대처해서 그런지몰라도 공감대 형성 되고 공효진 넘 이뻤음요 ㅋㅋ,8,1
323,"30대 직장인의 연애라고 이게? 장난치나  주인공 둘이서 관객들 왕따시키는 영화임. 처음부터 끝까지 술만 존나 마시고 진상 부리고 기억하냐 마냐로 스토리 전개함ㅋㅋ나이도 먹었는데 왜저럴까..  더 웃긴건 모든 등장인물들이 똑같이 다 저런다는거 ^^ㅋㅋ 스토리, 감정 서사, 인물간 관계 다 쓰레기같음. 그나마 공효진씨가 질질 멱살 끌고가는정도? ㅋ원래 평점 안쓰는데 곱씹을수록 너무 화나서 구구절절 쓰고 감.  와.. 진짜 ㅋㅋ",1,0
324,이게 재밌다고? 술자리 씬 말고 다 무표정으로 봤다 ㅡㅡ,1,0
325,간만에 아무생각없이 웃으며 봤네요,10,1
326,웃김 ㅋ  첫사랑 실패자들의 30대 연애 현실판,7,1
327,오랜만에 재밌는 국산 로코. 스트레스도 날리고 머리도 좀 가벼워지고 좋다. 공효진이 욕하는데 내속이 시원하다. 욕도 연기도 넘 잘하는 공효진!,9,1
328,개봉첫날 조조로 몇몇사람 없이 조용히 보고 나오려했지만  보는내내 솔직담백 스토리에 흠뻑취해 보고 있었음   현실에서 충분히 있을법한 파혼남과  솔직한 여자의 모습을  훔쳐보면서  허허웃으며 봤네요  재밌게 잘봣어요  ,10,1
329,내가 나이가 들어서 젊은감성을 몰라서 그러는건가 싶어도 너무 저급했음  도데체 우리나라영화는 저렇게 욕을 해야만 하는것인가 싶은... 정말 왜 저렇게 욕을 넣어야 하는지 이해가 되지 않음,1,0
330,중간중간 빵빵 터져요. 저는 완전 재미나게 보고왔어요^^,10,1
331,"공감되는 있을 법한 이야기에, 배우들의 연기도 좋았고, 자연스럽게 웃겨서 좋았다.",8,1
332,액션과 스릴러에 이병헌이 있다면 로멘틱멜로엔 오태식이..아니 김래원이 있지 ㅎㅎㅎ,10,1
333,스트레스 받았었는데 보고나서 풀리는 영화^^♡ 잼나요~~~~,9,1
334,"연애세포가 이렇게 다를수 있군요.  40대 후반, 결혼도하고 애도 키워본 인생의 시각으로 봐선 그냥 볼만했다? 정도.....  그런데 영화보고 하루 지났는데 내용이 잘 생각이 안납니다. 젠장!!!!!",8,1
335,솔직히 볼만한 영화다 소소한 재미가 꽤 괜찮은,8,1
336,혐랴원 ,0,0
337,꿀 잼 내 연애세포가 살아나는 느낌,7,1
338,이런 영화도 있구나  완전 실망~,1,0
339,관객수 보고 갔는데 영화의 질이 너무 낮아  매우 실망함. 저질의 언어와 깊이 공감하기 어려운 폭력적  관계설정.  젊은세대의 소통의 현실이 이것밖에 안된다고 보는 감독의 시각에 의문을 던져봄.,1,0
340,꿀잼 그리고 설렘,10,1
341,재미는 모르겠고 공효진이 이쁘게 나옴,7,1
342,핵공감.. 85년생... 비혼.....  전남친이름에 설정까지.... 인생 영화..... 30대 비혼의 공감.ㅈ.ㅈ ,10,1
343,다시 연애하고 싶다~,8,1
344,평점보고  갔다가 왜이렇게 평점이 좋은지 의아하게 생각하면서 나온 영화... 대사도 후지고 욕설과 비어가 난무하는 영화... 허탈함,3,0
345,연출도 연기도 좋았다 적절했다. 30대 중후반이 20대보다더 격렬하게 혼란스런 요즘 아직도 어른이 되어가는 중인 우리들을 위한 이야기 뭐가되든 비겁하지만 말자,10,1
346,김래원을 위한 영화 ♡ 같이한잔 할래?,10,1
347,영화가 보는내내 지루하지 않았음~  돈이 안아까웠어요~,10,1
348,김래원과 공효진의 케미가 좋음 재미있게봤음!!,10,1
349,공효진 이기에 가능한 영화 넘 잼나게 봤어요~~~~ 한잔 땡기네요^^,10,1
350,재미있고 현실적이다....,10,1
351,재밌었어요  시간 가는줄 모르게 !! 꼭보세요  300만 가자!,8,1
352,현실적이면서도 로맨스가 잘 살아있는 코미디 술을 너무 많이 마시는 게 좀 불편함,7,1
353,김래원과 공효진 잘어울리네요 현실커플이 되면 좋을듯 잼나게 보았네요,9,1
354,지루한듯하면서 재미나는 영화 공감가는 대사가 줄줄줄 술마시고 싶다!!,8,1
355,미리 말함 난 알바아님 오늘 와이프랑 보고왔는데 오랜만에 넘 잼나는 영화를 봤슴 공효진 넘 매력적인 여자이자 배우임 그냥 웃고 즐겨보세요,9,1
356,솔직히 재미없었음. 공효진 이번영화에서 이쁘게 나옴,2,0
357,아주 소소하지만 아주 특별한 영화. 억지 개그도 없고 보고나면 흐뭇하게 미소를 짓게 됨. 굳,8,1
358,연기 짱!!!,10,1
359,시간 순삭.  배우들 연기가 스토리를 더 업그레이드 시켜준 느낌.,8,1
360,그냥 시간남아서,1,0
361,"복잡한 세상, 그냥 유쾌하게 두시간 하하하",9,1
362,가볍게 웃으면서 볼 수 있는 재미있는 영화였습니다. 로맨스 영화에 큰 의미부여를 할 만한 게 있나요? 생각 없이 즐겁고 유쾌하게 잘 봤습니다.,8,1
363,진짜 재미없어요. 웃음포인트 술 마시면서 게임하는거 거기서만 한번웃고 스토리미약.,1,0
364,하정우랑 영화했던 그거랑  헤어며 스타일이  거이비슷한 공효진  지겹ㅡ  ,1,0
365,좋아하는 배우들이라 가볍게 보려고 갔는데 너무 가벼웠네요. 여운도 없고 깊이도 없고 그냥 조금 웃다나온 영화~~,6,1
366,술광고인줄ᆢ보는내내 술마시고 취해서 카톡하고 ㆍ 저배우들은 왜저런영화를ᆢ,3,0
367,가볍게 볼 영화 찾고있었는데 딱이었어요. 웃으면서 잘 봤네요 공감되는 부분도 많고 ㅎㅎ 극중 주인공들과 동갑이고 비혼이라~,8,1
368,모든게 과함. 설정도 대사도.  개연성도 없고  술먹고 진상부리는것밖에 기억이 안남.  보는 내내 진상짓들로 고구마.답답. 내가 좋아하는 배우들. 이런 극본 왜골랐는지 실망스러움 ㅠ   ,0,0
369,스트레스   풀릴정도로   첨부터 끝까지 웃었음 ㅋㅋㅋㅋㅋㅋ  너무 재밌음ㅋㅋㅋㅋ,10,1
370,재미있어요,10,1
371,공효진만 예뻤다..,1,0
372,아줓편안하게 부담이 끝이났다,8,1
373,이딴걸 영화라고,1,0
374,넘넘 재밌게 봤습니다~~,10,1
375,저는 재미있게보고왔어요~~두 배우의케미도 좋았구요^^,10,1
376,조금과장 되긴 했지만 현실적인 연예스토리,8,1
377,배우는 예쁘네요. 딱 그만큼 생각보다 후져서  허탈했음,5,0
378,배우만 좋고 내용은 꽝인영화~~ 막말하는영화는 딱 질색입니다~~ 연애가 외곡됐네요~ 절대보기싫은영화,3,0
379,오랜만에 재밌게 본 영화 래원씨 너무 좋아욤,10,1
380,참 오밀조밀 이쁘게 만든 영화,10,1
381,너무 많은 얘길 하고 싶었던 거 같은데..,7,1
382,동백이 보다가 봤는데....재미있어요...근데 자꾸 동백이랑 겹쳐보여서 헷갈렸네..,10,1
383, 너무 재밌게 봤어요. 내용과 연기 기대 이상이었어요.배우들도 좋았구요.,10,1
384,영화본중에ㅠㅠ젤노잼ㅠㅠ 기대하고본건데ㅠㅠ실망이컷다ㅠㅠ 돈이아까웠다ㅠㅠ,1,0
385,전혀 기대를 안하고 봤는데 괜찬았습니다  공효진씨  눈에 확띄는 예쁜 얼굴은 아니지만 ~  몬난이 인형처럼  은근히 매력있네요 ~,6,1
386,처음부터 끝까지 너무 재미있게 봤어요 요즘 조폭 영화만 개봉해서 로코가 그리웠는데 너무 잼있었어요,10,1
387,완전 재밌는데... 술장면 많아서 악플이좀 있는듯 술은...핑계 이자 매개체 이징~ 어른 연예에선 빠질수 없죠ㅋㅋ 공감가고 웃김 ㅋㅋ,10,1
388,돈이 아깝긴 처음이네.. ㅜ ,1,0
389,공효진 이런 시크한역도 잘어울리네요 ㅋ 다시봤어요 정말 둘의 케미가ㅡ좋아요.,9,1
390,아..   영화보고나니까   소맥내가마신기분   ㅋ ㅋ  내 청춘도저랬나  아 난 술만 마신기억밖에없네   휴~ 연애한번못해보고 ㅠ ㅠ,8,1
391,연기구멍 하나도없습니다 ㅎㅎ 깔깔깔 너무재밌게봤어요 ,10,1
392,너무 재밌게 봤어요~ 단 끝나고 심야영화로 본건데 새벽에 술생각나서 한잔 했습니다 ㅋ,10,1
393,공감가는  일상의연애감정 있을수있는일들 ~ 재밌네요   김래원  공효진 오랫만에봐서좋았구요,10,1
394,오랜만에 즐겁게 본 영화 아무생각없이 즐겁게 봤다,10,1
395,연애 때 감정 느끼게 해주는 영화. 약간 억지스러운 장면도 있지만 그래도 추억 소환해줘서 좋았음. 회사 씬 웃김. 김래원 진짜 술먹고 연기한거 같음 눈빛이 술독에 아련함,9,1
396,좋았어요. ,10,1
397,이렇게 기본 연애를 모두가 공감할 수  있게 만들다니  난 영화가 끝날때 조금만 더 조금만 더 끝나지마라하는   영화가 내가 좋아하는 영화라 생각하는데  이 영화가 그랬음,10,1
398,로맨틱 코미디라고 생각한다면 코미디쪽에 더 치우친 느낌.,6,1
399,유쾌하긴 했지만  15세 관람가라고 하기엔 술먹는 장면이 너무 많아요.,3,0
400,임팩트는 없지만 보는 내내  많이 웃고왔네요~~역시 공블리♡,10,1
401,연애때 생각나네요~~ 술술술 재밌네요,10,1
402,"술 빼면 이야기 진행이 안되요. 맨날 주정이고.... 그냥 간단하게, 말투나 행동거지 보고 웃고 싶으면 괜찮은 영화.",5,0
403,많이웃고왔어요.~~~ 재밌어요ㅎㅎㅎㅎ,10,1
404,ㅎㅎㅎ,10,1
405,완전 잼나요 많이 웃고 스트레스 풀고옴요 강추,10,1
406,어제 대한극장에서 집사람하고  너무 재미 있게 보았습니다.  공효진연기 너무 잘하네요.,10,1
407,⟨딱 좋아 지금⟩ 크~ 이건 진짜 3번 봤고 또 볼 예정인 영화 너무 좋음!!!,10,1
408,쵝오,8,1
409,지겹다 한국영화 조폭 아니면 연애 ㅉㅉ,0,0
410,웃다가 나온거 같아요,10,1
411,그냥 가벼운 영화에요,6,1
412,난 재밌게 봤다.. 30대의 현실을 잘 반영해준 영화.. 두사람 캐미도 좋고,10,1
413,김래원과 공효진 연기는 괜찮지만 어수선하고 대사와 상황들이 마음에 안든다.  알콜중독자들의 이야기인가 웬 과음 장면이 그렇게 많아 ?  피식하고 조금 웃기는 장면들이 좀 있는 정도. ,6,1
414,재밌게봄!! 요즘 15살들도 다 알거는알아요 오히려 이런거보고 안되! 하는게 더 문제,9,1
415,재밌게 보다가 대사가 좀 쎄서 애들보기 그렇다가 후반에 남의말 하기 좋아하는 사람들을 보며 나는 어땠나 생각해봤네요..,9,1
416,재밌게 봤어요~~ 중간에 빵터짐 ㅎㅎ,9,1
417,재미있게 봤지만 어른 영화임... 15세 관람은 좀.. ㅠ,5,0
418,재미있게 잘봤어요 ㅎㅎ,10,1
419,재밌게 봤습니다~ 시간 잘 가네요! ,10,1
420,돈이 아깝다.. 이런걸 영화라고 만들어서 팔아먹다니..,1,0
421,가볍게 볼수있는 꿀잼영화♡  기대했다 실망한 조커보다 훨씬 만족스러운,9,1
422,술로 시작해서 술로 끝나는 알코올 중독 영화,1,0
423,상당히 유쾌한 영화~~ 간만에 많이웃었네요~~,10,1
424,술 먹으면 안되겠다 싶으면서도 술이 당기는 영화 영화가 꼭 뭔가 대단한 내용이 있어야 하나요?  그냥 있을법한 사람 살아가는 이야기라 좋았어요. ,10,1
425,한주일의 피로가 싹ㅡ가시게 하는 영환데요 김래원의 멋진연기 짱! 공효진만의 독특한 연기도 굿~~! 많이 웃고 즐기고 엔돌핀이 팍 !팍!,10,1
426,최근 가장 많이 웃었던 영화 너무 재밌었다 김래원 공효진 최고!,10,1
427,처음 평점남기는데 정~~~말 재미없다 내용도 없고  정말 개실망,1,0
428,베드신은 없지만 대사수위가 높아서 18세이상이 맞는다 생각하고 두 주인공 모두 캐릭터를 너무 극대화했지만 성인 기준에서 봤을때는 솔직한 연애 영화라고 생각됨 20대 초반도 아니고 연애경험 많은 30대들의 로맨스를 현실적으로 잘 다뤘다 생각함,8,1
429,김래원~~^^♡,10,1
430,네,10,1
431,가장보통 진상들의 연애라고 제목을지었어야지  술먹고 술먹고 술먹고 진상부리다 연애 끝  배우들이 아까움 공효진의 마지막 장면에서의 입뻥긋이 없었다면 끝인영화 연기들은쩌는데 감독의 생각이 저열 그자체  이 영화가 일반인들 사랑이야기같나? 개진상의 러브스토리지 공효진은 똥밟은거ㅋㅋㅋㅋㅋㅋㅋ 저세상의 지옥문을 여네 결국은ㅋㅋ,2,0
432,평범하고 뻔한 스토리 묵직한 한방이나 여운 없이 가벼운 잽만 날리다 끝남,5,0
433,큰 재미도 큰 실망도 없어서 5점 드립니다.,5,0
434,너무 잼있게 봤어요 이런 잼있는 로맨스영화는 오랜만이네요 간만에 가슴설레였습니다^^,8,1
435,최소점이 1점이라... 배우들이 아까운 영화..,1,0
436,가장 보통의 연애 유쾌하고 즐겁고 현실적임,9,1
437,귀욤귀욤한 어른들의 연애 극과극으로 다른 성향이라도 마음만 같다면!,8,1
438,잼나게 잘봤어요 그냥 우리들 연애하는 모습같았어요~,9,1
439,15세 관람가???? 절대 아니죠! 사실 주인공 이미지에 타격이 갈듯 아~ 성기 관련 비속어 작렬....민망함,4,0
440,진짜 존잼임. 너무 편하게 웃으며 봤습니다. 굿이에요! ,10,1
441,편하게 부담없이 보면 진짜 잼있는영화  ㅎㅎㅎ,10,1
442,영화관에서 보기 아까운 영화 주말에 보고 기분만 나빠졌네요. 그냥 민망하고 구성과 내용 모두 아닌듯이요. 네이버평점 속아서 봤는데... ,3,0
443,그냥 피식거릴정도의 웃ㅇ음 은 몇번있고.... 결말은 전혀  궁금하지 않았고... 공효진의 연기는 볼만해.... 시간때우기....아주 재미있지는 않고....,7,1
444,유쾌하고 재밌게 봤습니다..,7,1
445,"고양이  포비아가  있는  사람은  관람하지  말것. 자ㅈ, 보ㅈ, 콘돔, 고추가리개,섹스 등  적나라한  단어등장에 가족관람은 민망하니 피할것.   ",6,1
446,ㄱㅊㄱㅊ 잼씀,8,1
447,한번더 보고싶다,6,1
448,"하품나오는 아차 싶은 영화도 많은데 ..그래도 재미있었는데,,,혹시 뭔가를 트집잡으려 한다면,,  두배우의 매력과 연기가 그리고 적절한 구성이,,그리고 남을 험담하고 온라인으로 몰아갈수도 있는   구조에 대한 비난도 적절히 집고넘어가 매우,,적절하고 재미있었다.",9,1
449,가벼운 맘으로 젊은시절을 생각하면 편하게 감정이입되어 관람한 영화~ 배우자나  연인끼리 볼만한 영화,9,1
450,영화의 8할은 음주장면. 술먹는 사회를 조장하는 듯한 느낌? 내가 나이를 먹어서 그런가.도통 주인공들에게 감정이입이 안됨,5,0
451,개꿀잼,10,1
452,와이프랑 같이 봤는데....... 진짜 재미 있다....,10,1
453,찌질해서 더 재미 있음 화려한 건 없어도 현실적임. ,10,1
454,스트레스가 확 풀림,10,1
455,영화는 영화로 보면 될 듯... 유쾌하고 모든 배우들이 연기가 다 좋았습니당...,8,1
456,. 지루하고 재미없고 남자 친구한테 눈치 보였음 ,1,0
457,정말 유쾌하고 현실적인 회색빛로맨스코미디ㅋㅋ 배우들 연기는 말할 것도 없이 뛰어남. 특히 강기영 배우의 연기는 정말 독보적이다,10,1
458,완벽한 타인 이후 빵빵터졌습니다. 강력추천드립니다.,10,1
459,"한국영화 좋아하고 로코 좋아하는데.. 신랑이랑 보러갔다가 욕 바가지로 먹었네요. 보고집에오는 내내 신랑이랑 한마디도 안함. 내용도 없고 감동도 없고 싸구려 웃음만 몇번 터짐. 중간에 지루하기도 하고.. 나이가 몇살인데 도대체 왜 그렇게 매일 떡이되도록 술을 먹는지 원. 그러고도 직장에서 안 짤림? 전 여친이 바람을 피웠는데 왜 래원이 파경을 당하나요? 그리고 바람피운 여친에 왜 그리 매달리나요? 당최 이해가 안되고, 공효진도 술안마시고 술마신척은 뭥미? 다 알면서 왜 그리 밀당하는거임? 나 나이도 많고 연애경험도 많지만.. 영.. ",6,1
460,"김래원때문에 봤고, 상영내내 김래원만 쳐다봤음.",9,1
461,일상의 연애라.... 인간적인 영화. 짠하고 찡하고 납득이가는 공감짱 영화네요,8,1
462,"특별할것 없는 현실반영 잘 된 스토리라서 더욱 공감이 갔고, 연예시절 풋풋함과 조바심... 그리고 그때의 나를 돌이켜 보게하는 투닥거림 아무튼 극장안에서 다른 관객들과 호탕하게 웃어본게 오랫만이고 나오면서도 잔잔한  미소가 지어지는 영화",9,1
463,잼있어~~^^ 넌 내스타일이 아냐~ 넌 내스타일인데~~~진짜?? 2번보고싶네요~~,10,1
464,술 담배 ..그거아니면 소재만들수 없나.. 강기영 때문에  그나마 산영화,7,1
465,2시간아깝지않아요 연인과함께보면 좋을영화,10,1
466,"좋은 점수는 못 주겠어요 잼나게 만들 수 있는 작품이었던 것 같은데 한국영화에 어지간하면 좋은 점수 줄려고 노력하는데 쩝 쫌 아쉬웠단 이래저래 김래원은 이제 연기 접고 낚시나 해야 하는 거 아닌가 싶기도 하고 아니면 앞으로 양아치 영화만 찍는 걸로 하든가(진짜 해바라기 하나로 정말 오래 해 먹는 듯한 느낌) 암튼, 김래원의 최고작은 그냥 해바라기임 해바라기",6,1
467,"넘 재밌고, 시간 가는줄 모르고, 공감이 가고. . . 이런 글로 이런 영화에 10점 다 주는 사람들이 이렇게 많다니, 놀라울 따름이네, 왠지 알바 하시는 분들인 듯.  내 2점도 아깝지만 좋아하는 배우들에게 드리는 점수!",2,0
468,정말 공감가고 정말 재미있어요.,10,1
469,재미남. 대사가 아주 그냥,10,1
470,킬타임용으로 괜찮아요,10,1
471,개인적으로 아주 재밌게 봤음! 강기영 전자담배씬 최고ㅋㅋ,9,1
472,보고 나오니까 무슨 내용이었는지 기억이 안 나네요,0,0
473,넘 재있고 뼈있는 대사에 공감  그리고 현실적임.,10,1
474,재밌게만 보기에는 참... 현실적이라  감정이입 되더라구요  대사 찰지고 배우들 연기는 정말 구멍하나 없었어요  특히 강기영 배우님 ㅋㅋㅋ 화이팅요,9,1
475,두배우의 환상호흡,8,1
476,내내 웃었는데 ㄹㅇ 섹스신없어서 0점주는거 같네;;ㅂㅅ,10,1
477,좀 실망 ㅠ,6,1
478,진심 갸꿀잼 대사 공감되는 니얘기 내얘기 영화 0점 테러하는 사람 있네 ㅋㅋㅋ,10,1
479,욕지럴 거리는 애들은 영화 보지마라. 졸라 현실을 잘 반영한 영화구만. 한번도 연애 못한 고자들은 이런영화 보지마라 ,10,1
480,욕이랑 19드립 아니면 영화를 못 만드나봐? ㅎ,0,0
481,재미있다. 웃다보면 시간 순삭,10,1
482,재미있게 봤어요 ,8,1
483,이런걸 영화라고 만들다니 한심하다,1,0
484,볼만함,10,1
485,정말 대개 이렇게 연애하나요? 이게 보통이에요?,3,0
486,감정의 밀당으로만 끌고 가기엔 스토리가 너무 없다,5,0
487,첨엔 좀 그러다가 꽁양꽁양 거리면서  볼만했다,8,1
488,아주 재미난 다큐 ㅋㅋㅋㅋㅋㅋ,10,1
489,더럽다,0,0
490,5번째 잠든 영화,2,0
491,술 영화인가? 둘 다 좋아하는 배우인데. 중간에 나갈 뻔~,1,0
492,방금 보고왔는데.. 아무리 생각해도 양심상 제목을 이렇게 지은것 같다.  재밌지 않기에 보통정도라고 해두고 싶었던듯  최근에 본 미스터리에 이어 두번째 실패작이다 ,3,0
493,영화보다  가족들이랑 중간에 퇴장하기는 처음 평점 평균이 7점대인데 흥행?,3,0
494,역시 공블리♡,9,1
495,영화 잼있음~  잘 뽑았네~ 배우들 연기야 말해모해~,8,1
496,"공효진 생활연기의 달인, 김래원 가벼우면서 깊은 연기의 달인 둘 캐미 좋았어요  너무 재밌게 봤어요",10,1
497,가장 보통의 연애를 이렇게 재밌게 만들다니. . 공효진 대사에 공감가는 부분도 있었고 남편이랑 정말 재밌게 봤습니다,10,1
498,ㅎㅎ,9,1
499,재미있고  공감되고 웃기고 마지막엔 기분좋은 영화 공감지수 만땅 !!!,10,1
500,공효진의 이런 현실적인 연애 영화들은 항상 너무 좋네요ㅠㅠ진짜..존좋 ,10,1
501,연애세포 깨어날 듯 해요,8,1
502,제목을 바꿔야하지 않을까 싶어요 소시오패스의 인간관계? 등장인물들이 하나같이 타인한테 피해만 끼치고 그걸 그냥 주사라고만 넘어가는것이  평범한 상식으로는 공감이 어렵다고 느꼈어요,5,0
503,보는 내내 팡팡 터졌다 김래원의 능청스러운 연기와 공효진의 미친듯한 매력적인 연기. 쵝오,10,1
504,효진이 연기는 한결같다...0점!!!!,0,0
505,"개연성 없음,  필요없는 페미 묻음, 술만 마심, 사랑으로 미화된 상스러움",1,0
506,공효진은 항상 내 마음 깊은곳을 울린다. 고마워요 항상.,10,1
507,재밌게 봤어요. 생각보다 야한대사는 적더라구요,10,1
508,왜  재밌다고 하는지 몰겠네요~ 가을 영화로는 유열의 음악앨범이 짱!!!,1,0
509,공효진 저게 연기 잘하는건가요? 영화에서나 드라마서나 그닥  밋밋해 영화도 재미없고,1,0
510,현실적,10,1
511,재미있어요,9,1
512,간만에 혼영 혼자 낄낄  잼났어요~ 역쉬 공블리 이쁘네여 김래원도 잘 어울리궁 두분 은근 잘어울려요~,8,1
513,노잼 현실성 제로 이거 10점주는 사람들은 도대체 뭔지 시간 돈 둘다 아까움,0,0
514,"킬링타임용이라고 할까나? 러블리한 공효진, 으흠~~ 생각만해도 블링블링하군요... 김 래원은 그 전 작품이 별 생각이 안나는 배우긴한데... 이번 작품에서 꽤 매력있게 나오네요. 둘의 캐미가 잘 어울립니다. 현실에서도 잘 이어지면 좋겠습니다. 워낙 두분 다 연기를 잘 해서인가? 억지스러운 부분이 있기는 하지만, 로맨틱 코메디가 정말 잘 어울렸습니다. 술에 너무 집착하는거만 아니라면, 꽤 재밌는 영화가 될듯합니다. ",7,1
515,진짜 현실적인 30대의 연애.  유쾌하고 깔끔하다. ,9,1
516,"연애하고 싶다~~~~^^ 가을에,,,, 자연스러운 연기 , 일상속에 묻어나는 삶 좋았어요~",9,1
517,"욕이 좀 덜나왔으면 하길 바랐긴했지만 아니라서 조금 아쉬웠고,  내용은 조금씩 계속 웃음포인트를 주려하고, 시원해서 재미있었어요!! 배우들 중 아무도 억척스럽지 않고 자연스러워서인지 더 괜찮았던듯 싶네요.",8,1
518,피곤해서   죽는줄  알았네 ,1,0
519,아쉬운 점은 꼭 그렇게 욕을 했어야 했나?  하는 것이다. 중학생 딸이  '엄마랑 보기 좀 그러네'  라고 했을 정도니.,8,1
520,술 없으면 연예가 안되나?? 대사치는것도 억지스럽고 저급하다. 시나리오가 초딩수준. 그나마 배우들이 다 살렸다.,5,0
521,공효진이 넘 매력적으로 나옴~ 영화 내내 술만 마시고 우당탕탕 큰소리 나는 주사 부리고 너무 거슬렸음.,6,1
522,일정에 간격이 있어서 시간때우기로 봤는데도 시간이 아깝더군요.,1,0
523,유열의 '음악앨범' 과 잘 버무려 놓으면 200만 관객동원 가능할 듯,5,0
524,재밌음,9,1
525,재밋게봣어요,8,1
526,너무 재미있게봤어요~ 배꼽 붙잡고 보세요~ㅎ,10,1
527,배꼽빠짐ㅋㅋ,10,1
528,일상에 찌든 직장인... 인생의 짐이 큰 유부남에겐... 그거 한심해보이고 영화같은 영화  사랑 그건 사치...,7,1
529,무료한 일상에  연애의 감정이 새록새록~~ 넘 잼나게 봤어요^^,10,1
530,공효진 김래원 짱!! 너무 재밌게 봄 ㅎ,8,1
531,재미있게 봤어요 김래원 화이팅~~,9,1
532,코믹하고 너무 재미있었네요 많이웃어 좋았어요 공효진 김래원 멋져요~!!,10,1
533,너무 재미있게 잘봤습니다.. 근데!! 솔직히 김래원뺴고 다 나쁜사람들임..,9,1
534,지루할틈 없이 웃음 나올 포인트가 계속 있어..시간 가는줄 모르게 잘 봤습니다. 래원 배우님의 허당미와 멋짐 때문에 영화 보는 내내 공블리가 부러웠어요...ㅋㅋ,9,1
535,잔잔한데 곳곳에 코믹적 요소가 있음 그냥 편하게 생각없이 보기 좋은 영화임 공효진과 김래원 둘이 잘 어울림,8,1
536,"30대 중반에 벌써 갱년기가 왔는지, 보는 내내 가슴이 참 뛰었어요.  이런 저런 이유로 헤어졌던 사람들과 그땐 왜 그랬을까?. 하고 생각나기도 했고요.   잘 봤어요.   공블리는 아직도 여전하네요.   ",10,1
537,즐겁고 유쾌해서 8점~ 주연배우들도 좋았지만 조연배우들의 찰진 연기가 배우들의 관계를 촘촘하게 역어줘서 더 좋았습니다. 기승전결의 기본적인 구조와 관객들의 호흡을 정확하게 싱크한 느낌도 있어요. 보다보니 아 이제 끝이구나 재미있습니다.^^,8,1
538,노잼이네유 전.... 머지????? 추석때나오면 걍 보세요,3,0
539,완전잼잇음강추,10,1
540,시간가는줄 모르고 잼나게 봤어요ㅋ,10,1
541,"내 이야기가 아닐까 생각이 들던, 젊었을때 직장 생활이 생각난다. ",10,1
542,아무생각못하게 빨려들어간느낌,10,1
543,간만에 와이프가 재미있단다...해서 별기대안하고 서비스차원에서 보러갔는디.......나 혼자 깨알재미 대사로 간만에 배꼽잡고 웃었음,9,1
544,공효진 왕팬이 되었음.. 시간 가는줄 모르고 봤네,10,1
545,"오랜만에 집사람과 즐거운 시간이었습니다. 저희 부부는 40대인데요,  시간 가는줄 몰랐어요.  두 배우의 케미가대단합니다~",10,1
546,가볍게 보기에 괜찮음 끝나고 난 뒤 은근 생각하게 만드는 영화,10,1
547,한국 영화 반성좀 하자 배우라고 찍으면 영화냐,1,0
548,"재미있을거라고 생각되어져 봤는데 생각  그이상으로 재미있게 만들었다. 김래원과 공효진, 강기영의 연기와 호흡이 정말 좋았다. 로맨스코메디를 좋아하는 사람이라면 꼭봐야하는 영화이다.   개인적으로는 천만을 넘긴 극한직업보다 훨씬 재미있었다.  연인끼리 봐도 재미있지만 중년부부가 과거 자신들의 연인 시절을 떠올리며 보면 더 재미있는 영화 이다.  모두들 꼭 보시길.....",10,1
549,드라마단막극이랄까  마지막이 너무도 허무했던 제목만 그럴싸했던 드라마,5,0
550,술  담배  노래방 ..수준떨어진 대화들 이런 영화 왜 만드나요 진짜 노잼 ,1,0
551,...,3,0
552,그냥...아~무생각없이...보면...됨... 아주 현실적이고.. 재미있던데? ㅋㅋ,9,1
553,너무 재밌었어요 ㅠㅠ,10,1
554,홍보를 잘 못하셨네요 이렇게 유쾌하고 재밌는 영화를 !! 김래원씨  진짜 저의 피앙새구요^^ 공효진씨 연기 좋았어요^^ 다른 배우님들도 연기 넘나 잘하시는거~  잘봤습니다^^,10,1
555,직장생활 오래한분들에게 공감하는 소재라고 봅니다. 사내 썸은 한번씩 경험 잇을 것측면에서... 가볍고 재미있네요,9,1
556,결혼식장까지 잡아 놓고 신혼집에서 바람 피는 여자? 젊은 후배 어떻게 해볼려고 안달인 상사랑 밥 먹은 걸 찍어서 인터넷에 불륜인양 배포한 촬영감독 전남친? 이런 아침 드라마에나 나올 내용이 무슨 보통의 연애라고.. 반어법 제목인가?,0,0
557,최고예요 두번봄 ㅠ,10,1
558,유쾌하고 즐겁게 봤어요,10,1
559,재밌게 봤는데 여기서 재미도 감동도  없다는 애들은 모쏠,10,1
560,아무생각없이 웃으면서 재밌게 봤어요,8,1
561,깔끔 유쾌 공감 30대 연애 ,10,1
562,ㄹㅇ 현실적인연애 모쏠이거나 연애별로 안해본사람들은 공감안되고 재미없을듯 그냥 현실적인연애보여주는것같아서 저랑 제 남자친구는 잘 보고왓어요 ㅎㅎ 추천스 ,10,1
563,밋밋해요 ㅜ,3,0
564,후배랑 조조로 기분좋게  보고나옴~ 볼만함. ,8,1
565,낄낄대며 봤다능 ,9,1
566,재미도 스토리도 감동도...  남는게 하나도 없는 영화 ㅡㅡ,2,0
567,시원시원한 대사에 몰입하며 즐겁게 봤습니다!,10,1
568,공감되고 잼있으면 됏지~,9,1
569,팬심으로 봤어요. 아무생각 없이 가볍게 웃을 수 있는 영화예요^.^,7,1
570,잘 만들어진  영화 모두 고맙습니다,10,1
571,김래원 효진 배우 연기가 일품  스토리 로멘스치고 괜찮지만 역시 배우가 살린 영화,8,1
572,재미있고 유쾌한영화네요   ,9,1
573,"감독이 무슨 생각으로 영화를 만들었는지 모르겠음. 돈, 시간 둘다  너무너무 아까우니 보지 마세요. 대사도 저속하고 공감도 안됨",1,0
574,유쾌하고 재밌네요 연기들도 좋고 가볍게 웃으며 즐기는 걸로 좋은듯,8,1
575,5점이 적당함 ,5,0
576,신랑이랑 오랫만에 웃으면서 본 영화. 좀 오버같은 상황의 연속이긴 했지만 충분히 개연성 있었음. 공블리 여전히 만렙 연기 그리고 래원씨 오랫만에 무겁지 않은 연기 그래서 더 잼났어요. 강기영 배우님도 너무 웃김,10,1
577,가볍게 볼수있는 영화! 유쾌했어요 ㅎㅎ,8,1
578,아니 뭐 한국 영화 본다고 저능아? 그럼 천만객 찍은것도 포함? 재미 없음 없다고만 해라 욕은 하지말고 사람들마다 차이가 있는거지 내 의견은 볼만했음 ,8,1
579,난 재밌었는데 사람들 다 웃고 ㅋㅋㅋ 연애 한번도 안한 사람들은 안웃긴가?,10,1
580,"공감이 가는 부분은 1/10 정도  나머진  "" 저 도라이들..뭐지?????--""  그냥 개쓰레기 영화   김래원 공효진 각본 읽지도 않고 수락했냐??",1,0
581,한국영화를 돈주고보는 저능아들이 아직도있구나 애초에 같은값으로 헐리웃 걸작 볼수있는데 한국영화를 본다는거자체가 전세계어디에서도 볼수없음 누가 걸래같은한국영화를 돈주고보냐 조커수준의 제작진 배우 제작비 영상 이면 받을만하다고 보는데 한국영화를 돈주고보는 개돼지가있으니 가능한거겠지?,3,0
582,공감이 가는 웃음에..에피소드에..나도 저렇게 연예 했었다,8,1
583,티비에서는 볼 수 없는 적나라한 연기가 너무 재미있더군요. ,9,1
584,어떤 영화볼까하고 고르던중 외국영화는 싫고 울나라영화나 보자싶은맘에  봤는데 끝나고나서 보길 잘했다며 친구들에게도 추전하기도 했었다는ᆢ 진짜 우리  실생활 연애 이야기ᆢ 10점 만점에 9.2점,9,1
585,"공감은 그닥이나... 소소한 유머와 김래원, 공효진 그리고 조연들의 연기가 구멍이 하나 없다. 술주정이 너무 많이 나오고 극을 이끌어 가는건 별로... 실제 주위에 주정벵이 하나 있으면 얼마나 짜증인데...ㅎ;;;",8,1
586,재밌음 핵공감 끝날때까지 계속 웃게됨ㅋㅋ 나만 찌질한 연애 하는거 아녔네 보통의 연애는 너무 어려워,9,1
587,다소 여과없는 표현을 의도적으로 많이 구사하긴 했지만  잼있음 ,8,1
588,진짜 공감 100%,10,1
589,재밌게봤어요,9,1
590,판타지 없는 현실적인 어른들의 연애,6,1
591,ㅈㄴ  웃김  ㅋㅋ  재미있음  강추   !! 아무생각옶이  짱임,9,1
592,"손익분기점은 넘을까? 개봉일 잘 타서 그나마 예매2윈데 배우들이 아깝다 로맨스도, 코미디도 없다 이런 시나리오는 거를 배우들이라 생각했는데  이도저도 아닌 절대비추  평점 너무 후함",1,0
593,간만에 신나게 웃었어요~~~ ,10,1
594,지렸어요..,10,1
595,19금 입니다. 15세 노노,1,0
596,역시  김래원 공효진 연기 잘함!  잼나게 봤어요~^^ 웃다가 시간이 후딱 지나감,10,1
597,그래서 뭘 어쩌라는거지,6,1
598,재밌든데..  아니라는 사람은 뭐지?,9,1
599,각본가는  제대로된 연애를 못해보고 대본썼나?? '마녀사냥' '연애의 참견'  에 나온 자극적인 사례를 가져와서 상상을 더해 써낸 작품같다.,1,0
600,보면 술이 땡기는 영화,6,1
601,옛날생각나면서 소주한잔하고싶은영화. 배우들 연기 정말잘함,10,1
602,옛기억이 새록새록,8,1
603,재밌게 봤습니다. 강추 드립니다. ^^,9,1
604,영화 처음부터 끝까지 술마시고 진상부리다가 썸타는 내용. 관계 진행되는 내용이 술자리에서뿐이고 각본 정말 별로엿어요  ,4,0
605,넘 재미있게 봤어요. 대박날듯..,10,1
606,재밌다,10,1
607,good~,10,1
608,가장보통의 연애. 제목그대로 어떤사연을 가진 그누구라도 가장 보통의 연애의 한가지인듯.  하지만  그보통의 연애도 얼마나 어려운지..  연애세포를 충분히 깨워주며 가장보통의 내가한 연애꼼수 그녀가한 꼼수를 되새기며 키득거리다 나올수 있다 강추. 시작되는 연인도 한창인 연인도 모두에게 추천,9,1
609,시나리오도 이상하고 공효진 배우 역할 안어울리고 어설픈 야한 넝담과 욕..남친은 옆에서 자더라고요.헐 무대인사 봤는데 공효진 배우 실물이 너무 이뻐서 2점 줌진짜 노잼임 안 웃겨여,2,0
610,아무생각없이 편하게 보기에 좋고 동성친구끼리 보면 더욱 와닿는 영화인것같다.  영화보고 옛추억도 떠올리며 수다떨기 딱좋은 영화이다^^,8,1
611,간만에  너무재밌게 잘봤어요 공효진 김래원 연기도 너무좋았구~,10,1
612,공효진의 자연스런 연기 기대안하고 시간때우러 갔는데..재밌었음  연애하고 싶은 기분~,9,1
613,⟨연애의 온도⟩ 이후 정말 오랫만에 볼만한 로코가 나와줘서 너무 반갑습니다. 다만 영화 자체의 밀당 균형이 좀만 더 세심하게 다듬어졌다면 두고두고 회자될 작품이 될 수도 있었을텐데... 하는 아쉬움이 살짝 남습니다. 어쨌거나 공효진 배우는 로코에서는 절대 실망을 주지 않네요^^,8,1
614,공효진의 민망한대사가 가장보통의연애라니 ...수준낮은사랑을 보는듯하여 실망이네요,4,0
615,영화보는 시간 아까워서 참다참다 30분 남기고 나옴.  뭔 스토리도 없고 저속어에 음담패설 듣기 상당히 거북했고요. 연속성 하나 없는 막장 삼류영화같아요,3,0
616,연극같은 영화... 재미로 보지 마세요,10,1
617,재밌다. 보고 나니 연애가 하고 싶어졌다.,9,1
618,.,3,0
619,"솔직. 담백한 로맨스영화 웃음과 재미는 기본~ 공효진, 김래원 연기 짱입니다.",10,1
620,진짜 잼있다. 실컷 웃었다.,10,1
621,잼있어요 ,10,1
622,오랜만에  신나게 웃음 현실 로맨스임~~,10,1
623,"저렇게 멋진 두배우를 데려다 놓고..맨날 술마시고 난리치는 씬들만..ㅜㅜ 모처럼 김래원표 로맨스라 기대하고 봤는데 너무 실망입니다. 이건 배우들이 어디까지 망가지나 실험하는 영화 같아요..아니면 영어제목처럼 그냥 크레이지 러브라면 이해갈듯.가장보통의 연애가 저런거라면 정말 슬퍼지네요.원색적인 표현을 대화에서 아무렇지 않게 막 쓰고 욕이며...이게 15금..고딩들이 봐도 된다니..베드씬보다 더 민망한 대사 욕설 난무한데..ㅂㅈ,ㅈ ㅈ 란 표현을 우리가 가장보통일때 많이 쓰나요?굳이 왜 그런 표현을 넣어 불편하게 하는지..김래원이란 배우를 아끼는 만큼 실망도 큽니다.여기 평점이나 평이 왜 이렇게 좋은지 의아해하며..그래도 힘든연기를 찰떡같이 소화한 배우들의 연기와 감독이하 고생한 스탭들의 땀이 있기에 딱 반.",5,0
624,김래원 재발견  연애하고 싶어짐 ㅠㅠ,9,1
625,진짜 보다가 나갈뻔 했습니다. 너무 재미없고 개연성도 없고 중간중간 억지로 끼워넣은 코미디요소들로 가득찬 영화. 배우들이 아까운영화입니다. 나중에 정말 나중에 티비에서 해준다고 해도 이거 안보고 동물의왕국 보는게 더 도움될것 같네요,1,0
626,"강혜정,박해일 나왔던 연애의 목적의 비슷버전 본듯",5,0
627,잼있네요. ,10,1
628,그닥,1,0
629,너무 재미있어요. 30초-40초 라면 충분히 공감하실 내용이에요. ,10,1
630,크레이지 로맨스 ㅋㅋㅋㅋㅋㅋㅋㅋㅋㅋㅋ 내가 부끄러워서 웃을 수 밖에 없었어요. ㅋㅋㅋㅋㅋㅋㅋㅋㅋㅋㅋ 미친 ㅋㅋㅋㅋㅋㅋㅋㅋ 웃어야 했어요. ㅋㅋㅋㅋㅋㅋㅋ 진짜 잼나긴 해요. ,10,1
631,너무너무 재밌어요,10,1
632,아무 생각없이 봤다가 웃고 나왔어요 재미로 보는 영화를 찾는다면 추천함.,8,1
633,시간가는 줄 몰랐어요~ 두 배우 케미 좋고 평범한듯 평범하지 않은 듯 영화의 결을 잘 살렸네요~^^,10,1
634,완전 재밌어요,10,1
635,정말 생각없이 웃다 왔습니다. 역시 공효진이네요,10,1
636,엔딩크레딧이 올라가는데도 너무 아쉬워 일어날 수가 없었어요.  두 사람의 연애사가 궁금해지는 영화입니다. ,10,1
637,그냥 볼만합니다. 공효진이 다 살렸어요. ,8,1
638,근데 그냥 웃김 ㅋㅋㅋㅋ 의미있게 웃겨야되나? ㅋㅋㅋㅋ 웃겼어요!,9,1
639,너무 재밌게 봤어요.그리고 상사랑 술자리씬. 등산 갔다가 술집에서 게임인지 몰라도 반말할때왠지 짜릿하고 속시원한건 저뿐인가요?ㅎㅎ .마지막 술집씬도 넘  웃기고 속 시~원 했어요..,10,1
640,한국에서 이런 현실적이면서 유쾌한 로맨스영화 또 있나? 부정적인 사람 왜이리 많누,10,1
641,너무 별루...,4,0
642,이런 코믹 영화는 아무생각없이 봐야지 의미를 찾으려 보면 헬로지 간만에 웃어옴~~!,9,1
643,시간가는줄모르고봤는데...,10,1
644,잿빛 로맨스 코미디의 새 지평을 열다!!,8,1
645,재미있어요  이정도면 좋아요,8,1
646,많이 웃었음,8,1
647,진짜 공효진이랑 김래원 데려다가 이정도 밖에 못 쓰냐.... 개연성 진짜 1도 없고 영화 시작부터 끝날떄까지 술만 퍼마시다 끝남,1,0
648,잼나요ㅋ,10,1
649,그져 그렇다 시간 때우기 정도,1,0
650,기대이하 돈 아깝다,1,0
651,간만에 재미있고 또 나름 의미도 있는 한국 로맨스영화였습니다. 강추! 재밌어요~,10,1
652,재밌습니다 담백한 재미 연기는 두말할것없음,9,1
653,그냥그냥....,1,0
654,"대학생 아들과 조조 관람했는데요,,,,편안하고,위트있고,마지막엔 서로에게 공감이 되는 마무리가 좋았어요^^아~!그리고 여러번 소리내서 웃었네요~감사해요^",9,1
655,현실공감  영화입니다. 강력추천!!! 효진님과 래원님 케미 너무 좋습니다♡,9,1
656,배우가 아까운 영화....  비슷한 영화들 중에서 가장 최악였음...,1,0
657,잘보았슴.,9,1
658,기대 이하. 술 밖에 기억이 안 난다. ,2,0
659,생각보다 꽤 재밋엇음 ㅋㅋ,9,1
660,"좋았습니다. 소재도, 배우들의 연기도~  몇가지 아쉬웠던점은  너무 여성적 시각이었단 점. 여성들이 생각하는 남성들의 생각...  그리고 남주가 김래원이었던 점이 아쉽습니다. 연기도 좀 뻔하김 하지만 연기의 문제라기보다는 여주와의 시너지가 좀 부족해보인듯~~~  가볍지 않은 주제를 가볍게 풀어내는 면에서는 좋은 시도였고 또 괜찮았다 생각합니다.",7,1
661,가벼운듯 아닌듯~^^,7,1
662,가볍고 달달한 주제를 편안하게 볼 수 있는 영화였습니다. 아내는 어렵고 무거운 내용이 아니어서 좋아다고 합니다. 소소한 웃음들이 영화내내 객석에서 나왔습니다. 머리 식히러 영화보러 갈 때 참 좋을 듯 하네요. 흥하세요~ ,9,1
663,"좋아하는 소재, 좋아하는 배우들이라  기대를 갖고 봤는데....어쩜 이렇게 못만들수가...  끝까지 도저히 못보겠어서 참다 참다 후반부느누포기하고 잠... 감독 너무해 ㅜ",5,0
664,젊은사람들의 연애관...재미있게 보고왔어요,9,1
665,걍 재밌었네요.,9,1
666,우웩,1,0
667,"오랜 만에 영화다운 영화를 보았다. 우리 일사엥서 일어 날 수있는 일를 남녀 주인공들의 실감나는 연기에 푹 빠져 보았다, 공효진의 자연스러운 연기를 보러 왔는데 역시 였으며 김래원의 연기와 함께 그리고 주변 연기자들의 호흡이 잘 맞아진 것 같다.  옥에 티라면 굳이 연기자들의 대사중 욕이 꼭 들어 가야 했는지 조금 그런 부분이 듣기에 좋지 않았다. ",6,1
668,"오랜만에 로코 영화를 재밌게 봤다. 남녀 주인공이 음주하는 장면에서 정말 여과 없이 서로 주고 받는 대사가 있었는데 어찌나 황당하던지 살면서 그런 단어를 직접 언급해 본 적이 없는데 영화를 통해서 보고 들을 줄이야 상상도 못했다. 무척 당황스러웠지만 넘 어이없어 그런지 배꼽 빠지게 웃었다. 웃음 자체가 제어가 되지 않을 정도~ 옆에 앉은 커플은 웃느라 쓰러지기 일보 직전~ 아~ 정말 웃음 참느라 힘들었다. 상황 자체가 이해되다보니 더 웃겼던 듯싶다. 남녀가 각각 이별의 고통을 겪은 후, 새로운 사람을 만나 또 다른 사랑을 만들어 갈 수 있다는 희망을 심어준 괜찮은 영화였던 것 같다. ",8,1
669,진짜 김래원 연기가 좋아서 본 사람인데  영화 대사  누가 썼는지 참 돈아까운 영화 티비로 보기도 아까움,1,0
670,너무 재밌게 봤네요 ,8,1
671,"코믹? ㅋㅋ...평점보고 선택했는데 다 알바생인가?... 웃는 관객이 없었어요. 썩소 3번쯤...재미도, 감동도 없는 영화",1,0
672,달달한 로맨스 영화의  끝판왕 재미있게 봤네요^^,9,1
673,다털어내고 새로운 사랑을 찾으시는 분들을 위한 영화!!,9,1
674,"좀 억지스런 설정이 좀 많긴했지만.. 기본적인  로코.  가볍게 재미있게 봄. 대사가 좀 원색적이고 직장내 일상이 한 10여년 전인듯.   현재는 있을수 없는 상황이 넘 많음. 감독이 직장생활 안해서 너무 몰랐거나, 아님 이상하다 못해 심하게 억지스런 대사, 설정이 너무 불편했음.",8,1
675,여성 편파적인 대변하는 대사가 몇개있었는데 알고보니 여성감독...;; 그것빼곤 시나리오 대사 전개 다 좋았다~~ 남자만 너무 몰지마셔요~~이시대의 남자들 힘들어요 책임감의 무게와 사회적인 시선이... 결국은 남녀 같이 사랑하자고 만든거자나요~~ 영화 끝나고 술땡겨서 한잔하고 적은거라 꼬이네요ㅜ헤헤 ㅋㅋㅋ,9,1
676,훌륭한 영화는 아니더라도 재밌는 영화임 작품성을 기대하고 볼거면 보지말고 로코라 생각하고 보면 좀 설렘도 있고 재밌음,9,1
677,아놔 나 미친짓했네 아이들데리고갔다가 결국아이눈가리고 퀴즈하는거듣다가 귀막고 어른들은재미있었을지몰라도 꼭15세지켜서관람해야겠다 어른인내가 무식한짓했네 그리고내용도별로였다 ㅜㅜ 이젠꼼꼼히검색하고 아이들데리고가야겠다 ㅜㅜ,2,0
678,역시 믿고보는 배우 김래원^^,10,1
679,지루하지도 않고 너무 재미있게 봤어요. 공감가는 대사와 행동들^^,8,1
680,풋풋한 감성이 좋네요~ 소소한 웃음거리....재미있었습니다,10,1
681,이런 쓰레기같은 영화는 진짜 처음이다. 이것도 영화라고 만들었을까? 공효진은 무슨 팜므파탈인양 남자한테 눈웃음이나 흘리고 연기 역시 느끼하고 김래원도 눈빛이 성추행범 같아... 영화에서 다루어지는 여자의 모습이 2019년에도 이정도밖에 안되는건가?? 뭐가 재밌어서 웃는지 관객들도 이해가 안된다.,0,0
682,기승전  술로 시작해서 결 술로 끝내는 후진 시나리오! 이딴 스토리로도 영화를 거저 만드네!,1,0
683,거짓말안치고 겁나 웃으면서 봤습니다 공감되는 부분도 많네요,10,1
684,개연성 없고  둘이 연애감정이 생기는게 이해가 안됨....영화의90이 술~~~ 그리고 많이 봐서 이제는 별로 새롭지도 웃기지도 않은 에피소드들을 짜깁기한 영화,1,0
685,로맨스 코메디가 이런거구나 아주 좋았다,10,1
686,볼만하긴한데 공효진 대사느낌은  계속그냥 동백이톤ㅡ지겹네,6,1
687,재미있는데,10,1
688,재미있었어요~^^,10,1
689,연애이야기에 대한 무겁지않은 접근이 좋았다 현실적인 내용들도와닿고 볼만함,8,1
690,"서툴었던 연애, 지질했던 연애, 아쉬웠던 연애, 끔찍했던 연애....  이런저런 지난 연애들을 돌아보며 재훈처럼 따뜻한 남자가 최고지...  선영처럼 솔직했어야했는데...  그러면서 공감하며 옆에서 웃는데 혼자 생각에 잠겼던 시간이었습니다. 이 감정으로 영화 다시 한번 보고싶네요.  그때는 어떻게 다가올지...",9,1
691,"연애를 많이 해보고 김래원, 공효진의 양쪽의 마음을 다 이해하면 극찬를 할 수밖에 없는 영화지만 그러지 못한 사람들에겐 이해가 좀 안 될 수도 있는 영화. 개인적으로 인생영화임.",10,1
692,연애이야기를 무겁지않게 그렇다고 가볍지않게 자연스러운 연기가 재미있었던것같애요~  스토리보다는 물흐르는듯한 연기가 좋았어요~,8,1
693,두시간동안 무슨영화인지 대사들이며 내용들이 제겐 쵝악이였네요 차라리 코믹하던지  저질스러운대사에 아주마니 안타깝더라구요,1,0
694,지루하지 않게 잼나게 봤어요,10,1
695,오늘남편이랑보고왔는데재미있었어요남편이벌써끝났냐고묻더라고요 김래원이너무멋있어요가을에왠지어울리더군요영화가,8,1
696,"진짜 재미 있으셨나요? 보고 온 사람들의 평은 무난하지만, 기대만큼 재미나지는 않았다고 하더군요...이 영화는 손익분기점은 넘겠지만 크게 흥행하지는 못할 듯 합니다...200만 내외의 관객동원이 예상되는 영화입니다...",6,1
697,배우들의 매력이 돋보이고 공감가는 내용이라 지루하지않게 두시간이 지나감,8,1
698,김래원 공효진 역시 잘함. 노련한데 뻔하지 않게. 기대보다 더 웃긴 건 강기영 ㅋㅋㅋ 쿨하고 깔끔한 로코라 잼있게 봄. ,10,1
699,꿀잼 두배우 조합만으로 퍼펙트,10,1
700,노잼..,1,0
701,완전 웃으면서봤어요! 꿀잼 역시! 공효진,10,1
702,그냥 봤는데 시간가는줄 모르고 오랜만에 크게 웃었음. 만원에 웃을일 없는 요즘 유쾌함,9,1
703,잼나네요~가볍게 볼수있는영화^^,8,1
704,술마시는장면많음. ⟨완벽한 타인2⟩ 느낌.,5,0
705,오랫만에 연애감정을 느꼈습니다.,10,1
706,스토리가 좀 단순하기도 하고  기대를  많이  해서  그런지 생각보단 별로였어요~,6,1
707,예고편조차 안본채로 관람  가볍게 보기 좋았어요  여주 대사가 현실적이라 넘나 와닿는것.  한번 더 봐야겠습니다 ㅎ,10,1
708,연애의 감정으로 오랜만에 즐겁게 보았습니다~~ 중간중간 김래원의 코믹연기와 공효진의 사연있는 눈빛연기ㅎㅎ 현실영화^^ 재밋네요ㅎ,9,1
709,한국 멜로영화를 극장에서 돈주고 보긴 처음이다. 10점 만점주면 너무 속보일거같다 ,9,1
710,찌질이들을 옆에서 보는듯한 자연스런 연기와 간결한 연출이 보는내내 지루할틈이 없네요 간만에 시원하게 웃고갑니다,9,1
711,지금 현재 40대 이상 감독들에게 이 영화 보여주며 강의하고 싶다. 요즘 젊은 사람들 코드는 이런 영화라고..... 진짜 20 30대 여성 취향 저격영화.,9,1
712,간만에 간결하게 재밌게 본 영화네요,10,1
713,"서로에게 용기와 확신을 심기까지, 회사내 뜬소문 극복과  취중데이트 특히, 입모양 맞추기 붕어게임이 재밌군요.^^",8,1
714,예고보고 웃으러 왔고 웃고 갑니다 9점,9,1
715,오랜만에 너무 재밌게 봤네요.  김래원 .공효진 너무  좋아요. 최고~~~,9,1
716,보는내내 공효진씨는 동백이에 더 빠진듯한 ㅎ 그래도 잼나게 봤습니다,8,1
717,역시 로코 장인들! 영화 보는 내내 큭큭 거리면서 잼나게 봤어요. 영화 강추!!,10,1
718,공감할 수 없는 감정선의 변화. 개연성 부족. 어거지로 영화 한 편 만든 느낌.  기대하고 갔다가 실망하고 돌아왔습니다.,1,0
719,정말 재밌었어요~~~ 뻔한데 재밌네요~~~ 가끔은 이런 가벼운 영화도 괜찮네요!!!!,10,1
720,유쾌에 치중한나머지 갬성은 버리셧네요 가을영화는 아닙니다 ㅠ,7,1
721,남편이랑 너무 재밌게 잘 봤어요. 옛날 감성 제대롭니다. 가볍게 웃으면서 보기 딱이네요.,10,1
722,유쾌하지만 공감은 전혀안되는 영화~,3,0
723,간만에 겁나 유쾌한 영화네요 ㅎㅎㅎ,10,1
724,멜로로 공감성은 떨이지나 그냥 볼만한 정도이고 코믹으로 보면 볼만합니다.,8,1
725,영화보는내내웃었음,10,1
726,알코올 냄새 가득함ㅋㅋㅋㅋㄱ,6,1
727,재밌어요ㅎㅎ 공효진이야 믿고보는거고 김래원 무게잡는캐릭터만 보다가 이렇게 귀여울 수도 있구나 새삼 사랑스러워보였음 유쾌하게 잘 봤어요,8,1
728,오랜만에 키득키득 웃으며 잼있게 봤네요 일상연기도 찰떡처럼 소화하는 김래원님 응원합니다  가장 보통의 연애 대박 나세요,10,1
729,"재밌게 봤네요...나도 연애하고싶다..근데..유머가 좀 너무 직설적,,,저급한게 많아서 짜증났음...직장인들이 매일 술퍼먹고 필름끊기고 관심사는 오직 연애...",9,1
730,무겁지 않고 유쾌하게 볼 수 있는 영화,9,1
731,가볍게 웃으면서 잼나게 봤어요 로코장인 래원님과 공블리의 현실 넘치는대화 남편하고 깔깔대며 보고왔네요 대박기원합니다,10,1
732,원래 영화 잘 웃지않는데 두세번정도 빵터짐 ㅋㅋㅋ 그냥 가볍게 보기 좋은 영화인듯,9,1
733,오랜만에 빵빵터짐ㅎㅎ,10,1
734,보통의 이야기. 웃으며 공감되는.강추!!!,9,1
735,진짜 재미있어요. 김래원 공효진  연기   참 좋습니다.,10,1
736,결론은 처음부터 어느정도 예상되는 이야기. 큰 웃음보다는 소소한 웃음을 이끌어내는 몇몇 장면들은 좋았으나 공효진의 대사 중 너무 직접적인 말들은 좀 듣기에 민망했음.  그래도 이정도면 괜찮은 로맨스코미디 영화라고 생각함. ,7,1
737,진짜 웃다가.배땡겨 죽는줄,10,1
738,공효진  김래원   매력 덩어리    많이 웃었어요 ~^^,10,1
739,로코장인 김래원 공효진 연기 굿,10,1
740,예고편이 재밌어 보러 갔는데... 전 괜찮았습니다. 공효진이랑 김래원 자연스럽게 연기도 잘했고... 공효진이 스크린상으로 예쁘게 보이더라구요. 남편은 지루하다 했지만 전 재밌게 잘 봤어요^^,8,1
741,김래원 공효진 둘다 매력있네요. 래원이 목소리에 심쿵했어요. 웃음 포인트도 종종있고  나름 괜찮았어요. 이런 영화도 극장에서 보니 더 볼 맛 납니다.,9,1
742,보통이 가장 어려운 법이죠~~ 연애하고 싶다가도...아 또 저런 귀찮은 일을 해야되나~~ 싶기도한 영화였어요~ 래원씨 로코 잘하시는데 자신감 가지세요^^,10,1
743,래원  넘멋있어 목소리가 대박  공블리 공블리 이유를 알겠어여 다시 연애하고프다 연애세포가 마구샘솟아,7,1
744,넷플릭스의 흔한 찍어내기식의 고만고만한 소재의   재미있겠다 싶은 에피소드 이것저것 같다붙이고 적당 적당 버무려  쉽게 만든 로코.  둘 다 로맨스 찍기에는 나이가 넘 많다.  김래원은 이해안되는 민폐급 루저캐릭터에 정말 걸레같은 공감키 힘든 공효진 캐릭터.  회사나 친구중 이런 사람있음 개피곤할듯..  배경나오는 회사는 현실에는 없지만 드라마에서는 흔한 걍 동아리라고 보면 됨.   맨날 회식이나 하고  프라이버시 이런거 없이 남 연애질에만 열라 관심많은 환타지급 동호회~  영화보고나면 술은 좀 땡김.  워낙 내내 쳐마셔대니...,1,0
745,오랫만에 웃으면서 즐겁게 보았어요 흥하세요~~~,10,1
746,연기 자연스럽게 괜찮았는데 중간에 ㅂㅈ ㅈㅈ는 왜 넣었냐 단어나올때마다 사람들 웃지도않고 조용 참 거슬림,5,0
747,제가 연애하는 느낌이였요~~^^ 공효진.김래원씨 연기내공 정말 명불허전 재밌었어요~,9,1
748,남자친구랑 봤는데 재밌었어여!,10,1
749,재밌어요,10,1
750,"유쾌함 가득, 즐겁게 관람했습니다.",10,1
751,ㅠ 나만죽을수없지 하지만대의를위해서  미드한편이이것보다삼천배는재밌다,1,0
752,완전잼써용,10,1
753,볼만 해요,8,1
754,존잼!!!!!공효진너무예뿌댜ㅜㅜ,10,1
755,진짜잼없다. 공효진 연기변신은 없구나. 이젠 진짜 식상,1,0
756,올해 영화중 최고,10,1
757,딱 킬링타임,7,1
758,"별거없는데 재미나게 또, 생각나게 하는 재주가 있는 영화!! 그냥, 보세요 ㅎ 웃었는데 분명 오래 생각나는  영화일듯..",9,1
759,조조로 공효진믿고봄 기대이상,10,1
760,편안하고 재밌습니다~~^^ 김래원 공효진 다른 연기잘하는분들 많이나오셔서 더 좋아요~~^^,10,1
761,김래원 공효진 역시 잘해요. 편안하면서도 기분좋은 웃음 몰입 재밌게 봤어요.,9,1
762,재밌음 .  중반이후가....먼가 .. 김래원 매력있게나옴.. 연애상처있는분들  보시길 .. . 예고편이 재미없는거였음,8,1
763,오..오태식이 돌아왔구나!!!,10,1
764,괜찮게 봤어요 일단 배우들이 연기를 잘하니 몰입 잘되고 내용도 지루하지않고 괜찮았어요!!!!공효진 김래원 연기 굿!!!,9,1
765,기대안하고 봤는데 생각보다 너무 재밌었어요^^ 억지스럽지 않게 재밌는 영화였어요!,10,1
766,보는 내내 웃겨주고 막판엔 생각에 빠져들게 함.,9,1
767,"공감 글쎄, 막 따로놀고 우왕좌왕 스토리",3,0
768,리얼 백퍼 공감 영화  보통 남녀가  이별 과장에서  겪는  현실적인  언어와 행동이 너무  나와 같아  많이  동감되는  올해 최고의  로먠스 영화,9,1
769,좀 오글거리긴한데 진짜 웃김 ㅋㅋㅋㅋㅋㅋㅋㅋㅋ,10,1
770,"공효진이 나오는 영화는 믿고 보는데, 그 영화가 만약 로맨틱 코미디라면, 이미 검증된 것!",9,1
771,정말 많이 웃기고 생각도 하게하고  느무느무 재있었어요  여자들끼리 보면 더 재미나요ㅋㅋㅋ,9,1
772,잔잔하고 재밌는 영화,9,1
773,ᆢ,4,0
774,나두  저런  사람  냄새나는  김래원  만나 가장 보통의  연애하고  싶다.  ,8,1
775,유쾌하고 재미있지만 공감하기는 다소 힘든 요즘  애들 프리한 연애담,7,1
776,"ㅎㅎㅎ 너무 재밌음요. 김래원, 공효진 ㅎㅎㅎ 보세요. 보셔야 압니다~^^ ",10,1
777,이름값 하는 배우들. 연애의 목적보다 좀 더 가벼운 연애이야기.,9,1
778,"좀전에 조조로 봤어요^^ 로코로는 잘 만들었어요, 추천합니다~",8,1
779,개봉날 조조라 평점도 없이 배우믿고 봤어요.  웃으면서 잼있게 봤어요~~^^ 비둘기 빼고 상황들이 다 현실감 있어서 잼났어요.,8,1
780,두시간동안 재밌게 봤어요~김래원님의 연기가 자연스러워 좋았어요~~~^^,10,1
781,재밋구만~!!  역시... 김래원~!! 근데 빵점 주는 것들은..... 뭐야~?? 남 잘되면 배아픈 것들인가 보네.,9,1
782,유쾌하고 재미있는 영화,10,1
783,김래원과 공효진  멋지십니다 재밌게 잘 봤습니다.^^,10,1
784,시간내서  다시 한번 더 보고싶어요..  두분다 연기를 잘힌셔서  2시간 동안 웃으면서  시간 가는줄 모르고 나왔어요.,10,1
785,현실판 로코의 탄생이다 진짜!!! 너무 좋았음,10,1
786,누구나 살면서 한 번 쯤 이불킥을 하는 순간을 보여주는 영화 웃프네여 근데 웃긴게 더 큼 ,10,1
787,진짜 너무 재밌고 시간 가는줄 몰랐다,10,1
788,"올해 본 한국영화 중에 원탑, 꿀잼이었음!",10,1
789,재미없어요,1,0
790,보면 볼수록 빠져듭니다,10,1
791,공효진 넘 예뻐용~~대박날듯요♡♡♡,10,1
792,20년 전 영화 같다,3,0
793,공효진 다리 늘려놓은 포샵 좀 어떻게 안돼겐니? 보통의 연애가 아니라 은하철도 999 마리를 보는거 같다.  생각좀하자~,5,0
794,공효진이 존나 예쁘고 사랑스럽다 ,10,1
795,리얼해서 공감가고 왠지 자꾸 생각 나는  어렵지 않고 유쾌하지만 가볍지 않고 기분 좋아지는 영화,9,1
796,포스터 왜 저럼??? 포스터에 늘려놓은 공효진 덕분에 보고싶은 맘이 다 사라짐,5,0
797,이번주에 봐야지,10,1
798,맹신이네 ㅈㅈ 아니 머체 공효진 키가 3미터여? 다리 앵간히 늘려라 괴물 그것이냐? 그리고 돈이 좋다. 정말 최고다.,7,1
799,믿고보는 김래원,10,1
800,시사회 보고 왔는데 역시 공블리는 공블리네요,9,1
801,똥,0,0
802,정말 유쾌하게 잘 봤습니다. 김래원 공효진씨가 주인공이니 당연하겠지만 그 둘의 매력이 정말 철철 넘쳐서 보는 내내 흐뭇한 미소와 함께 배꼽 잡으며 봤네요. 특히 공효진이 어찌나 매력적으로 나오던지 정말 깜놀했네요.,9,1
803,기본 8점 이상은 될거 같은데 포스터에 공효진 허리랑 다리를 너무 길게 늘인거 아닌가? 좀 기괴해보임 ㅋㅋ,8,1
804,이 가을에 사랑에 대해 한번 생각해 볼까요? 이 두명이면 공감 100%죠. 가을타는 요즘에 딱 보기 좋은 영화,10,1
805,시사회로 봤는데 영화 보면서 계속 웃음 났어요 그리고 그 회사 막내 배우분 연기 너무 찰지고 좋았어요 ㅋㅋㅋ 눈길 가더라그여,10,1
806,시사회로 보고왔는데 연인과 가볍게 보기 좋네요,8,1
807,진짜 연애 공감 200% 사랑은 언제나 행복하고 이별은 언제나 너무나 아프다,10,1
808,이건 꼭 봐야해,10,1
809,공블리 기대할께요 ㅎㅎ,10,1
810,기대된다,10,1
811,공효진 그냥 좋아../ㅠㅠㅠ,10,1
812,지금 보고나왔음 완전 존잼 완전 강추,10,1
813,영화보는 내내 웃었어요 두 배우의 캐미도 좋고 배우들의 연기도 나무랄 데 없고,10,1
814,공효진 너무 이뻐요 너무 재밌겟다  꼭 보러간다,10,1
815,로코퀸 공효진 때문에 꼭 봐야할 영화 올가을 행복할듯,10,1
816,둘 조합 의외로 찰떡?,10,1
817,일단 공효진이 나오는것 만으로도 폭풍기대~~~~빨리 보고싶다,10,1
818,이 조합 실화냐ㅠㅠㅠㅠ 공블리 김래원 개쥬앙,10,1
819,공효진 로코면 일단 믿고ㅠㅠㅠㅠ,10,1
820,빨리 보고싶어여,10,1
821,언제 개봉하려나........?,9,1
822,궁금 개봉언제이며 영화재미있는지?,3,0
823,개봉 예정이 언제 인가요?,10,1
824,너무나 기대가 됩니다,10,1
825,10,10,1
826,공블리? 유통기한 끝났음,4,0
827,보지를 보지라 말할수 있는 솔직한 멋진여성,8,1
828,너무 재밌게 봤어요 공효진씨 김래원씨 너무 매력적이구요 보는 동안 저의 얼굴에 미소와 사랑이 가득했었다네요ㅋㅋ 8점드린건 제작비가 별로 안든것 같아서 이정도 드렸어요 더드리고 싶었는데ㅋㅋ,8,1
829,영화 꿀잼~~ 공블리~~~김래원님 술냄새나용 ! 영화관에서 봤는뎅 개꿀잼!! 집에서 맥주랑 마셨는뎅 더 개꿀잼!,10,1
830,재밌어요. 두 연기파 배우가 같이 만나니까 더욱볼만. 하향평점화되서 10점드림,10,1
831,두사람 안 어울리고 내용 후짐 종편 드라마 보다 못해 ,1,0
832,"사랑해서 불쌍한 건지, 불쌍해서 사랑한 건지 모르고 시작되는 가장 보통의 연애",6,1
833,뭐? 이게 현웃터지고 재미있어? 내참 실소를 금할수가 없네. 도대체 배우들 캐스팅해다가 이런 말도 안되는 걸 영화랍시고 만들었냐? 그러니 망했지. 정말 무능하구만. 감독이나 작가나...,0,0
834,우리가 생각하는 정말 보통의 연애. 정말 소탈한 영화라서 더좋았음 억지스럽지않고 자연스럽고 김래원 공효진의 매력이 잘들어난 영화. ,10,1
835,제목 그대로 ㅋㅋㅋㅋㅋㅋ 결국  모두 좋은사람 만나시길 바래요 ㅋㅋ ,7,1
836,사실적이고 통통 튀긴 하는데 술 먹어야 그런게 가능한지는 ㅠ,10,1
837,내가 남자지만 직장 생활을 해보지도 않은 감독의 저질스런 상상력과 어설픔... 이감독 정말 ㅆㄹㄱ,1,0
838,유쾌한 영화~ 잼나게 봤음. 공감됨.,9,1
839,"팀장이라도 처음부터 반말하는 게 몹시 눈에 거슬리고, 물론 혼자사는 직장남이라지만, 맨날 술먹고 사는 꼴하곤, 눈꼴 사나와서 연애 스토리에 집중이 안되더라.영화의 구도도 무슨 생각, 의미가 없는 그냥 시간 킬링했다.",6,1
840,저질영화. 이런게 300만이라니 참 볼게 없었던가봄. 돈벌기 참 쉽죵,0,0
