﻿,document,score,label
0,"우주영화를 소재로 한 인간의 내면과 성찰이 담긴 영화. 호불호가 있을듯 하지만  저는 비슷한 고민이 있어선지 맘속 울림이 있었고 따뜻해 졌습니다. 누구나 한번쯤은  스스로 답이 없어보이는 질문과 고민을 할 것입니다.  그런 분들께 좋은 영화가 되길 바랍니다. 아, 영화적 분위기와 내면 연기도 너무 좋았어요.  ",9,1
1,배경은 우주이지만 결국엔 삶이 주제.  어떻게 살아야 할 것인가에 대해 성찰하게 하는 영화.  DHL 우주에도 택배 나가다! 마늘 까면서 영화보다 깜놀했네요.,10,1
2,"알베르 까뮈의 '이방인', 마침내 21세기에 근미래를 바탕으로 우주에서 다시 씌여지다",10,1
3,때로 모든 것을 잃고 나서야 알게 된다. 그것이 얼마나 소중한 것이었는지를. 코로나 시대를 관통하며 온 지구인들이 겪고 있는 일이 아니던가.,9,1
4,",",8,1
5,그닥....,5,0
6,이영화 비추다 다만 평론가들은 최고등급 극찬한 좋은영화 이다,4,0
7,와우. 대단한 영화,10,1
8,다난한 사건을 헤쳐 정적 속에 깨어지는 성찰은 우주의 품 속에서 더 부각된다.,6,1
9,광활한 우주에서 삶의 의미를 찾다,9,1
10,어디를 바라보며 살아가야 하는지를 알려주는 영화...브래드 피트 연기 잘한다...,8,1
11,영화가 말하는 바는 의미없는 뻘짓거리에 올인하지 말고 가치ㅠ있는 것을 등한시 하지 말아라 라는 교훈이 있는듯,7,1
12,최고!!,10,1
13,ㅡㅡ,7,1
14,SF 형식을 빌렸지만 본질은  트라우마를 가진 인간이  그것을 직접 마주하고   슬픔을 슬픔으로 극복해내는   카타르시스의 성장 휴먼 드라마임...  잔잔함 속에 적절히 스릴을 가미해서 지루함을 상쇄함...  좋은 영화임...,8,1
15,브래드피트가 연기하는 고독의 표현이 잘 살아나는 영화,9,1
16,분위기 잡네,7,1
17,디테일한 연출에는 공들이지만 큰그림은 못그리는 감독. 덕분에 영화는 비논리적 이벤트와 반복되는 감성적 이미지로 지루하다. 우주에서 물리적 표현도 틀린 부분이 많다. 하지만 영화 자체가 거대한 상징이라는 점에서 이해할 수 있다. 목표의식과 책임감으로 무장한 채 자기안의 나약함을 계속해서 부정하며 남에게 들키지 않으려고 조심하는 남자의 일생을 아버지를 찾아가는 우주인의 여정으로 묘사했다. 영화는 그런 남성성을 원숭이와 가정을 버린 남자로 묘사해버렸지만 그건 감독의 극단적인 세계관일뿐. 목표의식과 책임감을 이해하지 못하는 나약한 철학이 영화전반에 깔려있다. 마치 야근을 마치고 녹초가 되어 귀가한 남편에게 왜 아이랑 놀아주는 섬세한 남편이 못되냐고 바가지를 긁는 마누라의 철학쯤 된다. 정작 눈앞의 사람을 이해못하는,4,0
18,보이지 않는 것들의 소중함,7,1
19,21세기의 스페이스 오디세이.,8,1
20,"나의 원인을 부정해야 하는가 긍정해야 하는가의 오딧세이. 그 와중에 우주에 끈으로 묶인 관계, 결국은 끊어야 혹은 끊어지는,,, 지옥의 묵시록+그래비티 2020.04.25.",7,1
21,calm mood,8,1
22,Excellent,8,1
23,"과학기술로 해왕성까지 가는것보다...""열 길 물속은 알아도, 한 길 사람 속은 모른다"" ",8,1
24,나름 실감나게 봤어요. 볼만하네요~,8,1
25,인간의  내면 사이코 기질 ..밀폐된우주에서  미칠만하고  ..세상 의  정 의된무엇이  중 요하랴   한 낯   먼지도 아닌  존재   인간 ,10,1
26,공허함과 광활한 배경만으로도 관객들의 이목을 집중시킬 수 있는 능력은 가히 제임스 그레이의 마력이라 칭할 수 있다.,8,1
27,아 시간 아까워 재미도 감동도 아무것도 없다,0,0
28,뭔가 있겠지 하고 보다가 2시간 지나갔네. 결론은 아무것도 없음. 시간낭비 인생낭비 에너지낭비,2,0
29,잔잔하게 awesome인 영화 단순한 스토리 라인 이지만 그 라인 속에 메세지를 느끼는 재미가 있어 좋았습니다 브래드피트의 주름진 얼굴이 묘하게 영화와 어울리네요 각자의 느낌과 기억을 더듬을 수 있는 결이 있는 영화라고 생각.,9,1
30,흠....,6,1
31,"건조한 영화다. 인류애, 부성애 그런 거 없다. 다만 임무를 완수 할 뿐.. 브래드 피트 하나 믿고 본 영화, 사실적인 특수 효과가 실감났다.  가상의 사건, 가상의 미래.. 실감나는 표현이 돋보이는 영화이다. ",7,1
32,좋은 영화지만 조금 심심한 면이 없지 않지.,6,1
33,"가족보다 자기일을 더 중요시하는 아버지와 그런 아버지와 닮은 삶을 살아가던 아들의 이야기쯤일까 배경이 우주일뿐 예전 어느 드라마에서 한번은 봤을 법한 내용이지만 나름 볼만 했음 칠흑같이 어둡고 드넓은 우주에서 홀로 유영하는 인간의 모습은 인간이 혼자일때 초라하고 나약하고 외로운 존재로 비치겠지만 누군가에겐 그 가족마저 버리며 미치도록 밝히고 싶은 미지의 영역이겠지.. 관점의 차이에서 오는 상대적 선택은 모두 존중받아야 하지 않을까, 다만 안타까울뿐",7,1
34,자신이 알고 싶은것을 좇는 두 남자의 이야기일까. 아버지는 우주 너머의 지적 생명을 알아내기 위해 헤매며 가족을 떠나려하고 아들은 그런 아버지를 알기 위해 목숨을 걸고 찾아간다. 결국 중요한 것은 무엇이었을까 알아가는 영화.,8,1
35,광활한 우주와 싸우는 인간의 내면과 인간 사이의 갈등을 다룬 영화. 인터스텔라 같이 새로운 지구를 탐사하는 내용에 차별을 둔 새로운 접근은 신선했지만 크게 어울리지는 않았던 것 같다. 하지만 화려하고 웅장한 연출감과 우주의 아름다움을 감상하기에 충분한 영화.,7,1
36,이해가 될듯 말듯;;;,6,1
37,영화를 보고도 이해 못 할 부분이 너무나 많아 여러 사람들이 올려놓은 글을 봤다. 그러니 좀 이해가 됐다. 그러나 로이의 탈출 과정이 좀 과장 된 것이 아닌가 싶었지만 우주 특유의 아름다운 별과 광활한 우주의 평온함의 스크린은 언제봐도 우주의 영화는 신비롭다.,8,1
38,외로움과 싸우는 인간의 내면연기,8,1
39,"이렇게 재미없는 영화는 생전처름/ 재미도, 장점도, 내용도, 흥미도 1도 없는 졸작. 별을 2개씩이나 준 사람은 뭐지?",0,0
40,우주에 대한 묘사는 훌륭하지만 주인공의 잦은 독백으로 전개가 지루하다.,6,1
41,좀 의아한 부분들도 보이지만 긴 우주여행을 이런 화려한 그래픽으로 대리만족하는 것만으로도 좋다.,8,1
42,해왕성 우주선안에서 30년을 살수있다는것도 의문이고 아버지가 참 이기적이다싶다. 그 긴 세월을 버티다가 하필 아들을 만나고나서 놔달라니. . ,6,1
43,재밌는데? 인터스텔라못지않게잼나게봄,10,1
44,무슨 영화지?,1,0
45,도대체 멀만들고 싶었던걸까 싶네요.  ,6,1
46,시각효과 ost 모두 굳 스토리도 굳 지루한건 케바케,10,1
47,뭐 심오한 뜻이 있겠지 하고 보다가 화물차 대기하면서 봤는데 진짜 영화보다 졸았네요... 진짜 이렇게 긴장감 없고 재미 없기도 힘들듯.. NGC다큐도 이거보단 재미있어요,2,0
48,"처음에는 주인공의 잦은 독백이 거슬렸지만, 심리 드라마(?) 라는 걸 이해하기 시작한 뒤로는 괜찮았다.",8,1
49,예상 밖이다 우주인에 대한 이야기 그리고 우주로 나아가는 기술을 보여준다,9,1
50,중력이 없는 곳에서 장시간 이성을 유지하고 신념을 지키고  목표로 나간다는건 무엇일까 그 우주선에서의 비몽사몽 하는사이  타인들간에 이해충돌이 발생된다면 얼마나 자신의 선의를 지킬수 있으며 자신의 의지가 맞다고 확신하고 대처할수 있을까 결국 이성이란 것도 중력이 만든 인간의 한계는 아닐까 이성이 없는 목표의 의지 그건 본능만 있는건 아니고 때론 이성이 만들어낸 착각과 정신 착란 일수도 ....    어쩌면 인간은 그런 과정을 통해서 생식을 성공하여 이뤄진 존재는 아닐까 싶은 생각도 든다,8,1
51,생각보다 간단한영화다. 일중독 아버지와 그를 닮은 아들. 인류의 오랜 갈망을 대변하듯 허황된것을 쫒으며 한평생을 다바친 아버지는 가족보다 우주가 더 좋았고 마지막순간까지 놓지못한다. 아버지를 찾아나서며 자아성찰을 오지게 하다가 그런모습을 지켜본 아들은 깨닫는다. 가치있는건 저 멀리있는게 아니라 가까운곳에도 존재한다고 일상의 소중함을 깨닫고 앞으로 어떻게 살겠다고 다짐한 그는 지구에 무사히 돌아왔다. 주인공은 역시 무적이다. ,10,1
52,"뭘 말하고 싶은건가? 중간중간 어정쩡한 소스만 뿌려놓고, 우주라는 드넓은 공간을 마치 비행기타고 LA다녀오듯 사뿐히 즈려밟고 다녀오시고, 긴장감을 주려고 여기저기 아슬아슬 타이밍을 넣어놓고는 허황되게 긴장감을 풀리게 만드는 허황됨에 몰입감은 제로요. 남는건 '뭐야~'다.",4,0
53,"약간의 지루함, 괜찮은 몰입감..",7,1
54,"우주는 걍 배경일뿐, 인간감정에 대해서 잘 나타낸 영화",8,1
55,GOOD!,10,1
56,삶을 어떻게 살아갈 것인가,10,1
57,"우주를 탐험하는 이야기가 재미없기도 힘들것이다. 헌데 근래엔 우주유영이나 탐험 영화가 SF가 아닌 메시지를 담은 영화로 변화하면서 관람객의 선호도가 갈리고 있다. 그런면에서 애드 아스트라는 이도저도 아닌 다소 애매한 선상에 서있는 꼴이 된 듯 싶다. 뭐라도 큰게 있는 듯, 메시지를 전달하는 듯 싶지만, 열어보니 양말 한짝 들어있는 선물 상자 같은. 그래피티나 인터스텔라 같은 영화들이 SF영화의 기준을 너무 올려놓은 탓일지도 모르겠다. 뭐 각본은 별로여도 우주 연출과 브래드피트의 연기는 볼만 했다.",6,1
58,평점조정 ,10,1
59,주인공위 마지막 대사에 주제가 있네!,8,1
60,뭔가 철학적인 면을 영화에 스며들게 만들고 싶은 연출자가 결국 쓰레기를 만들었네~ 도대체 하고 싶은 얘기가 뭐야? ,0,0
61,"우주에 대한 공포 경외감, 그리고 지구에 대한  감사",7,1
62,영상미가 좋다네 어떤이는 10점주고 어떤이는 빵점주네  (이 글은 보지도 않고 쓴 글이라우),7,1
63,영화가 끝나고 cast 올라갈때 아 x발 잘잤다 했더니 다들 빵터졌다. ,1,0
64,잔잔한 SF 드라마 영화. 내용이 휴먼 드라마쪽으로 더  치우치다 보니깐 지루할 수 밖에 없다. 그래도 브래드 피트의 내면 연기는 참 훌륭했음. 기대하고 보면 실망할 수 있음.,7,1
65,"  근 미래의 모습 잘 봤다.특히 로케트...   영화는 재밌게 봤는데 브래드 피트가 넘사벽 초인급이라서 감정이입은 잘 안되었다. 그래비티나 황해처럼 혼자인것에 대한 무서움, 외로움은 잘 나타나지 않았다.  영화는 잘 봤다. ",8,1
66,아버지는 혼자있고 싶은데 철없는 아들이 몇 억년 떨어진 곳 까지 찾아가 말려도 소용 없습니다. ,4,0
67,정말 지겨워요,0,0
68,"재미보다는 묵직한 메세지를 던지는. 우주인의 삶과 고뇌, 외로움을 간접적으로나마 느낄수...역시 브래드피트는 멋있다.",8,1
69,영화를보는게 아니라 조용히 상황과 인물을 관찰하고있는듯한느낌이었다,10,1
70,완전한 수면제 영화 참 최악임 브레드 보는거 빼고는 엉망임,0,0
71,원하고 소망하고 소중한것이 크고 작고 원대하고 소박한것 일지라도 그 가치는 같다는 것을 보여주는 것 같다. 아버지가 추구한 가치도 아들이 바라는 부정의 그리움도 가족의 소중함도 우주의 눈으로 본다면 모두 같은 무게이지 않을까?,7,1
72,"우주를 배경으로 아들과 아버지의 관계, 애증이 연기된다. 브래드피트의 내면 연기가 참 좋다. 영화도 잔잔하면서 꽉 찬 느낌이다. 좋은 영화다.",10,1
73,브레드의내면연기는좋았으나.. 내용은지루지루 몇명이죽은겨..아버지만나려구 아버지빈자리극복프로젝토 영화임,1,0
74,SF 형식을 빌린 인생 드라마 감동이다.,10,1
75,브래드가 아니였다면 초저렴 예산 영화같요  마치 독립영화처럼  (이글은 보는중에 쓰는 글이에요),6,1
76,진짜 내용 엉성하다. 각각의 행성들이 제자리에 멈춰있는 것도 아니고. 무슨 명왕성까지 가서 아버지찾는 게 그렇게 간단해. ,4,0
77,.,7,1
78,"원숭이가 터질 때 빼고 이런생각을 하긴 했어요. ""나중에는 아빠을 찾게될까?"" 인터스탤라 보다는 지루하긴해요. (이 글은 보다말고 쓴 글 이예요.)",10,1
79,가오갤을 생각하시면 안되요 ^^ 내려 놓고 보시면 좋은 영화 ,10,1
80,어렵다...,3,0
81,뭐 반전이라도 하나 나오겠지 했는데 아무것도 없네요.,6,1
82,해왕성까지는 가봐야 멈추는 법을 알게될까. 잔인하다,8,1
83,우주에서 원숭이랑 싸운거말곤 노잼.,1,0
84,밋밋하고 지루함.,1,0
85,브레드피트의 내면 연기가 빛났던 영화. ,8,1
86,뭐라고 할까... 오히려 현실적(?)이라고 해야하나... 밋밋함이 현실적인거지.,5,0
87,아버지보러 혜왕성갓다가 뺀찌먹고 비행기핵폭발시켜서 빛의스피드로 지구로돌아온영화,0,0
88,인터스텔라가 되고 싶었으나 이미테이션도 되지 못했다,4,0
89,...,1,0
90,감독이 얼마나 심오한?뜻을 말하고 싶어 한건지는 모르겠지만 일단 많이 지루하고 중학생 정도만 돼도 지적할 만한 물리 상식에서 벗어나는 장면들이 몰입을 방해 하네요..  드라마에 더 가깝다는걸 충분히 감안하고 보더라도 참 힘들게 봤습니다,1,0
91,ㅡㅡ,5,0
92,역시 자식은 부모에게 영향을 가장 많이 받는 듯...;; 영화는 좀 지루함. ,6,1
93,과학보다는 철학적인 내용이네요,7,1
94,.,5,0
95,"초중반까지의 SF적 묘사와 관계에 대한 통찰, 영화적인 요소들은 평균이상이지만 후반에 여지없이 드러나는 감독의 너무도 피상적이고 SF에 대한 얕은 수준의 이해도는 영화의 완성도를 급격히 떨어트린다 조너선 놀런 만큼은 바라지도 않고 최소한의 과학적 사실이나 전망등에 크게 어긋나지만 않게 구성하던지 제대로 이야기를 구성할 자신이 없으면 아예 손을 대지 말던지 감독의 욕심으로 본인의 능력밖의 하드SF에 도전했다가 처참히 실패한 작품",5,0
96,우주에서의 일들은 과학적으로 엉성하지만 나름 볼만했음,8,1
97,위에서 뭘 시킬 때 제대로 알고 명확한 지시를 하는가에 대한 의문이 드는 영화.  그래도 영화는 볼만했고 지금의 나에게 도움이 되는 메세지도 있었다. ,8,1
98,스토리 완결성이 없음. 브래드가 반드시 넵튠까지 갈 이유가 없었음. 가지 않았어도 결과는 같았고 피해는 줄었음. 작가가 왜 이럴까? 결말까지의 구성은 좋았는데 결론은 가족 간의 갈등 및 파국을 우주적 규모로 보여주는 것?  우주와 우주개발에 대한 철학적 질문은 그냥 배경.  아니 업무와 커리어에 미친 아버지에 대한 이야기를 하는데 넵튠까지의 긴 항해와 달에서의 폭력이 왜 필요하냐고. 그냥 2019년 뉴욕에서도 충분히 보여줄 수 있는 스토리 아님?,6,1
99,말하고자 하는건 드라마인데 sf를 억지로 밀어넣은 느깜  문제는 sf에서 말하는 과학적인 설정 개판에  반물질이다 써지현상이다 하는 것들이 모두 설정쓰레기  그리고 핵폭팔로 비행기를 날리는 씬은  정말 정신병이 아닌가 싶기도 하네요  뭐를 말하고 싶은지 알겠으나  심각하네요 이거 쓰레기 영화,1,0
100,인터스텔라의 느낌을 보여주려 했으나 그닥... 하지만 영화 자체는 나쁘지 않았음,8,1
101,지루하다. 의미는 있으나 그 결론에  도달하기 위한 과정이 장황하고 유기적으로 결합 되지 않는다. ,6,1
102,광고에 속은 느낌. ,6,1
103,한줄요약.... 가까운 사람들한테 잘하자. ,9,1
104,보이지 않는 것을 보고자 하는 욕망,7,1
105,"연기, 영상, 스토리, 메세지 충분히 훌륭 하지만 충분히 지루",6,1
106,He could only see what was not there. And missed what's right in front of him. 아버지는 없는 것만 찾았고 눈 앞에 있는 건 보지 못했다. ,6,1
107,거품 헛소문 b급 스토리  영화 인터스테라를 잇는 장르 이탈 영화가 또.. 이걸 보느니 동물의 왕국을 보는게 훨~~~ 개이득!!,0,0
108,누군가에겐 루즈할 수도 있는 영화지만 루즈할 시간에 흘러나오는 독백은 러닝타임 내에서 충분한 사색을 갖게 해준다. 화려하진 않지만 오래 기억될 영화이다.,10,1
109,"CG, 영상, 메세지 다 좋은데 너무 루즈하다... ",6,1
110,"불확실한 허황된꿈? 알수없는 미래만 추구하지 말고, 내 옆에 있는 소중한 것을 느끼며 사는게 낫다....라는 교훈... 내 꿈(연기자,공무원등등)을 위해 젊은시절을 다  보낼 각오로 소비할 것인가~~ 아니면 현실에 타협하고 직장을 다니며 보편적 일반인들처럼 현실에 만족하면서 살것인가... 결국, 개인의 선택 인듯... 아버지 처럼 우주에서 인생을 다 걸고, 그곳에서 생을 마감하려는 것처럼. 누굴 탓할수 없는 문제다. 그게 계속 미련에 남는다면 그건 그 사람의 업보인걸~~  SF적인 우주의 흥행요소 보다는 그 교훈을 일깨워 주기 위해 만들어진듯...",7,1
111, ....,5,0
112,미장센도 좋고 다 좋습니다.  서지를 지구를 향해 쏜 아비의 마음을 이해했지만 그걸로 끝입니다.  불필요한 클리셰와 cg 그리고 단순 물리를 개나 준 설정들이 조금씩 감성을 갉아 먹습니다.   09년작 moon 에 비하면 한발자욱도 내딛지 못한 필름이라 봅니다. ,5,0
113,이 영화의 교훈 가족한테나 잘해라 뿌린대로 거둔다 ,6,1
114,...,6,1
115,개인적으로 우주 영화 좋아하는데 이번 영화는 부자의 심리를(특히 아들 역) 깊이있게 표현하면서 이야기를 풀어 나가는  좀 독특한 우주의 이야기 생각보다 좋았다,8,1
116,"SF의 외피를 씌운 심리영화. 베이비부머 세대의 과오를 오늘의 기성세대들이 어떻게 복습해왔으며, 그렇기에 어떻게 그들과 작별해야 하는가를 보여준다. 아버지를 닮아가는 것에서 돌아서서, 자기 주변을 돌아보는, 지극히 정상적인 인간향을 지시하고 있다. 다시 말해서, 영화는 함께 우주로 가지 못하는 노대령과 또한 함께 지구로 가지 못하는 아버지를 보여준다. 그리고 결국 주인공은 커피를 마시며 아내를 기다리는 평범한 남편으로 도착했다. ""지옥의 묵시록 2.0""이라고 할 수 있을까? 긴 흐름을 지루하지 않도록 사이사이에 집어넣은 액션은 과하지 않았으나, 아버지와 독대를 위해서 필요없는 죽음이 너무 빈번하게 발생하여 눈에 밟힌다. 긴 네러티브를 이끈 브래드피트의 차분한 연기가 기초가 되며, 후반을 압도하는 토미 리 존",7,1
117,깊은 이해와 고민이 없인 보기 힘든 영화인듯하다. 아이들에게 보여주기엔 그들의 지식이나 집중력의 수준으로선 힘들겠다고 판단된다.  어쨋거나 올해 들어 가장 많은 생각을 하게 만든 영화인듯하다. ,9,1
118,새로운 깊이를 알게 해준 영화,10,1
119,"인류는 항상 미지의 공간을 향하려 하지만,  그 이전 자아를 찾는 것. 그것이 시작임을 알리는 영화",9,1
120,미지의 창조자와 지적생명체의 조우  ,10,1
121,좀 지루하지만 이상하게 집중하게 만드는 매력이 있는 영화,7,1
122,"영화는 아무리 걸작이라도 지루하면,,,,그 영화는 끝나는 것이다,,그래서 난 패슈,,,",5,0
123,2001 스페이스 오딧세이가 진짜 21세기가 되니까 인류 그딴거 모르겠고 내 얘기 좀 들어봐 그러네...,9,1
124,"상징과 미장센이 좋다지만, 영화의 최우선 재미를 간과해선 안된다.  관계에 대해서 이토록 거창(?)하고, 늘어지는 연출이 필요했을까도 싶다.  피트형의 연기는 좋았다. 해서 5점.",5,0
125,진짜 더럽게 재미읍네,1,0
126,영화가 특정한 가치를 전달하려고 하지 않는다. 그냥 우리의 평범한 삶의 고민을 전달하고 있을 뿐이다. 배경이 우주일 뿐. 인류는 크게 두부류로 나눈다면 모험가와 정착자.  모험가들의 실패와 희생으로 발전해온 인류의 역사다.,7,1
127,두달전에 봤는데 기억에 남는게 없네,5,0
128,"굳이 SF일 필요도 없고, 굳이 나래이션만 하지 영상을 찍었을까 하는 영화. 필요 없어 보이는 설정과 그런 것에 애써 의미를 부여하려 영화",3,0
129,공상영화..공상일뿐,10,1
130,조아요,10,1
131,이거 지루하고 재미없다는사람들은 글씨 많은 두꺼운책 한권도 못읽는사람들일듯,9,1
132,생각보다 훌륭했습니다. SF 라는 기대를 버리고 보니 재미있었습니다. 확실히 SF 영화는 아닙니다,9,1
133,브래드피트의 내면연기에 박수를..  아버지를 갑자기 잃은 내면 연기와 나중..자신의 삶을 찾아가는 모습을 보며 단순한 우주영화가 아닌 심리를 다룬 자기성장영화임을 알려주고 싶습니다. 보면서 졸립다..지루하다하는 분들..아직 20대 전이거나 덜 성숙된 분이라는것...,9,1
134,지루하고 재미없어요,4,0
135,"우주를 배경으로 했을 뿐, 이 영화는 내적 갈등과 상처 그리고 슬픔에 대한 이야기이다. 결말의 방향이 마음에 들지는 않지만, 그럴 수 있겠다 싶기도 하다. 브래드 피트의 잘생김보다도 연기력이 너무 돋보인다. ",8,1
136,너무 좋았다 마지막 브래드피트 독백신에서 눈물이 살짝... 소중한것들을 돌아볼수있는.. 멋진 우주(배경) 영화,9,1
137,졸다나옴,1,0
138,브래드피트의 눈물은 연기가 아니고 실제 감정 같았다. 너무나 감동적인 스토리,10,1
139,"스포일러 있음--  주인공의 아버지는 타인과의 관계는 피상적이고 단절된체 , 미지의 생명체(인격체)를 만나서 소통하기를 원하는(환상을 쫓는) 존재이고, 아들이 손을 내밀때 그 손을 거부하나 아들은 지구에 귀환한 뒤에 군인이 내미는 손을 잡으며. 아들은 아버지와 달리 관계에 대해 거부하지 않고, 소통할려고 하며, 눈앞에 있는 현실의 관계가 중요함을 깨달음. 영화에서 주인공이 만나는 모든 인물들이 주인공과 내면을 공유하지 못하는 관계,화성기지에서 자신이 타고온 우주선의 승무원 3명에게 '캡틴!' 하고 외쳤는데 그들이 못들은 체 하는 장면은 그 소통이 단절된 관계.의 상징임. 다양한 미장센들이 있지만, 여기에 적기에는 글자수부족함. 화성기지의 담당자 여자가 입은 검은옷과 그녀가 지나가는 길이 어두워지는 것이 ",8,1
140,"실감나는 우주화면은 박수 받을만 하다. 요즘 헐리웃 솜씨면 아폴로호가 달에 안 갔고, 지구에서 가짜영상을 만들었다는 주장이 먹힐만 한 정도. 하지만 액션을 보여주려다보니 스토리는 동감이 안가고, 황당무계하기까지. 아빠의 처신, 주인공의 자신감 회복도 억지스럽다. Brad Pitt의 연기도 과히 빛나지 않고. 멋진 우주묘사, 긴장감, 인간승리를 그린 Gravity(2013)와 비교하니 많이 아쉽다.",4,0
141,재미있기만하구만.,8,1
142,진중한 재미 ~ 집중하기 좋은  연기와 전개~ 부드럽고 파고드는 로이 맥브라이드의 나레이션 ~ 124분이 60분처럼 느껴짐,10,1
143,ㅎ,1,0
144,디테일과 설명이 너무 부족하다.,9,1
145,사람들이 sf영화에서 기대하는 내용 맛보기도 있고 주인공 연기도 좋음.,9,1
146,모 처럼  본 좋은 영화입니다,10,1
147,인내심을 시험하는 영화. 졸음 참을 자신있으면 보세요...,1,0
148,기대 없이 봐서 그런가 완젼 감동 받았다 SF지만 외계인 우주선 뿅뿅 그런거 없어요,9,1
149,인터스텔라를 기대하고 보지말길 인터스텔라가 100점이면 이영화는 50점,3,0
150,"역사상 최고로 훌륭한 우주 영상, 단 한 글자도 놓쳐선 안 되는 자막과 누구든지 공감할 주인공과 주변 인물들의 고뇌를 잘 보여준 연출.   마지막으로 브래드 피트에 대한 헌정 영화.   고요하고 차분하게 편한 마음으로 감상하세요 좋은 영화입니다.",9,1
151,"우주, 아버지, 인간 눈 앞에 있는 걸 보지못하고, 보이지 않는걸 찾는다. 주인공이 아버지를 생각하고 찾기 시작하면서 뭔가 부족하고 비어있던 마음이 점점 채워지고 마지막에 지구에 도착했을때 표정연기도 좋았다",10,1
152,인간은 지구에서나 우주에서나 끝없이 약탈하고 보이지않는 살아있는 생명체를 찾기위해서 고군분투하는 모습.. 정리-아웅다웅 하며 산들 머하겠나 내 주변인들과 소소한 행복을 느껴가며 인생을 살면 될 것을.,7,1
153,자다 깨다 자다 깨다 그래도 대충 영화내용 파악은 했지만. 안졸려고 엄청 노력했지만 어느샌가 잠들어있는나. 댓글은 보니 재미없다는 사람보고 수준이 낮다고 하는데... 내가 잘못했네!! 내가 잘못했어!! 이렇게 수준이 높은 영화인줄도 모르고 수준낮은 내가 본게 잘못이네,1,0
154,아니 적당히 하는것도 좋지만.. 해왕성에서 지구로 돌아오는 길이 무슨 점심먹으러 옆동네 가는것처럼 그리면 어떻해요 ㅠ ㅠ... 분위기 좋다가 확깬느낌입니다. ,2,0
155,"광활한 우주를 떠도는 한 인간의 변화를 보여주는 영화, 존재하지 않는 아름다움을 찾기보다 주변의 소중함을 깨달아가는 과정.  그토록 싫어했으나 한편 그리웠던 아버지를 꼭 닮은 사나이,  그런  아버지를 통해 자신을 성찰하는 사나이의  우주 비행의 기나긴 시간들.",7,1
156,우주공상 영화가 아니라 인간 내면을 묵직하고 깊숙히 파고 드는 영화. 브레드피트와 포미리존스의 연기가 연기가 아니라 현실인 것처럼 느껴졌다.  감정의 절제를 표정으로도 우주공간으로도 잘 나타낸 영화. ,9,1
157,상영관에 이영화가 없어서 여기저기 찾아서 봤는데 역시 그럴만한 이유가 있었다. 왜 이런 말밥같은 영화를 만들어서 수면을 유도했는지. 강제로 재우는 통에 뭘 보고 나왔는지. 내용이며 기타 모든게 최악인 영화였다.,1,0
158,우주영화의 참신하 소재 접목을 볼수 있을뻔 했던 영화... mistake ,7,1
159,내 안에서 아버지를 찾았을 때 그 씁쓸함이란...,8,1
160,영화보는 수준이 낮아서였는지 수면제보다  약효가  더 강했던영화 ,2,0
161,Sf가 아닌 인생이 담긴 드라마 평점보고 포기하려다 본 영화 나름 진중하게 잘 봤네요.,8,1
162,이토록 암울하고 적막한 우주 영화는 처음이다.  인간 심성의 어쩔 수 없는 허무와 욕망을 가슴저리도록 잘 묘사했다. 달나라와 화성에서는 그 어디에도 희망은 없었다.  그 어려운 여건 속에서도 국적불명의 게릴라와 싸우는 인간이라니! 해왕성을 향해 이륙을 앞둔 화성에서의 기간틱한 우주선의 모습은 또한 어떻고! 브래드 피트의 연기는 정말 인상적이었다. 인간 근원의 피곤함을 너무나 잘 연기했다. 어둡고 답답하지만 매력적인 영화였다! ,9,1
163,은은한 저예산 독립영화를 좋아한다면 좋아할 영화 ,8,1
164,존재의 유무도 알수없는 지적외계인을 찾아 삶을 소비하기보단 항상 자기 주변에 있고  힘이되는 가족과  사람들과 지금의 시간을 함께 살아가라..  영화는  이과정을 우주공간에 담고있는데 sf를 가장한 자아성찰 영화같습니다.,5,0
165,연기좋음~~~근데 너무 심오해서 지루할수있음 심오함의 깊이가 너무 깊어 ~~,6,1
166,"브래드 피트 혼자 이끌어가는 영화.우주의 심오함,아름다움 느낄수 있음 그외 지루할수 있음.",6,1
167,우주의 심연,10,1
168,"정말... 대사 하나하나 깊이가 있어요. 울림이 대단한 영화였어요.   절제된 브래드피트의 연기와 메세지...  이 영화는 촬영, 연기, 각본 모두 깊이가 있는 작품이라 만점이 아깝지 않아요",10,1
169,노잼충들 자기들 수준낮은건 생각안하고 평점 테러하네 ㅎ 걍 집구석에서 극한직업이나 돌려보시지 왜 굳이 영화관와서 이영화보면서 스타워즈급 자극을찾냐??,9,1
170,감성없는 이과생이라면 혹평을 내릴것이다. 여타 SF 영화들을 생각하고 간다면 보지않는게 나을것이다. 장엄한 우주유영을 하는 러닝타임 내내 주인공에 몰입된다. 아득히 먼 수십억 km 를 나아가 깨달은것은 목적의식에 사로잡혀 소중한것들을 잊고 살았던 우리들의 뒷통수를 강타한다.,10,1
171,자기를 찾기 위해 우주를 여행하는 주인공. 아버지의  죄는 아들의 고통이 된다.,6,1
172,"극강의 리얼리티? 인정합니다. 소리도 음악도 음향효과도 없는 순수 우주를 체험하면서, 두시간 내내 옆사람에게 방해가 될까봐 숨소리도 조심하면서, 빵형 얼굴만 질리도록 보고싶다면....  관람을 말리지 않겠습니다. 내돈 주고, 내시간 투자해서 보통의 영화를 보고 싶다면 다른 영화를 찾으세요. 생돈 1만2천원 날리는 사람은 나한사람 만으로도 충분합니다",2,0
173,먼 우주에서 익숙함의 소중함을 깨닫다,9,1
174,보면서 졸았던 영화는 니가 첨이야 Sf영화 생각하셨다면 다시 발 돌리세요 ㅈㄴ짜개ㅐㅐㅐㅐㅐㅐ핵노잼 평점이 6.5점이라는것도 안믿김,0,0
175,아주좋은영화,10,1
176,과학으로 보지말고 문학으로.브래드옹 인생철학인가... ,10,1
177,작용 반작용도 모르는 것들이 만든 우주 영화. 차라리 마지막 장면을 외계행성으로 하지 그랬니..,1,0
178,한 인간의  내면 성장 드라마  표현력이 떨어져서 어떻게 표현해야할지  모르겠지만  너무 와닿는게 많아서 지루할 틈이없었다 너무 좋았다!!!! ,10,1
179,"이 영화는 우주sf가 아니고 드라마임. 우주괴물 나와서 지지고 볶는영화 아님. 평점 낮은거 신경쓰지 말고, 드라마적 요소에 집중하면 나름 의미있는 영화임.",8,1
180,왜 만든건지? 이유도 모르겠다 《아빠 찾아 우주3만리》,2,0
181,보편적 진리에 도달하는데 너무 힘들게 돌아간다고 생각하는중에 나는? 이란 의문이..,6,1
182,내 머리로는 이해하기 힘든영화,5,0
183,우주를 배경으로한 고독한 남자들의 성장 드라마 ,6,1
184,괜찮게  봤습니다. 인터스텔라  나  그래비티   마션에 비하면   덜하지만 브래드 피트  연기 좋았어요.,8,1
185,그레비티나 인터스텔라에 비하면 좀 많이 처지는 느낌임  등산에 비유하면 올라가는 길도 너무 완만한데 정상에 가서도 그렇게 볼 만한 것이 없달까  브레드 형이 연기를 하려고는 하는데 그것만으로는 좀 모자라지 싶음  이런 영화는 올라갈 때 신선하던가 아니면 정상에서 큰 뭐가 있던가 해야 하는데  밋밋하더니 메시지도 그다지.... 기다리던 영화였는데 흠....,6,1
186,몰라.. 일단 잘 봤슴.. 오랫만에  상업영화스럽지 않은 휴식이 있고 브래드님의 내공이 느껴짐 ,9,1
187,"브래드핏 연기가 이 정도구나..mx관앞쪽서 관람.음향,화면 압도적이고 실감나니 넘몰입돼서 좀 힘들었음. 우주 배경 드라마+미스터리요소. 음악도 그렇고 블레이드러너2049 느낌드는 장면들이 꽤있음.어두우면서 매력적. 이 정도 인상적이면 n차하는데 즐겁게재미난영화가 아니라서 재관람은 망설여진다",10,1
188,너무 진지하기만 함.. 태양계가 대한민국 크기정도로 느껴지대요.  아부지가 실종되고 한참뒤 제주도에서 찾은 느낌.   만화영화보고 온것같네요,2,0
189,"이 영화는 우주적으로 민폐를 끼치는 아버지와 아들에 관한 이야기다. 큰 스크린으로 보는 장엄한 우주는 경이롭지만, 영화 내내 차분하게 진행되는 이야기는 지루하기도 하다.",6,1
190,기대하고 들어갔지만 내내 졸다 나왔음.ㅠㅠ...,2,0
191,그래비티 인터스텔라 마션에 한참 못 미친다,4,0
192,평점 처음 씁니다. 스토리 개연성이  너무 없어서 재미도 감동도 없고 .. 시간낭비함 ..  브래드피트 얼굴만 한시간 클로즈업,5,0
193,보이지 않는 존재를 찾으려는 허망한 갈구를 버리고 살기로 했어요. 눈앞에 있는 존재를 보지 못하는 어리석은 청맹과니로 살고 싶지 않으니까요. (참 멀리 돌고 돌아 얻은 깨달음),7,1
194,sf영화 너무 재밌어요,10,1
195,진짜. 최고입니다 !!!!   악의적으로 평점 낮게 주는   사람들은 뭐하는 인간들인가요?,10,1
196,재미 없어요~  스토리 전개도 실제 물리학에 바탕을 두지 않은 허무 맹랑한 공상과학이고  초반에 우주배경외에는 건질게 없네요~  여튼 우주영화는 대환영입니다만 재미 없는거 감안하고 보세요~ ,7,1
197,삶을 통찰할수 있는 안드로메다 영화,5,0
198,긴장감은 초큼 아쉬웠으나  이야기와 볼거리는 충분하다. ,8,1
199,도입부에는 입이 떡 벌어지는 ㄷㄷㄷ 갈수록 안드로메다로 가더니 우주선에 몰래 타고 레이다인지 전지판이지를 방패삼아 운석을 뚫고 돌격할때는 ㅋㅋㅋ 그래두 첫 장면 대단헤서 6점 준다.,6,1
200,정말 졸림...별 내용도 없고 자는 사람 많음...막무가내 캐릭터는 진심 짜증...,1,0
201,"정말 재밌는 우주공상과학영화. 그리고 마이 늙은 브래드 피트, 알아보기도 어렵게 늙은 토미 리 존스를 보는게 참 슬프다.",9,1
202,무한한 우주에서 인간의 감정과 고독은 더욱 짙게 표현된다. 뛰어난 영화.,9,1
203,전체적으로 인터스텔라와 그래비티를 반반씩 섞은 느낌...우주영화를 개인적으로 좋아하다보니 평균이상은 되었으니 만족한다. 다만 연출이 과학적 개연성은 없어보임. 지구나 화성에서서 출발귀환할땐 현재 로켓방식이고 해왕성가서는 이온분사방식으로 첨단이고 달에서는 60년대 월면차이고 무중력도 이상하고 그냥 기대안하고 편하게보면 만족할수있음,8,1
204,글쎄요...기대가 너무 컸던 탓일까요..전반적으로 연출력이 부족한듯 합니다. 전개가 루즈하고 SF장면이 너무 평범한게 흠이네요. 브래드피트의 연기는 좋았습니다.,5,0
205,어디서 본듯한 장면들과 이제서야 보게되는 우주의 끝!,8,1
206,대우주를 프레임에 담고 소우주를 탐구한다,9,1
207,인간은  무엇으로 사는가 ??   너무  지루한거 빼곤  괜찮아요 ,6,1
208,영화를 보면서 어떤 내용인지는 알수 있었지만 시작부터 끝까지 너무 지루하고 단조로워서 보느라 애 먹었다. ::,4,0
209,"오이디푸스컴플렉스와 심리학을 SF영화로 만든줄 알았는데, 결국은 저 미지의 세계에 진리가 있는게 아닌 우리가 지금 살고 있는 이 땅 이 시간 지구를 밟고 있는 현재에 진리와 행복이 있다라는 단순한 내용을 거창하게 우주 저멀리로 꾸며 놓았다.  헐리웃 만이 보여줄수있는 우주 모습에 엣다 8점 준다.",8,1
210,"애드 아스트라가 해주고 싶은 말은 아마도, 우리가 살면서 스스로의 존재하고 있다는 것을 증명하기 위해 끊임없이 스스로를 증명해야 하는 강박증엣 벗어나지 못한 자, 벗어난 자를 보여주고 자 하는 것이 아닐까 싶다.  무엇이 옳다고 말할 순 없다. 가치를 어디에 두느냐에 달렸다. 인류 역사를 바꾸어온 사람들은 전자이기도 했을터이고 후자이기도 했을터이다. '영웅'이란 단순한 말로 포장하지만 실제론 그리 간단하지 않다.  나이가 들면서 내가 어릴적 꿈꾸었던 '별을 쫒아' 본 적이 있었던가? 단순한 SF로 보지 않았으면 좋겠다. 그럼 2시간 버티기 힘들다. ",10,1
211,"우주인 심리를 보여주는 영화지 일반적으로 기대하는 sf물이 아님...  배우들의 연기는 좋았다고 생각...  일단 우주라는 배경부터 출발했을 때.....우주의 광활함과 신비로움, 이곳으로 떠나는 여정에서의 기술 등 기대할 수 없음  인물들의(전부 다) 선택에서 극적 긴장감이 없음, 당연히 설득력도 없음  빵형 셔틀 태워주는 여자 등장 이유나 행동 이유의 개연성 전무  지구부터 출발시 감시자역 심리관찰 및 아버지 친구의 동행과 급작스런 건강악화에 따른 임무실패 개연성 설득 부족(아버지에 대한 정보 전달역으로 치기엔 출연 비중이 아까움)  조난선 구조임무 갑작스레 했으나 위기가 찾아오지 않고 단순히 순간 긴장감만 준 의미없는 단막  해왕성 갈때 빵형 선원들 죽음의 개연성...  아버",3,0
212,정말 재미없었음.. 지루함.. 오랑우탄과 같이 생긴 외계 생명체와 브래드 피트가 잠깐 몸싸움을 했던 2분 정도의 시간 빼고는 졸림..,1,0
213,그래비티 남자버전 기승전결 스토리보다 메세지에 주목해야,8,1
214,"스토리와 배우는 좋았다,, 왜,,연출력 부족인가,,,",6,1
215,대실망. 스토리도 너무 엉성하고  기대가 커서 그런지 너무너무 실망한 영화 졸지 않고 참은 내가 대견스럽다.,3,0
216,여운이있어요 전형적 헐리우드갬성 이었지만 영상 음악 몽환적인 분위기 거기다 브레드피트 연기까지  잔잔한영화 몰입해서 잘 봤습니다,10,1
217,"스릴있는 액션과 반전이 가미된 SF물을 기대하시면 절대 절대 절대 안됨. 그래서 실망함. 인간관계와 주인공의 심리묘사가 주를 이루는 메인요리에 우주에 대한 영상미가 샐러드로 곁들여있고,  액션은 약간의 소금인 정도임. ",5,0
218,10살짜리 아들이 아주 재밌게 봤다고 좋아함 ,10,1
219,개봉 5일차인데 39만명이면 말 다한거지. 진짜 숙면하기 딱 좋은 영화임. 네이버 평점 믿지마셈.,1,0
220,배경과 CC는 좋으나 스토리가 없네요,5,0
221,영화보는 내내  아 이런~,1,0
222,시적이고 아름다운 서사시와 명배우의 명불허전 연기력의 조합.,9,1
223,생각할수있게 만들어주네  굳,8,1
224,풋풋,10,1
225,  안보고 못본 사람만 손해죠~~~^^,9,1
226,아버지에 대한 사적인 감정은 우주비행사로서 부적격하지만 아이러니하게도 그가 임무를 성공할 수 있었던 것도 그러한 애착이 없이는 불가능했을 것이다. 광활한 우주는 아버지의 부재로 인한 로이의 공허한 마음과도 같다. 그런 점에서 별을 향한(Ad Astra) 이 머나먼 여정은 가슴이 비어버린 한 남자의 심리 치료극처럼 느껴진다. 우주 가장 먼곳에서 내면 가장 깊은 곳의 아버지를 마주하는 셈이니까.,8,1
227,너무 자아성찰을 강요하는 느낌이 들고   영화내내 차분한느낌이라 루즈하네요  내용은 훌륭하지만 흥행은 실패할거같네요,6,1
228,나름 메세지도 있고 볼거리도 있고 못만든 영화는 아닌데..후반부가 좀 많이 지루합니다. 곱씹어 볼수록 괜찮은 영화였네 싶은데...후반부만 잘 참아내고 본다면 괜찮아요. 후반부 느낌이 그래비티랑 비슷하다고 생각하시면 됩니다.,7,1
229,좀 가볍게 볼만합니다. 심리적으로 매우 공감가는 영화였습니다.,10,1
230,전형적인 할리우드식 갬성 자고일어나도 또자고일어나도 안끝남 ㅡㅡ  인터스텔라 잼나게본 사람들은 무난하게 봤을듯 내 취향이 아니라서,6,1
231,다소 비현실적인 상황들에서도 인간존재와 관계에 대한 질문 속을 무덤덤하게 따라갈 수 있었던 건 순전히 브레드피트의 얼굴과 목소리 덕이었는데... 마지막 초등 교과서적인 클로징 때문에 영화의 수준이 폭삭 떨어지는 기분이...  결론 오늘! 행복하자고! 한다..,6,1
232,.,7,1
233,영화를 어찌나 개떡같이 지루하게 만들어 놨는지  그 분노스러움에 눈물이 다 니왔다.,1,0
234,부자간의 정이라는 면에서. 인터스텔라 의 유사품. 오랫만의 리브 타일러는 왜 나왔니??,7,1
235,완전 잼,10,1
236,인터스텔라처럼 우주과학 영화가 아닌 삶의 교훈(?)에 관한 영화이다 우주과학영화인줄 알고 보면 실망할 수 있다,10,1
237,지루하다. 우주공간은 잘 표현했지만 결말이 너무 허무하다... 난 외계인이라도 만나는 줄 알았다...,1,0
238,우주 과학 영화가 아니고 인간에 관한 내용같은데 왜 자꾸만 다른 영화랑 비교를 하는지.... 조금 졸렸지만 잘 정도는 아닌듯ㅋㅋㅋ  개인적으로 전개는 좀 느렸지만 볼만했다 특히 눈이 너무 즐거웠음,9,1
239,아...음.. 이건좀..... 초반 흥미로운 전개에 비해 중간부터 잠들뻔.... 졸지 않은 나에게 박수를,1,0
240,브래드피트의 내면 연기가 돋보였지만 감독이 하고 싶은 말이 너무 많은....우주는 배경일 뿐인 가족애 영화,7,1
241,브래드피트 ~~ 무사귀환!!! 12세 관람가에서 주인공을  죽일 수는 없었을것 같고...  레이더 방패가 모두의 방패가  되었다.,6,1
242,인터스텔라 영화와 같이  무한정으로 ~ 아름답고 ~ 신비로운 ~  우주 영화가 아닙니다  그냥 배경이 우주일뿐입니다  지루하고 잔잔한 내용이라서 별로였습니다 ....,4,0
243,"시작하고 10분안에 옆에놈은 코를 골았고 졸음과 사투하며 끝까지 한가닥 반전이라도 있을까하고 참았지만 결국 ,,,,,,,,,,,,옆에서 코골고 잔놈이 승자,,,",10,1
244,SF최고의 영화다 ......................... 나만 죽을 수는 없지 흐흐흐,10,1
245,영상미도 좋구요 역시나 브래드피트..갠적으로 그래비티보다 좋았네요,9,1
246,전주 송천동 매가박스에서 일요일날 봤는데ㅡ 재미 하나도 없음 ㆍ 보다 꾸벅꾸벅 졸다 나왔음  애들에게도 미안함ㆍ,1,0
247,오로지 브래드 피트 팬들을 위한 영화 첨부터 끝까지 브래드 피트 얼굴을 클로즈업한 영상을 맘껏 즐길 수 있다,6,1
248,너무 너무 재밌어요. 특히 우주에 대한 상상과 영상미가 최고입니다.,10,1
249,---,0,0
250,정말 오랜만에 영화관에서 졸다  하~,1,0
251,그 모든 것보다 우선해야 할 것은 사랑이라.,9,1
252,음 진지하게 집중 잘되는 영화이고 브래드피트 참 내면 연기 잘  하네요 우주를 정말 다녀온 기분이고 전 잘 보앗네요 돈 아깝지 않아여,6,1
253,쏘시오패스 주인공이 자기보다 더한 매드 싸이언티스트 아빠때문에 난 주변에 잘해야지를 두시간넘게 장황하게 우주떠돌면서 깨닫는  뭐같은 영화,1,0
254,진짜~~~ 밤에 보면 안되는 영화. 저녘먹고 보면 안되는영화~  ,0,0
255,8점은 되는 영화임..전체 평점이 낮은데 다른 분들 댓글에도 (호불호가 갈린다고 하셨는데) 저도 동감이며 다만 처음 상상했든 흥미와는 달랐다,8,1
256,별로..,0,0
257,여운이 가시지 않네요.진짜 어떤 분 말씀대로 우주를 다녀온 느낌도 들어요.상당히 잘만든 영화에요. 호불호가 갈리는데 전 잼있고 감동적으로 잘봤습니다.,10,1
258,비싼 수면제.,1,0
259,"SF영화의 기본적인 배경, 이야기전개 등  황당 그 자체   브레드피트를 빼면 영화제작 의도자체가 궁금한 영화 달기지전투, 화성기지내분, 해왕성우주선에서 20년거주, 무사귀환 등등  황당무계 ",2,0
260,진짜 우주를 다녀온 느낌! 리얼하게 잘 만들었다!,9,1
261,진지하게 인생의 가치에대해 논한 괜찬은영화~ 흥미나 액션을 기대하지는 마시기를 브레드피트의 매력은 어디까지일지 궁금하네 마음을 비우고 혼자 보시기를 추천~~~,9,1
262,재미있게 봤음.,10,1
263,"분노는 장황하며, 거짓은 디테일이 부족하다. 진실은 섬세하고 평가는 냉정하다. 과대포장은 부정적이고 영화는 리뷰의 평점이 말해준다. 영화리뷰 평점 보는법",2,0
264,가까운 미래라지만 자본주의 인간들의 고통스런 삶을 보는거같음. 매우 보잘것없는 인간들. 그들을 연기하는 배우들조차 불쌍해보임,6,1
265,타미리존스의 눈을보니 어떤행동을 할지 짐작이안되더군요  치매걸리셨던 할머니눈빛이 생각나더라고요 ,10,1
266,인간에 관한 철학적인 이야기예요. 생각을 많이 하게되는... 볼만한 영화 인터스텔라 같은 영화를 기대하고 보시면 안됩니다.,9,1
267,적막하지만 긴장감있는  영화.  존잼,9,1
268,영화를 1도 모르는 사람들이 별점테러를 했네..  상당히 잘만든 영화구요.  오늘 와이프랑 기대없이 봤는데. 재밌게 보고 왔습니다.   보세요. 추천합니다. ,10,1
269,스타워즈같은 SF 영화는 아닙니다. 별점 테러에 속지 마세요.  괜찮은 수작입니다. ,9,1
270,"브래드피트의 심리묘사 연기가 나름 좋았음. 보이지 않는 세계보다 보이는 세계에서 서로가 짐을 나누기도 하고 짐을 지기도 하는 삶도 소중하고,  누구라도 해왕성을 갔다가 지구로 무사히 귀환했다면... 미워했건 사랑했건 가까이 지내던 사람들이 새롭게 느껴지리라",8,1
271,간만엥~영화 넘~감동적이궁~잼있었는데!!~~~^^ 우리가 봤을땐~화려하게만 보이는 우주가~막상 파헤쳐보면~ 넘잼없궁~지루하궁~허허벌판이라능.....ㅡㅡ;; 수많은 사람들과 얽혀사는~이지구상에 살면서~눈앞에 보이는것을 놓치지 말자는 것을새삼 느끼궁~가까운 사람한테~잘하자는 생각을 했네요!!ㅋ,10,1
272,브래드피트 연기가 좋았네요,9,1
273,"졸라 재밌게 봤구만, 맨날 조폭 쓰래기 영화만 쳐보고 평점 매기냐. 수준들하고는",8,1
274,졸지도 않았고 절대 주관적이지 않지만  이영화에 줄수 있는점수는 5점 이상은 과하다고 생각해요. 당연히 빵형의 연기력은 탁월합니다만 전체적인 극적요소는  글쎄요 . 장난하냐 ?..싶더라구요  간혹  그래비티라는 영화와  견주시는분이 있으시던데 그러시면  않되시구요 .  걍 심심풀이로 찍은 돈지랄영화 정도로 생각하면  딱입니다.  심심한 영화를 누가봐요 ..이건  너 어 무 심하게  심심해요.  그래도 보실분은 안말립니다.,5,0
275,전개에 다소 지루함이 없진 않았지만 브래트피트의 하드케리가 돋보인~ ,7,1
276,"와 지루하고 재미없고, 감동도 없고, 늙은이 똥고집 발암 그자체",5,0
277,우주의 현란함을 기대했지만 다소 실망. 그러나 브래드피트의 연기는 별점10개 맞아 마땅함.  마지막 아버지를 우주에 모신것도 나름 잘한일. 아버지의 소원이 우주 여행이니....... 사랑하는 사람 곁으로 가는것은 해피엔딩.... 다소 아쉬운감은 있었으나 명배우의 명연기와 따뜻한 결말이 다소 위안이 되었네요,5,0
278,브래드피트 인생연기  우주속에서 인간의 도전과 용기 두려움 외로움  먹먹하면서도 이땅에 소중한사람들과 발딛고 사는게 행복이라는 진리를 알려주네요 이런몰입감 감동 오랫만이네요 ~,9,1
279,마지막 장면에 지구가 아닌 외계행성으로 갔었더라면 평점 9점은 줄 수 있었는데... 아니면 놀랍게도 해왕성 우주인기지를 찾았더라면... 정말 감독이 븅신이라고 밖에는 달리 설명할길이없음... 잘나가다 막판에 급하게 비벼버린 반전없는 수면영화...,7,1
280,작품성은 2개 그 나머지는 완전 별로 ᆢ,4,0
281,기대않고 보는게 ,8,1
282,내용전개가 영상미에 비해 유치함 배우가 아까움,1,0
283,최근 10년간 제일 재미없던 영화,0,0
284,ㅠㅠ 4명가서 3명이 자고옴 ..,4,0
285,"빵형의 감정선이 잘 드러남. 이런분이 은퇴를 논하다니.. 상상력 보다는 감정에 초점을 맞춘 우주 영상, 화면연출 좋았음. 우주 정복에 대한 인류의 욕심, 개인사가 영화의 주제랑 강하게 연결되있진 않지만 개연성 은 있음. 즉 유치한 신파같은거 없음. 현타는 누가 다루나 했는데 여기서 다뤄서 좋았다. ",9,1
286,방금 이영활본 내점수는 이렇다 아무튼 무지하게 지루했다,2,0
287,가까운 사람에게 잘하자.,8,1
288,'사람의 소중함'이란 아주 간단한 주제를 이리도 장황하게 풀어야했을까? 쓸데없이 겉멋에 환장하고 있어보일려고 무게 잡는 허탈한 영화입니다.,1,0
289,  _,0,0
290,일반적인 SF를 원한다면 지루한 느낌도 들수있지만 작품이 말하고자하는 철학적 무게감을 본다면 쉽게 넘길 작품은 아니다.,8,1
291,영상미 배경음악 철학 연기력ᆢ그 어느 하나도 두시간 내내 기대기대하다가 이제껏 본 영화중 최악ᆢ 유튜브 태양계 영상이 차라리 수작ᆢ,1,0
292,또 한편의 그래비티   마치 중력처럼   태양계 안에서는 여전히 유효한  인간의 굴레 또는 희망찾기,10,1
293,덕분에 숙면했네요 피로가 풀렸어요 고맙습니다,1,0
294,올 해 본 영화 중에 단연 최고였어요. 브래드 피트의 내면 연기도 좋았구요,9,1
295,토미리 존스 연기 보고있는것만으로 영화가 무엇을 예기하는지 알것 같으나 영화자체는 서사가 부족한 짬뽕 스타일에 만들다만 느낌이  강함 달면차 씬 해왕성 배경씬은 새로운 그림이라 좋았음 그래비티나 인터스텔라가 정말 잘만든 영화라는 것을 다시한번 느낌,6,1
296,잘 잤습니다,1,0
297,다소 은근히 정적이기는 하나 우주영화를 좋아해서 재밌게 봤네요. ,10,1
298,잘봤습니다,10,1
299,지구가 최고~!,9,1
300,"'인생을 바쳐 찾던 인생의 의미는 우주끝까지 가도 없고, 결국 가까운 곳에 있더라.' 뭐 이런 주제의식은 좋지만, SF주제에 충실한 영화들을 좋아하는 저로서는, 그런걸 기대했다 좀 실망..전 그래비티,인터스텔라는 엄청 좋아함. 참고로 제인생의 영화는 '이터널 선샤인'",7,1
301,뛰어난 영상미와 삶에 철학적인 이야기,8,1
302,존재하지 않는 무언가를 찾느라 인생허비 말고 네가 가지고 있는 무언가를 아끼고 사랑하란 이야길 명왕성 왕복하는 2시간 내지루하게 설교함 반전이 없는게 반전입니다 허허,1,0
303,오랜만에 몰입되는 영화다운 영화를 봤네요. 그리고 잔잔한 감동..~ 브래드피트 역시 멋져요~,10,1
304,"영화 볼줄 모르는 사람 1점 개연성, 철학,영상미에 대한 이해있으면 10점",10,1
305,남자의 우주 영화..,10,1
306,브래드피트가 겨우 인공호흡해서 목숨부지하는 영화,2,0
307,최근 본 공상과학물중 최고!!,10,1
308,철학적인 영화인듯~ 초등생 자녀와 같이 봤는데 초등학생들에겐 다소 내용이 무거운 느낌이었어요. 하지만 우주를 생생하게 표현한 면 멋집니다.,9,1
309,"그동안 때리고 부수고 하는 거칠고 강한 영화에 익숙해진 탓인지... 다소 밋밋함을 느낀건 사실이다. 그러나, 이런류의 영화도 필요함을 느끼게 되고, 잔잔한 흐름이 전하는 메세지를 공감하게 된다.",9,1
310,보는내내 단 한번도 지루하지 않았음. 쫄리고 재미짐ㅎㅎ 마지막은 역시나 예상했던 시나리오로서 닝겐들에게 교훈(?)을 주고자 했으나 그런 뻔한 결말 말고 다른 식으로 풀어갔어도 재미있었을듯..ㅎㅎ,10,1
311,깊은 울림이 있는 영화 반드시 극장에서 봐야 되는 영화임,10,1
312,우주영화는 볼때마다 흥미로워요 2시간이 금방갔네요,10,1
313,심심하게 만들었지만 우주를 그린 휴먼드라마,10,1
314,치고 박고 싸우는  스트레스 해소용이 아니고 조용히  생각하면서 볼 수 있는 영화. 아마 50년  이내에 실현 가능한 태양계  진출  스토리라 더 현실적으로 받아들이기 쉬웠음.  좋은점수 주고 싶음.,9,1
315,.,10,1
316,졸다 중간에 나왔음. 옆 옆에 앉은 어떤 분은 코를 골며 주무시고 계셨음.,1,0
317,중간부터 지루하지만 볼만한 SF영화,8,1
318,너무 심심한 감이 없지않나... 전달하려고 하는 의도는 알겠으나 애초에 재미가 없는 전개다. SF영화에 큰 기대를 걸었던 탓이었을까? 마션을 참 재밌게 봤었는데 이와 같은 '우주'를 기대하고 가신 분들이라면 99퍼센트 재미없으리라 확신한다. 그럼에도 6점인 이유는 브래드피트가 9할 했다.,6,1
319,ㅡ.ㅡ;,1,0
320,인생의 진리가 담겨있는 세련된 영화,10,1
321,"액션 SF영화가 아닙니다. 컨텍트 영화와 비슷한 우주에 대한 인간의 환상과 현실적인 진실을 마주한 인간의 고뇌와 철학적 방황을 다룬 영화입니다 내용에 집중해 보면 나름 여운이 남는 괜찮은 영화입니다, ",9,1
322,"돈 주고 영화보면서 졸기도 처음인듯. 별 것 아닌 내용, 철학적 의미도 없는데 저예산을 감추려고 난해하게 풀어가려다 폭망한 영화. 그냥 브래드피트 이름 하나로 관객을 끌어들이려는 망작이다.",2,0
323,결국 자신을 찾기위해 그 먼곳까지 갔군요. 뭔가를 찾기위해 그 뭔가는 밖에 있는 것이 아니고 안에 있었다.,9,1
324,"내 ,, 동년배들 ,, 이 . 영화 다 좋아한다 ㅎㅎ",10,1
325,전체적으로 음침 하며 암울 하고 고요 했다.그 고요함 속에서 관객들은 몰입 하고 집중 할수 있다,8,1
326,무책임한 아빠를 원망하면서도 사랑했던 아빠를 닮은 아들의 얘기,10,1
327,댓글들많이들풀었나?정말지루하다 졸았다.실망이다.누가보여줘서 봣지 안그럼 안봣다.잔잔함을 넘어서 이건뭐...말을잇지못한다. 다들 영화끝나니.. 끝나니까 좋아한느낌? ㅋㅋㅋ,1,0
328,......,1,0
329,끝까지  집중해서봤어요. 지루하다 그래서 듣고 갔는데 하나도 안지루했습니다. ,10,1
330,"호불호 갈릴 영화라 평점은 7정도 일 것 같지만 난 20점 주고도 모자를 영화. ""인간의 내면은 우주만큼나 미지의 영역이다""",10,1
331,역대급,10,1
332,오랜만에 묵직한 영화,8,1
333,몰입도 최고의  영화였어요 ,10,1
334,액션영화는 아니다. 개인 내면에 관한 영화다. 공허한 우주와 내면을 연관시킨것은 잘한듯하다.  간혹 개연성이 떨어지긴 하지만 몰입을 방해할 정도는 아니다. 난 재밋었다.  한 이백 년 뒤에는 영화에서의 우주여행이 가능할듯하다.  호불호 갈릴듯.,10,1
335,내 인생 최고의 우주영화~,10,1
336,이정도면 상ㅎㅏ나 받아야되는거아냐 ㅋㅋ,10,1
337,이건 별 다섯개도 모지라,10,1
338,대단한 영화였습니다!!!!,10,1
339,이런 영상미.. 오랜만에 본다,10,1
340,연출이 진짜ㄷㄷㄷ 최고였어요,10,1
341,여러모로 완벽한 영화 !!,10,1
342,cg가 좀 티났구요 감독이 여러가지를 말하고 싶어하는 것 같은데 정작 주제 전달은 그 무엇 하나 제대로 된게 없네요 철학적이려고 애쓰나 억지스러운 설정이 많고 끝은 기승전 해피엔딩이라서 좀 당황스러웠어요  ,1,0
343,계속 영화관에 머물러 있었으면 좋겠어요,10,1
344,당분간 이런 영화 ' 보기힘들듯,10,1
345,진짜 우주를 보는 기분이 들 정도,10,1
346,역대급 영화 탄생이다,9,1
347,대사에도 영혼실은 ㅇ느낌,10,1
348,표정 하나하나 디테일한 연기~,10,1
349,한번 더 보고싶을 정도입니다,10,1
350,제임스그레이 영화는 역시나,10,1
351,가까운 미래라는 전재로 인류의 문명을 나름 재미있게 보여준고.. 중반까지는 몰입 가능한 스토리를 풀어가다가 토성 지나면 잔잔한 백색소음과 함께 당신을 잠으로 인도할 수 있다 한 마디로 요약하라고 한다면 집 떠나면 개고생이라는 주제를 우주적 스케일로 표현한 영화,6,1
352,"영화가 끝나면 하나의 어마어마한 우주여행을 하고 온 듯한 느낌을 받을 것이다. 굉장히 깊은 모노로그식의 영화이다. 인터스텔라 만큼 스토리가 흥미진진하지는 않았지만 이해하기는 훨씬 쉬울 만한 영화 같다. 브래드 피트의 케릭터 자체는 조금 부족하다고 볼 수도 있지만, 시네마토그라피는 어떤 공상과학 영화에서도 보기 힘든 독특한 면이 있다. 웅장한 사운드도 귀를 조금 사로잡는다. 한 사람의 심리적인 갈등이 고스란히 드러나 긴장감을 자아낸다. 지루할 지도 모르지만 조금 마음을 열고 보면 이전 공상과학과 다른 색다른 느낌을 받을 수 있을 것이다. 가족들과 떨어져 직접 우주인의 고뇌를 느껴보는 기분이랄까.",9,1
353,난 달과 지구 화성 목성 토성 해왕성만 볼수있으면  나머지는 없어도 갓영화다하는 인간들만 봐라 스토리는 개연성 1도 없어서 처음부터 끝까지 엉망진창 내면연기? 그딴게 무슨소용이야 영화가 썩어서 구더기가 피고있는데 아니 지구에서 해왕성까지 78일이면가는데 왜 30년 가까이 그 옘병을 떠냐고 ㅋㅋ,2,0
354,"1점도 아까워요 사실.. 수면제를 넘어서  화가났음. 진심 돈아까와요. 그래비티, 인터스텔라와는 비교불가 극장에  다 하품하고  조는사람많았음",1,0
355,불면증을 고쳐주는 영화임...,3,0
356,영화 자체는..당연 말도 안되고 초반 지루한 면이 없지 않지만 배우들이 다 했다. 오랜만에 브래드피트의 연기를 본거에 만족하고 눈길을 사로잡은 배경에 점수를 주고싶다.,9,1
357,여러분 결혼이 이렇게 무서운 겁니다~ ㅋㅋ 아내와 아들을 피해 태양계 끝까지 도망가서 결국 지구를 멸망시키려는 아버지와 양육비를 청구하기 위해 끝까지 쫓는 아들의 추격전! ,5,0
358,회사 문회행사로 봤는데 이거 보는걸로 프로그램 짠 막내는 배임혐의로 고소할까 생각중......,1,0
359,우주영화 기대걸고 보다 지루함  브레드피드가 아까왔음  cg로 해 돈 안든 영화  인터스텔라가 훨~재밌음 내면을 그려도 넘 그렸다   철판떼기 하나 들고 해왕성 띠를 탈출? ㅋ  방패역할 ㅎㅎ 해왕성까지 45억년 갔다 왔는데 지구인은 그대로  뤽배송 안나를~,2,0
360,흠...호불호가 갈리시겠다. ...스포라고해야할까나.....소중한것을 우주끝에서 찾지마라...고개돌리면 니 옆에 있다....뭐 그런주제.....다른 각도의 평을하나더 하자면 배경만 우주인 50대이상위주의 마인드변화를 그린 영화....라고도 할수있다. 나이먹다보면 이 영화의 주제는 종종드는생각이지...감독이 대놓고 시작과 끝에 주제를 친절히 주입식교육시켜준다.  도입부에 주변사람들이 자신에게 손짓하며 커뮤니케이션하려할때...나는 감정이 없다..인간관계를 하는척한다....로 시작한다..여기서 이미 1번주제 강제교육....끝에서 구조대손길클로즈업시켜주며 관계가 소중함을 강조하고 심지어 떠나간아내까지 보여주며 참친절하게 주제를 강조한다...여기서 또 주제교육.....겁나 친절한영화다...지나치게...,5,0
361,그 어떠한 영화보다 인류에게 한 인간에게 필요한 영화...,9,1
362,절대 보지마세요. 돈 아깝고 시간 아깝고  절대로 안봐도 되는 영화,1,0
363,세상에 진짜 드럽게 재미없다......... 그래비티 한번 더 보는게........,1,0
364,아..진짜 지루해서 몸이 베베 꼬였음ㅠ,6,1
365,보는내내 소름ㄷㄷ 보고나서도 여운이 남음 간만에 본 좋은 영화!,10,1
366,브래드 피트의 연기력과 함께  우주를 체험한 느낌.. 메시지도 있고 너므 좋았음,10,1
367,같은 소재를 다룬 다른 SF 영화들에 비해서 분위기가 매우 어둡고 무겁다.  인터스텔라와 그래비티를 섞어 놓은 듯한 느낌을 준다. 그러나 개봉 전의 기대에는 많이 못 미치는 듯 함.,6,1
368,소중한 사람에게 사랑과 온기가 있는 말을 해 주고  타인을 올바르게 보며  함께 어울려 살 것 . . .,9,1
369,"브래드 피트와 토미 리 존스의 얼굴 자체가 부자관계같은 느낌이었다 아버지를 존경하면서도 그의 부재를 애써 부정하지만,  그리워 하며 지구(?)에 현존하지 않는 아버지를 찾아가는 여정은 대서사시 특히 달기지, 화성기지, 그곳에서 명왕성(사실 미국 입장에서는 해왕성이 아닐까)에서 아버지를 만나는 모습은 감동적이었다 담담한 독백들은 깊은 울림을 주었다",8,1
370,우주 배경의 영상미가 소모적으로 쓰인듯 하지만 심리극으로 보자면 나쁘지 않다.,6,1
371,눈이 즐거운 영화였어요,10,1
372,우주영화중 탑급임 ㅋㅋㅋ,10,1
373,우리의 미래,8,1
374,행복은 찾아가는 것이 아니라 바로 지금이다.,9,1
375,그래버티 생각하고 절대 보지 마삼. 더럽게 재미없슴. 브래드피트영화중 최악으로보임.,4,0
376,우주가 인간에게 가지는 의미의 재해석,8,1
377,브래드피트나 타미 리 존스라는 명배우를 두고  이런식으로밖에 연출은 못하는 감독의 역량부족을 느낀 영화였음.  주인공의 내면심리갈등묘사는 단순하고 기계적느낌이 나서 어색했고   주인공에만 비중이 몰린 나머지 조연들은 아무런 비중도 존재감도 안느껴지고 아무리 좋게 점수주고 싶어도 점수를 줄수가 없는 망작임,4,0
378,무슨 내용인지 전혀 모르겠어요 ㅠㅜ  액션도 눈물도 재미도 아무것도 없는 영화,1,0
379,우주영화 좋아해서 재밌게 봤어요,10,1
380,애드 아스트라는 우주를 정말 좋아하는 사람이 보면 상당히 좋은 영화인듯하고 상업적인 재미를 기대한다면 실망할듯. 나는 즐겁게 봤음. 오늘 함께 본 관객들이 다들 우주를 사랑하시는 분들 같았음.  조용하게 우주여행 잘했음ㅋㅋ,10,1
381,이건 뭐 ....,0,0
382,인터스텔라는 재미괜찮았는데 이영화는 재미는그닥 영화로서마 우주관광 하고싶으면 봐라 ㅋㅋ,5,0
383,리브타일러가  마누란데 우주에서 방황한다는게 미친짓이지,5,0
384,제발 진심이에요 처음 평점남겨요 10점 주는 알바 많네요 네이버보다 다음이 그래도 사실적이네요 라스트갓파더급 우주영화 분노원숭이 3마리 중 2마리는 영화에 한마리는 그걸 보는 나 ,1,0
385,긋! 스케일은 큰데 시종일관 고요하고 적막해서 더 맘에들었던 영화네요. 스펙타클함 때문에 SF 영화를 좋아하시는 분들은 싫어할수있어요~그치만 전 좋았네요!,10,1
386,살짝 지루할뻔했지만 보는 내내 우주여행을 한것 같았어요 마지막 교훈까지 펄펙. 인터스텔라와 다른 결의 영화인것 뿐이지  절대 뒤지지 않았습니다.,10,1
387,브래드피트 다음 영화를 기대할께요~ 이번은 아닌거 같아요.,3,0
388,"내가 우주에 간다면, 느끼는 건 인터스텔라가 아니라 애드 에스트라겠지.",10,1
389,"인터스텔라보다는 그래비티에 가까운 영화. 그래비티확장판 정도? 뭔가있겠지 기대하면서 보지만 끝까지 브래드피트 1인극. 철학적으로는 동의한다, 멀리서 이상을 찾지말고 가까운데서 행복과 사랑을 찾아라 브래드피트 주름살이 아름다워 1점 더",7,1
390,어른 성장 영화  마침내 철들다  로드무비인데  로드가 우주야,5,0
391,너무 지루함.무슨 얘기인지도 모르겠음.영화비가 아까웠다.,3,0
392,기대이상 인터스텔라정도의 철학 난 전혀 지루하지 않았음,9,1
393,"밤에 관객없을때 조용하게 봐서 영화를 더 인상적으로 볼수 있었음. 몰입도도 좋았고 좋은 영화, 재밌는 영화임. 많이 생각하게 하고, 많이 생각해 볼수록 얻을게 많다.이런 영화는 봐야함. 우주 영화는 다 재밌는듯.",10,1
394,두 부자의 나이가 현실적으론 좀 많긴하지만.... 재밌었어요. ,9,1
395,재밋어요 ㅎ,10,1
396,좋은 영화입니다.  꼭 보아야 할 영화라고 호들갑을 떨 정도는 아니지만 왜 미련하게 뭘 쫒으며 이렇게 사는지에 대해서 잠깐이나마 생각하게 해줍니다.  삶에 대한 잔잔하지만 의미있는 한 권의 책을 곱씹으며 읽는 기분이랄까.,10,1
397,"누가 재미없다고 했어.~ 재미,감동,교훈.최고 영화입니다.  처음으로 여기에 글 남깁니다.",10,1
398,잘 만든 영홥니다.,10,1
399,상처 받은 기억에 소외되고 마음을 닫아버린 한 인간의 내면을 우주로 의인화시켜 심연의 우주여행으로 숨겨진 내적 갈등을 풀어내는 제임스 그레이의 우주판 모노드라마.,9,1
400,인생 영화다. 오락적인 요소도 적절하고 SF상상력도 굿,10,1
401,사랑한다고 말할 수도 없는 저 먼 아버지,8,1
402,"사람들마다 개인차가 있겠지만, 정말 2시간동안 몰입해서 재미있게 보았네요...",10,1
403,해왕성=Neptune=Poseidon  토성=Saturn=Cronus  Lima(페루)는   프로그램  파괴-  지구인류들이  깨달을수  있네요-찾으려고  찾을수  있는것이지 않다는-,10,1
404,"아니 지루하기 전에 스토리, 연출이 개판임 감히 그래비티나 인터스텔라랑 비교하지마라  겉멋만 든 감독 빠는 애들 수준수준 거리는데  이영화 딱 한국형 신파 수준이더라",2,0
405,한글이 잠깐 나오든데.... 잠시 잠깐 졸았음. ... 마눌에게 혼났음,6,1
406,전혀 지루하지 않고 삶에 대한 깊은 울림이 있어 좋았다... ,10,1
407,"전체적으로 영화는 인터스텔라와 스페이스 오딧세이 같은 느낌을 줌.  분위기는 전반적으로 괜찮음.    다만 인물관계의 설정이 조금 약하다 보니 주인공과 고뇌, 아버지와의 설정이 약해보였음.  그럼에도 이런 영화 괜찮다고 봄. 마블영화의 범람으로 질릴대로 질린상태이니까.",8,1
408,진짜 넘------------------ 지루함.,1,0
409,인간은 지구에 살도록 만들어졌다.저곳엔 아무것도 없다.허무함만 느낄뿐.. 이 영화는 누군가에겐 수면제..누군가에겐  깊은울림이다.,9,1
410,잘만들었고   연기도 좋았고   내용 철학도  좋았다 한번더 보러 가야쥐,10,1
411,밤 끝으로의 여행,7,1
412,"상업영화가 아니라 예술영화입니다.  1시간30분이라는 시간이 주인공 마음처럼 아주 답답하고 갑갑해서 지루합니다.   마지막은 자신의 벽을 부수면서 통쾌하고 영상이 아름다움, 생각을 하게 만드는 영화",7,1
413,별점 많이주면 지가 뭐 대단한줄 나대는  별충이들 꼬리지하고는.  지들 생각하고 다르면 깍아내라고 욕하느라  바쁘지? 니들 인성수준이 그렇게 낮은거야  그냥 니들이 좋았으면 영화 칭찬이나해라,0,0
414,화려한 비주얼에 취하고 무미건조한 인과 관계에 잠든다.,6,1
415,결국 아무것도 없다는 건가? 광활한 우주를 보는 것으로도 경이롭지만 영화의 정체성은 약간 괴랄스럽다. 브래드의 내면 연기가 뛰어나다. 특히 토미 삼촌... 역시... 마스터~,6,1
416,스토리성 보단 교훈성을 주는 영화. 지루하다고 하는분들은 애초에 sf를 보지를 마셈. 니들 수준으로는 이해못함 ,7,1
417,"긴장감이 부족하고, 이야기의 흐름이 좀 지루함.",5,0
418,브래드피트의 내면연기에 홀딱 반했다. 걍 내내 숨죽이고 봤는데 놀랍게도 뒷편에서 드르렁 거리며 코고는 소리가.. 헐~  ,9,1
419,심리표현 / 심적연기 /볼거리 좋아요,9,1
420,"우주를 보고,우주를 알고자하는 이유는 바로...",10,1
421,"in a society where technology is getting far and far more advanced, a lot of interesting elements can be found in this film",9,1
422,살아서 천국 다녀온 느낌이랄까 ㅋ,10,1
423,정말 오랜만에 푹 잠이 들었네 !!!,0,0
424,본인이 수준이 낮다고 생각하시면 보지마셈.수준높은 명작임,10,1
425,개노잼,1,0
426,아오 ㅡㅡ,4,0
427,지적 수준이 낮은 사람이 볼 영화는 못된다,9,1
428,없는것을 찾아 헤매느라 곁에 있는 것을 보지 못한다는게  와닿았다  눈썹까지 연기하는 브래드피트의 모습도 인상적이었다,10,1
429,광활한 우주를 무대로 한 브래드 피트의 내면 심리 드라마,5,0
430,우주는 왜 있는지 인간은 어디서 왔으며 무엇을 위해 존재하는지 모든 것이 왜 있는지.. 신이 있다 해도 그 이유는 찾을 수 없을 것이다.  이 영화는 내가 평생 찾을 수 없을 것 같던 무언가에 대한 갈증을 풀어줬다. 원래 존재의 이유 따윈 없는 거라고. 완벽하게 이해하게 해주었다.,10,1
431,지루하다,1,0
432,현실적임을 추구했으나 현실적이지 않은 SF,5,0
433,현실적인 우주영화  달기지나 화성기지같은 장면이나 월면차 싸움씬등 신박했다 몇년뒤면 저리될거같은 비행기같은 달여행  조금난해한거랑 주인공 무적스토리는 조금아쉽  카우보이비밥같은 우주배경에 스페이스오딧세이 같은 느낌,9,1
434,"과학  조금..   액션 조금... 심리, 에고 에 영화라서, 청소년들 에게는 점수가 낮을것 같음.",8,1
435,"무성영화에서 브래드 피트가 변사 역할하는 영화. 내 인생 최악으로 SF라는 단어를 붙일수가 없음. 그나저나, 진짜 알바 많네요. 이런 쓰레기 영화에 평점이 후하다니...",0,0
436,좀 어렵지만 교훈있는영화,10,1
437,"피트형 연기는 좋고, 우주 그래픽도 좋지만 전개가 잔잔.. 느리고 좀 지루해요. 그래도 끝에 교훈은 있음",6,1
438,"영화 한편 만들면서 뭘 그리 심각, 심각, 심각   심각한 얘기를 산뜻하게 풀어내는 것도 능력아닌가 보기 힘들었다",4,0
439,평점 주작하지말자  딱 9.5 정도의 영화였다.,9,1
440,SF 영화를 생각하고 가신다면 절대 가지마세요.,6,1
441,"인터스텔라보다 더 멀리 가고 그래비티 보다 위기가 많은데 마스 주인공 보다 더 내면적으로 복잡하면서도 심박수는 침착한 주인공이어서 일까...  옆자리 아저씨 코고는 소리에 나까지 자고 싶었다.  그래도 끝까지 보고 나면 달, 화성, 목성, 토성, 해왕성을 거쳐 태양계 전체를 여행하고 온 느낌이 들어서 뿌듯하다. ",6,1
442,중고생들 보세요,4,0
443,돈아깝고 시간아깝고 이 영화 예매하기 전으로 시간을 되돌리고 싶다. 이걸 끝까지 봐버리고 개봉을 기다려왔던 내가 밉고 너무 억울하다. 어디 하소연할 데도 없고 답답하다. 작중 브래드 피트가 딱 이런 감정이었을지도... 적어도 SF좋다고 훌쩍 보러가는 나같은 사람이 없기를 바라며 리뷰를 남긴다. 영화는 개연성 전무한 부자 정신병 전세계적 민폐 살인 자살쇼에 관한 내용을 담고 있다. 뭔 개소린지 모르겠음 그냥 보질 마셈,2,0
444,영화도 아니다 0,0,0
445,정말 이런 영화는 오스카상 그외 모든 상을 다 받아도 된다고 봅니다 이 영화 졸립다던가 지루하다던가 이렇게 얘기하는 사람들인 다 영화를 모르는 사람들 입니다,10,1
446,광활한 우주공간 탐사원의 거듭난 인생관 제출(Submit)을 목격하다 !,9,1
447,졸리다ㅜ ,4,0
448,"그리 멀지않은 미래의 이야기. 43억5,785만 km 넘어가서 확인한 잔인한 진실의 영와입니다. 소프트한 SF영화라고 할까. 브래드피트의 연기는 정말 뛰어납니다. 영상미도 아름답고요.  전 인터스텔라보다 더 몰입해서 보았습니다. ",10,1
449,납득 가는 부분이 일도 없다 다보고 화 났다 본전도 못 건질걸로 예상,0,0
450,상 많이 받았다던 넷플릭스 영화 '로마'를 재밌게 보신 분이라면   '애드 아스트라'를 꼭 보시라. 그런 취향에 딱 맞는 영화다.   졸려 죽는 줄 알았다. ,1,0
451,우주공간을 활용한 근본에 대한 질문,10,1
452,재미남,10,1
453,재미있게 잘 보았습니다.,9,1
454,조조로 봤더니 너무 졸려!,6,1
455,"2019년에 히치콕(현기증,북북서로진로를돌려라)과 큐브릭(2001스페이스오디세이)이 만나 sf영화를 만든다면?",9,1
456,기다림!,10,1
457,브래드 피트의 척선을 살아있다,9,1
458,액션이나 재미로 본다면 보지말고 인간의 고뇌.... 잔잔한  우주를  볼려면 보세요  우주 과학관을 다녀온 기분...,9,1
459,브래드피트 인생캐 각이다bb,10,1
460,빵형 믿고 봅니다,10,1
461,꼭보고싶은영화,10,1
462,엄청 잼있을 것 같아요 ,10,1
463,A,0,0
464,우주 영화중 최고였어요,9,1
465,거기다 토미리존스 아닌가,9,1
466,사탄 메독스가 졸리를 세뇌시켜 계속 아빠들을 갈아 치우게 만든다든 사실 다들 알죠? 애라고 순수하다고 여기면 안됨. 입양아들은 머리가 두개 달림.,10,1
467,기대된다 ㅎ,10,1
468,간만에 취향저격 꼭 보고 싶습니다.,10,1
469,드디어 나올게 나왔다  여태까지 그가 우주SF 안나온게 이상할정도니까  연기력 카리스마 지성미 야성미 뭐 하나 부족한게 없는 1인 그냥 보는거다 이런건 ,10,1
470,"삶을 지배하는 마음 속 깊은 곳 고뇌의 근원을 찾아가는 여정은 흡사 홀로서 미지의 우주를 떠 다는 것과 같다.  마음 속의 짐을 덜고 나서 얻은 결론은, 남의 짐도 지고 나의 짐도 나누면서 없는 것을 찾지 않겠다는 것.  정말 인간 심리와 우주에 대한 여정을 망라한 수작.  이 영화가 재미 없다고 하는 사람들은 우뢰매를 보는 게 낳을 듯. ",10,1
471,해왕성 가는데 목성과 토성을 바로옆으로 지날 가능성은 거의없는데 그걸 이영화는 해냅니다. 우주선에서 다른우주선으로 장비없이 되돌아 가는것 보고 너무 어이없었다...우연의 연속성...,1,0
472,이게 영화냐?,0,0
473,막판에 방패 하나 들고 맨몸으로 해왕성 띠 통과하는 데 진심 얼척없음 ㅋ,5,0
474,1점도 과한 영화. 지루함에 휴대폰인터넷을 보게 만드네요. 결국 우리는 보다 말았다,1,0
475,"난 리틀 오뎃사 이후 늘 이 감독에게 속아왔다. 솔직히 너무나 많은 기대와 응원을 했지만, 그후 영화들은 다 개똥이었다. 미국 사회 안에서 스토리텔링을 찾지못하고 먼 미지의 정글로 여행을 떠나 미아가 되어버리는 영화를 찍더니, 이번엔 우주로 나가 방황하는 영화가 되어버렸다. 이 감독은 더이상 자신의 색을 찾지 못하고 고민만 털어놓은 감독이 된 것일까? 자신의 색을 찾지못하고 그럴듯한 오딧세이아적인 여정에  테렌스 맬릭의 감성과 기교를 덧칠해놓는다. 물론, 영화는 진공상태에서 어물어물거리는 나레이션으로 일관하면서 그 어떤 감동도 주지못하고, 맬릭의 영화처럼 철학적 사유도 이끌지 못한다. 결국 한다는 말이... 우주의 겉멋에 속지말고, 니 처자식에게나 잘해라?????",5,0
476,"영웅에서 공공의 적으로... 온 인생을 걸은 일이 실패 했다는걸 받아 드리지 못하고 끝내 난장을 피우는 아빠 그 난장을 치우는 아들 광화문에 태극기 두른 노인들에게 보여주고 싶은 영화 지난날 훌륭히들 살아오셔서 준선진국이된 지금의 대한민국  만들어 놓은 영웅들 이신거 알고 있으니 이젠 놓을때도 되셨으니 난장 고만치고 받아드리시고 미래는 미래를 살아갈 후손들손에 넘겨줌이 어떨지..,",10,1
477,참 의미없다.,5,0
478,브래드피트의 독백이 너무 좋았고 우주에 대한 광활함을 잘표현해서 좋았다,8,1
479,왠지 새롭고 잼있었다 소리가 전달되지 않는 우주라는 상황에 맞게 위급한데도 아리러니하게 잔잔하다 심박 80을 넘지 않는 주인공 로이의 성격을 대변하듯 나레이션도 마찬가지다 겉으로 아버지를 존경하지만 임무에 미쳐 가족을 버린 아버지 아버지를 닮은 성격에 스스로 괴로워한다 마지막에 아버지로의 진심을 들었을때 눈물을 흘리며 올라가는 장면이 찡하더라 삶을 같이하는 가족과 친구가 있다는게 얼마나 소중한지 깨닫게 된다,9,1
480,잔잔하고 좋네요.  블레이드 러너 분위기...,8,1
481,우주 영화를 헛점 투성이로 만드는 건 과학과는 전혀 연관 없는 인물의 감정선인 경우가 대부분인데  감정을 싹다 잘라먹음으로서 가장 그럴 듯 한 우주여행기를 만들어 냈다.  근데 감정의 묘사가 이 모양이면 그냥 그림을 봐도 되잖아.,2,0
482,그냥 허탈한 웃음만 나오는 밍밍~~한 영화.,1,0
483,"내면의 심연, 우주와 같은 광대함과 결락, 그안에서 내 자신을 발견할 수 있을까. 희망적인 메시지를 설득력있게 들려준 작품. 때로 작품은 물음표 하나에 불과하다고 느껴질 때가 있다. 그리고 이제 이야기의 시작은 관객스스로 해나가야 한다는 깨달음.  ",9,1
484,너무 좋은데 평점이 낮네요..,10,1
485,"평점이 왜이래? 우주 전쟁영화가 아니잖아요? 저는 처음부터 끝까지 의문을 갖게 만드는 전개와 태연한 주인공이 계속해서 부딪히게 되는 긴장감 넘치는 상황들, 엔딩 그리고 메세지까지 너무 몰입해서 재밌게 잘 봤네요. 특히 워커홀릭이신 분들이 이 영화보고 생각을 좀 바꾸셨으면.... 인터스텔라 그래비티 마스 등에 이어 유명한 배우가 등장하는 우주 영화는 저를 실망 시킨 적이 없네요~",10,1
486,묘하게 잘 만든 영화,10,1
487,이런 영화를 투자 받고 만들어 낼 수 있는 헐리웃 리스펙,0,0
488,"참,  황망하다.   이런 허한 영화는 간만에 보네,  아,,브래드야,  ㅜ.",1,0
489,인생 최악의 영화..,1,0
490,개가 유영하는 영상찍어도 이것보단 재밌겠다,1,0
491,인터스텔라 짭,1,0
492,진짜 평점보면 머리나쁜 인간들 많네,8,1
493,"광활한 우주를 헤매어 찾은 단 하나의 진리, ‘가장 소중한 것은 이미 내 곁에 와 있다.’는 것. ",8,1
494,"영화를 심오하게 보는 사람이 많은 것 같다 간단하게 보자 재밌다, 현실적인 영화다",10,1
495,영화는 한순간도 관객에게 딴 생각을 허락하지 않는 상황전개와 적절한 미스터리를 조합하였고 관객에게 주는 철학도 배배꼬지 않고 직접적으로 전달하였다.  단순한 우주공상과학 영화가 아닌 현 시대를 사는 인류에게 주는 메세지를 던진 참으로 아름답고 생각하게 하는 영화가 아닌가 싶다.  멋진 연기와 영상미 그리고 웅장한 사운드로 무장한 아름다운 영화다~,10,1
496,SF New Age ,8,1
497,예고편에서 장대한 컴퓨터그래픽 을생각하신다면 예고편이 다임,2,0
498,어떻게 투자받았는지 궁금한 영화,1,0
499,은하철도999 브래드 피트판 ,1,0
500,자다왔네. 원숭이 나올 때 잠깐 깨고 근데 결론은 멋지더라,3,0
501,어이없다 ,1,0
502," 이영화지루하다는 사람은 음악과 영상미 심오함과 연기에 대해 논할 자격없다. 다시는 영화 안 보길 정중히 권하는 바이다. 그리고 피곤할 때 영화보러 가지 말아라. 영화에 대한 모욕이다. 제임스그레이 감독에게 경의를. 음악을 들으며 이렇게 소름돋기도 오랜만. 연기보며 이렇게 와닿기도 드물었. 영상미는 눈이부시는 호강. 별점 하나 준 사람들은 잠시 후 지옥의 사자가 방문할 거임.  언젠간 이 영화는 재평가 받을 것이며 테렌스 맬릭의 목소리를 더한 2001 스페이스 오디세이가 될 것이다. 현재의 imdb별점 7점은 갈 수록 8점에 가까워 다크나이트를 넘어설 것이다.  (Two Lovers, We own the Night도 꼭 보기 바란다. 감독의 또다른 걸작들이다.)",10,1
503,쓰레기영화 1점도아깝다,1,0
504,지루하고 잠이 오는 최악의 영화다 엑시트보고 다른 영화를 보니 전부 유치하고 시시해졌다 그냥 나쁜녀석들이 볼걸 내돈 돌려줘,3,0
505,허술한 플롯에 기술적 완성도도 떨어짐..그래비티 짝퉁 느낌 평점 높은 댓글은 다 배급사 직원이 쓴 거라고 보시면 됨,1,0
506,지루하고 남주캐도 노간지 ,0,0
507,영화(안본사람) 감상 보지 마요  분노원숭이 두마리  깔끔하게 비상착륙  탐사대원들 순삭 올킬  그래비티 한시간짜리 지구 귀환씬을 눈깜작으로 단축함  브래드 이번꺼는 데미지가  크다.  점점점 실망스러워  이제 걸러야되나 자문자답,1,0
508,정말 재미있게 보았어요~~~ ㅡ ㅡ;  (나 혼자 죽을순 없다...ㅋㅋ),10,1
509,브래드원맨쇼다 너무지루,0,0
510,최악,0,0
511,망치면?,10,1
512,F,0,0
513,브래드피트 영화는 다 개망작 쓰레기들임,0,0
