﻿,document,score,label
0,"주연들에 대한 배경이나 심리에 대한 묘사가 좀 부족하단 느낌을 받았습니다. 호다카가 도쿄에서 온갖 고생을 하면서도 가출을 굽히지않는 이유라던가 히나와 부모님에 관한 얘기도 없다시피하는 등 주연들의 캐릭터성이 좀 더 심층적으로 표현됐으면 어땠을까하는 아쉬움이 남습니다. 히나도 아버지, 어머니의 역할을 혼자 이어받게 된 소녀가장으로서 정신적으로,신체적으로 몰린 묘사가 더 자세히 표현되었으면 어떨까싶네요. 오히려  조연인 스가가 주연들보다 심리묘사가 잘된거같단 느낌을 받았습니다. 세계관 내 판타지에 대한 룰도 ⟨너의 이름은⟩의 경우 몸바뀜을 경험하면서 자연스럽게 주연들이 꿈에 대한 룰을 깨닫거나 히토하가 집안이 만드는 매듭을 인연에 빗대어 설명하는 등 자연스럽게 소개받는 느낌이었는데, 이번 영화에서는 할아버지가",5,0
1,ㄴ ㅏ는 이런 영화가 나와주는 것만으로도 너무 좋다 너무 재밌고 아련하다,10,1
2,너의이름은 타키가 특별출연 하였네요,10,1
3,스토리가 너무 빈약하다. 개연성이 부족하여 뜬금없는 장면들이 자주 연출되며 사건 구성과 진행도 억지로 끼워 맞춰서 시간때우는 컷수 늘리기라는 느낌을 강하게 받는다. 감독이 의도하는 메시지도 전혀 전달되지 않으며 전달하려는 메시지가 있는지도 의문이 들 정도이다. 미야자키 하야오의 뒤를 잇는 사람이라 하여 기대하고 봤는데.. 정말 많이 부족한듯하다. 적어도 미야자키 하야오의 작품은 재미와 감독의 메시지는 확실히 대중에게 어필하고 있다. 신카이 마코토가 미야자키 하야오의 뒤를 잇는다는 말은 아직은 시기상조인거 같은 느낌이 든다.,1,0
4,너무 재미있어요ㅠㅜ 진짜 강추입니다 제 인생 영화 할게요,10,1
5,"평작이라서 6점, 개인적으로 신카이마코토에게 기대한 정서가 나오지 않아서 1점 더뺌. 3분짜리였던 '그녀와 그녀의 고양이'에도 미치지 못한다고 생각.",5,0
6,"힘든 상황이지만 긍정적이고 남을 돕는 착한 여주 그런 여주의 좌절과 고통을 바라보는 남주 나약하지만 OST 제목처럼 사랑 하나만으로 여주를 지키는 남주 남주의 의지, 절규, 간절함, 그리고 때묻지않은 순수한 사랑을 느낄수있는 최고의 영화",10,1
7,소년의 마음이 너무 맘에든다,9,1
8,기대에는 못 미치지만 영상미는 괜찮은편.... 처음과 끝이 뭔가 아쉬움,7,1
9,애니 에도  일본인 특유의 오버가 있다.후반부가 다소 아쉽내요,6,1
10,혹독한 자연환경 속에 사는 불쌍한 섬나라 아이들의 환타지.  ‘인간제물’로 해결하려는 일본의 못된 습성 버렸으면 됐다. 잊지마라. 사람이 먼저다.  그나저나 신카이 마코토의 앵글은 정말 예술이다.,7,1
11,역시 믿고 보는 신카이 마코토님.. 솔직히 너의이름이 넘사라 기대안하고 봤는데 제가 잠시 미쳤나봅니다.. 더 멋진 작품으로 돌아오셨군요 각자만의 이유로 가족의품을 떠난 미성년자들이 스스로 씩씩하게 살아가는 모습이 너무 와 닿았고 너무슬펐습니다.. 전 지금도 영화관에서 보지못한것이 너무 한이됩니다.. 재개봉했을때도 안간 제가 정말 밉네요..,10,1
12,내가 본 애니 중에 1위다... 너의 이름은 보다도 더 재밌었다. 후유증이 남을것같다...,10,1
13,작화 수준도 대박이고 줄거리도 평균 이상이에요 강추!!!!,10,1
14,"정말 시나리오 이런걸 가지고 처음에 시작했다는 것부터 이해불가... 개연성도 없고 이유도 없고 하고 싶은 말도 모르겠고 설정도 엉망에 ... 참으로 실망스럽네요.. 단지 일본풍 배경과 빛 표현 아트만 돈들여서 찍은 느낌,. 청소년 사랑 감성은 그대론데 그것 말고는 딱히 느끼는 점오 없이 시간만 지루하게 갑니다. 너의이름은 보고 기대했다가 수준 떨어져서 못 볼정도네요.",1,0
15,"애니메이션 퀄리티, 영화가 사람들에게 전달하고자 하는 의미까지 잘 만들었다고 생각함.",10,1
16,처음으로 10번이상본 영화입니다 추천드립니다!,10,1
17,너의 이름은 과는 달리 여주 와 남주가 있는시간이 더 많아 좋았고 진짜 인생 영화 입니다 볼까말까 고민한게 후회 됩니다.강추 입니다,10,1
18, ㄹㄱㄴ,10,1
19,"역시 신카이 마코토 화면은 부족함이 없다. 내용적으로는 와 닿지가 않아서 지루한 감은 있다. 감독의 주된 작품주제가 사랑인데, 이 작품에서는 초속5cm의 애절한 사랑이 느껴지지 않음.",7,1
20,"어디서 꼭 본 듯한 느낌이 들어 감독의 전 작품을 보니 너의 이름은 이 있었네. 그것도 공간과 시간의 내용이 있었던 것 같은데 이 또한 그런 느낌. 근데, 사실 정서적으로 딱 이해가 되는 그런 식의 영화는 아니었던 것 같음. 즉, 전작에 비하면 좀 부실하다는 느낌. 그냥, 약간 비현실적이면서 이국적인 청춘물을 보고 싶다면 한번쯤 보라고 얘기하고 싶은 정도.",7,1
21,불꽃놀이 부분 이쁘고 너무 좋았어요... 그렇지만 줄거리는 조금 생각했던 거랑 다르네요 그냥 지루하지 않게 보았습니다.,7,1
22,"龍頭蛇尾 작화는 원작자의 스타일이 있어서 예상됐었고,  소재는 좋은데, 그것을 끌어가는 연출의 역량부족을 느껴서... 뭐라 할 말이 없다.  킬링타임용이라고 생각하고 봤는데, 그것조차도 안되는 감상.  이제는 그들의 작품들이 상상을 넘어 너무 작위적이라서.  몇 번이나 돌려 봤는데, 볼수록 저평가 된다.",2,0
23,"눈과 귀 호강은 했다만, 정서 자체가 낯설다....",5,0
24,한국은 이런 스토리 정도의 애니도 못 만들어 내고 만들 수 있더라도 투자하는 사람이 없는데 먼 전문가나 되는양 말들이 많은지 모르겠다. 일본 ♬~ 나도 졸라 싫어하는데 잘못된건 까더라도 잘한건 인정해 줘야지.. 암튼 너의 이름은 느낌이 물씬 나서 좋았다.,9,1
25,중2병,5,0
26,"자기 복제에 실패한 감독, 그 능력에 대한 의문점만이 남는다.",6,1
27,특유의 작위성이 돋보이는 신카이 마코토의 세계관,5,0
28,작품의 완성도는 뭐 그럭저럭인데 영화 중간중간에 삽입곡 타임이 영화의 감상을 해칠만큼 많다.  감독의 종특인것 같은데 그점은 고쳐야할것 같다.,4,0
29,코로나덕에 흥행에 성공한 괴작 너의 이름은 10%도 못미치는 븅딱 만화,0,0
30,노잼에 억지감동 돈낭비 시간낭비 10점 준 사람들은 알바인가 아니면 이런 영화 수준에 맞는 정신연령인가,0,0
31,점점 시시해지네 걱정이다,2,0
32,개봉 당시 불매 운동중이라 보지 않았지만 코로나로 인해 재개봉 해서 고민끝에 보게됨 너의이름은 너무 인생작이라 이번 작품도 기대를 했지만 너무 재미 없고 내용도 억지스럽고 별로였음,4,0
33,역대급.망작 그냥 이걸로 표현가능,1,0
34,과도기란 찾아볼 수 없는 영원한 중2병 같은 스토리. 억지스러운 소재와 극적으로 밀어내는 음악이 거부감처럼 당연하다면 이건 당연히 신카이 감독작품.,7,1
35,빗방울이 떨어지는 장면이나 아스팔트에 물이 차는 장면이나 빛이 비추는 장면 과 같은 영상미는 일품.그리고 OST도 인정.하지만 중간에 불꽂놀이 장면에 뭔가 어색한 3D같이 표현한 부분은 작화의 옥의 티.스토리 계연성 드라마의 진행등은 별로였음.특히 남주가 왜 가출을 하게 되었는지 토쿄에 왜 비가 오게 되었는지 등의 설정에 대한 설명이 없어서 답답험.표현 방식도 극의 중간에 가사가 있는 노래가 나오다가 가사가 끊기고 격정적인 대사가 나온다던지 하는 것 등은 너의 이름은과 판박이라 신선할 것이 없었네요.중간에 15세 여주가 변태와 함께 모텔 들어갈려던 장면도 불필요해 보이는 불편한 장면이었네요.,6,1
36,2점 정도 주고 싶지만 생각보다 높은 평점이 형성되어 있는 것을 보고 0점 던집니다... 이 시국 다 떠나서 기대하고 보러갔는데 ...,0,0
37,날씨의 아이가 아니라 광고의 아이냐?? 장면마다 간접광고 투성이에 내용도 빈약 ...... 재패니메이션도 정말 끝이구나,1,0
38,"너의 이름은이 너무 대작이라 그렇지 날씨의 아이도 너무 재미있었음 호다카와 히나가 안일한 어른들과 편견 있는 사회 속에서 성장해가는 모습을 보며 눈물 펑펑 흘렸다 스토리가 다소 불안한 느낌은 있었으나 불안정했던 호다카와 히나의 모습을 나타낸 것은 아닐까 싶었다 너무 과몰입인가? 신카이 마코토의 작품은 여운이 길게 남음, 책이든 영화든 위에 말했다시피 너의 이름은 더 위를 원하는 사람이 날씨의 아이 보면 실망할 수도 있다고 생각하나, 그래도 한 번씩 보는 것을 추천",10,1
39,결국 '나의 결정이 옳았어  이세계  어쩌구 저쩌구 ' 중2병 아..,4,0
40,아주 좋아♡♡,10,1
41,믿고보는 감독님.. 보면서 눈물 1년치 다흘렸네요 다음 작품도 기대할게요☺️,10,1
42,의외로 끝까지 집중해서 보았음~어른 같은 아이들 이야기...,8,1
43,아들은엄청재밌다함 난그거에못미침,6,1
44,신카이마코토 감독 작이라 너무 기대 했나보다,7,1
45,네 애니메이션  은    아직 일본이네요    거의가  기본 7점  이상은 하네요,7,1
46,키미노나마에와. 드래곤볼의 프리더 셀 마인부우 다른 이름 같은 내용.,1,0
47,이건 아니잖아요... 이런 스토리를 그 인력과 노력을 들여 그런 아름다운 영상으로 만들 필요가 있었나요?,3,0
48,함께 있고 싶은 사람을 만나게 될 수 없을 지도 모른다는 불안감은 10대 남자 아이의 우주를 흔들 수 있는 감정이다 전영소녀 비디오 이후 오랜만에 느끼는 감정인 것 같다. 책임이 없는 젊은 세대에게 넌 비를 그치게 하는 재물이니 우리를 위해 세상에 헌신하라는 요구는 더 이상 그만 둬라. 좁게는 일본에게 넓게는 이 모든 세상에게....세상은 만나고 싶은 사람을 만나지 못하게 한다면 아무런 의미가 없으니까 그보다 더 큰 존재 이유가 없다.,10,1
49,재밌어요,10,1
50,PICASSO 다녀감,10,1
51,영원히 성장하지 않는 틴에이지 감성의 판타지. 스스로 만든 판타지 설정에 진심을 다한다. 음향이 주는 감성이 매우 좋다.,7,1
52,내 생애 가장 아름다운 장마를 보았다,10,1
53,무난하다 못해 밋밋한. 영상미 혼자 끌고가려다 지친꼴,6,1
54,기대 이상,10,1
55,힐링물 초중반 좀 지루 할수도있음,10,1
56,"영상과 음악이 너무 좋았고, 특히 극 내용과 부합하는 노래가사가 많은 감동을 주었습니다. 스토리 개연성이 다소 빈약하긴 하지만 특이한 소재로 간절한 인연을 그려내어 참신했어요. 마코토 특유의 도시의 어두운 면과 그 도시를 힘겹게 살아가는 소외된 사람들의 내면을 담담하고 사실적으로 얘기하고 있는 좋은 작품이네요~",9,1
57,타키와 미츠하 특별출연으로 8점.,8,1
58,굳,10,1
59,그래,6,1
60,모든 일 특히 사랑은 무모한 도전이 필요하다 그래야 후회하지 않는다 너의 이름은 만큼은 못미치지만 작품자체는 괜찮은 편이다,8,1
61,맑음 소녀 하나가 꼭 돌아오기를.... 스토리자체는 신기하나 지루함이 견디기 어렵다.,6,1
62,"너의 이름은, 언어의 정원이 짬뽕된 중2 감성수준의 영화... 그래도 재밌게 봤음.",8,1
63,에반게리온 파의 순한맛이네요.,8,1
64,재밌어요,10,1
65,"신카이 마코토 감독도 슬슬 한계에 다다른 듯 하네요.  초속5cm, 언어의 정원 때처럼 가슴을 울리는 감성은 없고, 진부한 스토리에 어설픈 개연성. 음악도 과거에 비해 좋은지 잘 모르겠음.",4,0
66,착한 동화 예쁜 영화,10,1
67,너의 「괜찮아」가 되고 싶은게 아니라 나로 인해 니가 괜찮아지면 좋겠어 -호다카-,10,1
68,찡하다,7,1
69,명작인지는 모르겠으나 수작이 되기엔 모자람이 없어 보인다. 신카이 마코토의 작품 중에 두번째 별이 될 좋은 작품이라 생각된다. '너의 이름은'만큼의 이야기는 아니여도 여전한 작화와 더없이 잘맞는 OST는 박수받을만 한 것 같다. ,7,1
70,"한국에서 기생충이 나올 동안, 일본도 손놓고 있었던 건 아니었구나. 일본이 잘할 수 있는 걸 딱 일본 스타일로 풀어냈다.",7,1
71,처음 시청했을 때에는 그저 판타지 로맨스의 관점으로만 보았다. 하지만 여러 해석과 감독의 인터뷰 대답들을 찾아본 후에 전혀 다른 관점에서 이 영화를 보기위하여 구매해서 보았다. 현재 일본의 사회가 어떤 상황인지 알 수 없어 영화를 보는 중간중간 사회가 어떤 상황인지 무엇을 비판하고 싶었는지에 대해 직접 찾아보며 그저 로맨스의 관점으로만 보았을때에는 이해되지 않았던 요소들이 무엇을 상징하는지 보이게 되었다. 물론 이렇게 많은 정보들을 찾아보아야 이해가 되는 영화를 좋은 영화라 할 수 없을지도 모른다. 하지만 많은 정보들을 찾아본 후 이 작품을 감상했을때 장면 하나하나가 담은 의미가 심도깊고 무언가를 전달한다는 사실을 알 게 되었고 그것이 와닿았기에 높은 점수를 주고싶었다.,8,1
72,영상미 음악 작화  역시 신카이마코토,9,1
73,...,7,1
74,앞부분이 빠진 느낌이라 조금 아쉽지만  그렇다고 몰입이 안 되는 것은 아니었고 그리고 여전히 영상미는 보는 내내 감탄하면 봤습니다  또한 마무리도 좋고 반가운 얼굴 봐서 아주 좋았습니다,9,1
75,진심으로 마음을 흔드는 그런 만화 영화의 등장입니다. 하늘을 여행하면서 벌어지는 재미있는 상상력이 더해진 만화라고 생각합니다!!!  꼭 보시길 추천 합니다!!,10,1
76,재밌다.. 갠적으로 너의 이름은보다..,10,1
77,작화10점  스토리5점 ost 8점,6,1
78,재밋서오,10,1
79,날씨의 아이는 제가 너무 재밌게 보고 감동적이여서 좋았네요 예전에는 너의 이름은을 5번이나 봤었는데 날씨의 아이는 퀄리티가 좋은데 뭔가 너의 이름은 보다 부족하다는 느낌이 들어요 신카이 마코토 감독님에게:감독님 완전 팬이에요 불매운동이라도 항상 응원할께요!!! 그리고 일본 도쿄에 건물들을 구현을 잘했어요 구현은 너의 이름은 보다 더 재밌게 봤네요 일본어를 못해서 틀릴수도있지만 적을께요 新海誠監督では元気ですか!!,10,1
80,      .....,9,1
81,.,10,1
82,감성에 젖어 볼수있었던영화.,10,1
83,Ost 작화 만으로 만점 가능,10,1
84,보다가 마지막에 울었다,10,1
85,"""그소년은 자신의 인생을 걸고 달려가고 있었다""",9,1
86,최고!,10,1
87,정말명작입+니다,10,1
88,이시국 끝남,10,1
89,이런건 어른들이 봐야되는데,10,1
90,기성세대에 반하고 희생이 정당한 히어로즘을 배반한 영화,10,1
91,"최근에 본 여오하 중에 최고네요!  일단 스토리가 너무 흥미진진하구요~  영상미까지도...   1주 후인 오늘 겨울완국2를 봤는데, 너무 비교되됩니다.",10,1
92,마코토 감독이 마코토했네요 ㅎㅎ,10,1
93,ㄱㅇㄷ,10,1
94,갸항,10,1
95,진짜 너무 좋은 영화였습니다! 이런영화 계속 나왔으면  좋겠어요,10,1
96,꿀잼~!,10,1
97,감독이 혐한이 아니고 한국을 비난한적도 없는 사람에게 왜 비난하는지... 반한이라 하더라도 우리에게 아무런 피해를 주지 않으면 상관 없는겁니다. 반한이면 안 좋고 친한이면 인 좋은 사람인가요? 영화평점은 감상평을 남기는 곳입니다. 이시국충들은 영화 보고 얘기하시길 바랍니다. 그리고 날씨의 아이 작품은 스토리 전달이 조금 부족했던 것 빼고전체적으로 좋았던 것 같습니다.,10,1
98,이제 다른 사람들보단 너 자신을 위해 기도해 ㅠ,10,1
99,넘 잼있게봣어요. 슬프기도 하고ㅜㅜ,10,1
100,역시 신카이 마코토 ,10,1
101,개인적으로 이 영화는 재개봉해야 한다고 생각함ㅇㅇ,10,1
102,이건 제개봉해야한다고생각합니다..,10,1
103,이시국 이라고 하는 사람들 뭐하는 놈들이지? 그냥 영화 일본이 만들었다고 별점테러하고 자빠져있네 영화평가는 니들이 좋아하는 사람이 만들었냐 아니냐로 따지는게 아니라 얼마나 잘 만들어 졌냐로 하는거에요 이시국 뭐라 할거면 좀 알고 뭐라 하세요 초딩들아 ^^,10,1
104,인생 영화 노래만 들어도 가슴이 아려옴 ㅠ,10,1
105,ㅅㅌㅊ,10,1
106,굿,10,1
107,이시국충들아 난일본좋아 ㅅㄱ영화개꿀잼이고 니네사상강요하지바라 버러지들아,10,1
108,정말 제미있게봤어요 노랴도 나와서 좋았어요,10,1
109,"문화를 경제,외교에 대입해서 보는 머저리들....",10,1
110,신선한 결말이었어요ㅎㅎ 음악도 좋고,8,1
111,"국가간의 경계를 떠나 예술작품에 대한 감상 자체는 관객의 자유다. 이 작품을 본다 해서, 보지 않는다 해서 비판받는 일이 없었으면 좋겠다.",9,1
112,굿굿 아주 좋소,10,1
113,흥행은 성공하지 못했지만 저는 개인적으로 재밌게 봤습니다. 비록 개연성이 처음 볼때는 부족해 보이지만 세세한 디테일이 보충설명 해주네요 감독이 집필한 소설도 있으니 관심있으신분은 꼭 읽어보시길 바랍니다. 3년뒤  나올 다른 영화가 기대되네요,10,1
114,ㆍ,10,1
115,이번 감독은 일본인이지만 우리나라를 정말 사랑하고 세월호 사건을 정말 슬퍼한 친한파입니다,10,1
116,Goodm,10,1
117,친한감독인데 이시국이 왜 나오죠? 이시국은 극우들한테나 하시기 바랍니다. 신카이마코토 감독은 혐한인이 아닙니다 그리고 불매는 자유인데 왜 별점 테러를 하는거죠? 덜배운 무개념 초딩들이 넘쳐나네요;;,10,1
118,역시 좋았어요 너의 이름보다 철학적 메세지가 울림이 훨씬 큰 영화. 눈물 참느라 힘들었어요. 노래가사 압권임.,9,1
119,재밌었고 작화는 넘사였다,10,1
120,되게 재미있었어요 근데 작화나 노래가 너의 이름은 이랑 비슷해서 조금 아쉬웠어요..,9,1
121,영화 기대가 많이 되네요,10,1
122,일본망해라,1,0
123,후반 씬은 압권이다. 빛의 천재가 선사한 작화만으로도 볼 만한 가치가 차고 넘친다.  다소 가벼운 초반씬만 제외하면 아주 훌륭한 작품이다.   소수의 희생을 강요하는 전체주의 일본정부를 향해 경종을 울리며 신랄한 비판을 가한 친한파 감독의 일본내 전무후무한 혁명적인 메세지는 가히 평가할 만하다. 무엇보다 중요한 건 재밌다.,9,1
124,무슨 말이 필요해.. 그리고 신카이 마코토 감독님은 친한파란다. 이거 본다고 매국노라고 하지마^^,10,1
125,왜 너의 이름은만 못하다고 하지?  취향일 뿐 좋은데. 스토리 부족한 건 나머지가 다 커버함.  감정을 가장 잘 담아내는 감독 중 하나.,10,1
126,최고의 사랑 영화,10,1
127,.,10,1
128,처음에 봤을 땐 몰입이 안되었는데 ost를 계속 듣다보니 또 보고 싶어서 두번째 관람을 하였습니다. 확실히 두번째에는 영상과 음악이 몰입되어서 더 감동이었어요. 노래가 계속 생각나네요. ,10,1
129,진짜 명작이다.,10,1
130,!!,0,0
131,안봤는데기대됩니다,10,1
132,안봤는데 빡쳐서 평점 남기러옴,10,1
133,매우 재밌었어요! 전 너의 이름은보다 더 재미있게본거같아요! 근데 너의이름은과 날씨의 아이 둘다 마지막이 좀 너무 애매해요ㅠㅠ 좀더 확실한 엔딩이였으면 좋았을텐데..,10,1
134,음악 작화 진짜돌음ㅋㅋㅋ,10,1
135,정말 만족스러운 영화였고 ost도 정말 듣기 편한 것같았다. 한가지 아쉽다면 ost가 너무 많이 쓰인다는것인것같다. 그것 빼고는 정말 완벽한 영화인것같다.,9,1
136,일단 너의 이름은 보다는 살짝 덜어지는 감이( 아마 여러가지를 말할려는 도전땜에 그렇다고봄)(원래 1세대라인은 뭔가가 아쉬운거..) .... 그래도 미친 고퀄에 ost는 말할것도 없고 ,9,1
137,"이시국이시국 거리는 밑힌놈들이 있는데 보고나 말하세요,일본꺼라고 전부 매국영화아닙니다.일본을 비판하는 내용도 있고 무엇보다 감독인 신카이마코토는 예전부터 친한파로 유명했습니다.알고 말하셨으면 좋겠고 저는 이 영화에 매우매우 만족하였습니다",10,1
138,결말에 담긴 감독의 메세지와 상징은 잘 알겠는데... 그걸 표현하는 이야기를 충분히 다듬지 않은듯 싶어 많이 아쉽다...,6,1
139,영화 꿀잼!,10,1
140,일본의 전체주의에 대한 감독의 경고!!,9,1
141,니뽄  애니 60프로는 비 신카이마코토 애니메이션의 소재의100%는 날씨ㅋㅋㅋ 보고싶긴 하지만 참는더,6,1
142,  .,0,0
143,어제 재밋게 봤습니다.  추천함 ,9,1
144,very very good,10,1
145,"시국충? 별점 테러를 시국충이라 자기합리화 하며 영화를 이 보러가는 인간님들아... 봉준호 감독의 기생충은 일본에서 한국영화란 단 하나의 이유만으로 홍보도 제대로 못했단다.... 자유민주주의 국가에서 이 영화를 보러 가는 것은 개인의 자유이지만 별점을 남기는 것도 개인의 자유이고 일본이 미워서 일본 영화에 별점을 좋지 않게 남기는 것도 개인의 자유이니 시국충이라 욕하지 마시고...부디 일본은 저렇게 반응하는데, 나 하나는 괜찮겠지라는 극 이기주의적인 생각은 버리시길....  차후 vod로 봐도 되는 걸 구지 영화관 가서 봐야 되냐? 이 말이다....",0,0
146,좋음- 재밌어요,10,1
147,진짜 존나재밌다. 이 전 작품들의 좋았던 점은 남기면서 신카이마코토 특유의 머릿속에 물음표 생기는 연출은 없앴다.,10,1
148,이번 작품도  재미있게  봤습니다 ,10,1
149,"작화,스토리,ost 모두 좋았던 영화였다만 주인공인 호다카에 대한 내용(가출을 하게 된 계기)이 좀 더 나왔으면하는 아쉬움이 있네요 그래도 정말 재밌고 특전도 만족스럽고 돈이 안 아까웠기때문에 보시길 추천드려요 저도 더빙판이나 3차 특전이 나오면 또 관람하러 갈 예정이거든요:D",10,1
150,별테하지마라 이시국충들아,10,1
151,애니메이션도 좋고 스토리는 뻔하지만 괜찮음,8,1
152,좋음,9,1
153,역시 재밌네,9,1
154,별점테러 미쳤내,8,1
155,...,9,1
156,일본영화 보지마,0,0
157,"완벽합니다. 올해 본 영화중 최고. 한동안 끊었던 술을 이 영화를 보고나서 마셨다가 다시 끊기로 함. 일본 것이라고 뭐라 하는 인간들은 영화라도 한 번 보고나서 그런 헛소리 지껄이시길. 중국하고 일본을 만만하게 보는 사람은 세계에서 한국밖에 없다고 함. 그런 인간들의 특징은 정작 중국, 일본 한 번도 갔다 온 적이 없다는. 정신들 차리시길",10,1
158,"이거 재미있는데 일본꺼라고 뭐라하는것좀봐 신카이 마코토님은 한국 좋아하는데 ,;",10,1
159,별점 낮은거 테러때문에 더 내려간거예요. 별점테러하는 무개념 반일충들한테 속지마세요 (물론 진짜 영화가 맘에 안들었다는 의견은 존중합니다),10,1
160,이야기는 산으로,0,0
161,재밌었다 둘이 떨어지면서 grand escape 나올때 소름돋았다,10,1
162,전범 일본제품 불매 전범기 퇴출,0,0
163,이건 예술이야! 작품은 작품으로 평가 그리고 잊지는 말자,10,1
164,안보고 0점 주는 사람들이 참 많네요;; 이시국을 떠나서 그런 닫힌 마인드로 살면 도움 안됄텐데,10,1
165,슬프고 아름다운 영화네요. 마지막 노래 부분도 꼭보세요,9,1
166,너의 이름은보다 발전되고 성숙한 결말,9,1
167,.,10,1
168,영화 보지도 않고 이시국에 거리면서 별점 0점 주는 사람들 이시국 드립도 우익들한테나 해라,10,1
169,보기전 | 아... 이시국에? 보는중 | 어...어어...?  본후    | 으아아ㅏ히나짜ㅏ아아아ㅏ앙ㅠㅠㅠ,10,1
170,이야기가 산으로간 마코토 마지막 날라당기는 작화와 노래는 볼만했음,5,0
171,가라 일본,1,0
172,그냥 왜국 애니 진부한 래퍼토리,0,0
173,.,10,1
174,작화좋고 노래좋고 스토리좋고 9/10 너의이름은 드림,10,1
175,언제끝나나~~~ 하다 옴 ,1,0
176,크 비온데이,10,1
177,난 재밋게봣다,10,1
178,결말이 맘에 든다....,10,1
179,유명한 작가의 에니는 수입하기만 하면 노다지라는 수입사의 생각이 참 한심하다 원하는 것은 그저 돈 그게 달성이 안된다고 죄 없는 관객 탓 하지만 오늘 날 예술성 작품성이 뛰어난 수많은 책들과 예술 음악 공연장들 작품이 아무리 수준 높다 해도 돈이 안되는 현실에 자신들은 그저 먹을 수 있는 돈을 놓쳤다는 욕심에서 우러나오는 돈 타령은 천박할 뿐이다 이 영화는 외롭고 가난한 소년의 도시생활을 통해 일본 사회를 잘 묘사하고 있고 아름답고 뛰어난 작화가 돋보이지만 십대 청소년들의 과도한 로맨스로 관객에게 접근하는 결국은 상업영화에 불과하다는 것 거대 자본이 들어가는 에니의 특성 상 어쩔 수 없는 일이기도 하지만 이 정도의 흥행도 고마워해야지 세상 돈은 다 내꺼라는 착각을 버려라 ,8,1
180,"역시 일본 애니는 명불허전,세계 최고라는 걸 다시 한번 느꼈읍니다.감독의 전작 '너의 이름은'때보다 한층 더 발전 된 작화와 CG는 장면 하나하나가 마치 예술 작품 보는거 같았고 도쿄 도심 풍경및 아스팔트에 떨어지는 빗물의 표현은 Hyper Reality의 진수를 보여줍니다.이런 명작을 만날 수 있어서 저는 무척 행운아라고 생각합니다. 극장에서 꼭 보세요.결코, 돈이 아깝지 않습니다^^.",10,1
181,킹씨의갓이,10,1
182,"영화는 예술이다. 예술은 인간의 선한 양심에 의해서 평가된다. 그런 면에서 '날씨의 아이'는 순수하고 신비로우며 더없이 아름답고 감동적인 영화이다. 작금의 한일 관계 때문에 꺼림칙한 느낌이라면 굳이 아니 봐도 된다. 그러나 나는 상위 1% 들의 놀음 때문에 선한 교류마저 외면하고 싶지는 않다. '날씨의 아이'는 개봉 전부터 보고 싶었고, 그래서 그냥 봤다. 그리고 그 대가는 가슴 뻐근한 감동으로 다가왔다. 내가 본 가장 아름다운 애니메이션 중 한 편. 단지 그뿐이다.",10,1
183,화면에서 자막이 비처럼 내린다. 일본인의 디테일은 사이코! 도쿄 또 가고싶네요.,10,1
184,미개한 남조선은 절대 못만들 영화,10,1
185,우리 국민 일본도로 장난하며 목쳐내던 사진 기억난다. ..... 입장료 수익은 그런 일본으로..  일본 감독은 웃는다.   너희는 그래도 볼거쟎아 하면서...,0,0
186,이돈으로 소녀상 치울라고? 보지말자 제발.,0,0
187,대깨문 싫어서 10점,10,1
188,개인적으로 재밌게본 영화인데  아쉬운 점은 개연성이 부족하다는점... 그래도 OST와 장면에 비하면 확실히 명작 지금도 생각하면 다시 보고싶다란 생각도 드네요.. (후유증),9,1
189,배급사에서 주장하는 이시국이 아니더라도 국내흥행은 하지 못했을듯  원래의 이상한 어설픔으로 되돌아왔네 고유의 과장된 색감을 즐기러 극장에왓는데 계속 비와서  좀 아쉬웟음 약간 언어의 정원과 너의이름은 ... 지루함은 없었음 난 어른이라 그런지 미세먼지 싫어 비오는거 싫어  맑은게 좋아...,6,1
190,화면은 멋있는데 뭔 소리인지 말이 되는 소리를 해야 후쿠시마 원전 사고이후 횡설 수설...,3,0
191,"설화가 새로 쓰이는 곳에서 소년, 소녀를 만나다",7,1
192,"감독 망언이 괘씸해서 안 보려다가 봤다. 무슨 애니를 이 악물고 만든 느낌으로 여전히  빠져든다. 하지만, 이제와서 느끼는것은...전작들과 비슷한  느낌, .특히  노래...",7,1
193,영상미와 음악은 여전히 최고 스토리는 너의이름은엔 못미치는것같으나 현재일본의 문제를 두주인공을 통해보여주고있다,8,1
194,재밌음 작화가 ... 진짜 굿,10,1
195,어떻게 이렇게 애니메이션을 잘그렸을수있나 보는내내 감탄함,10,1
196,"아름답고 섬세한 영상미와 배경음악,그리고 감동적인 사랑이야기까지 영화보는내내 입이 떡벌어졌다 ",10,1
197,언론플레이가 너무 역겹다. ,0,0
198,일본의 국가를 위해 개인이 희생되어야 한다는 진행형 전체주의를 비판하는 내용이 중심임.  감독도 현 아베정부가 굉장이 싫은 모양.  이외도 감독의 미려하고 수채화 같은 풍경속에 현일본의 어두운면을 은근이 드리우거 있는데 나름 괜찮은 시도임...  그래서 일본에서도 대흥행을 못한듯.. 이런게 흥행을 해야하는데...,8,1
199,너의 이름은 보지않고 이 영화를 봐서 다행입니다. 그럼 기대감이 엄청났을텐데 실망까진 아니더라도 재미는 없었습니다. 그림은 정말 훌륭합니다.,2,0
200,"국가주의를 벗고 매우 개인적인 사랑을 선택하는 것, 일본의 도시인 도쿄를 물에 잠기게 하는 것 등, 오히려 일본불매 중인 한국 정서에 더 부합돼 보인다. 좋은 작품이었다. 계속해서 아사히 맥주 불매, 유니클로 불매해도 이런 영화는 봤으면 좋겠고 이런 일본감독은 흥했으면 싶다. 그래야 한일관계도 좋아지겠지. ",10,1
201,입장문은 그냥 비겁한데....?,1,0
202,배급사 궤변 짖어대는거보니 최악인듯,1,0
203,개꿀잼 꼭보셈,10,1
204,"일본 과거의 악행  일어나서도안될일이고 인간으로써 할수있는짓이아니고  절대 용서할수있는일이아니며 시간이지났다고해서 없던게되는것이아니라고 생각하는 1인인데  일본특유의 영화의 그것은 인정하고 영화로써의 그 특유의 감성과 애니메이션영화들이 정말 좋은것은인정하고 좋아하는데,,  언어의정원 너의이름은을 정말 너무 좋게봤는데 이게과연 그만큼 좋을지 시국도 시국이지만  영화만 놓고 봤을때 ",0,0
205,"극장용 일본애니메이션은 무조건 극장에서 보는데, 한국시장에서 너의 이름은 370만이 기현상이었지. 투자사가 너의 이름은으로 재미보고 비싸게 사와서 더 못 뽑어먹어서 입장문인가? 낸거 보고 질렸다. 화면이 아무리 예뻐도 스토리가 구질구질하면 질린다. 돈 더 못 번건 당신들 탓이고 국민들이 무지하다며 뭐나 된듯 글자 나부랭이 써서 올리지마라. 기분 더럽다.  주식에 투자해서 돈 잃으면 입장문내면 되냐? 작품성 뛰어난 영화도 5만 안드는 시장에서 33만이나 들었는데 어디서 양아치 짓이야 너네가 내놓은  입장문 다시 읽어봐라. 한국국민들 바보아니다.",2,0
206,정말로 볼건 작화뿐임  돈맛을 본 신카이의 망작이다.  개연성이나 상황 설명 말아먹고  전작 까메오 면상을 정면샷으로 오래 비추는걸 보고선 실웃음밖에 안나왔다..  나는 중학생때부터 신카이마코토의 작품을 보아왔고 팬이다.  그렇기때문에 너무나 실망이 크다.  감독이 나중에 가서야 설명하는건 아무짝에도 쓸모가 없다.  창작자는 작품에서 시청자가 납득할수 있도록 메세지를 전달해야한다.  그 부분부터 잘못되었다.  이 점수에 지금의 한일 감정을 대입한건 쌀 한톨만큼도 없다. ,1,0
207,일본인이라고 다 나쁜건 아닙니다. 신카이 마코토는 세월호 유족을 위로했던 친한파입니다.,10,1
208,?,1,0
209,노잼,1,0
210,괜찮았다.,10,1
211,"모르겠다...그냥 그나라 말소리,글도 보기 싫다고...그러니 그런거 가져와서 망한다고 징징거리지 말자...제발...",0,0
212,저쪽에서는 매일매일 혐한이네...한국이 잘못했네...지네성이 불타도 한국인이 불질렀네...감정으로 하는데..우리는 그냥 입닥치고 영화나 보라고?,0,0
213,억울하면 아베한테 가서 따져라!,0,0
214,"한해에 망하는 한국영화가 몇갠데, 일본영화 하나, 망한 것도 아니고 평타는 치는구만, 뭘 가지고 공정성 운운하는건지?",0,0
215,솔직히 자식 같은 작품 흥행 참패하면 가슴 아픈 건 수입사 입장에서 당연하긴 한데 흥행참패한 이유가 단지 불매운동 때문이라고만 이야기하는 건 좀 아니다 싶네요. 나는 왓챠라는 어플에서 예상 별점을 보고  영화를 보는데 왓챠 예상별점이 2.0 나왔는데 보러가는 사람은 호구 아닌가요? 대놓고 자기네 입장 생각해서 보러 가야 한다고 강권하는 것도 볼썽사납네요. 재미없으면 안 가는 거고 재미있으면 불매운동해도 갑니다.,0,0
216,전체의 이익을 위해 개인에게 희생을 강요할 수 있는가?,8,1
217,언론플레이가 너무 역겹다.,0,0
218,이시국충 대깨문 깨시민들도 보면 감동할 영화. 저런 순애보같은 사랑을 하고싶다.,10,1
219,ㅉㅉ.,1,0
220,왜구박멸,1,0
221,영상은 좋다. 이야기는 알아 먹기 힘들었는데 나중에 해석을 찾아보니 어떤 의미였는지 알게 되었다.   하지만 그런건 영화를 보는 당시에 알 수 있어야 한다. 이 영화는 그런게 많이 부족했다. ,7,1
222,스토리는 좋을지 몰라도 영화에서 풀어내지 못하면 의미가 없지 소설이나 봐라,6,1
223,「日本沈没で韓国人が最も喜ぶ内容を使った売国奴、新海誠」「自衛隊の国防費馬鹿だと言ったRADWIPS」の日本売国タッグが、見事韓国で失敗。ざまぁみろｗｗｗｗ,1,0
224,"신카이 마코토 팬이고, 문학과 영화 등 예술에서 일본 불매는 반대인 입장임. 진짜로 영화 예전 같지 않고, 나중에는 졸기까지 했음. 배급처에서 일본 불매 어쩌구 저쩌구 하는데 영화 자체가 재미없는데 무슨 소리하는지..",5,0
225,광고를 빵빵하게 때려서 관객들 끌어 모으려고 했는데 그걸 못해서 억울하다라.... 과연 광고때문일까?,2,0
226,리얼님 공감,1,0
227,불매?,0,0
228,"본인한테는 내 돈 들인 자식같은 작품 망했으니 비극이겠지만 일반 대중에게는 스쳐지나가는 수많은 영화 중 하나이고, 단지 보고 싶지 않아서 보지 않았을 뿐임. 보고 싶지 않은 이유에는 불매운동이 있을 수도 있고 없을 수도 있는 거고 그건 누군가의 강요도 압박도 아님. 오히려 '불매운동때문에 안 보는 우리 사회 잔인하다'고 말하는 사람이야말로 압박을 주고 있는 것임. 세상 수많은 사람들이 인기 있고 유행하면 성공하고 인기 없고 유행이 끝나면 흔하게 망하는데 본인만 세상 비극 다 짊어진 비련의 주인공일 필요가 있으신지... 돈 쓸 만큼 보고싶지 않아서 안 본 사람들도 다들 주인공임;; 실패에 아파하는 건 이해하나 그 귀책을 외부 환경으로 돌리고 본인이 거대한 압박에 진 약자라는 프레이밍에 갇히지는 마시길-착각일 ",1,0
229,걍 여주가 너무 예쁘고 일본의 개인보단 집단을 중요시하는 일본의 집단주의를 비판하고 타락한 어른들의  실태를 드러낸것 만으로도 만족,10,1
230,엥 수입사 입장문 ㅈㄴ웃기네 지들이 손해떠안네 어쩌네 하는데 누가 이거 수입하래? 일본문화 수입사는 망하는게 맞지 그래야 더 불매를 잘 이어가지 내수시장 확대되고,1,0
231,영화 자체는 좋았음 그림체도 이쁘고 노래도 굿,8,1
232,불매끝났냐?,1,0
233,별로... 전형적인 일본 애니였음. ost는 들을만 했으나 예상 가는 스토리라 실망이 컸음. 킹시국이라 고민하기도 했는데... 일본은 역시 일본이라고 생각됐음. 애니 많이 안봤다면 즐거울 수도 있으나 애니를 많이 봤다면 뻔하고 예상되는 전개. 결말까지의 그림이 초반부만 보면 나옴... 큰 반전도 딱히 없었던 것 같음.,2,0
234,노래가 살렸다,10,1
235,킹시국이라고 물타기하네 ㅋㅋㅋ,10,1
236,재밌다,9,1
237,재밌었든 아니었든 솔직한 감상평을 적어주신 분들과 문화예술에 편견을 가지고 보신 자칭 애국자분들 오늘도 모두 수고하셨습니다.,8,1
238,이 영화는 일본에 단 1원도 주지 않는다는 수입사의 구라를 어떻게 믿어야 할까?,2,0
239,"어차피 그림만 보러가는 감독이고 그 점 만족해서 후하게 체크.했다가 수입사 입장문보고 수정. 이 작품 가지고 흥행을 예측해서 과하게 투자한 자신의 안목을 탓해야지,이 애니 불매한다는 말을 들어본 적이 없어 전혀 망설임없이 보러갔는데 뭔 시국탓?일본에서의 흥행도 전 작의 1/2정도더만. 난 이 영화 편견없이 보러갔고 보고나서 흥행 안 되는 거 납득.mx관서 화질,음향 좋게 봤지만 다른요소가 넘 수준미달 언어의ㅈㅇ 그림에 반해서 이 감독 전 작품들은 기획전도 가고 n차했음.이것도 몇 번 더 볼 거였는데 이렇게 초치시네ㅎㅎ",2,0
240,근데 킹시국 아니였어도 깔 놈들이 마침 이시국이니 까도 욕 안먹겠지 하면서 욕하는게 눈에 훤하네 엌,10,1
241,잼있음,10,1
242, 미디어캐슬에서 이상한 입ㅈ장문을 올렸길래 글 한 번 써봅니다. 미디어캐슬 측에서는 날씨의 아이의 흥행부진의 원인을 이시국에서 찾고있는 듯해요. 하지만 애초에 일본 영화 그것도 일본 애니메이션이 국내에서 흥행한 사례가 몇이나되나요?  너의 이름은.하고 비교하면 안돼요. 그 영화는 일본 영화 국내흥행 1위잖아요. 너의 이름은.이 아닌 다른 제페니메이션과 비교를 해보면 날씨의 아이는 이시국임에도 이례적으로 흥행하고있는거예요. 그럼에도 미디어캐슬에서 흥행부진을 언급하는 걸 보면 손익분기점이 예상보다 높은 상황인 것같지만 그렇다고 그 책임을 관객에게 돌리는 건 매우 부적절해보입니다. 날씨의 아이가 너의 이름은.같은 완성도를 지녔나요? 오히려 호불호가 갈리죠. 일본에서도 대성공을 거둔 영화지만 너의 이름은. 과 비교,6,1
243,영화는 재미있었습니다,10,1
244,안녕하세요. 날씨의 아이 중간에 OST도 좋고 마지막에 여주랑 남주 다시 만나는 장면이 감동적이고 재미있었어요.굿굿!(불매 지금 이시국에 애니 봐서 정말 죄송해요..),10,1
245,영상이 굿,8,1
246,그냥 재밌게 봐서요 ,8,1
247,개연성 신경 안 쓰고 재미에 중점을 두고 보는 나에겐 재밌고 주인공들이 행복하게 되어서 너무 좋았다. ,10,1
248,힐링하였다,10,1
249,초딩 둘과 같이 봤는데 애들도 재미있어함.  3학년 둘째는 한 번 더 보고 싶다고.,10,1
250,일단 소재도 신선하고 뻔하지 않음 결말이 좋았어요 색감이나 디테일 모두 훌륭헸고 전개도 지루하지 않아 좋았어요.,10,1
251,개꿀잼,10,1
252,.,10,1
253,.,10,1
254,일단 이 영화는 초반 이야기 전개와 재미가 별로없지만 점점 쌓이다가 후반에 절정에 도달하는 OST가 지림니다,9,1
255,너희들 티비 보지마라.거진 일본 카메라로 찍은거다,10,1
256,"스토리가 좀 아쉽긴한데 진짜 작화,ost,사운드가 미쳤다;;계속생각남ㅜㅜ서론이 좀 길어서 지루한 감 있긴했는데 후반부 갈수록 진짜 오짐ㅜㅜ너의 이름은 개 재밌게봐서 이것도 재밌게 봄. 근데 보고 뭐라하는 건 몰라도 안보고 별테는 안 했으면 좋겠다. 오랜만에 영화보고 기분 좋았음ㅎ",10,1
257,이렇게 아름다운 재난영화라니 ~,8,1
258,재밌게봄,10,1
259,너들은 아파도 병원가지마라~  한국 의료기기 70프로이상이 일본꺼다 ㅋㅋ,10,1
260,평점 장난이 심하네,10,1
261,전작 너의 이름을 재밌게 봤다면 재밌게 볼 수 있을듯,10,1
262,평테가 많아서 10점줌. 실제론 8점정도? 너의 이름은보단 못하지만 이건 이거대로 볼만합니다. 작화나 ost가 예술이에요. 다들 영화끝나고도 노래끝날때까지 남아있더군요. 묘한 여운. 극장에서 돈주고 볼만해요. 어른의 시선에서 아이들의 시각으로 이입해서 보면서 참 뭉클했고 일본애니 특유의 신비로움.. 저는 재밌게봤습니다.  한참 일본 불매인건 알겠으나 강요되어선 안되며 보지도않고 무조건 0점주는건 참으로 부끄러운 행동입니다.. 그냥 안보면됩니다.. 불매하실 분들은..,10,1
263,국가간의 문제가있어 망설여진건 사실이지만  신카이마코토라 거를수가없었네요   여전히 잘만들었고 재미있고 감동도있네요  평점은 테러당한듯하고ㅜ ,10,1
264,재미있게 봤습니다  그리고 노래가 듣기 좋고 가사도 좋네요,10,1
265,"일본은 미워할수 있되, 감성이나 영상은 본받아야 한다.",6,1
266,고집스런 오타쿠일 뿐이었던 신카이가 이젠 시대정신을 말할 수 있는 작가로 성장했습니다. 데뷔작부터 꾸준히 보아온 사람으로서 괜히 뿌듯하네요.   kimboss.egloos.com/32426270 ,9,1
267,굿~~~재밌게 봤습니다,9,1
268,너의 이름은에 비해 스토리가 조금 유치한 감이 있었지만 그래도 감동적이였고 눈과 귀가 즐거웠다.돈내고보기에 아깝지않으니 한번씩 보세요 추천!,9,1
269,이시국 : 나불렀냐?  응 넌 드가있어,9,1
270,진짜 5번 봤는데 진짜 아직도 소름이고 더 봐야겠어요,10,1
271,존잼,10,1
272,불매는 불매 마코토는 마코토다,10,1
273,내용도좋고 다좋음,10,1
274,이시국이랑 상관 없음 ㅋ ,10,1
275,.,10,1
276,개재밌게 봤다 스토리도 감동적이고 구름이나 날씨의 작화는 실제 같았다 이시국충들아 니들이 아무리 불매니 토착왜구니 해도 난 이 영화 소장까지 할거다ㅋㅋ,10,1
277,일본의 우매한 정치세계와 역사관은 떼놓고 영화자체로 평가합시다.  너의이름은보다 좋았습니다. 역시 천재감독이네요. 빛의마술사!,10,1
278,엔딩이 대한독립만센데?감독님 예전에 도쿄에서 대차게 까였었나? ㅋㅋㅋ,10,1
279,애니를 좋아하는 나에게 처음엔 조금 지루함이 느껴졌으나 역시 후반부로 가면서 찌리리하는 감동이 그무언가가 이래서 애니매이션은 끊을수가 없어요,9,1
280,역시 신카이 마코토,10,1
281,개꿀잼   갠적으로 너이름보다 재밌음 후반부 계속 소름돋아서 마지막 눈물 찔끔 했다..,10,1
282,스토리는 날렸지만 작화만큼은 최상급이다.  환타지를 선택했으면 끝까지 밀어붙였으면 좋았을것을. 그럼에도 이 작화를 볼수 있다는 것만으로도 행복하다,7,1
283,내용 보다는 영상미,7,1
284,ㄹㅇ 존나재밌어용,10,1
285,이시국이시국 거리는놈들 유니클로가서 옷쳐사고 놀테지 ㅋ,10,1
286,잘만들었구만 별점테러 왜하냐,10,1
287,ㆍ,10,1
288,감동^^,9,1
289, 제품과서비스를 아예구매하지 않음으로써 망언을해대는 일본정부와 각종전범기업 및 산업체에 타격을주고 반대의사를 표명하겠다는 취지는 좋으나... 그것이 본래의목적을 망각한채 극단적인 내셔널리즘으로 번져 나가서는안됩니다.  우리는 단순히 일본에 피해를 주고자 불매운동을 하는게아니라 역사를잊고 반성할줄모르는 자들에게 일침을가하고 그들이 잘못됐다는것을 다시한번 확인하며 그것을 전세계에 보여주기위한것이지요 반일이아니라 애국이 되어야 합니다.  뭐 그래도 이영화수익의 일부는 세금으로서 일본정부에 흘러들어갈테니 불매대상이 무조건 아니라고는 할 순 없겠네요 이감독 영화는 작품성이 뛰어나서 항상 챙겨봤었는데 이번엔 조금 고민되네요,8,1
290,너의 이름은의 감성에는 못미쳤지만 작화가 더욱발전하였고 ost또한 뛰어났다 다음작이 기대된다!!,10,1
291,아  그냥 네글자 '인생영화',10,1
292,"틀딱이들아 정치가 개같아도 건들일게있고 건들이지 말아야할게있다. 여기서 한혐이나왔냐? 신카이마코토가 정치질하면서 한국까냐? 할짓 더럽게없어서 여기서 꼰대짓 하는것들 물러가라 문화라는것은 국적을 넘어서 사람과 사람간의 소통인데 정치판 이렇다고 별점태러하고 문화라는 개념조차 이해하지 못하고 주변 분위기만 맞춰서 관심끌려는 타율적인것들아  똑바로 새겨들어라 음악,소설,만화,시,애니메이션,수필,그림 이런것들은 정치와 무관하게 개인에게 특별한 존재가 될 수 있고 이 모든 것들은 존중받아 마땅하다. 너네가 생각 할 수 있고 거치있고싶고 이 시대를 살아간다면 먼저 선 넘지 말고 적당히하자.",10,1
293,잉~~기모링~~,10,1
294,틀딱들 틀니 1달 압수,10,1
295,영상미너무좋고 절대후회없는영화 기대한탓에 하지만정말아쉬운점도많음 스토리상아쉬워도 애니라서 이해할수있음 후회없어요 힐링된다,8,1
296,보고왔는데 재밌음. 스토리가 좀 얼탱이없긴한데 애니메이션이니까.. 너의이름은급은 절대아님.,10,1
297,모든게 완벽 너의 이름은까진 아니었지만,10,1
298,"아무래도 '너의 이름은'과 비교를 하게 될텐데 영상미와 사운드는 훌륭했고, 스토리와 몰입력은 부족했다. 특히 의역을 많이 한 자막과  배경에 만족하지 못하고  앞으로 너무 나오려는 ost가 거슬렸다.",7,1
299,내용에 일본의 전체주의를 비판하는게 섞여있는듯 ,8,1
300,Good,10,1
301,너무 재미있게 봤습니다!! 강력추천합니다!,10,1
302,여운이 강하게 남는 영화인 것 같습니다ㅡ 다른 나라 평점이랑 구글 평점 등등 대체로 좋고 작품성도 낮지 않다고 보는데 이세국이라고 테러당하는거 좀 안타깝네요.,10,1
303,"일본 불매, 이 시국 꺼져라 이 영화 작가는 뭔 죄임? 그리고 이 영화의 작가의 입장으로 생각해보삼",10,1
304, 예쁜 애니메이션 이었다.  특히 도쿄 표현이 정말 대단하다 ! 도쿄란 도시의 이미지와 그려지는 모습.  정밀한 묘사. 보는 내내 그림보는 재미였다.   영화관서 보는데는 아깝지 않았다 ~   일본불매?  그게 여기서 왜 나오는지... 할사람은 하고 시르면 안보면 될 것을 ... 참 애들같이논다. 적어도 여기 댓글에서 못된소리 서슴치않는 한국인도 크게 다를바는 없지 않나.  내면부터  달라져봐라 좀 . ,10,1
305,일본 불매운동 하시는 여러분... 도라에몽 불매하고 날씨의 아이 불매할때 렉서스 하나 안사면 영화 10000번 보는것보다 더 효과적일 것입니다. 영화 평가에 일본거라 까는 분들은 평생 일본 관련된건 안쓰고 살았냐?,8,1
306,영화 하나만 보고 평가하자면 10점 만점에 9.5점이라 생각합니다,9,1
307,"ㅋㅋㅋ뭐 사람마다 다른거니 0점 주는것도 상관은 없는데, 뭐 10점준사람들 수준낮다고 하는거보면 되게 웃김 ㅋㅋ 난 솔직히 처음엔 졸려서 흐물흐물봤는데 갈수록 노래도 지리고 작화도 쩔어서 그냥 스토리는 결여한채 넋빠지게 감상함. 뭔 진지충들 납셔서 스토리 웅앵웅하고있노 늬들이 멀 그렇게 많이 깊이 생각한다고, 애니는 걍 그림맛으로 주로 보면서",10,1
308,펙트 : 일본은 태풍때 한국거를 안사간게 아니라 한국의 라면을 안사간거다. 한국 라면은 일본인 입장으로 매운거였기때문에 물 소비가 많아짐 다른 매운라면도 안사먹었음 그리고 불매운동 할지말지는 자유지 ㅋㅋ ,10,1
309,일본 불매?한다면서 롯데음료 1+1사고 abc마트가서 신발사고 린나이 보일러로   따뜻한물 받아 쓰고 원피스 나루토 보면서 플스게임 하고나서 잘때 처음처럼 한잔  하고 자면서 불매운동은 웃기는 구나  이중 포함 안된다고? 그래 당연히 안그렇다고 생각 하겠지.,7,1
310,2시간 동안 도쿄로 여행 다녀온 느낌,10,1
311,불매 자체는 선택이고 별점 0점 주신분들 우리나라 영화 82년생 김지영이나 보세요 ㅎㅎ,10,1
312,"방금 날씨의 아이를 봤는데 엔딩쯤에서 든생각... ""아 빨래 더럽게 안마르겠네.."" 내가 그냥 늙은걸까... 자연풍광에 대한 연출력이 더 좋아진것 같지만 연출이나 각본은 언어의 정원이나 너의 이름은이 훨씬 나은듯 합니다.",7,1
313,.,10,1
314,영상미와 ost만으로도 본전은 뽑는 애니. 극장에서 관람해야 제대로 감상할 수준의 고퀄리티 영상은 이제 거의 정점을 찍은 듯. 너의 이름은과 전체적으로 동급으로 평가함.,8,1
315,"신카이마코토는 무엇을 말하고자 했을까_ 미래에 대한 염려의 순수함 뒤에,  일본의 토속 정서를 또한번 강조했다. 시국이 이런만큼..어린아이들을 주인공으로한 작품으로서 일본 정부(질서를 만드는 사람들..)에 대한 거부감.. 잘 포장해 아름답게 그린듯..하다.",10,1
316,잔잔함과 그리고 감독의 창의력 감독도 한국은 자기를 감독으로서 인정해주는 나라라고 하고... 이런영화를 눈치보지말고 보게끔 한일관계가 좋아졌으면 좋겠다,10,1
317,"멀리서 보면 아름답지만 그 속내를 들여다보면 비극으로 가득찬 도쿄.  그 속에서 희망을 잃지 않고 살아가는 아이들.  냉정함 속에서도 곳곳이 숨어있는 따뜻함.  감탄을 자아내게하는 현실적인 작화, 날씨를 다루는 소녀라는 판타지적 요소 사이의 절묘한 조화.  도쿄를 자신의 스토리보드인듯 배경으로 삼아오던 신카이 마코토는, 이번엔 도쿄의 치부를 드러내면서도 아름답게 느껴지게 만들게 하는 기예를 펼친다. ",10,1
318,ㅋㅋ루삥뽕,10,1
319,존잼인데,10,1
320,싫으면 니새끼들이나 처보지 마 개돼지 조센진새끼들아 졷같이 깨시민 척하지 말고 그런다고 니새끼들 깨시민 척하는 거 관심없거든 ,10,1
321,영화하고 불매하고 뭔상관이야 불매할거면 다른데 가서해 왜 여기까지와서 불매 불매 이러는데 ,9,1
322,신카이마코토 는 별을쫒는아이때부터 팬이되어서 무조건 보고있음,9,1
323,불매충뒤져!!!,10,1
324,명작을 뛰어넘는 걸작! ,10,1
325,충격적인 상상력!   그 상상력을 환상적으로 실현하는 애니! 영화 끝까지 자리를 지키게 만드는 음악! 그리고 그리고...,10,1
326,최근 일본에 비가 많이 왔다. 여기서도 비가 열라 온다. 뭔가 현실을 통렬하게 대변한 느낌적 느낌.,6,1
327,"영상미, OST, 너의이름은 세계관 연결까지 완벽했음. 다만, 남주의 도쿄상경에 대한 명확한 이유가 드러나지않아 아쉽지만 스토리상 크게 영향을 미치는 부분은 아니어서 대부분의 사람들은 큰 의구심없이 넘어갈법함.",9,1
328,"신카이 마코토의 팬입니다. 너의 이름은 때부터는 개봉일에 극장에서 보게 되었네요. 신카이 마코토를 빛의 마술사라고 하는데, 언어의 정원때 비내리는 신도 대단했죠. 이번 작품도 기대하던 장점들을 잘살렸네요. 아쉬운건 너의 이름은 때부터 너무 자기복제를 하는것도 같은데.. 마음에 들었는지 너의 이름은 때의 작화담당과 음악담당을 동일하게 기용했더라구요. 그렇지만 영상미만으로도 즐거운 시간이였습니다. 터미네이터를 보고, 연이어서 보는대도 피곤함없이 즐겼네요.",9,1
329,너의이름은이 대중적인 신카이마코토의 흥행작이라면 이번건 다시 메세지가 담긴 호불호가 갈리는 영화. 신카이마코토의 팬이라면 더 재미있게 볼듯. 작화와 ost는 훌륭^^다수를 위한 개인의 희생이 항상 옳은 것만은 아니다. 이시국??ㅎㅎㅎ도쿄가 물에 잠기는 결말임^^,10,1
330,"이시국때문에 이 영화가 6,7점대인건 이해가 안된다. 작품은 작품으로만",10,1
331,아쉬운 점도 물론 있다. 그렇지만 이런 애니를 볼 수 있다는게 솔직히 감사하다고 느끼며 봤다. ,10,1
332,틀딱충들은좀 태극기 집회나 해라 물흐리지말고 ㅂ신들,10,1
333,인생작,10,1
334,소름 그자체 굳굳,10,1
335,일본영화봐서 죄송하며 그래서 문화의날로 싸게 봤습니다 너의이름은 보다는 좀 떨어지는것 같습니다 그래서 꼭 보지 않아도 됩니다 일본이 이번에 비 많이 왔었는데 어떻게 이 애니랑 통하는 면이 있군요,8,1
336,제발 여기까지와서 이 시국에 그만좀합시다. 추하지도 않습니까? 영화는 영화를보고 평가를 해야지 왜 어디나라에서 만든게 중요한거죠? 그리고 영화에 대한 비판은 환영이지만 영화를 만든 나라를 비판하실거면은 걍 보지마시고. 저희를 신경쓰지말아주세요. 제발요. ,10,1
337,최고였어요...,10,1
338,이게 영화다 많이 배워라 ,10,1
339,방사능 누출에 대한 일본인들 스스로의 위로?,6,1
340, 살짝 아쉬움이 남네요 ,9,1
341,진짜 ㅈㄴ강추 보면서 소름이 몇번 돋았는지.. ㅎㄷㄷ,10,1
342,초반엔 좀 지루한 느낌이지만 서정적 느낌 영상 음악 잔잔한게. 굿~~~,8,1
343,"많은 이들이 지적하는 것처럼 스토리가 좀 아쉬운 것은 사실이나, 영상미 하나만큼은 정말 멋지다. 그리고 OST도 잘 어울린다. 대를 위한 소의 희생만이 올바른 선택인지, 한 명을 위해 다수를 희생하는 것은 그른 선택인지를 묻는데, 정답은 없다고 본다. 그 답을 누가 알겠는가?",8,1
344,그냥그랬,10,1
345,그림이 너무 이쁩니다.. 너무 재밌게 봤어요,10,1
346,좋다.,9,1
347,우리가 싫은건 일본정부지 문화가 아닙니다. 욕할꺼면 그냥보지마세요. 님이만들어보시든가요.,10,1
348,재밌을거같으니 10점을 줍니다.,10,1
349,"방금 보고 나왔는데, 너의 이름은에 꿀리지 않을 정도로 작화며 Ost며 정말 만족하며 봤는데, 시기를 잘못타서 평점이 이 모양이라 씁쓸하네요 참..",10,1
350,한번보면 스토리 이해하기 어렵고 소름만끼치는영화 두번보면 스토리의 내용과 더불어 노래의조합 이해할수있어 너의이름은 스파클의 전율을 느낄수있다고 생각 개인적으로 너의이름보다 못미쳤다고 생각하진않음 영화 안보고 테러부터할거면 제발좀 나가주세요,7,1
351,바보들이 정말 많다 이미 수입한거 안보면 한국만 안좋은걸 모르나보나ㅋㅋㅋㅋ,10,1
352,여기 왜이렇게 별점테러가 많죠 아무리 일본이 그랬다고 해도 그렇지... 불매 자체는 선택인데 왜그러는걸까요...,10,1
353,좌빨 세금탈세만 잡아도 일본 불매운동 안해도 경제 충분히 잘돌아감^^,10,1
354,ㅈㄴ재밋엇다 반일충들 제발 죽어 ,10,1
355,진짜 너무 재밌었다 그리고 노래도 역시 대박이란 말밖에. 이런 미쳐도라가는 세상에 이런 감수성이라 그저 대박. ,10,1
356,굿,10,1
357,으악,10,1
358,"응~ 토착빨갱이 니들이 뭐라그래도 난 보러감~~ 애국자코스프레하는 것들이 별점 테러해도 작품성 재미 괜찮은것도 사실~~ 친북하느니 친일한다~~ 시국? 지들이 시국이 어떤지 파악도 못하면서 애국자놀음하고 자빠진거지 ㅉㅉ 진짜 매국노들은, 유니클로간다고 ㅈㄹ하고 이 시국에 일본꺼 본다고 ㅈㄹ 아베와 상관없는 일본애니에 ㅈㄹ(그런 생각으로 북돼지한테나 사과받아봐라ㅉㅉ 걔가 남한에 사과하는거 한번이라도 봤냐? 일본은 어쨌든 사과도 여러번하고 사죄금도 여러번 줬는데 북한은 때마다 우리나라 침범하고 괴롭히고 군인애들 죽이고 다치게하고 돈까지 뜯어가는데 걔네한테나 ㅈㄹ해보라고쫌. 그 애국자코스프레하고싶으면 걔네한테좀해보라고)보러가고 사용하는 사람에게 욕하고 인신공격하는 미췬 좌빨들이 ㅈㄹ 토착왜구타령하는 토착빨갱이쉑히",10,1
359,cgv핫딜?로 29일에 먼저보고왔다  애니메이션은 일본을 이길 수 없다....,7,1
360,별점테러 선넘네 여기까지와서 이러지말란거임ㅋ뭔 이걸극장에거녜마녜임..이사람들은 이게일인데 무슨백수되란거도아니고ㅋㅋㅋㄹㅇ로불매는 선택인데 왜강요를해ㅋㅋㅋ,10,1
361,토착왜구 하러감 ㅅㄱㅋㅋ,10,1
362,메이와쿠라는 일본 기성세대가 강조한 문화적 관습 (남에게 민폐 끼치지마)을 가출 청소년과 부모를 여읜 소녀 가장이란 두 주인공을 통해 정면 비판하는 내용,8,1
363,안녕 하세요 다음 애니메이션 ,9,1
364,진심 이시국에 이시국에 이ㅈㄹ하는새끼들은 여기서 설치지말고 좌파포털사이트에서 짓걸여줄래?,10,1
365,일본을 딱히 좋아하지도 않지만 애니메이션 영화를 예전부터 잘 만들어서 유명한 감독분들건 챙겨봅니다  불매한다면서 찾아서 테러나 하시는 분들은 조금이라도 현실에서 영향이 있는 불매운동을 하시는게 훨씬 좋지 않을까요? 개인정보가 보호 되기에 사회에서 받는 스트레스를 아무도 신경 안써주는 이런곳에서 불매운동 이라는 간판하나 들고 같은나라 사람 공격하는건 잘못됐다고 생각합니다,6,1
366,제작사랑 감독이 혐한인 것도 아닌데 왜 별점 테러냐? 아직 개동보 안 했는데 벌써 7점 때야? 와... 참 대단하네.,9,1
367,어 아직안봄 11월 2일에볼거얌.. ^^ ,10,1
368,"불매 불매 쌉극혐인뎁쇼 ㅋㅋ:일본이 싫은건 당연코 이해하는데 그래도 별점테러는,,,,허허 불매는 강요가 아니고 자유다 니들이 하는짓 그것자테도 잘못된거라고 알긴 할라나 일본은 나쁘다 그러니 일본과 관련된 영화는 별점 테러한다라는 이런 발살 자체가 도덕 적으로도 옳은거냐??니들은 자랑스러운 듯이 하는짓이 결국엔 잘된 예술 작품을 파괴하는 것과도 같고 예전에 일본 애니메이션에 단순히 한국 삼계탕 잠시 나왔다고 2기 분량을 못만들게 만든 그런 일본인들하고 똑같음.참고로 이작품에는 봉오동 영화에 나온 성우도 나왔음.니들이 욕하는 그 작품에 우리 역사를 다룬 영화에 출여한 성우가 있다는건 알아둬라 그리고 개인적으로 이영화 재밌음 고로 10점^^",10,1
369,못 배웠냐 ㅋㅋㅋㅋ 뭐만 하면 불매야 평점 달지 말던가 ㅋㅋㅋㅋ ,10,1
370,"그냥 보고 토착왜구 될런다.  봤다는 이유로 매국노로 몰아붙일거면 마음대로 해라, 니가 이상한거지 내가 이상한게 아니니까;",8,1
371,믿고 보는 일본 애니,10,1
372,.,10,1
373,불매운동 이미지 나쁘게 하려고 주작질하네  별점테러 왜 하누~,10,1
374,진짜 작화 미쳤다.. 실사보다 아름다움,10,1
375,기대됩니다 일본 애니매이션 좋습니다 일본 정부만 싫어할뿐이지 이런것 자체는 좋습니다. ,10,1
376,너의이름때 도 그랬지만....역시 애니 그이상의 무엇이 있네요~ ,10,1
377,시사회 다녀 왔어요. 작품 입니다. 클레쉐 없고 작은 부분하나 그냥 지나치는게 없어요. 쉽지는 않아서 인기는 없을 것 같은게 안탑깝네요. 일본인이 일본에 대해서 어떻게 생각하는지 잘 보입니다. 전체를 위해서 희생하지 않을 것을 강조합니다. 또 볼거예요,9,1
378,분한을 조집시다 남쪽을 향해서 포를 오지게 쏘네요 . 반박부탁,9,1
379,랜선으로만 애국이니 뭐니 지껄여대는 매국노분들 제발 정신좀 차리십쇼 ㅎㅎ..,10,1
380,랜선 애국자들 키보드 탁탁 두들겨 가면서 이 토착왜구들 왜보러가 치면서 부들부들거릴거 생각하니 꼭 보러가야겠다.  ,10,1
381,.,10,1
382,일몬 침몰해서 개꿀결말,10,1
383,애국이 뭔지도 모르는 선동당한 급식이들이 왜이리 많나. 여기서 분탕치지 말고 너희 본진 가서 놀아라.,10,1
384,시사회로 봤습니다 ⟨너의 이름은⟩을 재밌게 봤다면 이 영화도 괜찮을 것 같습니다  ⟨너의 이름은⟩과 비슷,7,1
385,기대됨,10,1
386,이 영화는 신카이 마코토 님의 너의 이름은의 후속작이고 이 감독은 한국을 사랑하시고 실제로 봉오동 전투 출연자 까지 성우로 맡는데다가 날씨를 조종하는 소녀와  같이 만나는 남주의 이야기를 담고있는 이야기입니다.또한 너의 이름은이 세월호를 배경으로 한것처럼 날씨의 아이를 봅시다,10,1
387,시사회로 봤습니다. ⟨너의 이름은⟩과 비교가 되는데 임팩트는 좀 덜하지만 잘 만든 애니입니다. 특히  이번에도 ost가 좋습니다. ,8,1
388,적어도 2번 이상 봐야하는 영화,10,1
389,평점 테러 역겹다  불매할거면 폰을 쓰지를 마세요 폰도 일본제품 씀 ㅇㅇ;,10,1
390,완전 기대된다,10,1
391,이 감독은 항상 주인공은 달려야하고 열차길이 엄청나게 많이 등장하며 풍경이 이쁘고 이 영화에 한해 해결되지 않는 떡밥이 많은 작품입니다(초반에 남주가 줍는 그것 등),5,0
392,어쨌든재미있을거임.애국이든뭐든나는일본애니사랑한다,10,1
393,.,10,1
394,재밌네,10,1
395,!-,10,1
396,영화 개봉을 계기로 양국 갈등이 완화되기를 희망합니다~,10,1
397,❥ ,10,1
398,"- 영화는 영화로만 보시고, 아티스트는 작품으로만 평가하세요! - 신카이 마코토는 새월호에 애도를 표현하고 한국을 좋게 생각하는 친한파입니다. 또 이 영화의 남주 호다카의 성우인 다이코 호다로는 영화 봉오동 전투에 출연했습니다.  자신의 나라의 치부를 드러내는 영화에 까지 출연하고 친한파감독이 만든 영화라면 지금같은 시국에 보는게 의리라고 생각하는 합니다. 그리고  저는 미리 보고 왔는데 정말 명작이니까, 남들 눈치 보지 마시고 그냥 재밌게 보고 오세요~ 볼지 말지 고민하실 시간에 몇번 보실지 고민하시는게 더 이득입니다~ ",10,1
399,명작..,10,1
400,4랑해요 빨리 10월 오면 좋겠네요,10,1
401,꼭 꼭,10,1
402,정말로 기대중..,10,1
403,별점 태러를 해도 신카이를 가릴 순 없지 ㅋ 절래절래,8,1
404,무조건적 불매 하는 개돼지들많눜ㅋㅋㅋ구시대적 민족주의발상ㅆㅅㅌㅊ 관뚜껑닫을때까지 제발 평생 해라ㅇㅇ ,9,1
405,일본에서 먼저 보고 옴.  전작인 너의 이름은 만큼의 디테일은 다소 부족한 느낌. 그래도 신카이 마코토 감독 특유의 감각적 표현은 충분함.,9,1
406,보러가야지,10,1
407,기대기대,10,1
408,원하는 분이 있어서 기대되고 너의 이름운 다음으로 재미있을꺼 같아욘,10,1
409,너의 이름은  을 너무 재미있게 보아서 이 작품도 기대되네요.,10,1
410,말이 필요없는 명작. 추천합니다.,10,1
411,영화는 영화로만 보자,10,1
412,중간까진 재미었는데 결말이 아쉽당.. 히나짱 동생 이름 뭐지 남동생ㅋㅋㅋ 센빠이로 불려서 이름 기억 안나는데 잼썻음ㅋㅋㅋㅋ  약간 옛날 미국 재난영화 투모로우 같기도 하고ㅋㅋㅋㅋ 근디 풍경이나 영상미는 진짜 좋앗음!!!  마지막에 고양이 돼지ㅠㅠㅠㅠㅠ씬스틸러엿음 ㅠㅠㅠㅠ귀여우잉,6,1
413,일본에서 봤는데 꿀잼입니다 ㅠㅠ 너의이름은 재미없게봐서 기대안했는데 이번에 정말 재밌게봤습니다,10,1
414,불매운동은 이 영화를 보려고 예매하지 않는것이지 아직 한국에서 개봉되지도 않은 영화의 평점을 깎아내리는 것은 그냥 일반적인 별점테러에 불과하다.  별점 0점이나 1점 준 사람들의 반응을 보면 공백이거나 .만 찍어놓은 사람들이 대부분인데 별로인 이유를 구체적으로 썼다면 이해를 하겠지만 이유를 구체적으로 쓰지도 않고서 별점을 깎아내리지는 말자.  재차 말하지만 이건 그냥 별점테러에 불과한 행동이다.  그리고 분명 이유를 구체적으로 안 쓰신분들이 '대부분' 이라고 해놨는데 꼭 구체적으로 쓴 사람 한 명을 보고서 나한테 따지지말자.   좀 모자란 님들은 꼭 이렇게 따질 것 같아서 씀. ,10,1
415,불매운동을 하라했지 평점테러를 하랬냐!! 으아아아아 출시되지도 않은 작품을...!,10,1
416,일본 극장에서 4번 달렸다  ...노래는 역시 진짜좋음 작화도 훌륭하고 아이맥스로 보시길,10,1
417,너의이름은 재밌던데 이것도 재밌네,10,1
418,일본꺼라고 평점테러하시는 분들 지금 당장 님들 집 싸그리 다 뒤져보세요 일본 제품 1개쯤은 무조건 있을걸요? ㅋ 그리고 불매 운동은 필수가 아닌 선택입니다 님들 의견 남한테 강요하지마세요 보기 흉하니까 ㅋㅋㅋ ,10,1
419,기대가 됩니다 ,10,1
420,기대한다~~,10,1
421,난 일본 불매 안함. 내용은 정말 참신함 추천~~ 합니당~~,10,1
422,Good,10,1
423,ㄱㅅ,10,1
424,굿,10,1
425,.,10,1
426,허장우=김래형,10,1
427,박한결 외국남자,10,1
428,썅  송유빈 디져라,10,1
429,민혁아 사랑해,10,1
430,이제 한계에 온 신카이 마코토!  끝까지 뭔가 있을까 싶었지만 아무것도 없다.,3,0
431,신카이 마코토님도 슬슬 한계가 오는군.,3,0
432,작화와 OST 는 10점이지만 스토리는 똥망. ,4,0
433,일본 애니 수준이 확 떨어졌구나. 스토리가 엉망이네. 그나마 5점은 영상이 나쁘지 않아서 주는 것일 뿐. ,5,0
434,"ost 만으로 만점이란 댓글보고 만원주고 오늘 봤는데.. 난 별로였음.. 스토리도 별로.. 센과치히로의 행방불명, 하울의 움직이는성 이후로 괜찮은 일본애니메인션은 없네.. 센과치히로는 봐도봐도 재밌음..",1,0
435,신카이 마코토의  모든작품이 좋을수는없다고 느낀작품,1,0
436,쪽본 특유의 유치한 감성팔이,0,0
437,얼마전에 봤는데 진짜 띵작이더라고요ㅠ 보길 잘 했다 그리고 괜찮아랑 그랜드 이스케프 노래 진짜 좋더라고요ㅠ 꼭 한 번 보시기를,10,1
438,신카이 감독의 실험적인 평작,5,0
439,노잼 꽁짜표라서 봤지만 제 돈 주고는 보지마세요,4,0
440,"노재팬 운동으로 뒤늦게 봤다만, 이제 이런 이야기 지겹지 않나?(이야기랄것도 없다만) 일본 애니메이션은 프레임수가 적어서 눈이 불편한데... 내용도 이해가 안되고... 현실은 도쿄인데... 무리하게 판타지적 요소가 너무 들어가서 공감도 안되고... 감동도 없고.... 일본 애니메이션은 여자 히로인 캐릭터 하나로 먹고사는 것같아서 진부하고 재미없음.",1,0
441,"발상은 독특하고 신비로웠지만, 나의 감성으로는 재미없었던 영화",6,1
442,진짜 엉망이다,1,0
443,딱히 여주가 희생할 필요는 없죠.  국가가 뭘 해준 게 있다고 ^^;  계속 비 오면 금방 적응하고 걍 그런 줄 얼고 살 거임. ,10,1
444,변태...,1,0
445,내용이 너무 어두워서 보는 내내 불편했다 뭐 그래도 나름 기대치임,6,1
446,그냥 쓰레기ㅋㅋㅋ,1,0
447,ㅋㅋ 인타넷 애국자들 납시오~,10,1
448,FBI님 어디서 20대가 쓰는 ㄴㄷㅆ 주워듣고 와서 여기에 투척하고 갔네..,10,1
449,별루 ...ㅠㅠ,5,0
450,스토리가 아쉬운....,3,0
451,너의 이름은.. 만 봤을때는 캣치를 못 했는데.. 날씨의 아이를 보니까 아~! 둘다 재난물 이구나 라고 알았음ㅋ 그런데.. 혜성 보다는 비가 우리에겐 더 친숙한데.. 시간을 왔다갔다하고 몸이 바뀌고 혜성이 떨어지는 영화보다 비가 오다 맑다 하는 내용에 영화가 현실성이 더 떨어지는 느낌을 받는건 왜일까?ㅋ,5,0
452,1점도 아까운 영화 내용 엉망이고 신문광고및 tv광고에 속아서 돈 벌어준것밖에 아무것도 없는영화 공감되는 내용도 없고 판타지 특성도 못살린영화 너의이름은 10점 준다면 이영화는 0점,1,0
453,15세 이하 영화관람용,2,0
454,이감독 만화은 느낌이 다들 비슷해서 식상하기두 한 감은있지만  그래두  또 다음 후속작 기대되고 보고싶어짐 그림 하나는 늘예술이닷 투명 우산에 감탄  그리고 전작의 주인공들 카메오등장 신선함,7,1
455,한번보면 모르겠지만 두번봐야 완전히 이해되는영화다 작화랑 ost가 진짜 미쳤고 개재밌다,10,1
456,.,5,0
457,신카이 마코토 감독의 모든 작품이 호평 받을 수 없죠??! 이번 작품도 평타정도??! ^^,7,1
458,굿   ,10,1
459,그냥저냥 즐길 만한 영화,7,1
460,저는 강압적이고 보수적인 일본사회를 나름 잘 비판한 작품 같아서 재밋게 봤어요.,10,1
461,이런 영화를 만드는 나라의 수장이 아베라는 건 비극이자 넌센스. 가여운 니뽄!,9,1
462,억지... 보는 내내 애써야함...,0,0
463,.,0,0
464,"기상청 트라우마 , 날씨 극혐  그냥 살기싫음 안녕 먼저갈게 ",2,0
465,한국영화 보다가 일본작품을 보면 제값어치를 한다,10,1
466,신카이 뭐시기 감독님 혐한까진 아니여도 반한감정은 당연히 가지고 계십니다.  영화감독쯤 되는 지성인이 뭐하러 남에 나라 좋아라 하겠어요 너무들 순진하십니다!,1,0
467,한번보면 재미가 없는데 두번이상보면 영화의 매력을 느낄수 있다,10,1
468,이시점에 일본영화를...답답,1,0
469,..,0,0
470,영화 안봤지만.. 일본영화라 돈내고 보지는 않을 예정.. 몇푼 안하지만 일본에 갖다바치지는 않을것임.. 공짜로는 봐주지..,0,0
471,"일본에서 철저하게 무시 당하는 와중에, 얼마되지 않는 영화비지만, 굳이 내 돈을 일본에 바치고 싶지는 않다. 그렇게 생각하다보니 무료라도 보기가 싫어지는 군!!",0,0
472,방사능 만화,1,0
473,진짜 그랜드 이스케이프 나오는 부분이랑 전체내용 진짜 짱이다..,10,1
474,티비에서 무료로하면 볼까. 돈내고 볼 의사 없음.,1,0
475,겁나 개연성 없고 지루함. 뻔한 스토리. 작화도 구리고 신카이 마코토 애니 다 본 사람으로써 이건 단연코 최악이라 말하겠음. 그리고 일본에서도 폭망함,1,0
476,했던거 또하고 또하고 또하고 그림은 예술이지만 실제에비해 고평가된 감독중하나,1,0
477,신카이마코토는 일본이 아닌 세계다.10점 만점을 주고 싶었다. 일본의 사회적 문제를 잘 지적하고 있기 때문이다. 다만 해법은 다소 아쉬워서 9점. ^^,9,1
478,그림 빼고 다 구리다.  구시대적임. ,1,0
479,날씨의 아이라면 비의 남자 고노 다로 방위상을 말하는 건가,0,0
480,솔직히 볼영화가 없서 이영화 본다 옛날 내가 청소년 생각 하면 그런 생각된다  주연 남자 나도 이해 한다. 그런데 너무간다. 그것은 이해불가 노래는 좋따,7,1
481,돈이 아깝다 ㅉㅉ,1,0
482,수입사가 얼토당토 않은 일로 관객한테 훈계질하면 누가 좋아하겠냐,1,0
483,mx관에서 시사회로봤다..뭐 그럭저럭 7점정도 된다고 봤는데..오늘 기획사 막말하는거 보고 1점 줍니다..일본 불매랑 상관없이 성공 못할영화였는데..남탓하는거 보기 좋지 않더군요..너의이름은 하고는 비교가 안될정도로 스토리 허접하잖아..영상도 좋아진것 업고,1,0
484,2019년 최고.,10,1
485,훙,0,0
486,재미없다,0,0
487,"에반게리온 작가가 망말하고도 ""그래도 볼거잖아"" 했는데 아직도 보는 것들 있네. 이거 안보면 난리나냐. 좀 정리되고 봐도 되잖아. 개념 없는 것들이 아직도 있어",0,0
488,"영상미, OST 빼고 1도 볼 거 없었던 영화. 인간적으로 스토리 작가 구해라 진짜",1,0
489,솔직히 너의 이름은 에서 나아간게 없다. 뻔한 클리셰. 뻔하고도 예상가는 내용. 책 많이 안읽고 영화많이 안 본 나도 예상가는 스토리. 어떻게 전개가 될지 다 예상되는데 보고있어야하는게 시간아까운 느낌... 뭐 가볍게 보기는 좋다.근데 나는 비추함.,2,0
490,솔직히 절대 혐일 아니고 일본 영화 좋아하지만 이건 작화랑 ost가 다다. 이간적으로 스토리 좀 신경써라. 아니면 메인작가를 따로 구하던가. 아니 아무리 감성충전용 애니라지만 스토리가 이렇게 까지 거지같으면 거부감 안들겠냐 세명이서 같이 봤는데 다들 짱났다. 영상 음악은 인정.,3,0
491,졸면서봤다.. 너의이름은 정말재밌게봐서 기대했는데 날씨..가지고 장난치는소재 자체가.. 한숨나오네,1,0
492,일본넘들 하는말 역시 조센징은 하등한 냄비들이무니다. 우리 대일본제국의 만화영화에 환장하는 바퀴벌레들 ㅋㅋ 우리 대일본 신민들은  긴급재난상황에 사재기해서  마트가 텅텅 비었을 때도 한국제 제품만 사지 않는  애국자들이무니다. ,0,0
493,일본 맥주는 않되고  일본 영화는 된다..??ㅋㅋ 개념 상실..??,1,0
494,킹시국끝나면 볼꺼다ㅋㅋ,0,0
495,"매국도든 뭐든,, 그걸 떠나서 특정취향 겨냥하는거 진짜 역겨워서 못 보겠다... 결말도 흐지부지 재미없고 개연성도 구려서 솔직히 돈 아까운 영화. 허나, 작화는 정말 좋으니, 영상미와 분위기 즐기는 사람들은 정말 괜찮을거같아용... 근데 감독 너무 더러워요..",1,0
496,일본넘들 잘하면 그때 볼께~~,0,0
497,"일기예보에서 지도 나올때 울릉도, 독도 삭제됐다;;",1,0
498,매국노가 한명 두명 생기고 그게 쌓여 결국 나라를 팔아 먹지. 불매하는 이유가 일본 사죄를 받고 징용배상을 받기 위해 하는 노력인데 니들은 그 노력에 반하고 있다. 국가가 해준게 뭐가 있나고? 지금 니들 존재는 경찰 치안 아니면 존재하겠냐..이 매국노시키들아. ,1,0
499,ㅇ,0,0
500,..,1,0
501,난 왜 노잼이지..종현이가 좋아하는 영화 ..너의 이름은.. 영화만든 감독이래서 봤는데...졸았다...진짜 팬심에서 봤지..아니면 안봤다..,6,1
502,안 봐야 합니다 일본영화는 좀 나중에 봅시다   일본어와 일본영화에 관심 있지만  지금은 아직은 일본 걸 즐길 때가 아니예요 멀리 크게 생각하면 좋겠네요  그래야 일본이 우리를 얕보지 않게 됩니다 개인의 힘도 모이면 아주 큰 일을 하니까요,0,0
503,일본,0,0
504,지갑에 총맞는 영화. 씹덕감수성이 없다면 보지 말자.,2,0
505,"생각 짧은 인간들 많네.  지금 일본애니 보면서 영상미니 뭐니 할때냐? 총칼만 안들었지 전시상황이야! 연일 쏟아지는 혐한 뉴스 안보냐? 지금 불매운동은 우리가 시작한게 아냐, 모두 알잖아? 명분있는 불매운동이라구, 영원히 일본과 등지고 살순없어 하지만 이 기회를 발판삼아 일본에게 한국이 얕잡아볼 나라가 아니라는 인식을 뼛속깊이 새겨줘야해, 우리가 모든면에서 일본과 대등하게 오히려 우위에 설때 일본놈들이 위안부할머니께 사과하고 독도가 지내땅이라고 안우기고 혐한을 일삼지않는거다. 작품은 작품으로 보라느니, 일본감독이 뭔죄냐느니...그때가서 그런말해라. 우리가 실천하는 작은일들이 모여서 정부에 힘을 실어줄수있고 그것이 경쟁력이 되는거다.  작품같은 소리하고 앉아있네...",0,0
506,올해 최고의 영화,10,1
507,"작품성이 좋은 애니이다? 좋은 감독이 만든 작품이다? 아닙니다..... 일본을 미화한 애니일 뿐입니다. 현재의 일본을 보기좋게 만든거죠. 지금 일본이  한국은 금방 시들해지는 민족이다,  참을성이 없다,  지금이라도 한국 경제를 망쳐야 일본이 산다. 라고 하고 있는데 꼭 일본애니를 봐야할까요? 저도 일본애니 좋아했지만 이제는 아닙니다. 몇몇분들이 좋은 영화를 왜 불매운동에 포함하냐? 이러는데...이러니 일본인들이 한국인들을 무시하는 겁니다. 80년전 친일파들이 ""내가 좋아서 하는데 왜 상관이냐!"" 하는것과 같습니다. 여기서 ""잼있다! 왜 여기서 불매질이냐? 이 영화 너무 좋다"" 등과 일부 입에 담기 힘든 막말하는 사람들은 일베나 일본인이 아닌인지 의심이 갑니다. 대부분 올바른 한국사",0,0
508,헛 잼없오,1,0
509,이시국에? 정말? ,0,0
510,이런걸 와보냐 보지마라,1,0
511,쓰레기 .. 입가심으로 포켓몬스터 보러가야할판,2,0
512,갑자기 3년 넘길때 뿜었다ㅋㅋ,4,0
513,.,0,0
514,너의이름은을 보고 기대가 많아서 인지  스토리 개연성부터 흐름이나 캐릭터 설정 하나하나 좀 별로였음 ,4,0
515,아무리 애니메이션이지만 너무 유치찬란하다,1,0
516,별로,1,0
517,조롱하고 무시하고 비난하고  영토마저 지들꺼라 우기고... 그런데도 사고 먹고 보는게 합리적인건가?? 쿨해서??? 정치(?)에 무관심한게  무책임한거라는걸 모르는 인간들 문화에 세뇌당한 열등하고 미개한 인간들.... 일본에 산불나도 한국탓하는 미개함과 매우 흡사하군,1,0
518,오타쿠 들에 머릿속을 알고 싶다. ㅁㅊ...,1,0
519,불매와 다르게 영화 자체로 보라는 생각은 어떤 근본 없는 의견인가요? 물품 보다 더 무서운건 문화 장악 아닌가요? 좋은 영화인지 보지않아 알바 없지만 no japan 은 물품이든 영화든 같은 맥락이고 일상에 스며든 일본의 것을 그게 무엇이든 멀리해야할 우리의 애국의 의지 라고 생각합니다.  ,0,0
520,일본 애니라면 다들 갖추고있는 도시풍경같은건 한없이 볼수있음. 음악이 시끄러울정도로 과하고 설정이 넘쳐서 한편에 다 담기질않고 수수께끼로 남아버림. 신카이 마코토 이름을 걸고 돈으로 처바른 영화.. 아쉬움. 비추. ,4,0
521,네이버에서는 2점줬는데 여기 좌좀들보고 2점 더쳐서 올린다. 정신이상자들진짜 많구나 ㅋㅋ,4,0
522,"문화라서 괜찮다! 작품성이 있어서 괜찮다! 일본불매와 문화는 다른 얘기다! 왜 여기서 일본불매 운동을 하냐? 영화는 영화로 봐야한다! 이건 다 자기가 보고싶어서 보는 자기  합리화입니다. 일제강점기때 나라를 팔아먹고 일본인들에게 빌붙어 사는 친일파들도 ""일본이 선진국이다. 문화가 좋다.""라고 자기합리화 하는것과 무엇이 다를까요? 얼마전 취재 내용을 보면 ""조선처녀로 고기국을 해먹었다 ""라고 하는 일본인들이 있습니다. 이사람들  과연 사람인가요? 일부소수라고 하는 사람들이 있는데... 소수라는 사람들이 전범들을 위해 매년 제를 지내고 전쟁가능 국가로  만들고 있는 아베를 과반수이상 지지할까요? 얼마나 우리국민에게 나쁜짓을 많이 했는지.. 그런데 하필 이시국에 꼭 일본만화를 봐야 하는지",0,0
523,정치는 정치 문화는 문화 구분 좀 하면서 살아라,10,1
524,나중에 토렌트로 다운받아 봐야지,10,1
525,시기가.... 배째라는 맘으로 개봉한건가?  아무리 불매해도 볼인간들 넘쳐난다고 떠든 원숭이의 언어를 이해하는 사람들만 볼듯...,0,0
526,방사능국 일본꺼는 다 불매,0,0
527,지금은 볼 때가 아님,0,0
528,.,0,0
529,애니팬이지만 지금은 일본애니을 볼 시국이 아니다. 그럼 지금은 아니고 말고 ,0,0
530,지금은 일본 영화 볼때가 아닌것 같다...각자의 욕심을 조금씩 줄이면 좋을듯,0,0
531,ㅆㄹㄱ,0,0
532,우리나라 국민이라면 일본영화따윈 보지 말아야죠~~~,1,0
533,일본거 보는 놈들 이완용이랑 똑같은 놈들이다 불매하자,0,0
534,진짜깜짝놀랠정도로 초딩이만든영화인줄 알았습니다 내용 부실최강 ,1,0
535,그만 좀 봐라 매국놈들아!!!!!  민족반역자를 처단하라!!!!!,1,0
536,너무 전작이랑 같고 일본꺼야!,0,0
537,"미려한 작화, 감성적인 음악, 나사가 좀 빠지긴 해도 애절한 이야기까지, 신카이 마코토의 작품은 온통 감성만으로 가득 차 있다. 그것이 그만의 장점이자 단점. 이번 작품도 별반 다르지 않다. 여전히 적응하기 어려운 일본식 과장이나 형식적인 캐릭터, 어쩌면 이제 공식화 되어버린 신카이 마코토식 전개는 이 영화의 매력을 반감시킨다.",6,1
538,난 별로~ 아베가 사과하면 보려나~,0,0
539,"작화와 OST에 공을 들인 건 알겠는데, 스토리와 구성이 약해... 너의 이름은 수준을 기대한 내가 잘못인가...",5,0
540,"그래도 볼거잖아, 그 감독. 그런데도 보시렵니까?",0,0
541,불매 안합니까?? 국민 여러분???,0,0
542,좋아하는 작가이긴 하지만..  시기가 안맞음..    우리가 '이건 괜찮다. 저건 이해한다.'라고  해 주니까 저것들이 비웃는 것임..    세상에 착한 전쟁은 없음..   일단 전쟁에서 이겨야   패잔병들이고 뭐고 보살필 수 있는 것임..   지금은 전쟁중임..   적군에게 배려는 우리에게 죽음임.. ,0,0
543,중간중간에 개연성 버린 전개가 꾸준히 나와서 '만화라서 봐준다...' 하면서 봤네요. 사실 만화라서 봐줄만 하지 않을 정도였습니다.,3,0
544,"하나라도 일본 제품 불매하는게, 현재의 독립 운동이며 애국 운동이다! 아무 생각 없는 것들은 망신이 답이다! ㅉㅉ",0,0
545,먼가 너의이름을 을 다시 본 느낌이야..... 영상도 좋고 나쁘지않았는데,5,0
546,저도 그냥그랬어요,2,0
547,ㅌㅋㅋㅋ,1,0
548,우리꺼보세요,1,0
549,반자이 거리는 일뽕분들을 보니 토렌트로 볼께요 ^^,0,0
550,흠..,7,1
551,대 일본제국 만세~ 천황폐하만세~,9,1
552,노노재팬 가자 ~ 이런거 왜보는겨,1,0
553,불배해여,1,0
554,와. 아직까지 일본산을 찾는 사람들이 있나? 아무것도 아닌 몇천원들이 모여서 하나의 자본이 되고 그게 우리나라 경제를 망칠 일본의 총알이 된다는걸 아직도 모르는 빙ㅅ들이 있나? 정신차려라! 정부만 탓하지말고. 그돈으로 우리나라 영화 한편이라도 더 봐라,0,0
555,"일본 아베 정권이 한국 경제를 망치고 있는데도, 평점 주면서 좋단다! 그러니, 35년간 일본 식민지로 나라가 망했지! ㅉㅉ 평점 쓰며 좋아라 하는 국민들은 일본으로 이민가라! 나라 망치지 말고! ㅉㅉ",0,0
556,쓰레기,0,0
557,이것도 영화라고 만들었냐?,0,0
558,이때 일본영화라니.. 미쳤나...,0,0
559,아주 친일 인증을 해라,0,0
560,일본은 전부다 불매다.  이시국에 일본 애니 상영이라니 정신줄 놨나 ?,0,0
561,사과하면 봐주지,0,0
562,이런 시국에 일본 만화를 관람하는  건 좀 아니다.,0,0
563,애니로 미화하지마라,0,0
564,아베사죄하라,0,0
565,ㆍ,0,0
566,중만의 아이가 더 쩜,1,0
567,ᆢ,0,0
568,이런거 왜 개봉하냐? 할거면 더빙을 하든가 일본 불매하는 상황에서 이런 걸 꼭 극장에 걸어야겠냐?,0,0
569,개 쪽빠리들 애기들 코묻은돈 털러왔구만 일본놈들은 인정사정없어...,1,0
570,"일본이 무시하고 비웃고 조롱해도, 평점만 따지고 있는 인간들! 여기다 모였네! 뉴스 좀 봐라! 니들이 낸 돈이 일본의 혐한 시위로 흘러간다! ㅉㅉ",0,0
571,"오타쿠들 합리화 장난아니네.. 그냥 어떻게서든 합리화 하려고 애쓰지 말고 그 뻔뻔한 태도로 주변에 말하고 다녀라 일본불매운동하는 사람이 이상한 거라고.. 어느 삼겹살 음식점이 있어.. 그런데 어느날 그 가게 주인이 어린 여학생을 성폭행을 했지..  하지만 그 가게 주인은 여학생이 원해서 한 거다.. 줄기차게 주장해서 벌도 받지 않고 풀려나.. 그걸 본 주변 사람들은 당연히 화가 났고.. 아무리 맛있어도 그 가게에서 음식 먹지 말자고 서로들 이야기 하지. 그런데 식탐이 커서 고기를 너무나도 사랑하는 어떤 오타쿠 같은 인간은 거기에 대해서 화를 내지. 그 집 주인이 성폭행 한 건 한 거고, 그 집을 상업적으로 이용해 주는 거는 별개라고.. 나만 맛있으면 된거라고.. 그걸 엮어서 생각하는 너네들이 잘못된거야..",0,0
572,노재팬 대한독립만세,1,0
573,니혼진거안봐요 ~~~~~~,0,0
574,일본 안가고 안사고  안본다...,0,0
575,매우 재미없네욧!,0,0
576,불매운동 안하냐 색삔들아,0,0
577,이젠 알아버렸다. 아무리 좋은 말을 해도  감언이설일뿐....,0,0
578,전혀 아름답지 않은 일본이 아름답게 꾸며보려 치장하는 일뽕 애니,1,0
579,별루....,0,0
580,재미가 말그대로 없습니다.,3,0
581,노래좋고 작화도좋은데 내용이 너무 억지같고은게 많고 말도 안되는걸 미화해놓은게 너무 많다. 너의 이름은을 너무 재미있게 여러번봐서 기대하고 봤는데 스토리가 따라오지를 못한다,1,0
582,NO JAPAN NO ABE,0,0
583,애 국,1,0
584,닥치고 0,0,0
585,개봉 절대 반대....  반한 감독에겐 절대 개봉안된다!!!!,0,0
586,.,0,0
587,.,0,0
588,오타쿠들 시끄러워,1,0
589,"그다지,,",0,0
590,ㅋㅋㅋ 돈많고 시간많으면 봐라 ㅋ,0,0
591,.,0,0
592,○,0,0
593,.,0,0
594,재미없다. 이야기 자체가 무리수. 중간 중간 여자가슴 운운하는 변태 에피소드는 헛웃음.  기대많이했는데 아쉽다.,1,0
595,히나상(!),10,1
596,재밌다,10,1
597,넘 재밌었어요 ㅎㅎ ,10,1
598,♡♡,10,1
599,지금 일본에게 필요한 건 뭐?,5,0
600,감독의 전작인 너의 이름은 보다 별로라는 의견이 많은 것 같으나 개인적으로는 너무 재미있게 봤습니다. 특유의 영상미는 보는 내내 눈을 즐겁게 해주었고 영화를 보는 동안 잠시나마 예전 청소년기의 순수했던 시절을 떠올리게 해준것 같아 좋았습니다.,10,1
601, 공리주의에 대한 비판적 시각과 고민을 담고 있는 명작이라고 생각합니다.  ,9,1
602,이게 망작 이라고? 저는 절대 아니라고 생각하고 너무너무 재밌게 봤어요,10,1
603,재밌었다,10,1
604,비 오는 날 보면 딱이네요. 작화가 좋네요. ,10,1
605,.,10,1
606,띵작이다! ,10,1
607,작화 해상도에 깜짝 놀랐음,8,1
608,너의 이름은이 너무 띵작이여서 그렇지 사실상 이 영화도 재밌는데,10,1
609,도시...빌딩...여름...비...구름...싱그러운 초록색...낯선 두 사람(가출 소년과 비밀스러운 소녀)의 운명같은 만남과 사랑 역시 신카이 마코토 감독님 스타일의 정교하고 싱그러운 그림체...,8,1
610,보는 내내 소름이 쫙 돋는다,9,1
611,확실히 호다카 가출이유랑 아쉬운 점이 많았음 근데 시나리오 이해 못하는건 니네들이 불편충이거나 이해력 딸리는거임 재밌게본 사람이 훨씬 더 많고 나도 이 영화 강추함 ,10,1
612,좋기는 했지만 현실성이 없는게 단점 그래 도 그림체가 좋고 결말도 나쁘지 않고 많이 생각해보게되는 내용,10,1
613,너무 재밌게 봤어요,10,1
614,히나ㅡ우리들은 분명 괜찮을거야~!,10,1
615,억울하다....왜 별이 10점 까지 있는지 이해가 안감 별이100겨 여도 모자란다...날씨의 아이 3D에다가 스토리...마음에 드는영화다...ㅜ,10,1
616,작화와 OST 만으로도 만점,10,1
617,작품을 어른들의 눈으로 보지 말고 아이들의 관점으로 보세요. 호다카가 가출을 한 이유가 나오지 않는 이유는 작 중에서 어느 어른도 그에게 왜 가출했는지 물어보지 않았습니다. 어른들의 아이들에 대한 무관심을 나타낸 것이죠.   신카이 마코토 감독은 아무 의미 없이 영화를 만들지 않습니다. 좀 알아보고 평하세요.,10,1
618,"홍수? 날씨, 기도, 희생제물... 조물주와 인간, 기후변화와 바이러스를 겪는 지구를 보는 듯하기도... 목숨걸고 사랑하는 두 아이들을 보며 짠해지고 흐뭇해지는 영화입니다. ",10,1
619,역시 빛의 마술사!!  세상따위 걱정말고 하고싶은데로 살어~,9,1
620,동심의 눈으로 보지 않으면 많은 것이 보이지 않는다. 경찰의 시선이 될 것이다,10,1
621,"작화와 연출,ost만으로 후유증을 남길 수 있는 애니메이션.",9,1
622,.,10,1
623,재밌음,10,1
624,더빙판 개봉하면 다시 보러갑니다,10,1
625,재밌음,10,1
626,정말잘만들었네요,10,1
627,국뽕에 미치지말고 냉정하게 우리나라는 이런애니 만들 수 있을까?? 좋은건 좋은거다..엄한 반일감정따위 중국은 더 심한짓 하고있다,10,1
628,잘 만들었다...,9,1
629,"방금 봤다. 일본, 그냥 다 떠나서 재밌다. 어쩌구 저쩌구 아는체 떠벌리지 마라. 재밌다. 감동이다. 끝!",10,1
630,너의 이름은 이랑 비빌 만한 작품인데 날씨의 아이가 재미없다고 하시는 분들은 애니를 안보시는 분인가 일본 극장판 애니 중에 저런 퀄이 나오는 작품 찾으라 하면 거의 없을 듯 생각 보다 스토리도 좋았고 작붕도 거의 없고 암튼 전 재미나게 봤습다.,10,1
631,난 좋던데.,10,1
632,항마력이 좀 딸리긴 했지만 재미는 있잖아ㅡㅡ ,10,1
633,"일본은 태풍으로 목숨이 왔다갔다하는 상황에서도 한국산은 절대로 안썼는데, 한국은 안전 상황에서도 일본 작품을 아주 즐감하는구나! 게다가 일본은 슈리성 화재가 한국인 방화 때문이라고 헛소문 퍼드리며 제2의 관동대지진 참사를 계획하고 있다. 그런데도 이런 일제를 감상하는 한국놈들은 제정신이냐? 이 매국노놈들! 아베와 유니클로 관계자가 불매운동 열기 오래 못갈거라더니 딱 들어맞는군! 역시 한국놈들은 냄비지 뚝배기는 못돼! 이런 정신상태로 어떻게 일본을 이겨? 너네가 이거 관람하려고 낸 입장료가 나중에 총탄이 돼서 니들에게 박힐거다. 이러니 일본이 한국을 우습게 보는 거다. 문프님께서 다시는 일본에게 지지 않겠다고 큰소리쳐도 토착왜구당이 비웃음치는 이유가 이거였어! 유태인들은 아직도 독일제품을 안 쓴다는데, 한국놈",0,0
634,"일본 아베 정부가 무슨 짓을 해도, 평점 쓰며 좋단다! 대한민국 국민인가? 아무 생각 없는 동물 수준인가? ㅉㅉ",0,0
635,항상 자신들의 잔악함을 귀여운 애니메이션으로 가리는 권법을 써온 일본. 이름운운하며 운석떨어진 애니는 말하자면 핵폭탄 맞은 일본을 응원하는거고 폭풍부는 이번애니는 말하자면 과거의 죄의대가로 매번 태풍에 시달리는 일본을 응원하는거지. 애니매이션 정도 고작 남은 이래도저래도 유치한 일본식 자기위안에 돈줘가며 박수쳐주는 한국을보면서 또비웃으며 혐한하겠지. 그간의 과정들을보면 지극히 이중적인모습을 일본애니매이션 안봐도알수있다. 어떤인간 이거보고 유니클로간다고 말하던데 한나라 안에서 살고있다는게 부끄러울따름.,0,0
636,확실해졌다 신카이 마코토는 거품임 그림은 이쁜데 물에 술탄듯 술에 물탄듯 확실한거도 없고  흐지부지 우유부단하다 갑자기 감정폭발 정리는 관객님들 머리속에서  감독의 책임의식의 부재 일본대중문화의 현주소 같은 애니,1,0
637,당신과 함께 있는 날씨...  날씨 속에 계절 속에 내가 지금 살고 있는 이 곳 속에 지구 속에 우주 속에...  우리는 그 모든 것들의 아이...  우리가 일군 모든 문명들은 순식간에 바다 속에 잠기고 원래대로 돌아가는 것...  그 폐허 위에 핀 꽃들...  우리들의 이기적인  순수한  무모한 사랑은 결국 모두를 위한 것...  내가 모두를 위해 간절히 기도했던 바로 그것...,9,1
638,야! 신카이마코토 ! 그만영화천재하라고!!!,10,1
639,빗방울과 빛..무엇보다  우천의 표현은 역시 신카이마코토감독이  잘 하는 것 같다. 이 영화는 언어의 정원과 너의 이름은 같은 전작들의 내용들이 좀 더 상상력있게 잘 버무려진 느낌이랄까.. 어딘가의 허술함조차 나는 좋게 느껴진다. ,10,1
640,"일본은 애니 속에서만 ""정의로운 척""을 한다! 현실은 일제시대에 강제로 일본에 끌고 간 재일 한국인들을 차별하고 혐한 시위까지 하고 있다! 일본 서점에 혐한(혐오스러운 한국인) 코너까지 따로 있지 않는가? 왜 대한민국 서점에는 혐일 코너가 따로 없을까? 차별은 부도덕하기 때문이다! 정작 피해자인 한국인들은 이러한데, 아베에 충성 중인 일본인 10명 중 7명에 대응하기 위해선, 한 제품이라도 일본 불매를 해야 하는 것이다! 니들이 지불한 돈이 일본의 혐오스러운 한국인 집회에 흘러간다! 한심!",0,0
641,20점 주고 싶다,10,1
