﻿,document,score,label
0,이게 표절이 아니면 도대체 뭐가 표절인거냐?,0,0
1,넘 재있게봤네요.  조진웅의 생활사투리..진짜 넘좋아ㅎ 코믹.감동.병맛까지..적절히 배합된 숨겨진 띵작. 특히나 조진웅 칼맞고 친구랑 차타고가는씬은 압권..ㅎ,9,1
2,"비슷한 영화를 본 것 같은데, 한국에서는 조폭스토리와 결합해서 새로운게 나왔네요.",7,1
3,이것저것 스토리를 섞어놓은.. 그나마 조진웅 연기가 체면치레함..,5,0
4,"설경구는 갈수록 꼴보기 시러지네, 조진웅이 아깝다",1,0
5,뭐가 재밌다는기가? 웃을거도 참 많다....진웅이가 연기는 잘했다....그것말곤 없다.... 김사랑은 뭐하러 나왔냐.......몸매라도 자랑하는 씬이 나오던가.... 꿔다논 보리자루가  따로 없네....뭐 얼굴만 보여주려고 나왔냐? 이쁘긴 하다만은 예전만큼 할까.....원래 보여줄 건 따로 있잖아.....너무 마초적이네 영화가.....그냥 뭐 너무나도 흔한 플롯... 신선함은 눈꼽만큼도 없었다.....,3,0
6,좀 창의력 좀 길러라 맨날 따라하니까 발전이 없지... 점점 갈수록 관람객 수준도 높아진다는걸 명심하고! 아직도 수준낮은 사람들 많이 보이네  헐.. 이런걸 평점6점이상을 주는 인간들은 모냐.... ㅡㅡ,0,0
7,언터쳐블 카피 대배우들 데려다 저런 시나리오...아이고...배우들이 연기력으로 커버해서 그나마1점,1,0
8,설경구  대사전달이 너무잘안됨,3,0
9,내용이야 뻔하지만...재미있게 봤어요 조진웅님의 연기와 허준호님의 연기는 최고입니다^^,7,1
10,내용도 재밋게 잘봤어요 감동도 재미도 적절하게 ㅎㅎ  열심히 잘 살아야겠군여,9,1
11,정말 재밌었어요,10,1
12,재밌네요  두번봄,10,1
13,재밌어요,10,1
14,찐빼이~,10,1
15,"멀쩡한 영화를 국내로 모셔와 깡패영화로 만들어버리는 놀라운 감독님...  만드신 노고에 1점, 고생하신 연기자와 스텝분께 1점, 한국영화라 1점, 그래서 3점 드려요.",3,0
16,감독 수준 안됨,1,0
17,난생각보다  완전 재밌던데 ㅋㅋ 조진웅씨 연기진짜 대박 너무 잘하심ㅜㅜ,10,1
18,볼만하던데ㅋ,8,1
19,Gooood~~,10,1
20,영화 진빼이네.. 조진웅 건달연기 잘했음~ 코믹하고 잼있음~ 근데 중간중간 지루한부분도 있음~,7,1
21,나름 굿! ,9,1
22,현재까지 나쁘지 않은데.,8,1
23,난 괜찮은데??,9,1
24,외화  언터쳐블  어설프게  카피한듯  ,6,1
25,설경구 조진웅 케미 잘 좋네요. 왜 1점을 주는지 모르겠네요.,8,1
26,재밌게 봤어요,9,1
27,재밋게 잘 봤어요 ,10,1
28,넘 재미있게 봤어요~ 마지막 핸폰받고 웃는 장면은 동생이 합격했다는거 전화일듯요!,10,1
29,재밋어 연기굿,10,1
30,휴......쀼...... 쀼..... ㅃ.....ㅆ......ㄲ....... ㄱ....우....ㅅ.....,1,0
31,배우들 연기가 일품이네요^^ 중간에 많이 웃었습니다~~,10,1
32,잼던디,10,1
33,시나리오는 언터쳐블 1프로 우정 에서 가져오고 전개는 불한당 차용하고 이래놓고 영화관가라고 난리더냐,1,0
34,이건 리메이크인가 아니면 표절인가. ,1,0
35,언터쳐블 리메이크 아니라고 한거 사실이냐? 그냥 한국판 리메이크 라고 하면될껄 외국인들에게 물어봐라  언터쳐블 따라 했다고 하지 ,5,0
36,"간만에 유쾌하고 지루하지 않게 본 영화입니다. 역시 조진웅  ""범죄와 전쟁""에서 보여주던 그모습 업그레이드 버젼이네요. 설경구도 건조한 연기를 보여주는데 있어 탁월합니다. 전개 결말도 마음에 들구요. 10점 만점에 저같으면 +5점 더!!!  ",10,1
37,재밌다!!!,10,1
38,.,9,1
39,잘봤음.. 추천,9,1
40,조진웅 연기 넘 잘하네요 . 저도 혼자 실실 웃으면서 봄 ㅋㅋ,10,1
41,별 기대없이 봤는데 생각보다 보고 나서 기분 좋은 영화~,8,1
42,너무 재밌게 잘봤습니다^^,10,1
43,"너무 우낀다 그리고,눈물콧물 다빼네요~정말 영화 퍼펙트하게 만들었네요. 재밌게 봤습니다.",10,1
44,언터쳐블을 100번 보고말지ㅡㅡ  창의력이 그렇게없냐...?????,0,0
45,재미있군요..,10,1
46,간만에  꿀잼영화 !!!,10,1
47,재미로 보는데 감동도 있드라. 말빨 끝내준다.,8,1
48,감동적이에요. 조진웅 멋있어요.,10,1
49,저는 10점 만점에 10점^^,10,1
50,"감독의 담백한 연출과 조진웅, 진선규의 열연이 뻔한 스토리와 소재를 수작으로 변모시켰음. ",8,1
51,"부산에는 깡패만 사는줄 알겠다 스토리는 뻔하고, 구멍없는 연기자들이 모두 살림.",7,1
52,생각보다 훨씬 영화가 재미있네요. ^^,8,1
53,너무 재밌어요 ‘네 인생에 사수는 없다. 사망만 있다 ‘  너무 웃겨요. ,10,1
54,"왜  6.9점인지 모르겠다.  코미디와 액션이 있으면서, 유치할 것 같으면서도 조진웅의 연기력으로 전혀 유치하지 않고,  볼 때만 재밌는 영화가 아닌 따뜻함과 남는 것이 있는 좋은 영화다...... 자신을 희생하며 돈만 쫓아 너무 애써서 열심히 살 필요 없고,  지나고 보면 후회되고, 누군가로 인해 내 잘못과 상대의 마음을 이해하고 용서하게 되는...그 안에서도 가족만큼 소중한 존재가 없음을 깨달을 수 있는 정말 좋은 영화이다. ",10,1
55,"솔직히 기대 안하고 봤는데, 기대 이상입니다.",10,1
56,퍼팩트한 찐빼이 영화. 코미디 영화 중 갑 오브 갑이 나온듯..,10,1
57,간만에 재밌게 본 영화,10,1
58,오랫만에 웃다가 울고 울다가 웃는 영화봤네요 내용에 비해 평점이 별로 안좋은데 진짜 재밌음,10,1
59,조폭영화 안 좋아해서 별 기대안하고 좋아하는 배우때문에 봤는데 넘 재밌어요 슬프면서도 유쾌해서 좋았어요 최근 본 영화중 최고,10,1
60,너무 재밌게봤네요 ㅠㅠㅠ 평점믿지마세영 ㅠㅠ,10,1
61,재밌어요,10,1
62,재밌고  따듯했습니다 감사합니다 해피앤드는 언제나 맘을울리죠,10,1
63,프랑스 영화 인터치어블 갖다 베꼈구만. 난 리메이크인줄 알았네.   창작력도 없고 영화도 유치하고 설경구는 갈수록 연기 못 함.,2,0
64,표절인진 몰겠는데  넘재밌긴함,10,1
65,마!놀래라!!,10,1
66,조진웅 연기력은 좋았는더...스토리가 흠...표절아니감...,6,1
67,재미 있음 언터처블은 컵셉만 같고 내용은 다름,8,1
68,조진웅 굿 설씨는  어우야  안보고싶다,1,0
69,3류영화,3,0
70,"탄탄한 시나리오 주연,조연의 퍼펙트 연기 보는 내내 인생의 방향을 제대로 알게되었습니다",10,1
71,재밌는데 평점이 너무 낮네요,10,1
72,원작보다 재밌네요. 근데 왜 강간범이 아니라 변호사를 죽일려고 하나요???,8,1
73,아 진짜 개재밌게 봄.. 여기 왜이렇게 평점 낮게 주냐 나 보면서 웃겨 뒤지는줄 알았는데.. 솔직히 나 포스터 보고 안보려고 했는데 보니까 진짜 개재밌음,10,1
74,굿,10,1
75,조진웅 연기   대박!!,8,1
76,기대치 대비 최강급이에요.,9,1
77,이런 종류 영화에 조폭 소재는 왜 쓰는건지  이해가 안 감,1,0
78,별로...,4,0
79,잼,10,1
80,찐빼이,10,1
81,재미있게 잘 봤어요!!,8,1
82,무겁지 않지만 무거운,7,1
83,내가 감정이 매말랐을까?,4,0
84,돈많은 사람이 왜 사회봉사를 받나? 그것도 깡패를...,0,0
85,배가 산으로 가는 영화. 시나리오가 영. 배우들이 빛바래게 만드는구나. ,1,0
86,내용은 평이하지만 연기파 배우들의 연기가 좋네요! 잘봤습니다.  시간이 아깝진 않습니다,8,1
87,코미디 영화니 억지스러움은 그렇다 쳐도 템포가 너무 늘어집니다. 특히 후반부는 계속 보고 앉아있기 힘들 정도였어요. 조진웅씨는 연기 잘 하시고요.,5,0
88,还可以,9,1
89,조진웅이~~~,6,1
90,재밌어요~연기짱,7,1
91,조진웅 넉살섞인 사투리연기 갑.,9,1
92,김사랑은 여전히 예쁘네,6,1
93,야밤에 혼자 낄낄대면서 봤어요ㅎ (큰 기대없이 봐서 그런가ㅋ) 가볍게 보기 좋으네요.,8,1
94,뭐 어쨌든 연기자들은 자기 할 일은 다 했음,7,1
95,쫌더 재밌게 만들지 쫌 아쉽게 만들었네 ,6,1
96,작년에 극장에서 보고싶었었는데 입원하느라 놓쳤다가 집에서 보게 되었네요. 막 웃기다가 진지하다가 왔다갔다 해서 감정 조절이 좀 잘 안되었지만 그래도 정말 재밌게 봤어요.  설경구님 목소리가 너무 작아서 잘 안들리는 것만 빼면 좋은 영화 ^^,9,1
97,재미있었음,8,1
98,"외국 영화 인터처블의 갑부 장애인과 노숙자와의 관계처럼 그런 설정이 좀 억지스럽긴 하다. 완전 코미디는 아니지만 살짝 웃긴 것도 나오기도 하고, 버킷리스트처럼 뭔가 하고 지워가는 것도 본 듯 한 느낌이 든다. 조금 아쉽기도 한 개인적 생각도 있지만 나름대로 볼 만 하지 않았나 싶다.",7,1
99,재밌게 잘봤습니다. 인생의 아름다운 마무리와 멋진 인생,9,1
100,허세쩌는 조진웅 연기는... 까리하네.  스토리는 진부하지만...,6,1
101,참 좋은 영화예요~ 웃으며 울며 봤네요 사투리에 익숙한 저로썬 더 찐하게 감정들이 느껴졌던것 같아요~,10,1
102,완전 괜찮게 봤네요. 울나라 아 진짜 영화는 일단 배우들 연기가 좋으니♡ 기존 해외영화와 비슷한 스토리 라인이지만 한국영화답게 조폭ㅋㅋㅋ과 한국식 유머와 정서가 있어서 조폭쏘스를 뭐라할수 없는영화. 마지막에 조진웅 표정연기 대박!!,9,1
103,조진웅님의 훌륭한 연기 ㅜᆞㅜ 감동 많이 받고 갑니다 영화보면서 재밌게 웃기도 많이 웃었고 울기도 많이 울었네요 저는 제 마음속에 이 영화는 최고점수  주고 싶어요 조진웅님~ 앞으로도 많은 영화 찍어 주세요ᆞ,10,1
104,재밌는디 리뷰들이 왜 이런거죠 ? 근데 엔딩읻 아쉽.. ㅠ ,9,1
105,스스로 깨어나오지 않는 이상 조진웅 주연으론 점점 힘들듯..,1,0
106,조진웅씨 연기가 너무 인상깊은 영화... 봐도봐도 좋아요,10,1
107,에고.. 최고의 배우들을 데려다가 뭔 짓이래요 이게.. 특히 후반부는 아주그냥... 에휴..,4,0
108,조진웅의 훌륭한 연기(일부 사투리가 좀 어색하지만..) 연출에서 쓸데없는 부분을 좀 덜어냈다면 더 좋았겠지만 잘 만든 영화다  생각보다 흥행은 덜 된것이 이상할 뿐 마케팅의 실패인가?,9,1
109,여인의 향기 레인맨 주윤발 ᆢ 여러가지 영화를 믹스했는데 연기도 좋고 재미는 있는데 남는 게 없네 ᆢ 명작들은 뭔가 찐한게 남던데 굳이 뭘 그렇게 피바다를 만들어야만 얘기가 되나 ᆢ 여인의 향기에 피냄새가 나더냐 ᆢ 그게 아쉽네 ,5,0
110,조진웅 연기 진빼이~~^^,9,1
111,재미있습니다. 특히 조진웅씨 칼 맞고 영웅본색 흉내 내는 부분에서 뿜음^^,9,1
112,자연스런 전개 개성이 살아있는 역할,7,1
113,뭔가 내 자존감을 키워주는듯한 영화...ㅋ,9,1
114,그저 그렇네,6,1
115,재밌고 슬픔,10,1
116,78년생 김사랑의 시간은 거꾸로 간다.,7,1
117,나름재미있는데 김사랑역할이 아쉽다. 비중이 너무 작다,6,1
118,예술이  별거가... 재밌네... ,8,1
119,웃으면  됐지  아주 잘 봤어요. 재미좋아요.,10,1
120,생각보다 잼있음... 감동도 있고... 유치한것도 있지만 나름 따뜻한 영화 ,9,1
121,"레인맨 + 언터쳐블 : 1%의 우정 + 여인의 향기  이 세 영화에 한국식 신파를 살짝 토핑해서 만들어진, MSG 가득한 따라쟁이 국밥. 맛은 있음.",7,1
122,레인맨 이런 느낌도 나네요. 인간적인 영화,8,1
123,"조진웅, 허준호, 진선규, 설경구 역시 연기 베테랑들 거기다 김사랑은 아직도 이쁘네ㅋㅋ",7,1
124,설경구는 믿고 거른다,1,0
125,그냥 재밌음,10,1
126,영화 내용 전개는 이해되는데 집중이 안됨,1,0
127,"프랑스에서 만들고, 헐리웃에서 리메이크까지 한 영화를 너무 노골적으로 베낀게 아닌가? 정식으로 판권을 샀거나, 지적재산권을 지불하고 만든 거라면 죄송합니다.",6,1
128,흠  글쎄   흠,1,0
129,조진웅 부산 출신이면서 어떻게 부산사투리 연기가 그렇게 어설플수가 있냐. 영화 내용이나 연출도 3류. 설경구가 대체 왜 이런 영화에 출연했지..,0,0
130,그냥 웃으면서 잘 보았네여,8,1
131,이 정도면 충분히... 볼만함.,8,1
132,"영화 내용 전개 진짜 구질구질하다,,",1,0
133,취향이 안 맞아서 그런가..한 20분 보다가 맘..,3,0
134,배우들의 연기와  은근 통쾌한 재미로 봤다.,8,1
135,.,8,1
136,연기야~~~영기야 담배펴라 영기야.. 돈 주고 본 사람들 짜증나겠더라 난 올레 무료로 봤다 딱 올레로 볼 영화,4,0
137,"죽음을 앞둔 부자와 사회 밑바닥 인생의 조우, 어울릴 것 같지 않은 인연이 그려낸 이야기로 인생의 참의미를 그리는 이런 플롯의 영화는 이미 많이 나오지 않았나? 그런데 이 영화는 조폭 영화의 서사구조를 어설픈 인생드라마로 엮어내는 한계가 넘 많다. 설경구 조진웅.참 좋아하는 배우들인데 영화는 진부한 조폭영화보다 재미와 감동이 없으니..ㅋ ",3,0
138,재미있게 봤습니다,8,1
139,재밌었어요. 조진웅님 연기보려고 봤지요. ,8,1
140,"외국영화 ""죽기전에 해야한일100가지"" 너무나  똑같지 않은가요  ㅎㅎㅎㅎ",1,0
141,창원사는 30대 입니다 관람하는 내내 즐거웠습니다. 친구들 만나면 요즘 이 영화만 얘기하네요 감사합니다.,10,1
142,"코미디 영화였구나... 한 번도 안 웃었음. 유치해서 손발이 오그라드는 장면들은 쫌 있었음. 소재는 좋았던 것 같은데, 시나리오와 연출이 못 따라준건지 그냥 그랬음. 기억에 남는건 조진웅과 허준호 연기뿐...",5,0
143,"보니까 결과적으로 흥행에는 실패한 것 같고, 몇 년 전에 개봉했었던 프랑스 영화인 언터쳐블과 비슷한 부분이 많은 것은 사실이네요. 그렇지만 그런 부분을 차치하고서라도 최근에 본 영화 중에서는 가장 임펙트 있는 영화였고, 스토리나 연기가 매우 탄탄했던 것 같습니다. 눈물과 웃음이 오가는 훌륭한 영화였습니다. 조진웅 님은 갈수록 연기가 느는 배우 같습니다. 파이팅입니다^^",8,1
144, 그냥 판권을 사서 리메이크 한 거라 하는 게 나았을지 모르겠다.  분명 많이 다른 영화지만 컨셉 자체는 동일하기 때문에 언터처블을 지울 수가 없다.  영화 자체는 재밌다. 조폭미화? 조폭이란 소재 때문에 불편해할 사람들 빼고는 재밌게 볼 수 있다.   코미디가 억지스럽지 않고 자연스러워 좋다.   후반부 신파를 좀 오래가져가는 면은 있지만 그럭저럭 봐줄만 하다.  조진웅은 참 좋은 배우다..,7,1
145,.,4,0
146,어디서  본듯한  영화   미국영화  비스무리 ㅋㅋ,6,1
147,업사이드 유사성설정으로 욕먹는건 어쩔수없다 하지만 그것만으로 이영화를 평가하기엔... 꽤 괜찮다 부족한 스토리라인을 잘난배우님들연기로 다 커버함,8,1
148,퍼펙트 하네,10,1
149,킬링타임용으로 아주 재밌네요.  간만에 많이 웃었어요,10,1
150,"스토리개연성이 약해서 공감력이 떨어지나 ,, 연기력은 나름 인정 , ㅡ",6,1
151,배우들이 아깝다. 영웅본색때문에 3점 준다.,3,0
152,"간만에 재미지게 보았다. 조진웅,진선규 굿!!",10,1
153,마지막쪽에 조폭친구 손가락 장애인 됐다고 주차하긴 편하겠다 하는데 양팔 다 못 써도 다리 멀쩡하면 장애인주차구역에 주차 못함 혼자 운전하고 다닐 수 있어도 짐 나르는게 문제인 사람은 장애인 주차구역 주차 필요한데 그런거 신경도 안씀 공무원넘들..,7,1
154,두명배우를 이렇게 망가트리네 한국영화의 한계 '언터쳐블1%우정' 차라리이거보세요  이영화는 실화,2,0
155,재미있습니다. 재미와 웃음속에서도 삶과 죽음에 대해 생각하게하는 포인트가 있고 억지스럽지 않은 명품연기가 좋았습니다.,10,1
156,완전 재밌게 봤어요 연기들 진짜 쪄네요,10,1
157,잼있게 웃으면서 봤네요 조진웅씨 사투리가 고급지던데 고향이 부산이셨네요. 확실히 다른부분이 있어요,10,1
158,재밌는편. 지루하진 않음.,8,1
159,조진웅이 다했네 진선규.허준호 연기도 좋았다 스토리가 좀 아쉽다,9,1
160,너무 재밌게 봤어요.... 우연히.....기대도 안했는데,10,1
161,이 영화에서 설경구님 연기가 너무 이상했어요 그리고 영화도 지루하고 재미없었습니다,2,0
162,리메이크 판권은 산거 맞나요?,3,0
163,간만에 펑펑 울.....진빼이 ...인정.,10,1
164,Good ~~,10,1
165,인생 애쓸것없다,10,1
166,영화 진빼이네!!!,8,1
167,뻔할까 봐 케이블 브이오디로 봤는데 재미있어서 한번 더 봤다 조진웅 배우님의 연기 변신 최고! 넓은 연기 스펙트럼에 감탄함,8,1
168,조진웅 갑니다요 ,9,1
169,이만하면 뭐..  ㅎㅎ  나는 재밌게 자~알 봤네.. ^~^,7,1
170,재밌네 조진웅 연기 짱이시고^^  스토리는 좀 뻔하지만 그래도 재밌어서  8점ㅎ,8,1
171,나는 리메이크인 줄 알았네... 표절이 아니란다 ㅋ,2,0
172,"참 한심한 스토리의 영ㅇ화, 조진웅 연기외에는 암것도 남는게 없는 영ㅇ화, 김사랑은 왜 나왔는지 ",2,0
173,배우 연기력만 볼만함 스토리 개연성 없음..보면 볼수록 잠만옴,2,0
174,조진웅 진짜 연기 너무 잘한다,10,1
175,조진웅 연기에 반한다,7,1
176,현실은 지옥인데  해법이 동화 수준이어서 좀... ,6,1
177,굿 재미집니다,9,1
178,조진웅 대사랑 연기는 나쁘지 않았습니다.,6,1
179,나름 볼만한 영화네요~,10,1
180,스토리가 좀 아쉽지만 웃기고 재밌다,7,1
181,와...........제목도 매치안되는 내용....개연성이 완전 없는......이런 영화를 홍보해대는 ....ㅠㅠ,0,0
182,"두시간 동안 전혀 공감 안되는 이유는 내가 이상한건가 설경구 카트타는거,조진웅 영웅본색 부르는거 빼고는 차라니 영화보다는 짤로 만들어 유투브에  풀어쓰면 더 많이 봤을텐데 아쉽네요.",1,0
183,스토리 너무 아쉽지 않았나.. 배우들 연기가 아까웠음,4,0
184,코믹은 진빼이~~~오랜만에 빵 터졌음,10,1
185,나는 이거 보고 진짜 많이 울었다.. 인생 뭐있나... 즐거우면 되는거지  다들 행복하게 즐겁게 살자,10,1
186,연기잘하는 두배우로..  참 슬프다.,1,0
187,김사랑씨 주말극이나 김수현씨 처럼 외국 큰 영화나오세요 그 역활은 누가 나오니 배워봐야지할수도 있지만 누가나와도되요,1,0
188,언터쳐블이 떠오르는건 어쩔없지만 ..배우들 연기는 정말 좋왔음,8,1
189,"언터처블이 떠오를 수 밖에 없는 스토리. 하지만 우리의 감성, 특히 경상도의 감성으로 잘 풀어낸 듯. 다만 너무 휙휙 튀는 감정선을 따라가기가 어렵다보니 몰입이 때로는 잘 안되는 단점이 있다. 조진웅을 비롯하여 진선규, 허준호 등 대부분의 배우들 연기력의 깊이가 느껴진다. 꽤 재미있는 영화. 최고의 대사는, ""이 미칭개이 쉐끼가 이거!!"". 배꼽 떨어지는 줄 알았다.",7,1
190,감동도 없고 배꼈으면 제대로 배껴야지,5,0
191,두 배우 케미 없다. 아깝다... 게다가 개연성 떨구는 스토리.,6,1
192,"큰 기대없이, 어디서 본듯한, 그래도 나쁘지 않은, 딱 거기까지.",5,0
193,언터처블 표절에 뻔한 신파극 ,5,0
194,언터쳐블 표절이네요.,1,0
195,"언터쳐블과 포맷이 비슷한건 부인할수가 없다. 하지만 나름 한국적인 뭔가가 있고, 배우들의 연기가 참 좋다.  개인적으로 극한직업 보다 훨씬 재미있다. 흥행 못한게 좀 아쉽다.",8,1
196,표절이고 나발이고 조진웅과 절친 연기가 참 리얼하다. 연기 진짜 잘 한다. ,7,1
197,...,3,0
198,완전 표절이구만... 미국영화 언터처블인가..?  그 영화 보고 이영화 보면 표절이건 아니라고 주장하던. 언터쳐블이란 영화를 그대로 모방 했다는건 부인 할수 없을거다.  보니깐 이 감독이 예전 부터 표절 전문 감독이라더만. 아무튼 이런 영화좀 만들지마라. 영화 설정 돈많은 시한부 설경구. 여자 비서  건달 조진웅.. 영화 보다가 부끄러워서 못보겠다.  너무 똑같아.,0,0
199,음..그냥..보지말아요,2,0
200,Good,10,1
201,잼있넹,10,1
202,조진웅 설경구 연기 너무 잘하고 서사 구조 우리나라 정서에 딱이고 ,10,1
203,늘어지는 전반부와 개연성 떨어지는 상황에 지침,5,0
204,시간 떼우기로 괜찮음,8,1
205,1%의 우정???,10,1
206,어디서 본듯한 그래도 소소한 재미가 있다,7,1
207,기대보다 재밌었네요~,10,1
208,출연진들하며 잼있네요!~~~,9,1
209,재미만 있구마는... ,9,1
210,기가  막히네요.   ,1,0
211,어설픈 장면이 의외로 많네요~  마지막 전화받는 장면은 못봐주겠고.....  전체적으로 주윤발과 언터처블을 패러디 한듯~,5,0
212,잼나게 봤음. 두 배우의 캐미가 아주 굿!,9,1
213,새로운 영화를 만들고 싶다. 시나리오 있음. 언터쳐블 업사이드 퍼펙트맨 오브 멘  띵작각,10,1
214,그냥그러저러볼만하다재미있게본거갇기도하다,10,1
215,쓰레기들의 영화,5,0
216,중간 보다가 딱 종료 ㅜㅅㅜ,3,0
217,엔딩 또 엔딩 또 엔딩 또 엔딩 엔딩만 삽십분,4,0
218,"참 재미있게 보고 있다가.. 딱 중반 부분 부터 즈음인가 삼천포로 빠지면서 신파까지 가세... 마지막, 야구로 치면 9회말에 좀 경기다운 경기를 본 듯하다.... 그리고 순수 창작을 합시다..",5,0
219,보는 사람 당황스럽게  많이 황당한 영화.,2,0
220,조진웅 영웅본색 주제곡 노래 할때 배 잡고 웃었다 ㅋㅋㅋㅋㅋ 조진웅 진선규 연기 최고다,10,1
221,같이 죽자,10,1
222,중국욕할필요있나?,1,0
223,나만 재밌나? 정말 부산토박이로써 부산 달건이 연기 조진웅 최고였고 삶의교훈도주는 영화였어요,10,1
224,음향담당이 누군지 경상도 사투리의 대사들은 크게 들렸다 작게 들렸다 지맘대로고 대사 전달도 제대로 안되어서 보다가 그냥 꺼버렸다. 배우들에게만 돈쓰지말고 작품의 품질에도 돈좀 써라.  이러니 한국영화에도 자막을 넣어야 하는게 아니냐는 말들이 나오지. 에이그... 못난 종자들.,2,0
225,충분히 볼 만 했어요.,9,1
226,언터쳐블 언터쳬블... 단순하다.,6,1
227,...,5,0
228,마무리가 안조아. 앞에서 공들여 쌓아온걸 마지막에 뭉게버리네.,5,0
229,보면서 언터처블이 생각났어요ㅎ비슷한부분이 있었지만 스토리  너무좋았고요~ 배우님들 연기가 더 해져서  몰입하면서 봤습니다~^^ 웃다가 울다가ㅠ ㅋㅋ,9,1
230,그리고 조진웅 10점 더~!!,10,1
231,이만하믄 충분히 좋으네요 ㅎㅎ,10,1
232,뻔하지만 감동은 있었음.,10,1
233,첨엔 언터처블 짝퉁이나.. 단순 조폭 영화라  생각했었는데.. 배우들 연기도 괜찮았고  전반적인 스토리 흐름은 나쁘지 않았던듯..  조진웅의 사투리는 자연스럽긴 한데..  허세 가득 경상도 사투리는 참 듣기 거북함.  억지 감동스럽진 않았으니..  이 정도면 평작은 될듯.. 에필로그가 좀 더  길었어도 괜찮지 않았을까..,6,1
234,화가남.....언터쳐블은 끝까지 감동있게 봤고 이건 스킵하면서 봄 그래도 짜증남,1,0
235,역시 허준호,10,1
236,다른건 몰라도 허준호 연기 진짜 최고네요.,5,0
237,"허준호 배우의 어설픈 사투리, 영화 언터쳐블 카피, 영화 해운대 느낌, 부산깡패, 억지 눈물 등... 한국 영화의 수준과 한계를 보여준 작품. (조진웅, 설경구 배우의 연기는 역시 최고)",5,0
238,언터처블 아류로 여겨지며  조금 꺼려졌으나 보고 나서 생각이 바뀜. 나름 진지하고 웃음 코드는 살짝 유치.,7,1
239,마지막 쯤에 조진웅이 칼맞고 친구랑 자동차 타고 가는장면 역대 최고 장면,10,1
240,이게 언터쳐블  리메이크가 아니라고?? 와 ㅋㅋ 아니겠지...ㅎ ,1,0
241,어지간히 지루허다. 배우들 봐서 4점. ,4,0
242,웃긴장면은 많았는데 억지감동 스토리같음,6,1
243,"영화 재미있네요. 웃음과 감동두 있구요. 부정적인 영화평때문에 이제서야 봤네요. 배우들 연기도 좋았고, 조금은 더 좋은 사람으로 세상을 살고싶어졌습니다. 낭만적으로~",7,1
244,왜 꼭 억지 신파들을 집어 넣는지..,5,0
245,사람냄새나는 영화 잘 봤습니다 ,10,1
246,제목만 퍼펙트.  그냥 웃음으로가지 굳이 눈물감동 강요까지 하는지 ㅋ,5,0
247,"조진웅, 진선규 두 분 연기 너무 좋았습니다~",8,1
248,넘 잼나게 봤어요! 전 기억에 남을  인생영화예요!,10,1
249,누가봐도 ⟨언터쳐블 1%의 우정⟩ 에서 조금 다른 것 뿐.. 아니라고 하면 양심 없는 것 아닌가. 명품 배우들 욕먹이는 게 안타까울 뿐이다. 절반의 별은 배우들에게 보내는 것.,5,0
250,영화 겁나 잘 만들었구만.. 배우들 연기도 좋고!,9,1
251,트리플 사망 씬 때문에 5점준다.  전반적으로 신선도 제로의 영화.  양자물리학이 훨씬 재밌다.,5,0
252,세계로 나가는 한국영화에 먹칠이네요. 표절하지 마세요. 좋은 배우들 이렇게 욕 먹이지마세요 ㅜㅜ ,1,0
253,설경구 나오는 영화는 거의 봤어요. 재미있게 봤어요.,10,1
254,시간 가는 줄 모르고즐겁게 감상. ,9,1
255,만루홈런 조진웅 3루타 진선규 2루타 허준호 병살 설경규,6,1
256,점수못준다  못준다!!!!!! 조진웅   아깝다!!!!!,0,0
257,재밌다..타짜보다. 더 재밌다..특히 죽었다 살고 죽었다 살고..진선규. 진짜 친구죽었다고 생각하고 슬퍼하는 연기부분에서 9회말 역전홈런!! ,9,1
258,9점 주고 싶은데 평점 조정위해 10점 줍니다. 조진웅 연기 와....진짜 잘하네요. ,9,1
259,"참나,,,,,대한민국 적폐1호 우전무죄 무전유죄,,,,,돈밖에 모르는 김앤장,,,,이스레기들로 부터 영화가 시작되는구나,,,,,김앤장이 잴 먼저 생각나네,,,,,살인을 무기로 무기를 10년으로,,,성폭행을 무죄로 ,,,연기들 다 잘하네,,,,그냥 저냥 볼만하네,,,,,,,",6,1
260,조진웅 연기력 좋네 재미는 별로네 내용이...,5,0
261,조진웅 너무 재밌어~~ 죽은척할때 진선규하고 연기 너무 재밌었다. 아쉬운점은 그놈의 조폭은 좀..,8,1
262,외국영화 똑같이 만든거 같은데 감동도 없고 사실 별로임 조진웅 연기는 볼만함 나머지는 별로임,2,0
263,"설경주 연기 좋고, 조진웅 구수한 경상도사투리  실컷웃었네요....  보세요. 가볍게  보기에 좋아요.",8,1
264,이정도면 상업영화로 평타이상 아닌가요? 다들 엄근진이시네요 ㅋ,8,1
265,잼없진않다 깡패 미화라 깡패양아친 사회악이다라는 권선징악이 있었음 오쉽네,5,0
266,"부산사람으로써  정통 부산사투리 인정.  조진웅, 진선규   부산정통조크 인정~",8,1
267,막판 신파 클리세 뇌절이 있긴 하나  그것 말고는 닥 마초 상업영화로 보면 훌륭한 연출.,8,1
268,아쉽게도 찐빼이가 되지 못햇다,6,1
269,언터쳐블.업사이드 이런류영화 다봤는데 이건또다른매력있어요 조폭영화싫어하는데 그게주가아니라 괜찮고 촬영을 아주잘했어요 광안대교 부산 또가고싶을정도. 그리고 조진웅연기가..혼자 다했을정도로 좋습니다 진선규케미도좋고 모두연기다좋은데 김사랑은 연기자아니예요 셀카중독녀일뿐. 나오는대사가 찰지고좋은대사많아요 조진웅말에서.. 그리고 코믹요소가많은데 칼맞고 진선규랑차에서~명장면이네요~^^ 이정도면 재미있지않나요 욕하는사람들은 영화가격에서 어느정도를바라는건지ㅎㅎ ,9,1
270,아무래도 이 영화가 진빼이는 아닌갑다,5,0
271,주인공의 연기가 실제인듯  스토리는 좀 짜집기인듯 하지만 재미는 엄청준 영화,9,1
272,언터쳐블1% 의우정인가...를 떨쳐버리긴 쉽지않겠지만.. 조진웅 배우의 동분서주 설경구 배우야 그렇다쳐도 간간히 보이는 허준호배우 도  엄지척,7,1
273,조진웅 연기 쩌네 ~~~~~~ 설경구 나이 들수록 멋짐뿜뿜 ~~~~~~~ 진선균 머리숱 많더라 ~~~~~~ 김사랑역은 꼭 김사랑 써야했나? 걍 아무나 썼어도 될것을....쯧~~~~ 배우맞냐?  허준호....걍 연기갑.연기신.명불허전 !!!,6,1
274,굿 리메이크,8,1
275,감독이 있다..,10,1
276,존내 잼있구만... 테러질들은 ㅉㅉㅉ,10,1
277,배우 낭비하는 작가와 감독의 졸작. ,2,0
278,심심할때 보는 7점짜리 영화.,7,1
279,재미있다 저 말도 안되는 역을 소화시키는 조진웅의 연기에 박수~!!!,9,1
280,차안 영웅본색 노래 존나 웃었다 ㅋ,10,1
281,"남들은 재미없다고 해도 저는 너무 재미있고, 감동있게 보았습니다.",10,1
282,와 너무 재밌어요 ... 남자분들은 꼭 한번 보시길 바래요 괜히 명품연기가 아니네요... ,10,1
283,재미있어요 ,9,1
284,의미심장한 뭔가를 기대하지 않는다면 가볍게 보기 좋은 그럭저럭한 안전빵 영화.,4,0
285,"깡패짓을 미화하려는 지점, 시대착오적인 영화가 여전한 게 아쉽다. 조금씩 옳음을 향해가는 사람의 여정, 이것에 대한 믿음은 버릴수 없겠으나..",6,1
286,쓰레기 삼류 영화  배우가 아깝네요,1,0
287,"20년 넘는 조폭생활의 말로가, 다리 병신되는거였네!!! 한놈은 손가락 병신되고... 조폭 오래하면은, 감옥에서 여생의 대부분을 살든가, 병신이 되거나, 아무도 모르게 죽는다드만 사실이구만...  마지막 칼침을 몇차례 받고, 차를 타며 친구와 함께 죽음의 장난을 치며, 부르던 홍콩 르와르의 노래가  가장 명장면이라고 본다...",8,1
288,설경구 이번작품 오아시스가 떠오르네요. 살인자의 기억법보다 더 좋았네요 개인적으로는요. 조진웅 진선규 허준호 세분 연기도 말할필요 없고.,8,1
289,X레기 소리 들어도 싼,0,0
290,조진웅  세번죽다 산남자 허준호   두분땜시 봤어요 죠은배우분들을   다시는 그렇게   쓰지마세요,6,1
291,오랫만에 실컷 웃어보았네~~~  스토리도 좋고~ 연기력은 더 좋고~  조폭 영화지만 코믹해서 더더 좋고~~,10,1
292,역시   조진웅   진선규~,10,1
293,업사이드를 봐야겠지만...각색을 마이 해본 감독이라그런지 언터처블과는 다른 매력이 있네... 8점정도는 받아야지... 조진웅은 연기가 참 자연스러웠고 설경구를 싫어하지만 용서는 없다ㅜ이후로 꽤 괜찮았던 작품.... 대전 척관절병원은 Snk병원,8,1
294,ㅎㅎ 훼이크로 세번 죽는 씬 삼세번 속이는 장면 얼마나 웃었던지~ 영웅본색 세대 아제감성 폭발 시킴 ㅋ,9,1
295,깡패 까진 좋은대 신파좀 빼고  마지막 깡패들끼리 쌈박질하는것좀 빼면 잘만들어진 코미디 드라마 였는데 배우가 아깝다,5,0
296,"1%의 우정을 한국식에 맞게 깡패등장시켜 폭력적으로 그려낸 영화.. 마지막 범도와의 관계를 꼭 그렇게 폭력적인 영상으로 해결해야만 속이 후련했냐~ 그 씬만 아니였어도... 깡패미화, 범죄자 천국 대한민국.. ",1,0
297,보자마자 영화 언터쳐블이 생각났다 리메이크작인지 오마주작인지는 모르겠으나 주연배우들의 연기력에 굿!!! 조진웅의 어게인 김판호 버젼ㅋㅋㅋ,8,1
298,퍼펙트한 삼류.. 잘봤습니다~,3,0
299,첨에 잘나가다...어드덧 하품을 하다니...쯧....뭐그냥..거시기,4,0
300,아무리 좋은 영화라도 한국화를 시키면 무조건 신파가 들어감,4,0
301,주말에 웃으면서 가볍게 볼수있는 영화 그렇게 재미 없진안아요,8,1
302,"처음 5분을 보면 끝이 어떻게 될지 다 알수 있게 되는영화 안보려다가 조진웅, 허준호 때문에 봤다 차에서 영웅본색 노래 너무 웃겼음",5,0
303,깡패 양아치 역활은   이젠 그만 찍어도 될정도로 찍지 않았나 싶은데 이배우들.....,2,0
304,난 설경구씨 영화는 무조건 봅니다  배우가 연기잘하면 되는거 아닌가요?,9,1
305,진빼이~!! ,9,1
306,돈주고 극장에서 이런 영화를 보는 사람이 있다는게 신기하다. 연출이 참 거시기하다.,2,0
307,오리지널인데  부산사람은알것이다ㅋㅋ황령산 전포동무덤 온천장성인나이트클럽,10,1
308,굿,9,1
309,미치긋다 설경구 조진웅은 코미디 하지마라 전혀 어울리지않아 극장에서봤으면 개돈 아까울뻔,1,0
310,별로 웃기지는 않고 그냥 드라만 한편 본 느낌,6,1
311,머니??????,1,0
312,재미있는 영화,9,1
313,코믹적인 연출부분이 조금 아쉬웠지만 조진웅은 퍼펙트 였습니다,7,1
314,굳,10,1
315,죵나 재미지네,10,1
316,와 걸캅스 같은 영화를 또 보게 될줄이야ㅋㅋㅋㅋ,1,0
317,보다가 너무 많이 웃어서 배꼽 빠질뻔,8,1
318,간간히 웃음도 주고 나름 괜찮았어요 ,8,1
319,정말 대단하다 .  경력 없는 감독의 잇뽕작에 이런 좋은 배우들이 손발이 오그라드는 대사 치며 연기했을거 생각하니 돈의 힘을 세삼 느끼게 해줬다 ,2,0
320,마지막에 얻어터지고 친구와 차타고 집에 가는데 영기는 죽고.. 나도 배아파 죽었다 오랜만에 영화보다 실컷 웃었습니다. 감사합니다.,7,1
321,"설경구씨가 조강지처를 버리고 송씨랑 사는 거 때문에, 많은 영화매니아들이 선입견을 갖고 있어서 안타깝네요. 여기 평점을 봐도 그렇구요.  전 객관적인 시각으로 한번 평가해봤습니다.  제 영화평가 점수는요...........................                  1점. 입니다.",1,0
322,영화를 copy 할려면 제대로 하던가 맨날 깡패랑 결부시키기는 . . .,1,0
323,"불 륜 남 은  이 제 안 볼 란 다!!! 조 강 지 처 를, 버 린 늠!! 설경구데리구 영화만든늠은   똑 가튼  별반다를게 없는사람입니꺼?!",0,0
324,불륜남이찍은 영화가 흥행하면 안되지,1,0
325,"배우들의 연기 뛰어나고 재미있으나 비슷한 시나리오의 헐리웃 영화들을 관람하고 난 뒤라서 시나리오의 독창성, 창의성이 많이 많이 아쉬웠던 영화.",9,1
326,꾀 잼났는데  흥행은 못했구만,9,1
327,"이상한 일이지...설경구가 연기를 못하는 것은 아닌데 왜 설경구만 나오면 흥행이 안되고, 좋은 영화도 안되는지? 불가사의!",4,0
328,요즘 필림으로 안찍을지 모르지만 진짜 필림값이 아깝다.,1,0
329,"처음에는  너무  무지한 영화라 생각했는데 보면 볼수록 빠져드는 영화임 내용도 참 좋아요, 희망이 있습니다",10,1
330,울다가 웃다가 연기자들의  환상캐미....최고...^^,10,1
331,완전잼나잼나~~간만에웃었네~,10,1
332,완전 계속 웃었어요. 대박재밌음. 감동도 있고요^^,10,1
333,오늘 학교에서 영화보러갔는데 개꿀잼!!! 웃긴 장면도 있고 슬픈 장면도 있고 무서운 장면도 있었지만 너무 재밌었어요!!또 보고싶네여ㅎ,10,1
334,코미디 부분은 괜찮은데 신파가 너무 많아서 축축 처지네요.. 그냥 발랄 코미디로만 쭉 빼시는 게 나앗을 것 같음 언터쳐블처럼ㅋ,3,0
335,난 완전 재밌게 봤어요  올해 최고의 영화,10,1
336,창의성이없어서 그다지 재밋진 않았네요. 비슷한류의 영화를 많이 봐서 그럴지도 ㅎㅎ;;,4,0
337,방금 보고 왔는데 난 재밌던데~~  조진웅 퍼펙트 맨~~^^,9,1
338,진부한  깡패 미화. 스토리  개연성 없음.비현실성.,1,0
339,기대 이상입니다!! 무조건 보세요 ㅎㅎ,10,1
340,"정말 기대하지않고 봤는데 이런 재미와,감동,그리고 가슴아픔까지 느낄수 있다는게 신기할 따름... 찰진 부산사투리,그리고 배역에 한껏 녹아있는 배우들의 열연까지... 잘보고갑니다~~~",8,1
341,재미있어요 넘 폭력적이지도 알고배우들 연기잘하네요 더 볼것같은영화같은데 흥행이 아쉽네요,8,1
342,기대도 안했는데 기대이상 재밌었어요,7,1
343,볼거 마땅치않아서 시간대 맞아서 기대 1도 안하고 봤는데 ... 개빵터지고 개슬프고 진짜 재밌게 보고옴 조진웅 사투리랑 연기 ... 워~ 대박임,10,1
344,사람은 모두 선하다... 환경이 악인으로 만들어갈뿐...,10,1
345,설경구의 깊이있는 눈  조진웅의 깡팬데도 순수한 눈을 오랫동안 기억될듯 합니다 ᆢ 멋진영화ᆢ,9,1
346,"설경구의 깊은 연기와, 조진웅을 연기가 합쳐진 완벽한 영화/",8,1
347,가볍게 보세요~~,7,1
348,뭐하나 허술하지 않은게 없는 영화 볼때 웃음이 안나오고 본후에 실소가 나오는 영화,1,0
349,너무너무 볼만했어요 ^^,1,0
350,그냥 가볍게 보세요. ,5,0
351,친구랑 아무생각없이 웃고봤음ㅋ 관람이 생각보다 저조해서 아쉬울뿐,9,1
352,퍼펙트하게 웃고 울었다.,10,1
353,높은점수 다 알바라고 본다 조진웅 연기는 범죄와의 전쟁 외전같은 느낌이고 설경구도 별로고 연기자들 전부 어울리지 못하고 스토리는 진부하고 깡패 미화하는건 철지난거 아닌가 난 분명히 말한다 돈 만원 으로 할 수 있는 가장 의미없는게 이 영화 보는거다!  제발 알바 짓거리 하지마라 짜증난다  간만에 정말 재미없는 영화봤네,2,0
354,최고 스펙타클,10,1
355,"재밌게 잘 봤어요. 언터처블 1%의 우정 한국판이네요. 설경구의 연기에 몰입이 잘되고 눈물이 나더라구요!! 조진웅의 맛깔나는 연기, 허준호의 연기력 모두 다 좋았어요",10,1
356,평점은 좋은편인데 순위가 안좋아서 다보고 맨 나중에야 선택하고 본 영화...  기대를 1도 안했는데...가슴에 와닿는 뭉클함...뜨거운 눈물...그와중에 깨알 웃음?나만 크게웃어서 좀 많이 부끄러웠다는요.  잼납니다...아주~~,10,1
357,조진웅 역시 연기력쩝니다ㅎㅎ 아침부터 울고웃고 어느하나부족함없는 영화라는생각이드네요ㅎ완전추천,9,1
358,"재미있게 봤습니다. 이 영화가 왜 이제서야 100만을 넘었는지 이해가 안된다. 재미와 감동, 특히 배우들의 연기~~~ 좋았어요~~",9,1
359,조진웅님 연기너무좋았어요!  영화보면서 울다가 웃다가 ㅎㅎ  ,10,1
360,재미있습니다,10,1
361,재미  의리 감동,7,1
362,재밌게 봤어요 개개인 연기 매력있고 조진웅 연기 아주 좋아요 웃을 수 있었고 폭력영화의 색다름 잘봤어요,9,1
363,오늘 봤는데 가볍게 보러 들어갔다가   배우들 감정 연기에서 좀 뭉클했음  난 괜찮던데   조진웅 능글맞은 연기랑 설경구 표정 변화 연기 좋았음  영화를 통해 뭔가를 얻으려고 하는 분은 보지말고  가볍게 웃고 작은 감동 얻을분은 보세요  극한직업 보단 훨씬 잼났음,10,1
364,아...차안에서의 장면..진짜 빵터짐ㅋㅋ정말 재밌게 잘 봤어요ㅎㅎ,8,1
365,무엇을 기대하든 그 이하를 보게 되는 영화,3,0
366,무슨 영화 따라한것 같기는 한데 나름 재밌게 보고옴~ 조진웅씨 연기 참 좋았음,8,1
367,재미있어요~조진웅 연기 말이 필요없는 명품연기,9,1
368,간만에 맘편하게 코미디영화 재밌게 봤습니다 특히나 조진웅과 진선규  영웅본색ㅋㅋㅋ 꼭보시길...,9,1
369,혹평에 비해서는 훨씬 더 괜찮았어요 ,7,1
370,허준호 형님  두목 연기가 탁월 하십니다,9,1
371,흔한 조폭 영화와는 다르며 재밌고 감동을 받는 영화임,10,1
372,잼있었는딩,10,1
373,조진웅씨의 연기는 정말 좋았고요 설경구씨의 케미도 좋았던것 같아요  웃음에 눈물까지.. 참 만족스러운 영화였어요 ^^ ,4,0
374,극한직업 80%정도로는 웃겼는데  왜 사람들은 안봤지?,10,1
375,인기가없는거같아 재미가없나하고 생각했는데 생각했던거보다 너무 재미있었어요 저는 만족스러운 영화였답니다~~,9,1
376,내 스타일 영화.. 집중 안하고 먼산 보듯 보면 꿀잼!!,9,1
377,술먹고 머리 아파서 다음날 기분전환하러 가서 봤는데 빵빵터짐에 엄청웃고 숙취해소 다하고 나왔네요. 조진웅 대박이네요. 상받았으면 좋겠습니다.,10,1
378,오랜만에 재미있게 웃으면서 봤던 영화입니다.. 배우들 연기..프로연기자답네요.. 입소문타고 가속도 붙을듯.. 응원합니다!!,9,1
379,재밌어요  . 배우들의 연기가 정말 최고예요^^,8,1
380,조진웅 연기가 최고...재미있게 봤습니다~  중간중간 감동도 있고 잘 봤습니다~ 유쾌한 오락 영화에서 너무 심각한걸 기대 한다는게 우스운것 같네요..더불어 평점도 낮고.. 저랑 제 주위사람들의 반응은 재밌다 입니다.,9,1
381,생각외로 괜찮았음...연기도 좋았고,8,1
382,보고 싶은 마음은 없었는데 ~  무대 인사 상영관이라서 봤습니다  배우 조진웅씨를  처음으로 실제로 봐서 좋았습니다 !  영화 내용은 정말 유치하고 뻔합니다 ....,2,0
383,"조진웅 때매 빵빵터짐.ㅋㅋㅋㅋ 영화 언터처블과 소재가 비슷하지만 개인적으로 둘다 재밌음. 부산이 참 예쁘게 나와서, 가봐야지~ 하게됨. 근데 서울사람들 못 알아듣는 단어 많지 싶은데 진빼이. 주리, 까리한데~등등.ㅋㅋ 영화 친구처럼 자막 필요하지 않을까??ㅎㅎ",10,1
384,전개가 조금 끊겨서 그렇지 니쁘지않음,8,1
385,킬링타임용으로는 딱임. 외국영화 언터처블 비스므리한 영화. 현실성은 조금 떨어지지만 조진웅의 깨알방정 코믹연기가 나름 괜찮았던 영화,7,1
386, 시간가는줄모르고봤네요 ᆢ 올만에  잼나게 잘봤음요^^ 최근영화중  가장 나은듯  다들반응좋던데  순위가 왜이런지  이상하다싶음      보세요들 ~  후회없음   조진웅  ㅋㅋ  조커는  괜히본것같은 ᆢ,10,1
387,그냥볼만함,6,1
388,재미와 감동이 있는 영화~ 남편이랑 재미있게 봤어요~ 조진웅 짱~,10,1
389,2% 부족 ,8,1
390,     .,8,1
391,미국영화가 아니고 프랑스 영화 입니다~실화를 배경으로 한 영화이기도 합니다~,4,0
392,영화 좋던데. 웃음  눈물. ,9,1
393,은근 재미있습니다. 알게 모르게 훌쩍 훌쩍 울기도 했습니다. 연기가 모두 뛰어나서 보기에 좋았고 보고나서도 은은히 마음을 울려서 따듯한 영화지요. 비속어 사용등 조금 흠도 있고 내용이 예상이 되는 점도 있지만 좋은 맘으로 보고나서도 기억이 납니다.  같이 본 가족들도 예상외로 재미있다고 하네요. 잔잔하고 기억에 남는 영화입니다.  ,8,1
394,설경구가  변호사일때 피해 여학생 아버지에게 울면서 사과할때 너무나  감동적이다  사회에 경종을 울리는 영화 짱입니다  ,9,1
395,"참 이상하다. 이것이 모든것이 1등인데, 상영관이 아! 안타깝다.",9,1
396,진빼이 인정ㅠㅠㅠㅠㅠ,9,1
397,"영화를 영화로, 선입견 없이 영화라는 작품 하나에 순수 관객으로 참여하면 안 되나? 설경구를 탓하는 사람들도 참 한심하다는 생각이 든다. 배우의 사생활이 마음에 안 든다고 그 배우가 나오는 영화는 무조건 싫어한다면 그보다 더 분별 없는 관객이 어디 있을까? 설경구라는 배우는 어떤 작품에서나 늘 진지하다는 생각을 한다. 조진웅이라는 배우도 배우로서의 자질이 탁월하다고 생각한다. 용수라는 감독도 이 영화를 통해서 썩 훌륭한 연출가라는 것을 알 수 있었다. 우리 부부는 울고 웃기도 하면서 처음부터 끝까지 재미있게 보았다. 박수를 보낸다.",9,1
398,조진웅 연기 좋아요~^^,10,1
399,잘 나가다가 후반부에서 감독의 집중력이 떨어졌는지 편집이 이상하다,7,1
400,재미짐,10,1
401,진빼이,10,1
402,조진웅이 영화 다 살렸음~~~ 조진웅 아니었음 폭망할것같은 영화,8,1
403,설경구연기 이젠 영~~~~꽝이네요..,1,0
404,참 조진웅 선택몬하네,5,0
405,오로지 조진웅때문에 봤다,7,1
406,조진웅 good,8,1
407,이야기는 별로인데 배우들의 연기가 퍼펙트했다. 아들은 진짜진짜 재밌고 감동이라던데.. 너무 로또 같은 전개여서 와닿지 않았다.,7,1
408,주윤발 장국영 생각나게 하는 영화~진웅오라버니  연기에 오늘 웃음  눈물 ~~^^ 세상마~~ 오라는사람 가라는사람  ㅎㅎㅎ ,10,1
409,고마 퍼펙트하네 !!!!  중간중간 웃음터지는 ㅋㅋㅋㅋ 지루할 틈 없이 너무 재밋게 봣어용 ㅋㅋ 한국에사 이런 영화를 ㅋㅋㅋㅋ 조진웅이 다 살린영화 ㅎㅎ,10,1
410,고기사먹어..,0,0
411,적당한 유머와 따뜻함이 공존하는 영화...조진웅의 찰떡 연기에 감탄하며 부담없이 즐길수 있는작품이라 생각됩니다.,8,1
412,"제 돈주고 4번 봤고 오늘 내일 또 예매 했습니다. 다른 지역 사람들은 이해 못하더라고요. 부산출신 사람들만 느끼는 친근함이 있습니다. 너무 재미있고 부산에 가고싶은데 시간상 못가기 때문에 영화로 달래고 있습니다. 뻔하다 진부하다 하는데 그런 사람들은 무슨 영화를 봐도 그런 소리를 하더라고요. 평점 너무 신경쓰지말고 보세요. 부산 특유의 정감도 느낄 수 있고 배우들 연기, 경치가 너무 아름 답습니다. 무거운 영화가 아니라 가볍고 유쾌한 영화입니다. 조진웅,설경구,진선규 이 세명 케미가 끝내줍니다. 조진웅 배우는 어디에 붙여놔도 잘 어울리네요.ㅎㅎ",10,1
413,.,0,0
414,이런 뻔한 영화는 자원의 낭비. 한국 영화를 퇴보시킨다.,1,0
415,한국판 언터쳐블  1%,4,0
416,네,10,1
417,조진웅 연기와 부산경치는 볼만합니다.,6,1
418,기대이상~~,8,1
419,설경구는   주연감이아닌데   연기가 부담수러운데  안쓰러운분  나중에  기억속에  이런배우가있었나  ?   그런느낌    본인연기실력에  튜닝하지 마세여,10,1
420,그냥 잼있게....영화언터쳐블..1%의우정 보는듯..,8,1
421,영화 버킷리스트 죽기전에 꼭 하고싶은것들에서 소재를 베껴온듯  부모님 모시고 볼게 없어서 봤는데 역시 뻔한 전개 억지웃음 지루함 혼자 갔다면 절대 안봤을 영화힘을내요 미스터리의 뒤를 잇는 망작  딱 한포인트만 봐줄만했다 주윤발 씬,5,0
422,스토리가 너무 뻔하고 초반에는 웃기고 후반부는 신파 그냥 킬링타임용,6,1
423,내용은 다소 단순하지만 생각없이 보고 웃을수 있는 통쾌한 영화입니다.,7,1
424,재미없다는 분들은 제생각인데 나이가 어릴듯합니다. 40대초반 이상인분들은 시간가는줄 모를거에요. 연기가 너무 훌륭합니다. 조진웅씨 덕에 많이 웃었습니다. ,9,1
425,조진웅 짱,10,1
426,이걸보고재미있다고하신분들~~~정말너무하십니다.이게영화입니까?,1,0
427,.,0,0
428,조진웅 연기 진짜 쵝오!!! 재밌어요! 뻔해도 재밌는 깨알대사들 ♡ ,9,1
429,잼나게 봤네요..,9,1
430,스토리가 넘뻔해서 슬픈영화!,1,0
431,별로임,1,0
432,예고편만 보면 마냥 재밋을것만 같았는데 꼭 그렇지만은 않네요.,7,1
433,썬연료가 생각나는 영화,0,0
434,생각 기대 이상으로 재미었네요.. ㅎ 진부한 스토리로 끝날 줄 알았는데.. 스토리도 좋았습니다. 특히 배우들 연기 정말 만점 이상 주고 싶습니다.,10,1
435,재밌게 잘봤어요,9,1
436,신랑이랑 조조 봤는데 연기들은 모 말할것 없고요 돈 아깝지 않게 잘 봣네요 조진웅 이야 능청스런 연기 끝내주고 설경구는 별로 안좋아 하는데 연기는 묵직하게 괜찮게 잘 봣네요 마지막은 아주 빵 터져서 지금도 생각남 ㅎㅎ,8,1
437,재미도 있지만 시사하는 바가 있는  연기들이 뛰어나니까 현실감도 있고 간만에 즐겁게 본 강추 영화입니다.  ,9,1
438,"지루하지 않고 쭉 볼만한 영화입니다. 조진웅님과 설경구님이 워낙 연기를 잘 하셔서 각각의 케릭터를 잘 살리신 것 같아요. 신파요소를 살짝 넣긴 했는데, 영화 볼 때 불편할 정도는 아닙니다.",8,1
439,최소 600만명 이상의 관람객은 모일 영화로 봄 전체 평점은 좀 짜네....일단 재밌음..조진웅부터 시작 해서 연기자분들이 맡은 배역이 극에 참 잘 어울림 재밌다 긴 설명이 뭐가 필요 하겠는가...나는 9점 이상을 줘도 된다고 본다,9,1
440,재미도 있고 눈물도 있고 평점보고 기대없이 봤는데   보고나서 잘봤다 했어요~,9,1
441,웃고 왔네요~~~^^ㅎㅎㅎ,9,1
442,상연관이 너무 적음  보고싶은데...보고싶어서 일단 10 보고와서 수정할게요,7,1
443,조진웅배우의 연기 굿! 따뜻한 영화 너무 재밌는 영화~최고였어요~진짜 강추,10,1
444,재미있고 즐거운 영화였습니다  남자들 누구나 꿈꾸는 한방의 세계 의리빼면 시체 연기력 좋고,9,1
445,조진웅 연기 짱. 웃고 웃픈 재미있게 모처럼 봤어요.,10,1
446,설경구 조진웅 허준호 진선균  연기짱! 허준호씨 카리스마 대단...자주 볼 수 있었으면 합니당,10,1
447,"신파로 가서 아류작으로 갈수있는걸 두 주연 배우의 연기력이 수작으로 만드네요..주변 조연들 특히 진선규배우,허준호  상당하구요..영웅본색 패러디는 웃겨 자빠집니다..ㅋ",10,1
448,볼만 합니다..일단 어슬픈 연기자가 없어 좋았고 액션 감동 웃음이 적절하니 난 재미있게 봤는데...ㅋㅋㅋ,10,1
449,울면서봣다...,10,1
450,역시 조진웅~ 재미와 감동 다 잡았네요.좀 식상한 이야기였지만 조진웅씨가 해내네요~ 부산 출신이라도 부산 사투리가 너무 살아있습니다.너무 재미있게 잘 봤습니다.^^ 조진웅씨 계속 응원합니다~~~~,9,1
451,영화가 처음부터 끝까지 웃기고 재미 있었다. 어느 정도 예측 가능한 스토리라 조금 아쉬웠지만 쉴새 없이 터지는 웃음이 모든걸 상쇄 시켰다.,10,1
452,진짜 노잼 이었음.,4,0
453,잼나게 봤습니다 김사랑 빼고 배우들연기 완전 최고~^^* 마지막엔 좀 찡하기도 했음~,10,1
454,재밌게 봤음. 배우들 연기 굿. 김사랑 미모 굿. 갠적으로 다리위에서 카트신이 기억에 남네요~~~,9,1
455,그냥 웃으라고 만든영화  다른건 모르겠고 차에서 세번 뒤지는 씬은 웃다가 똥 지릴뻔 했네요  용~ 적레이,4,0
456,저도 넘 재밌었어요! 배우들도 좋고. 특히 조진웅님의 연기.허준호님. 등.  그냥 즐겁게 웃다가 또 살짝울다가 재밌게보고왔습니다!,10,1
457,난 너무 잼나게 봤는데  끝엔 슬퍼서 울고~연기는 두말할것 없는 배우들이고~ 욕하는사람들 예술가 나셧네 ㅋㅋ그정도는 아니지~ ,9,1
458,"울산 메가박스 무대인사 온 설경구 조진웅 진선규~ 가까이에서 볼 수 있어서 정말 감사했구요~  배우들이 팬들에게 선물주는 시간 설경구 대배우가 많은 사람 중에서 연세 많으신 우리 어머니께 ""어머니~"" 부르면서 계단을 올라와 두손으로 정중하게 팬선물 주셔서 감동받았어요~ 우리 어머니께서도 ""오래 사니까 이렇게 좋은 일도 있네""하시며 무척 좋아하셨어요~  퍼팩트맨~아주 재밌게 봤어요! 퍼팩트맨 보고나면 행복해집니다!",8,1
459,재미있던데.... 잘 살아야 함... 김사랑 빼고 연기 다 좋음,8,1
460,정말 재미 있는 영화다,10,1
461,실컷 웃고 왔어요. 넘 잼나요~~~^^굿. 조진웅씨 진짜 연기 잘 하시더라구요. ,10,1
462,내용이 너무 비슷해요.  차라리 리메이크라고 하면 편하게 봤을 것 같아요.,5,0
463,경구때문에 보기 싫었는데  진웅이가 나와서 봤음...재미있음 ..,9,1
464,"오전에 조조로 보고왔습니다.   재미있구요, 배우들 연기 잘 합니다. 언터쳐블 영화 안 봤는데,  따라 했다고 하니 언텨쳐블 보고싶어집니다.   저는 버킷리스트 영화가 떠오랏구요,  조폭영화와 버킷리스트의 조합이라는 생각을 했습니다. 기획, 각본은  다른 영화 따라 한 것 같구요, 배우들은 연기 잘합니다.   오락영화^^",5,0
465,이정도면 괜찮은 평점 받을만한데..  보고 후회할 영화는 절대아닌것 같네요.. 개인적으론 추천영화입니다.,9,1
466,언터쳐블이랑 너무비슷,1,0
467,약간의 지루함,5,0
468,멋진 배우 멋진연기  눈물까지 흘리며 웃었다  간만에 감동과 웃음 다  느꼈네 너무재미있게 봤어요 시간가는줄도 모르며 웃었다  감사합니다 ,9,1
469,조폭미화에 멋지게 포장하려는 사투리 연기  핵노잼‥,1,0
470,좀전에 신랑이랑 보고 왔는데...평이 왜이렇죠??? 저희는 넘 재밌게 봤어요~,10,1
471,본처 버리고 장가간 쓰레기 쉑키 나와서 안본다,1,0
472,"나 진심 영화보구 댓글 다는건데. 내 느낀점 쓰마!  조진*- 범죄와의 전쟁 (김판호) 조진* 친구-범죄 도시(말투, 액션이 똑같음)  어설픈 감동, 억지 설정, 억지 코메디 특히 차안에서 홍콩 노래! 진짜 3번이나 울구는데 이건 뭐!! 왕갈비통닭 노렸나본데.. 보는 내가 얼굴이 빨개짐.  영화시작 40분 되서 시계만 봤다! 언제 끝나나 하고. 진짜 시간 아까워 죽는 줄. 참!  할 말이 없다!",0,0
473,언터처블 따라해놓고 이게 뭔 영화제작을 했다는거냐 대체,0,0
474,볼만한데 보지도 않고 댓글쓰는 알바들은 대체 왜 그럴까 타짜 까는건 인정하겠는데 이정도면 오락영화로 볼만하구만 조용한 분위기에서 영화봤다고 하는데 그건아니지 ㅎㅎ 알바티라도 내지 말든가 ,8,1
475,꽤 재밌어요. 조진웅 양아치 연기 잘 어울리고요 유치하지도 않고 .잘봤어요,10,1
476,장르가 뭔지 모르겠네. 이도 저도 아니야.,1,0
477,걍 진짜 울고 웃고 x꼬 털나겠음~  편하게 보세요 멀 개연성이고 나발이고 그딴거 복잡하게 생각하면서 보지말고~ 편하게 보고 웃고 울고 하면됩니다 진웅이형 걍 진빼이!!,10,1
478,재미만 있더만....,9,1
479,조진웅 칼맞고 자동차씬 ᆢ웃겨죽는줄    보면서 웃고 울고 잼나던데ᆢ,8,1
480,당췌.. 어디서 어떻게 뭘 보고 웃으라는 건지? 한 50명 영화 보는데 뒷줄에 아줌마 2명 키득거리고.. 아주 조용한 상태에서 영화봤음. 웃었다는 분들 존경스러움.. 난 사회의 때가 너무 탔나봐.. 반성 의미로 별 1개 줌...,1,0
481,"성경구, 조진웅 조합의 영화에 전혀 기대하지 않고 봤는데~~~ 의외로 괜찮았습니다.",7,1
482,진빼이인정? 인정,10,1
483,원작 안보신분들은 원작도 보세요. 전체적인틀은 원작과 같지만 세부스토리를 잘 풀어냈네요,9,1
484,안타깝다~~~~,0,0
485,간만에 시원하게 웃을수 있는 영화였습니다. 너무 잘봤습니다.,10,1
486,한국영화의 고질적인 병패 개연성 없고 억지 욕유머 그리고 조폭 배우분들의 연기는 좋았지만 한국영화 발전 기대해봅니다,4,0
487,슬프기도하지만 간만에 웃었네요 조진웅매력있어요~~~~,9,1
488,억지감동 짜맞추는 전형적인 알탕영화,4,0
489,겁나웃겨요ㅋㅋ 연기는 말할것도 없이ㅋㅋ,10,1
490,구름 뒤에는 빛이 존재하는것처럼 인생의 풍파 뒤에는 좋은 일이 따른다.,5,0
491,오랫만에 많이많이 웃었어요~,10,1
492,극한직업이후로 한국영화접으려햇는데  진짜 강추다 함봐바라  윽스재밋드라,10,1
493,역시 명품 배우들 이네요^^,10,1
494,자동차씬 너무 웃겨요 올해 최고 장면 ㅋㅋㅋ,10,1
495,재미있게 봤습니다 언터처블 보고 오늘 바로 보니 비슷한 몇개 겹치는게 보입니다 . ,7,1
496,잼나게 받어여 가볍게 ,8,1
497,vod용,0,0
498,투탑 주인공이 둘 다 쓰레기에 다 어디서 본 내용을 찌그러뜨려 둔 클리세 덩어리 스토리. 딴 영화에서는 일회성 악당으로 소모될 찌끄레기 깡패쒝이가 주인공인데 초판부터 민폐질이란 민폐질은 다 하는 가오충오브 가오충. 투탑 주인공인데 둘다 클리세 덩어리답게 감성팔이질을 함. 사연에서 불쌍한건 가족 뿐. 나중에 가해자끼리 울고불고 서로 용서하는 장면이 나오는데 피해자인 가족들만 불쌍함. 암 걸려 뒤지는 줄. 주인공들 다 죽기를 맘 속으로 간절히 빌었다. ,1,0
499,나름 잼남 부산 여행 계획,10,1
500,연기가 다했다!,10,1
501,참 잘만들었다 어떻게 이렇게 만들었는지....참 기특하다  신랑이랑 분위기 써먹한상태에서 봤는데 둘이 웃겨서 깔깔대다 분위기 풀렸다 나 낼 놀러간다고 새벽에 나갈꺼라고 말해야하는데.......분위기 또  싸~~~해 질텐데.....ㅡㅡ;;;;;낼 볼껄  ㅋㅋ,10,1
502,정말 짱잼 ㅠㅠ,10,1
503,연기최고입니다,10,1
504,연기력 지렸다.,10,1
505,내용도 연출도 연기력도 뭐하나 빠지는게 없는영화임. 단하나. 대진운이 않좋다는거~,10,1
506,재밌음,10,1
507,나름 재미 있게 봤어요,9,1
508,ㆍㆍ,7,1
509,한국판 언터처블!!,8,1
510,한국 코미디  영화라고 해서  봤음  끝나고 난 담에 멍했음 완전 잼없음 ,0,0
511,설경구 미스캐스팅 이미지폭망으로 영화가 아깝다,1,0
512,완전대박~~ 찐한 내용이 있는건 아니지만 웃겨죽는줄.... 영화는 영화다워야지  조진웅 굿뜨~ 사투리리가 사투리가 ㅋㅋ 진짜 부산사람,9,1
513,방금 부산 경성대쪽 영화관에서 보고왔음 대박 재밌음 조진웅님과 설경구님의 리얼 연기대박!코미디 좋아하시는분 강추! 간만에 빵터짐!  슬프거나 웃음이 필요 하신분 꼭 보세요! 글구 후반부에서 슬픈장면에서 눈물짓던  혜진아~^^♡사랑한다!  이건 코미디물인데...눈물까지!,10,1
514,웃다가 울다가  다시 웃다가 이야  ~~~  똥구멍에 털 났다 !!  조진웅 연기 1등 ,9,1
515,설경규가 미스캐스팅! 연기를 너무나 못함. 조진웅때문에 웃고 그외의 인물들도 연기는 잘함.,3,0
516,웃음 감동 생각  다 들어 있음,10,1
517,"스토리,배우연기 다좋음. ",9,1
518,진짜 재미있는데 평점 왜이러농~~~~~~~꿀잼 웃다울다웃다 나옴 ㅋㅋㅋㅋㅋㅋㅋ,10,1
519,간만에 재밌게 봄 조진웅 역시,9,1
520,생각보다 잼있네요 연기가되는 배우들이라 코믹도 확실히 다름,9,1
521,재밌었슴 조진웅 짱,9,1
522,평점이 왜 이렇죠??~~ 보니까 완전 재미지던데~~~ 웃고 싶고 감동느끼려면 봐봐요~~ ,10,1
523,"배우들 연기는 볼만한데 스토리는 지루하고 코미디, 신파는 억지스러워서 아쉬웠음",5,0
524,뻔한 ~~~스토리 뻔한 ~~~~~~ 연기력  뻔한~~~ 핵개노잼!!!!!!,0,0
525,so Good,10,1
526,너무 재미 있고  연기넘좋아요,9,1
527,영화 너무 재미있는데 평점이 정말 왜 이렇죠? 상영내내 웃을수 있게 해준 조진웅  멋집니다,10,1
528,초반보다  중반이후부터 진짜재미와감동^^,8,1
529,평점이 왜이래 볼맍한데  ,9,1
530,최악,1,0
531,최악임... 시간낭비하지 마시길...,0,0
532,편하게 보기 딱 좋아요! 넘넘 재밌어요ㅎㅎ 평점 보다는 좋아요,10,1
533,조폭과 시한부를 섞어놓은 정말 지루한 영화. 조진웅 빼고 어색한 부산사투리에  억지로 눈물 짜내는 전형적인 한국 코미디영화였습니다. 시간 낭비 하지 마세요... 제 두 시간이 너무 아깝네요.,1,0
534,아.........참....뭐랄까....,1,0
535,조진웅씨 연기 좋아요~~,10,1
536,퍼펙트한 영화 구성 스토리 재미 감동  다 갖춘  영화입니다 강추,10,1
537,중간에 너무 쳐짐. 10분정도는 줄여도 될 듯. 그거 빼고는 진짜 재밌음. 뻔한 마무리도 연기력으로 커버함,9,1
538,나는 진짜 기대 없이 올만에 빵빵 터지면서 봄,8,1
539,이 영화 별 안주는 인간들은 프랑스 예술영화나 보나? 허준호 부산사투리 좀 어색한거 빼고는 배꼽조심해야된다. ,9,1
540,나름  지루하지  않고  재밌게  잘  봤습니다 2시간이  훅딱  지나가네요 ,10,1
541,"조진웅 연기 너무 잘하는거 아님???설경구는 말할것도 없고,.,,재밌게 잘 봤네요,,,",9,1
542,만점이 아깝지 않은 오랜만에 웰메이드 상업영화. 재미+감동. 연기에선 완벽에 가까운 등장부터 압도시키는 포스의 허준호. 부산사투리를 완벽하게 소화해내는 인생작을 만난 조진웅. 말하면 입아픈 생일에서 최고의 연기를 보여줬던 설경구. 언제봐도 이젠 유해진처럼 반가운 얼굴의 진선규.  아름다움을 책임지는 김사랑까지  베스트 캐스팅의 배우들의 케미가 아주 끝내주었던 선물같은 영화.,10,1
543,부산만 아름답고 억지스러운... ㅜㅜ 돈이 아깝네요,1,0
544,세상에.. 이딴영화를만드는건 범죄다..  업사이드 하위호환버전 아류작.. 제대로만든것도아니고 억지감동에 억지전개에 실소가나올정도로 어이가없는 급뜬금 조폭스토리........ 감독이름외워놓고 다음부터는무조건피한다,0,0
545,웃음코드가 진빼이임ㅋㅋㅋㅋㅋㅋㅋㅋㅋㅋㅋ,10,1
546,뻔하디 뻔한 영화지만..억지로 쥐어 짠 설정도 있지만..재밌는 영화!! 흔한 설정의 스토리를 배우들이 몰입감 있게 만든 영화..재밌게 잘 봤네요~,10,1
547,방금 보고나옴 울면서 웃음 ㅜㅜ,10,1
548,부산 조폭 시한부라는 질리디질린 반찬을 감칠맛나게 비벼낸 참기름 설경구 고추장 조진웅,10,1
549,식상한 조폭을 소재로 했으나 그래도 다른 내용들이 섞이면서 많이 순화된 느낌.  간만에 영화네 나온 허준호 배우님도 반가웠고 크게 빵빵터지는 웃음은 없었지만 그래도 훈훈한 결말이 맘에 든다.  거기에 아름다운 부산야경은 덤.   ,7,1
550,"조진웅 연기 맛깔지고, 지루한줄모르고 시간보냄",9,1
551,넋놓고 보기 딱 좋은 영화 ,10,1
552,부산이 아름답다 영화도 재밌다,10,1
553,삼류 삼류 삼류 삼류.,0,0
554,지금 막 봄 겁나 재미있네 시간가는줄 모름,10,1
555,빵빵터진다는 말이 맞는듯 합니다. 계속 웃었어요,10,1
556,간만에 빵!터짐ㅋㅋㅋ,9,1
557,조폭미화는 그닥.. 배우들의 연기가 좋습니다. 허준호 카리스마 ㄷㄷㄷ 뻔한 전개이지만 볼만은 해요,6,1
558,시간 때우디론 최고임. 근데 여운이 없는 영화,8,1
559,킬링타임으론 최고인듯 개인적으론 극한직업.엑시트보다 좋았음!!조진웅 까불거리는 양아치연기 대박!!,10,1
560,공짜로 봐서 다행인 영화  반전은 없고  그나마 배우들의 연기가 좋아 참고 본 영화,5,0
561,아주 재미 있었음. 내용도 웃음의 코드와 감성적 코드 모두 진빼이..... ^^,10,1
562,"극한직업, 엑시트 이후 또한번의 재미... ~  요즘 살기 힘들어 짜증나는데 웃게 해줘서 고마운 영화.  웃음.. 화해... 뻔한듯 신선하고, 가벼운듯 진지한 영화...  깔깔 웃다가 눈물 흘리다가 다시 까르르 웃다가 흐뭇해짐..  명품 연기는 덤...  설경구 배우의 자연스러운 연기는 톡톡튀는 다른 캐릭터들을 부드럽게 중화해주었음. ",10,1
563,예상대로 너무 뻔한 스토리.. 감동도 없다.. 옆자리 여자 온갖 리액션 다하고 재미없는데 박장대소하고.. 그럴거면 집에서봐라 제발,6,1
564,"뻔한 알탕영화. 조폭들의 우정과 사업성공 미화, 식상한 스토리, 영화 1%의 우정 따라하기 등......... 내 시간과 돈이 아까웠음. 내 옆에 50대 아주머니는 재미있게 보심. ",1,0
565,웃을수있음..,9,1
566,맘 끌리는데로 가서 보세요 웃음도 있고 볼만해요~,7,1
567,그런데로 볼만해요 추천합니다,8,1
568,그냥 맘편히 웃고 즐길수있는  영웅본색 같은 영화,7,1
569,연기지렸고 코믹은 더 지렸음 ,10,1
570,굿,9,1
571,조진웅 연기는 늘 믿고봅니다^^,9,1
572,"조진웅씨가 연기 잘하는건 알고 있었지만, 코믹 연기가 저렇게 잘 어울릴줄 몰랐어요. 마지막 진선규씨와의 장면은 진짜 대박예요. 영화 꼭 보세요. 웃음과 감동 다 느낄수 있을거예요.",10,1
573,진짜 너무 웃겨요,10,1
574,조진웅과 진선규땜에 많이 웃었음..!  적극추천하고 싶진 않으나 킬링타임용으로 볼 만 하네요.,8,1
575,생각 안하고 봤다가 너무 재미있고 감동적이기까지 완벽한 연기에 시나리오도 좋았어요,10,1
576,가볍게 보기좋음 웃음도 있고 감동도 있고 프랑스영화랑 비슷한거 감안해도 볼만함,7,1
577,졸잠,10,1
578,감동적이엇어요 오랜만에   허준호씨보게되어  좋앗어요 조진웅씨    화이팅,10,1
579,남편과 함께보고 난 뒤 많은 이야기를 나눴어요 웃음과  감동이 함께하는 좋은 영화에요,9,1
580,"재미, 진한감동 영화다운  한국영화  참  잘보고 왔습니다. ",10,1
581,재미도 있고 감동도 있고.  잘 보고 왔어요^^,10,1
582,"프랑스영화 Intouchables의 설정을 많이 가져오셨는데, 저작권료는 지불하셨는지요?",6,1
583,내가 다시는 평점보고  영화안본다,2,0
584,몇달 전에 개봉한 외국영화를 한국에서 만든 것 같았는데 그 외국영화보다 재미없었어요. 그 외국영화는 재산이 많응 기업가고 좋아하는 여자와 결합을 하는 거지요. 조진웅 역활에 흑인 배우가 나오고요 ~^^ 그래서 아주 재미없었어요. ,1,0
585,설경구내면연기 조진웅 밀도있는 연기와 허준호연기 모두 퍼팩트한영화  퍼팩트맨 완전강추 스트레스해소,10,1
586,아주 재미있게 잘 보았습니다. 꼭 보세요,9,1
587,조진웅의 터닝 포인트가 될수 있는 작품.의외로 빵빵 터지고 재미 있었다,9,1
588,....,0,0
589,프랑스 영화 언터처블 1%의 우정 이랑 살짝 비슷한 요소 있긴한데 더 심층적이고 스토리가 잘 엮인데 괜찮았음.  극한직업이나 돈아까운 엑시트보다 훨 나았던듯.,8,1
590,허준호  카리스마 끝장 조진웅 연기 대단해요  너무매력적입니다 잼나게 봤어요 뻔한스토리랄수도 있지만  돈아깝지않습니다,10,1
591,조진웅씨 연기 끝내주네요! 웃음과 감동이 있네요! 모처럼 머리 복잡하지 않게 영화 봤네요!,10,1
592,방금 보고왔어요 오~~재밌어요 시간가는줄 모르고 봤어요 웃고 울고  배우님들 연기까지 굿,10,1
593,첨에는 코믹이다가 중간부터 감동이 쿵!!!~~ 찡하고 웃기고~재밌고 슬프고 여운이 많이 남는 영화에요. 꼭 보세요!!! 언터처블과 많이 다르던데~~~~ 영화는 그냥 영화로 보면좋겄네요~~~,10,1
594,조배우 연기 쩔어요 부산배경이라 더 다가왔는데 생활연기 정말 쩌내요. 내용도 따뜻해서 좋았어요. 좋은 영화입니다. 추천해요.,10,1
595,업사이드 영화 표절이넹.,2,0
596,ㅋㅋㅋㅋㅋ생각보다 훨 웃겻음 계속  터짐,10,1
597,진빼이~,10,1
598,진짜 후회하지 않아여^^,10,1
599,두번봣어요! 남자친구랑 한번 엄마아빠랑 한번 두번다 실컷 웃다 나왔습니다 ㅋㅋㅋ 추천합니다!!,10,1
600,예고편만 봐도 알겠다,2,0
601,뻔한 스토리... 진짜 별로..  조진웅 연기와 허준호 카리스마는 인정. 그외엔 꽝.,1,0
602,개봉하자마자 봤는데 배우들의 연기가 아깝네요. 억지스러운 감동 억지스러운 내용전개,0,0
603,수고많았습니다.,5,0
604,"오늘 보고 왔어요~기대없이 봤는데ᆢ 오~~저는 재밌게 봤어요 배우들의 명품 연기와  잔잔한 감동과 가슴찡함, 인간미 넘치는 인생살이(?) 등등  지루하지않게 끝까지 봤네요^^",9,1
605,웃고 울고 배우들의 연기 넘 좋았습니다,8,1
606,너무재미있게보았고눈물샘도자극하고웃음도선사하고대박날것같은느낌입니다,10,1
607,너무  재밌어요  ㅠㅠㅠㅠ,10,1
608,별 기대않고 봤는데..넘 잼있네요.  특히 영웅본색 관련부분ㅋ 환장했음돠. 조진웅 연기 최고!,10,1
609,조진웅짱,10,1
610,조진웅 때문에 실컷 웃었다 감동도 있고 기대한거 보다  훨 재밌었다~,0,0
611,한국판 0.1%우정~~  웃긴포인트 3군데 있습니다.  누구나 빵터지는 ㅋㅋㅋ  나름 재미있습니다^^,10,1
612,휴일전날~퇴근후  그냥  실컷  웃으면서 보고 집가서 쉬기 딱 좋은 영화!,8,1
613,배우들의 연기력은 좋다. 근데 뭔가 아쉽다. 스토리도 그렇고 엔딩도 그렇고.,5,0
614,남편이랑 오랜만에 재미나게 본 영화입니다~ 조진웅 연기 최고~,10,1
615,영웅본색 친구같은 영화 옛날생각납니다~,9,1
616,이멤버 리멤버~,9,1
617,시사회에서 여자친구랑 같이봤는데 정말 많이 웃었습니다 평점이 왜이리 낮은진 모르겠는데 많은 기대없이  보면  좋을꺼 같네요^^,10,1
618,시사회로 봤는데 기대없이 봐서 그런지 너무 웃겨서 많이 웃었습니다. 조진웅 진짜 하드캐리!!,10,1
619,너무 재미있었어요~~ 웃다가 놓친 장면이 많아서 한번 더 보고싶음 ,10,1
620,뻔한 전개로 시작하자마자 끝이 보입니다..,2,0
621,가볍게 웃으며 보기 괜찮아요. ,10,1
622,아내랑 같이 재미있게 봤습니다. 영화는 영화일뿐...,10,1
623,믿고보는 조진웅....,8,1
624,너무 재미있네요 웃다찡하다다시웃다ㅋ,10,1
625,한물간 조폭과 전직악덕 변호사의 억지감동 쥐어짜기는 10여년전에나 익숙한 방식,5,0
626,보는 내내 웃다 나왔습니다  잼있네요 감동코드도 좋고요,10,1
627,가볍게 보기 좋네요,8,1
628,조진웅 개 웃김 ㅋㅋ,10,1
629,굿,8,1
630,"간만에 웃고왔네요 가슴찡한부분도 있네요 재미있게 잘봤고 조진웅,설경구 합이 잘맞아요..",9,1
631,재미.감동~조진웅의 멋진 연기.설경구의 멋진 연기.진선균의 까불거리는 캐릭터~완벽했습니다. 간만에 정말 재밌는 영화봤네요~^^,10,1
632,재미있게 잘보고옴 다들 연기 잘하시고,10,1
633,잠자기도 아까워서 중간에 나온 최악의 쓰레기영화,1,0
634,진짜 욕하고 싶은 영화다 예전에 스파이더맨파프롬홈이 하루 빨리 개봉하니까 충무로가 온갖 욕들을 다 했지 그런데 이영화 개봉일보다 5일전에 개봉했다 cgv에 가는데 개봉하고 있더라 얼마나 관객들이랑 외국영화를 무시하면 이따위 식으로 하나 참으로 역겹네 이따위 쓰레기 영화를 만들면서 뭐 관객들한테 봐달라고 요구하나 참 역겹네 보는 인간들이 이상하다 ,0,0
635,대놓고 언터쳐블이라 ㅠㅠ 연기는 좋았어요오,5,0
636,젬 없어요. 돈이 아끼비....,2,0
637,조진웅 사투리 연기 진짜 네이티브ㅋㅋㅋㅋ 명품 코미디일세,10,1
638,진짜 보는 내내 웃다 나왔습니다 ㅋㅋ 설경구 조진웅 진선규 케미가 미쳤어요 ㅋㅋㅋㅋ,10,1
639,조조로 봤는데도 후회감 드는 영화 배우들이 아깝다,1,0
640,재미없어요,1,0
641,노잼,1,0
642,왜 그래? 관객들이 언터처블 영화를 모를 줄 아는가?,5,0
643,연기 잘하는 사람들을 모아놓고 무슨 짓을 한건지...,1,0
644,제목이 뭔가싶지만 부산사람 특징이나 진웅 연기가 웃겨가지고 재밌게 봤어요ㅋㅋㅋㄱ 부담없이  가볍게 잘봤습니다,8,1
645,별로 재미없어 보인다,0,0
646,조진웅씨 캐릭터가 착붙이네요. 재미있게 봤습니다.,9,1
647,언터쳐블이 자꾸 오버랩됨... 중간에 좀 지루하기도 하고 깡패가 된 걸 정당화하는 논리까지... 시원한 구석이 별로 없었다. 그래도 웃기기는 해서 8점. ,8,1
648,조진웅 하드캐리! 시사회에서 보고 실컷 웃다가 나왔습니다 ㅎ 재밌어요 ㅎ,9,1
649,조진웅씨 양아치 연기 재미있었어요 중간중간에 웃긴 장면도 많았고요 ㅎㅎ 웃음과 슬픔을 같이 느낄 수 있는 영화입니다 ㅎㅎ,10,1
650,조금은 어지럽고 지루하지만  재미있습니다,8,1
651,아~~조진웅 연기 죽임,10,1
652,"세상에 0점짜리 예술이 있을까요? 평점은 생각을하고.. 흥미로운 이야기입니다.  영화는 대리 만족 아닐까요? 어려운 현실속에 의리를 지키고,  마지막 가는길에 후회 없게 살았으면 하는 작은 이야기.. 볼만합니다.",8,1
653,"주제가 뭔지? 제목이 뭘 의미하는지? 모르겠다. 부산 명소+조진웅 연기 보느냐 관람했다. 메시지도 불분명, 구성도 엉성, 인물간 관계도 소개가  박하고 라스트 씬은 황당하기까지",7,1
654,오늘 선 개봉작 보다 나왔다.  해도해도 너무한다.  진짜 돈아깝다...  장르가 코미디 아님.  이것은 다큐임. ,1,0
655,ᆢ,7,1
656,진짜 최고입니다 너무 재밌고 웃기고 감동적인 영화 적극추천 합니다!!! 너무 재밌게 봤어요ㅠㅠ,10,1
657,언터처블? 업사이드? 구성 전개가 불을 보듯 뻔한데 오리지널 스토리라?,5,0
658,재밌어용,10,1
659,느와르 버전 언터처블 '퍼펙트맨' 또다른 속 깊어지는 우정을 느낀다.  놀람소생곡으로 영웅본색 당년정도 재밌다.^^,8,1
660,울다가 빵터지기는 처음!! 진짜 웃기더라!! 인생에 진정한 친구 한명은 꼭 있어야된다!!,10,1
661,"언터쳐블 상권 사오거나 리메이크도 아니고, 그냥 표절임. 감독은 입장 표명하라. 애꿎은 배우들만 욕처먹이지 말고..",1,0
662,"설경구 아직도 영화찍냐...돈 떨어졌냐...니 영화는 다운로드로 시간도 아깝고, 추석특선도 아깝다..",0,0
663,재밌었어요~ 가볍게 보기 좋았고 부산 사투리가 어색하지 않아 좋았네요~,10,1
664,대 놓고 표절한 쓰레기 영화 ,0,0
665,조진웅배우님   보러가자 ^^조진웅배우 만나면좋겠다  페펙트맨 영화 기대해요  ^^  조진웅배웅 그림 그려요   선물드립니다  ^^   ,10,1
666,시사화봤는데~~~ 연기 진짜 잘 해서 시간가는줄 몰랐어요~^^ 오랜만에 많이 웃었어요^^,9,1
667,조진웅 연기 잘한다 생각 하면서 봅. 물론 설경구 기본이지,9,1
668,최고 최고 최고!!!! 꿀잼,10,1
669,화이팅,10,1
670,시사회봤어요.연기는 나무랄데없으나 언터쳐블이 자꾸 오버랩되서 집중이 잘 안되었네요,6,1
671,재미있어요.~,10,1
672,그냥 좀 웃고 나오면 됨,7,1
673,영화 시사회를 다녀와서 처음으로 평점 써봅니다.. 기대하셔도 좋아요.. 정말 재미있게 즐겁게 잘봤습니다... 정말 재미있어요.... 추천합니다,9,1
674,평점에 비해 연기력과 연출력이 뛰어나네요. 결말은 좀 그렇지만~ 그냥 웃으면서 볼영화,9,1
675,개꿀잼ㅠ 또보고싶어요!,10,1
676,거지같은 시나리오에 거지같은 연출.... 말도안돠는 설정과 상황... 배우들이 불쌍...조진웅 좋아하지는 않는데 그래도 이정도라도 뽑아내느라 고생했을것이 눈에 보인다...  그나마 미스터리 보다는 낫다,2,0
677,진빼이 영화임 개꿀잼~,10,1
678,가볍게 보기 재밋는영화에요 연기력이 무엇보다 진국,10,1
679,ㅋㅋㅋㅋ가볍게 보기 딱좋아요~~ 진빼이!!  진짜 배꼽빠지게 웃긴포인트 넘많ㅋㅋㅋㅋ,10,1
680,전형적인 한남감성 영화^^,1,0
681,뻔한 영화 평이한 스토리. 삼류 건달 소재에 꾸겨넣은 억지 코미디. 허준호의 눈빛만이 살아있다,4,0
682,시사회 봤고 진짜 존잼 ㅋㅋㅋ 어이없게 웃김. 불편해보일 요소를 편집한 느낌이 있음. 가족끼리 보기도 좋음. 크게 잔인하지 않음. 설경구 조진웅 케미 좋고 진선규도 개웃김 허준호 몸 장난 아님. ,10,1
683,한국영화보고 별점쓴적 첨이다요 찐짜 꿀잼 진빼이다,10,1
684,"완전 잼있는데 평점 왜이러죠 ㅠ 부산 사투리도 정겹고 연기도 좋고 코믹요소도 많고, 찡한 부분도 있었어요 (9점인데 다른분 평점이 넘 낮아서 10점)",10,1
685,식상한연기 식상한얼굴 설경구,1,0
686,진짜 개씹노잼,2,0
687,설경구네.,1,0
688,예고편 존웃ㅋㅋㅋㅋㅋ조진웅 설경구 조합이면 보러가야지,10,1
689,ㅋㅋㅋㅋ스틸만봐도 개존잼,10,1
690,보고 싶네요. ㅎㅎㅎ,9,1
691,시사회 잘봤습니다  생각없이  웃고 웃고 또 웃고   외국영화랑 다른것같아요 장애라는것만 같고 ,10,1
692,홍콩느와르에 미쳤던 인간들 모여서 만든영화 총이었으면 딱 홍콩,9,1
693,언터처블 + 미 비포 유 여기에 조폭을 첨가하면 이 영화가 나옴 언터처블 에서는 지원금을 받으려고 서류에 도장을 찍어 달라 하다가 친해지고 미 비포 유 에서는 존엄사 한다해서 버킷리스트 만들어서 친해지고 나중에 유산을 물려줌,1,0
694,"⟨언터쳐블:1%의우정⟩, ⟨업사이드⟩ 영화 컨셉 그대로 따와서 상황만 조금 바꾸고 a급 배우 출연시켜 우려먹고 우려먹고.... ⟨업사이드⟩는 ⟨언터처블⟩ 정식 판권 구매해서 리메이크라도 했지, 이건 뭐임..",0,0
695,충북 혁신도시에서.. 9.18. 시사회 봤습니다. 오랫만에.. 재미난 한국영화입니다. 코믹 + 액션(조금) + 감동.. 잘 머무린 영화네요..  꼭 보세요~~잼나요.. 부부동반 봤습니다.,9,1
696,"어제 시사회에서 봤습니다. 2일전에 개봉작 예스터데이도봤을 정도로 영화광의 입장에서 올여름 흥행작인 엑시트도 재미있었지만  퍼펙트맨이 내용면과 코믹, 감동면에선 더 잼납니다. 믿으시고 보세요.  강추합니다.  참조  부산의 명소 많이나옵니다  영화초반에는 1%의우정 이라는 영화가 넘 많이 생각납니다.",10,1
697,"오늘 시사회에서 봤는데 정말 재밌더라 조진웅 연기도 일품이었고 진선규와 영화 ""바람""에서 인상 깊었던 지승현 연기 너무 좋았고 허준호 또한 일품 설경구는 개인적으로 싫어 하지만 영화는 정말 잼있음 간만에 웃었다 ~~~",10,1
698,부산의 야경 명소 다 나옴~~ㅋ 조진웅씨 연기가 정말 멋집니다,9,1
699,연기잘하는 배우들의 코믹함  역시 넘 잼있었어요  최고♡,7,1
700,예고만봐도 웃겨. 꼭보러가야지.ㄱㄱ,10,1
701,주연배우들 연기 진짜 잘하네요 그게 끝.,3,0
702,"혹시 프랑스어 잘 하시는분들 ""언터처블 : 1%의 우정 (2011)"" 영화 제작사에  문의 넣어 주실 수 있나요? 뭔가 너무 비슷한거 같아서...  판권 구매 안했다면...참 씁쓸하네요....아무리 소재가 없기로서니.. ",0,0
703,취준생 아들과 함께 시사회 다녀 왔습니다. 옛말에 깡패는 단무지 맛이라고...ㅋㅋ,8,1
704,시사회 보고   금방 들어왔네요. 스토리 좋고  배우님들의  연기  최곱니다.  코믹과 감동도 있고.. 재미있게 잘  봤어요.,8,1
705,간만에 신나게 웃고 울고 너무 즐겁게 본ㅋㅋ,10,1
706,어제 영화 시사회 봤어요~ 예상의외로 쨈나게 봤어요 조진웅 정말 아주 짝짝붙는 대사 꾿!!!!!!! 설경구 진선규 그리고 허준호  으악 죽이데요 카리스마 쨩!!!!!!,10,1
707,잼남 강추ㅋㅋ 꿀잼ㅋㅋ,10,1
708,설경구 조진웅 그리고 진선규까지 믿고 보는 배우들이넹ㄷㄷ 완전 꿀잼일듯,10,1
709,캐스팅 미쳤다... 월간 진선규님까지ㅠㅠ 퍼펙트맨 기대,10,1
710,ㅋㅋㅋㅋㅋ아니 설경구랑 조진웅 작심하고 연기했네ㅋㅋ개잼잇을거가틈,10,1
711,"조진웅,,설경구,, 꿀잼조합!! 안볼이유가없다ㅎㅎ",10,1
712,이 조합이면 믿고 꼭봐야지 ㅋㅋㅋ 빨리보고싶어요,10,1
713,캐스팅이 장난 없다ㅋㅋ 꼭 보러 가야쥐,10,1
714,캐스팅 대박 ㅎㅎ 기대 되네요!! 진선규는 사랑입니다~,10,1
715,설경구 조진웅 ㄷㄷ 두 배우다 겁나 좋아하는데 꼭 본다 ㅋㅋㅋ,10,1
716,조진웅 설경구 조합이면 무적권 예매각이다!,10,1
717,지눙씨 사랑해.. 꼭 보러갈게요ㅠㅠ,10,1
718,완전 웃김. 설경구와 조진웅 왜 이제야 만났지?! ㅋㅋ,10,1
719,.,0,0
720,1%의 우정이 생각나는건?,0,0
721,이 영화 표절같은데??? 예전영화 언터쳐블 이라는 영화하고 너무 비슷하네....이거 고소 당하겠는데....  한국영화 한심하다 정말....ㅠㅠ,1,0
722,좋아하는 배우들 투탑 영화! 완전 기대중 ㅠㅠ,10,1
723,기대만땅,10,1
724,헐..예고보고 기합 리메이크가 아니고 표절이라고요?????,0,0
725,다음 뭐하는거냐? 왜 '이 영화와 공통점이 있는 추천영화'에 '언터처블'하고 '업사이드'는 뺐냐? 니들이 봐도 너무 똑같지?,5,0
726,판권은 사온 다음에 만드는 기가? 아니믄 그냥 대충 비슷하게 짝뚱 만든기가,6,1
727,언터처블 한국판인가요? ,7,1
728,기대,10,1
729,아름다운 배경들 속에 두배우의 연기가 녹아 들어 우정과 웃음이 있고 억지스럽지 않은 가슴 뭉클함.. 그래서 더욱 빛나는 영화! ☆퍼팩트맨☆ 힐링하는 시간! 조진웅배우 열연속 계속 흥얼거리게 되는  영웅본색 장국영  '당년정' 정말 재미있는데... 아쉽네요ㅠㅠ,10,1
730,언터쳐블 짝퉁 냄새가 여기까지 나네,1,0
731,볼 만할꺼야!,10,1
732,기대하고있어요^^,10,1
733,기대돼요 진짜 ㅠㅠ,10,1
734,아 기대된다,0,0
735,이 시대최고의 액션 등,10,1
736,굳굳굳,10,1
737,사실적이지도 않고 웃기지도 않고,1,0
738,왜케 평점이 낮지? 재미도 감동도 조운디,10,1
739,재밌는데 평점이 왜케 짜지?,9,1
740,기대이상,8,1
741,재밌어요,8,1
742,너무 재밌게 봤어여~,10,1
743,넘 잼있게 잘봤어요,10,1
744,재미와 감동,10,1
745,.,1,0
746,좋은 영화임👍,10,1
747,조진웅 연기 실화냐... 조진웅 영화 중에 연기 젤 잘한 영화인 건 확실한 것 같습니다... 그리고 재미와 감동에 적절한 조합이 최고였습니다...,10,1
748,두 남자를 엉성한 영화에 낭비하는 법,4,0
749,언터처블 1%의 우정  보고오시길,0,0
750,너무 말이 안되는거 같아서 1점 등록했는데 그건 너무 짠거 같고 요정도가 맞는거 같다.,4,0
751,재밌게잘봤어요,10,1
752,넘 즐겁게 봤습니다. 간만에 가슴 따뜻해지는 코미디. 요즘 넘 폭력적이고 자극적인 영화만 보다가 간만에 감동받았네요.,8,1
753,감독이 시나리오보고 이건 언터처블 짝퉁이란걸  못느끼고 그냥 만들었다면 참 수준 미달인듯.,1,0
754,딱6점짜리영화 ,6,1
755,진짜 울다웃다 하며 본 영화,10,1
756,간만에 아주~ 재미나게 본 영화입니다 ,10,1
757,감독의 b급 개그 감성ㅎㅎ,10,1
758,마지막에 핸폰받고 웃던데ᆢ  뭔의미예요?,4,0
759,심플리티 한계,6,1
760,넷플릭스에서 보다가  진짜 ㅅㅍ 욕하나요. 시나리오 ?판,0,0
761,뻔하고 유치하다. 감독은 신파극으로 한번 쥐어짜 볼려고한것 같은데 개연성이 너무 떨어져서 몰입이 안된다. 그리고 한때 최고의 배우 중 한명이라고 생각했던 설경구 연기력에 의문을 품게 됐다.,2,0
762,어떤 영화일까 잠깐 보려고 서서보다가 다리아파서 쭈욱 앉아서 봤습니다.  연기들 정말  부라보~~ 상상못한 포인트에서 빵터짐...ㅋㅋ  웃기고 슬프고 감동도 있지만 뭔가 속 시원~~~~한 기분!!,10,1
763,ㅠㅠ 평점 믿지마 나만 믿어라 그리고 고맙다고 해아,1,0
764,재밌네요.. 평점 테러 받을 정도는 절대 아님요,8,1
765,따라해도 이렇게 질떨어지게 따라할수 있다니 놀랍다,2,0
766,지루하고... ,1,0
767,코미디라며...,3,0
768,안봄,5,0
769,퍼펙트하네~,9,1
770,"초반은 그런저런 코믹깡패영화같음...중반으로 들어가면서 뭔가 깊이가 더해짐....후반부가 이영화의 가치를 부여하게됨. 코믹장르의 영화인 만큼 굉장히 코믹에 충실한 장면이 있는데, 이부분에서 정말 현웃터짐. 그것도 3번씩이나 반복되는 그 장면에서 콧물까지 흘릴정도로 웃낌...ㅎㅎㅎ 코믹영화에 스토리도 탄탄함. 얼굴없는 보스 본후 보게되서 그런지 평점을 9점 주고 싶음. 얼굴없는 보스가 평점 1점이면 이건 당연 9점감임. 암튼 후반부 자동차안에서 영웅본색씬은 정말 배꼽잡고 웃게됨.ㅎㅎ",9,1
771,ㅎㅎㅎㅎ 유쾌하고 유익했어요~~~,10,1
772,아들  머 이래 팍팍하노   이정도믄 됐다.,7,1
773,"업사이드, 언터쳐블 아주그냥 한국식 따라만들기 치가떨린다 언제까지 도대체?",1,0
774,재미있게 보았다,8,1
775,이런 영화가 돈을 끌어 모아 투자를 받고 메이저 배우들 캐스팅해서 극장에 걸었다는게 우리나라 영화계가 절망적이다. 캐스팅 수락한 배우들은 또 뭐하는 인간들이지? 설마 투자돈이 조폭인가? ,0,0
776,상황이나 관계가 어지간해야 웃든가 울든가하지 원,3,0
777,조진웅 연기 넘 자연스럽구 재밌게 봤어요,10,1
778,저 화려한 배우진에 비해 각색이나 내용 다 허접.,1,0
779,별루구만   진실을 말하고 정직하게판단해야 해코지안당해,5,0
780,"외국영화 컨셉 따오니 좋더냐, 용수야. 전혀 다르다고 인터뷰 했던데, 영화에서 크나큰 비중 차지하는 게 캐릭터잖냐.  언터처블 캐릭터 따온 거 빤히 보이니 논란이 된거고.  배우밥 먹은 지 몇년인데 김사랑은 여전히 연기를 못하니. ",3,0
781,조진웅 진짜 매력있게 생기구 온몸에 매력두넘지네ㆍ한번도 안웃다가 차안에서 홍콩노래 나올때 진짜 빵터짐 3번 연속 빵터진건 처음 감독이 센스있고ㆍ연기 둘다 최고! 진짜 크게 빵터짐ㆍ김사랑은 연기하긴 좀ㆍㆍ표정이 산송장같음ㆍ표정이 죽어있다해야되나? 마네킹이 표정없이 말하는느낌ㆍ김사랑 남자들이 이쁘다고 좋아하는데 이쁜건 인정 허나 진짜 매력없음ㆍ질리는상ㆍ허나 타고나게 이쁜것만 인정ㆍ사람은 끌어당기는 매력이있어야되는데ㆍ영화와 연기를 보면서 매력있다느낀건ㆍ마동석ㆍ조진웅ㆍ주지훈ㆍ하정우였음ㆍ어떤연기를 하느냐에 매력이 달랐지만 설경규는 왜자꾸 살을빼지?늙어뵈고 별룬데? 언제. 운 들어올라나 뭔가 빵빵터지는 연기와 영화가 나와야되는데 답답하게 막힌느낌ㆍ내년엔 좋은 운이 들어오길ㆍ작년과 올해는 설경규 입지가 영화가 다 별루라,8,1
782,재미가 없다.,1,0
783,지루했어요~,0,0
784,"알겠지만 언터처블 1%의 우정.  리메이크작인 업사이드의 한국판 리메이크 정도인 영화. 이게 창작이라면 표절시비가 분명 걸릴거고 인정한다면 적당히 잘 비벼놓은 영화다. 설경구, 조진웅, 허준호, 진선규를 연기로 깔순 없을거고 기발한면은 없지만 방화 특유의 유머와 신파를 과하지 않게 잘 버무렸다.",7,1
785,명작이네요. 제 점수는,0,0
786,ᆢ,0,0
787,괜찮은 영화 연기 ,10,1
788,다른영화을 배껴서  짜뚱영화  양심없는 감독  ,0,0
789,원작이 있다고 하던데 전혀 모른던 나는 재밌었다 연기자들의 명품 연기가 더욱 영화를 살리더라,7,1
790,.,2,0
791,평점 조절,2,0
792,빵빵 터지면서 봤씁니다ㅋㅋㅋ워낙 연기 잘하는 배우들이라 코믹도 잘하시더라구요,10,1
793,스크린에 쏘는 게 불(빛)입니다. 불을 보듯 뻔한데 가리지날 스토커! ;-) 조진웅 학창시절 별명이 별덍이 조진곰입니다.,0,0
794,시사로 먼저 봤는데 너무너무 웃기던데 ㅋㅋㅋㅋㅋㅋ 첨부터 끝까지 엄청웃음ㅋㅋㅋ,10,1
795,편견없이 본다면 충분히 감동 받을 수 있는 영화  설경구..조진웅..진선규,10,1
