﻿,document,score,label
0,재미도 있고 시의성도 있는데 평점이 왜 이렇게 된거죠...,10,1
1,나는 재미있었는데 #살아있다 이딴 영화에나 2점을 줘야지 ㅋㅋㅋ 사람들 보는 눈이 참 어이가,7,1
2,훌륭해.. 개연성 있는 스토리..,10,1
3,단종죽이고 권력차지한 세조를보니  박정희와 전두환이 연상된 영화  재미도주고 시사하는바가 큰 잘만든영화 한명희귀 어설픈게 함정 김슬기는 딱맞는 케릭터라 몰입 잘됐음 앞으로 더 많이 보고싶은 여배우,9,1
4,이 정도면 신과 함께 보다는 낫다.,10,1
5,요즘 몇달때 극장1도 못가보고 애껴둿던 영화 애껴놓길 잘햇네  애껴둿던 영화라선지 더 꾸르잼 (20.5.14 집),9,1
6,재미있게 보았다!오늘날 시대를 반영하는 것 같다  내 생각에는 150~200만 정도는 나올 수있는 영화였을꺼같은데 내용이  비판적인 부분이 있어 홍보가 잘 안된듯 싶은 생각이든다! 재미있게 잘봤다!,8,1
7,영화 '극한직업'과 큰 차이 없는데 평점이나 관객수는 왜 차이가 나는지 의아하네요. 코믹요소도 있고 기발하기도 하고 전반적으로 아주 좋습니다,10,1
8,영화  아깝네. 개봉한지도  몰랐네.  참 재밌네 오~~~,9,1
9,재미있네요~배우들 연기도   훌륭하네요 ~,10,1
10,별로 기대하지 않고 봤는데 생각보다 재미있게 봤음~~^^,8,1
11,재밌어요 ㅋㅋㅋ   다들   연기 너무 잘해,10,1
12,세조와 한명회를 너무 가볍게 다뤄서 망했구나.,7,1
13,영화소개채널보고 시청했는데 스토리 좋아요,10,1
14,가짜 뉴스는 이리하여 탄생하였다 ... 날선비판 보다는 순박한 아이디어로 이끌어가는게 조금아쉽다 배우들 연기야 모~~ 최고~,7,1
15,완전재밌게봄.ㅎㅎㅎㅎ 광해 관상 보다도 난 재밌게봄!!!!,10,1
16,현 언론들의 조작가짜기사와 좌우기득권 적폐들에 대해 잘 비유,8,1
17,"내용좋고, 재미도 있고!  평점이 왜 낮은지 이유를 모르겠네...흠...",10,1
18,명작이군!,10,1
19,코로나만 아니었으면 대흥행 했을텐데 안타깝다,10,1
20,"상원사 고양이,  오대천 문수보살, 종로 원각사 증축 모두 세조 띄우기 관련된 설화들을 엮은거구만 ㅋㅋ 이 코드를 알고 보면 꿀잼",10,1
21,역사를 너무 기발하고 참신하게 각색하여 만든 훌륭한 영화  코로나19만 아니었어도... 흥행에 있었어도 너무 아까운 영화  시간 가는 줄 모르고 재미있게 볼 때마다 이런 영화 만들어주셔서 감사한 마음 듭니다.,10,1
22,영화 좋은데 보면서 찔리는 사람들있나?? 일부러 0점주고 가는 사람들이 이 영화는 희한하게 많네...언론 조작해서 나라 민심을 호도하는 세력들이 지금도 역시 존재하네!!,10,1
23,손현주배우 묵직함이 몰입도를 높혀주네요,10,1
24,지금 ocn에 나오는데 존잼일듯... 드라마로 만들어주세요  ㅠ,10,1
25,온가족이 함께 보면 좋은 영화입니다,10,1
26,시사하는바가 크네,9,1
27,"역사는 사실에 기반하여야 한다. 이 영화를 보면서, 얼마나 많은 역사를 기득권자들이 조작하고 은폐하는지 알 수 있을 것같다. 지금도 권력을 가진 자 들은 더욱 그 권력을 쟁취하랴 하는데...",7,1
28,부정부패끊자---⟩이 빙시니는 왜 여기서 정치적인 헛소리 지꺼리지..니가 지꺼리는 소리가 딱 자유일베당이 하는짖이다~,8,1
29,잘 보고 있었는데 막판에 왕 목을 조르질 않나 보살에 귀신에 갑자기 총출동하는게...잡탕이 되버리네,2,0
30,세월호 사건때  각종 기레기 언론들이 정권 찬양하던 상황이 오버랩 되네.... 더불어 독재자 명박산성도 추억돋고....,6,1
31,역사적 사실을 바탕으로 잘 만든 영화  막판 코믹코드만 빼면,7,1
32,이 영화 재밌다고 하시는분들 진심인가요? 진지하게 물어봅니다 전 지인의 추천으로 봤는데 도중에 꺼버렸습니다  전 진짜 못보겠어요  클레멘타인이나 성냥팔이소녀 이 급인데 평점 10점 주는 분들 장난으로 하는거죠? 맞죠?,1,0
33,손현주님 사극도 참 잘하시네요,10,1
34,와 그럴싸하다 ㅋㅋㅋ 상상력 기발. 쇼하는 기술이 너무 현대적이라는 게 흠.,9,1
35,과유불급 너무 많은걸 표현 하려다보니  이것도 저것도 아닌 작품이 된듯..........,5,0
36,평점이 안좋다는 소리만 듣고 별로인가 싶었는데 상당히 재미있는 구성으로 잘만들었네요. 영화 소개 프로그램에서 알려주지 않은 부분들도 흥미로웠습니다. 코믹과 진지함 사이였다는 건 조금 아쉽긴 하네요.,8,1
37,이영화 비추다,3,0
38,진지한 주제인데 코미디도 아니고 뭐도 아니고 ㅉㅉ,5,0
39,광대들  :  풍문조작단,9,1
40,완전 재미있어요 평점 이상하네,10,1
41,"몇가지 말이안되는 장면빼고는(공신들이 세조한테 대드는장면ㅋ),재미나던데~!!^^",8,1
42,씨리스물로 기대됩니다~ ^^ 숨은띵작 👍👍👏👏🙊🙊,10,1
43,후반에 좀 재미가 떨어지긴 했지만 나쁘진 않았음~,7,1
44,잼나네,7,1
45,재밌었음,9,1
46,"연출도 연출이지만, 배우들 참... 지겹지도 않나 신물 난다. 틀에 박힌 역활에 틀에 박힌 연기. 특히 덕호 역. 그냥 실망. 호기심 생기는 소재였는데 아쉽.",4,0
47,제목 때문에 관객수  절반 됀듯,6,1
48,잘 만들었구만……,8,1
49,오대산 상원사 다시 가봐야겠다..,3,0
50,"현대적 프로파간다에 대한 풍장, 온고이지신",7,1
51,꼭 보세요 재밋고  눈물이  ㅋㅋ,8,1
52,"생각보다 재밌고 지금 시대를 잘 풍자한 영화인듯,,,",9,1
53,설정은 과하지만 풍자적 요소는 날카롭다,6,1
54,기대감 없이 보기 시작해서 그런지 몰라도 잘 봤습니다. 엔딩 장면이 너무 강합니다.,10,1
55,재미없네요....,2,0
56,...,4,0
57,웃어야 되나?? 울어야 되나??? 스토리는 빈약하고 웃음은 억지고,3,0
58,충분히 잘만들었는데 평가가 박하네,9,1
59,역사에 남을만한 영화다. 이런 명화가 흥행치 못하는  것은 국민의 역사의식과 미래가 없기때문이다. 명작이다,10,1
60,그렇게 나쁘지 않고 볼만한데요.,9,1
61,유치뽕짝브루스,0,0
62,명배우들 데리고 머하는 짓인지 초등학생 수준의 스토리와 전개 시간이 아깝다,0,0
63,예나 지금이나 권력을 탐하는자들의 말로는 참........손현주 사극은 좀 아닌듯.....,6,1
64,솔직히 흥행할만한 작품이라 봅니다 재밋네요,10,1
65,"이 영화를 보다보면 딱 지금의 모습이 오버랩된다. 역사를 알면 현재를 유추한다고나 할까? 어찌보면 약간 그런 모습을 꼬집은 느낌이 든다. 하지만, 재미도에 있어서는 역사적 사실에 조작단의 역할로 그럴싸하게 한 듯 했는데 마지막으로 가면서 너무 산으로 넘어간 것 같다. 풍자를 넘어서서 너무 허구성이 짙다보니 불편할 수 밖에...역사영화라는 게 어떤 사실에 작가적 상상이 더한 것이니 만큼 인정은 해주자. 그렇더라도 좀더 매끄러운 구성이었다면 하는 아쉬움이 있다.",7,1
66,아주 재밌게,10,1
67,세조실록에 있는 이상한 기록들에서 영감을 받은 영화같다./ 정말 그 세조실록에 있던 일들이 과연 진짜로 일어난일이 아니라 조작된거였다면??,7,1
68,참신함.,10,1
69,현실성은 마니 떨어지지만 나름 관찮은 작품,8,1
70,근래  본 영화중 최악. 진짜 명품배우들 데려다 뭔짓을 한건지. 현실성이라곤 1도 없음. 저 배우들이 시나리오를 읽고 출연을 했을까.,1,0
71,국주누나가 살린영화!??,6,1
72,"조진웅이나 손현주나 좋아하는 배우들이고 연기는 잘했는데, 너무 오글거리고, 산만하고 명배우들 데리고 똥을 만들었어 그래",1,0
73,전반부는 꽤 괜찮았으나....중반에 얘기가 산으로 가나? 하다가.....이거뭐여? 언놈이 이렇게 시나리오를 바꾼거여...하며 영화 전체가 허접.개판임.ㅉㅉㅉ.......,3,0
74,코믹인가? ,2,0
75,네예,10,1
76,충분히 설득력 있는 가설이고 나름 마무리도 잘한것 같다.,7,1
77,시긴가는줄모르고  봣어요 코메디적요소도 그리고  현시대를 희화한것도  다 좋네요,8,1
78,"중반까진 코믹 사극으로 나쁘지 않았다. 하지만 나름의 목적이었던 역사속 이야기에 광대를 더하고자 무리한 각본이 되었고 이야기는 산으로 갔다. 산으로 간 이야기는 감동도 재미도 모두 잃어버렸다. 기대가 크진 않았지만 재미는 있을거라 생각했는데, 중후반부부터 펼쳐진 김빠지는 이야기 전개는 어쩔 수 없었다.",5,0
79,아...연기자들 대본봤을텐데...어찌 이걸...,1,0
80,"코믹으로 가려면 코믹으로 가던지, 진지하게 가려면 진지하게 가던지. 이도 저도 아닌 방향 못잡고 갈짓자 걸음이 답답.  그리고 고창석의 그런 연기는 이제 너무나 식상하다",5,0
81, 대한민국 기레기들의 여론선동을 역사적 추론에 근거하여 잘 풀었다고 생각함~,9,1
82,평점이 왜 이렇게 낮은지.. 내용도 신선하고 연기도 좋고 그렇게 까지 재미없진 않은데..,8,1
83,이렇게 매력없는 한명회를 봤나..ㅉㅉㅉ 세조는 또 어떻고....광대들은 하품 그 자체..배우가 아깝다!,1,0
84,유치한 스토리~1,1,0
85,SF영화,5,0
86,별루ㆍㆍ무신ㆍㆍ별루ㆍㆍ바보냐 저게말이됨? 저걸 믿었다면ㆍㆍ그시대 사람들이 모질란거아닌가ㆍ그냥 꾸며낸 얘기로 영화만든거라생각하겠음ㆍ나랏말싸미보다 재미없음 ,6,1
87,"마지막에 국자이크;,,,;,",0,0
88,사이비종교에 대한 분석.  아직도 '정일품송의 신화'를 믿는 한심한 토착왜구 지지 폭도들에 대한 경고.  돈에 눈 먼 목사놈들을 신처럼 받드는 정신나간 사람들이 이 영화를 본다고 깨달음이 있겠느냐마는... ,8,1
89,초반에 좀 기대가 있었는데 전반적으로 정성이 덜 들어갔구나~~,7,1
90,중반 까지는 역사를 근거로 한 기발한 상상에 무릎을 치면서 봤는데 뒤로 갈수록 애교로 봐주기엔 너무 과하고 지나친 면이 있네요~ ,6,1
91,뻔한 조진웅의 연기 식상하다,2,0
92,볼만함...,7,1
93,망,0,0
94,풍문으로 보았소.,6,1
95,오즈의마법사 페러디네,2,0
96,"살짝부족,,,시사성 좋은데 어절쩡한 코미디,,,,,한명회파워가 막강해도,,,세조 멱살잡고,,,ㅋㅋ그런데로 평타는 했네,,",6,1
97,조진웅도 슬슬 한물 가는 것 같다,1,0
98,나만 재밌나봐요  재밌었어요 시간가는줄모르고 잘봤어요 역사를 알고보면 더재밌음,10,1
99,no comment,1,0
100,신선한 소잰데 왜이리 어설프지..,6,1
101,바보같이  깍지를 왼손에 끼고  활을 쏘네요 ㅠㅠ 뭔지 모르고 사용하는모습에  웃픔니다.  다들 그러는거 보니까 누가 시킨듯. ㅠㅠ,6,1
102,전반적으로 b급 느낌...,6,1
103,풍문조작-언론조작간 연계 외에는 그다지.,4,0
104,생각보다 평점이 많이 낮네요. 개인적으로 괜찮았음. 그렇게 막 웃기지는 않아도 이 정도면 선방했다고 봄. 그리고 내용도 이 장르가 코미디류라 그렇지 시사하는 바가 완전 큼. 작가가 머리 진짜 잘 썼다고 봄. 조선시대에도 여론조작이 있었다는 소재가 신선하게 다가왔다. 그리고 배우들 연기도 좋았음. 다만 김슬기는 캐스팅 에러였던거 같음. 머랄까.. 혼자 좀 겉도는 느낌이 들었음. 시대극과는 안 맞는듯.. ,8,1
105,좋은 배우들 데리고 왜 이렇게 만들었을까 ,1,0
106,근래본 시대물 중엔 괜찮은거 같은데.. 영화가 이정도면 훌륭하다고 본다,8,1
107,조선 사극 영화 비스구리한게 다 그렇지 뭐....,2,0
108,같이 본다면 .... 그가 또는 그녀가 개 돼지인지 아닌지 판별 할 수 있다 .,10,1
109,개 돼지들은 진짜 재미 없을 영화 ...,10,1
110,여러부분에서 아쉬움이 남습니다.  말타고 추격씬은 너무 연출력이 아쉽구요 박희순과 손현주의 연기력이 볼만합니다.  좀 더 세밀한 연출과 무대설정이었으면...,6,1
111,클레멘타인이 울고갈 최고의 명작이 아닐런지...나 만 당 할 순 없 다 !!!,10,1
112,.,10,1
113,제가 14살인데 제가 눈이 높은 건지 이 영화는 너무 유치했습니다 코믹 요소라고 넣은 것도 웃기지 않았고...솔직히 돈이 아까워요,1,0
114,처음에는 재밌었는데  마지막 내용이 산으로 갔네요,3,0
115,재밌게 보았네용,9,1
116,쏘 쏘 ~~~~~~~ 유쾌하게 가족끼리 볼만함 !!!,6,1
117,정말 잼있게 봤아요,10,1
118,별로재미없어요.,3,0
119,배우들의 연기가 아까움 손현주님 연기에 새삼 한 번 더 반함 너무 많은걸 전달하려다 실패한 것 같은ㅠㅠㅠ,2,0
120,대작은 아니지만  재밉네요~ 볼만해요~,8,1
121,폭망 9월 둘째주 vod 출시예정 ㅠ ㅠ,4,0
122,허전하네.. 뭔가 ㅡ 비었어....,5,0
123,재미있게 봤어요,10,1
124,너무 재미없어 별하나주는것도 아까움점수안주면 글이 안올라가서 반개,1,0
125,역사를 새로운시각으로 접근해서 나름 신선했음.,8,1
126,중간에 푹잤네요  정말  유치하고 지루하다   ,3,0
127,볼거리도 많고 나름 볼만하네. 조선판 '드루킹의 배반'쯤으로 하자. 여론조작질이 지금과 아주 유사하다.,6,1
128,"무슨 말을 하려는지 알겠는데,  전달력에 문제가 있음. 비장감도 없고, 웃음도 못 살리고, 어색함. 관심없이 주워듯는 소리는 늘 오류가 있다는 것을 알아야 함.",7,1
129,.,7,1
130,보고싶은데 상영시간표 왜 그따위지 ㅜㅠ,6,1
131,볼만함,6,1
132,가벼운 마음으로 갔다가 즐겁게 보고 왔어요,9,1
133,현실이나 조선시대나... 여론 조작하려는 기득권은 똑같고... 멍청하게 당하는 무뇌아들은 존재하고... 그럴수록 더욱 깨어 있어야 한다는 사실.... 깨시민이 되자 !!!,9,1
134,재밌게 잘봤어요,9,1
135,풍문은 조작해도 댓글은 조작하지 마삼....,5,0
136,막판에 이국주만 빼면 꽤 재미있는 영화네요. 어쩜 기독교인들은 평점을 안줄것 같네요!!,10,1
137,빵.터짐.후회안함. 역시 손현주.조진웅.박휘순.,10,1
138,"초반엔 ""어 나름"" 근데 중반이후 보기가 힘들었네요",3,0
139,오늘 보고 옴. 처음부터 끝까지 재미있었음.  댓글 달고 싶으면 영화를 보고 하시길..,9,1
140,잼없당 ㅠ,1,0
141,내생애 역대최고  노잼영화..출연배우들이 이해가안감..,1,0
142,정2품송이  진짜 가지를 들었을리가 없으니 광대들이  조작했을 수도 있지요. 만약 그렇다면 지금 우리 영화찍는 기술은  조선시대부터....헉 너무 재미있었어요.,10,1
143,영화 내용과 전개 모두 의미있고 재밌어요! 배우들의 멋진 연기도 함께 빛납니다. 잘봤습니다~!!^^,10,1
144,"연기들 참 잘하심, 특히 최귀화 배우 이번에도 역쉬, 재밌게 잘 봤습니다 ",8,1
145,저도 잼없고 쫌 지루했어요~,6,1
146,재밌게 잘봤습니다. 흥행성적이 저조한건 좀 안타깝네요,8,1
147,소소하게 개인 취향에 거슬리는 부분 때문에 1점만 뺍니다 짜임새 있고 연기도 좋았어요,9,1
148,다른 임금들보다 세조때 기이한 일이 많긴 했었네요..  ㅋ  재밌게 잘보았고..  요근래 박근혜 정부때의 문화인  블랙리스트가 떠오르더군요..  문회인들이 어떻게 살아야하는지도 잘~ 보여주는 것 같았어요.. ,8,1
149,연기력 최고!!! 영화 재밌게 봤어요~^^,10,1
150,좋은 영화입니다 잘봤습니다 연기력들 촤고에요,10,1
151,잼나요~~^^,10,1
152,잘보고 연기력도 좋네요,7,1
153,재미있고 훌륭한 작품입니다. 모든 출연진 연기력 짱^^,10,1
154,"난 정말 재밌게 봤음~역사에 픽션을 더한거지만, 상상력이 상상초월인 듯 한데~ 시라노 연애조작단 같은 느낌이 없진 않지만 ㅎㅎ 재미없다는 사람들은 너무 자극적인 것만 물든 사람들 같음",9,1
155,잘봤소,8,1
156,"무척 재미나게 봤어요.SNS가 있는 요즘은 가능하지않지만.ㅋ 여론,또는 민심이 중요하죠. ",10,1
157,평점이 생각보다 박한게사실입니다. 저희는 가족과 재미있게보았습니다...,10,1
158,배우가 아까운 영화,2,0
159,평점이 너무 박하네요. 평점이 낮아서 배우들 연기 보려고 갔었는데 시간이 금방 갔어요. 추천해요. 온갖 정치 경제 잊고 두시간 빠져 보세요.,9,1
160,영화보고 평점 처음 남겨보는데 이 영화가 왜 그렇게 평점이 낮고 폄하되는지 모르겠어요 배우들의 연기도 출중하고 역사적 사실을 극적으로 연계하는 연출 또한 돋보이는 훌륭한 영화입니다. 시대적 상황에대한 배경을 바탕에 깔고 보시면 아주 재밌게 보실 수 있을겁니다.,10,1
161,연기 잘하고 내용도 좋았어요. 역사를 보는 다른 시각이 신선했어요.,10,1
162,진짜 배우가 아깝다.,3,0
163,재밌는데,10,1
164,재밌는데 평점이 너무 박하네요… ,10,1
165,"배우들의 연기 존재감이 하나도 없고 보는 내내 실소만 나오는 영화 전혀 어울리지 않는 말투 , 말도 안되는 화면 , 만화 보는게 났지",1,0
166,평점이 별로라 망설이다 봤는데 이게 왜 평점이 이런지 모르겠음 수유cgv 7시40분 실제로 보고 남김 연기자들 연기좋고 나름 생각하게도 만든영화 역사는 제대로 알아야 한다는~~,10,1
167,결말부분만 빼고는 그럴법한 내용이네요  재밌게 보았어요.,8,1
168,되게 재밌었고 어린애들이나 어른들이 봐도 같이 재밌게 볼 수 있는  영화 였던 것 같아요,9,1
169,기대않고 갔는데 오호라 생각보다 괘않네..라는생각든작품.  의미부여말고 걍 보이는데로 웃고 몰입하다보니 영화가 끝나잇더구만요. 같이간 친구들도 모두 유쾌하게 웃으며나왔어요.,9,1
170,오늘봤습니다.. 배우들 연기도 잘하고 재미있네요,10,1
171,오늘 봤는데..배우들이 너무 아깝네요.. 잘 만든거 같은데 재미가 없어요...,4,0
172,불교적 색채라고 일부 종교가 집단저항하는 건 잘못된 태도이다. 과거 역사를 통해 현실을 성찰하며 내일을 열어가는 자세가 이 시대를 사는 바람직한 태도가 아닐까? ,9,1
173,배우들의 연기는 훌륭한데 음향 감독이 망친듯 당췌 몰입이 안됨........당당당당 다당 당당당당 다당 ㅋ,1,0
174,윤박 연기.... 어쩔....,1,0
175,자다깨다 깨다자다 도무지 몰입이 안돼 중간에 걍 나왔음 근데 너무 재밌음! 남들이.......,1,0
176,살다살다 이런 가비지 영화는 ㅋㅋ 내돈 돌려주,2,0
177,너무좋았습니다.배우님도 잘봤습니다.감사드립니다^^~,10,1
178,"처음, 중간, 봐줄만한데 후반부 엉망징창,  왜 발연기 배우를 주연급으로 넣는지 의구심. 후반부 어거지 쩔어... 조조로봐 덜이움. 봉오동 볼껄그랬나...",2,0
179,이것도 아니고 저것도 아니고 애매한 영화  출연배우들이 아깝다,4,0
180,스크린만 차지하는 쓰레기 영화는 이런거다.  니 돈이면 떡볶이 2인분을 맛나게 먹을 수 있다. ,0,0
181,차라리 엄복동을 봐라,0,0
182,참 괜찮고 추천드리고 싶은 영화이며 역사 공부에도 도움이 되는것 같아요,9,1
183,흥미롭게 봤습니다.,9,1
184,뭐~~~ 참!!! 딱히 좋았다고 할만한 점은 쫌 신선했다고 할까요 근데 기냥 오락성으로 흘러버려 좀 무색해지고 연기가 나쁘지는 않았지만 호감을 끌어올지 못하고 그저 그렇게 끝나 아쉬움만 남습니다. ,7,1
185,사극이어서 보러 갔더니 잘 봤습니다.  연기자들의 연기도 좋았고 마지막 사육신이 충신이었다는 점  을 밝히는 것이 좋았습니다. ,9,1
186,신선한 스토리에 배우들 열연까지ㅋㅋ오랜만에 진짜 재밌는 사극봤음,10,1
187,배우들 케미 좋음 ㅋㅋㅋ ,10,1
188,자다왔네.....너무 지루해....,1,0
189,배우들 연기 진심 짱!! 가볍게 보기 재밌고 좋았어요!,10,1
190,신박하고 웃김ㅋㅋㅋ잼께보고왔네요,10,1
191,배우 연기력에 놀라고 꿀잼에 또 놀람 ㅋㅋ ,10,1
192,생각보다 웃겼는데 결말도 시원함ㅋㅋㅋ 굿굿,10,1
193,기대치 1도 없이 봤는데 진짜 생각보다 웃김ㅋㅋㅋ 딱 킬링타임용,10,1
194,정이품송ㅋㅋㅋㅋㅋㅋㅋㅋㅋㅋㅋㅋ조진웅 캐릭 찰떡이네,10,1
195,와 배우들 포스 오져,10,1
196,"영화 자체는 괜찮음. 내 느낌은 이 영화에는 어떤이들이 좋아할만한 코드들이 숨어 있는 듯하다. 어린 아이로부터 정권을 찬탈한 세력이 광대들을 고용해서 여론을 조작한다는 얘기. 1. 조작의  장소가  충북(정이품송-ㅇㅅㅈ), 강원(문수보살-ㅊㅁㅅ), 서울(원각사-ㅂㅇㅅ) 모두 속은 지역이라는 말. 2. 중간에 남원집이 좋긴한데 짜다고 함. 아래아는 제주발음으로는 놈~원이라고 읽음.  3. 왕(문둥병)이 한명(?)에 의해 조종받는다.",5,0
197,너무 지루하고 재미없었음! 개봉첫날 보는편인데 이거완전 망한영화ㅠㅠ 명품배우를 쓰면뭐한담!기대하고봤다가 정말 어이없었음! 고창석 오줌지릴때만 때 세번웃김!,1,0
198,알밥천국,0,0
199,왜 생각보다 재밌었는데 나는.. 평점들 다 왜이래 난 재밌었음 다만 나이 드신 분들이 좀 오시는데 영화관 기본 매너는 좀 지키셨으면..,10,1
200, 이걸 재미 있게 봤다고 평점 높게 준 놈들은 다 알바다.. 오늘 이거 보고 왔는데... 정말 실패작이다..... 배우들이 아깝다 정말... 개그 소재라고 감독이 때에 따라 넣은 것 같은데 웃기지도 않고..... 더 어색하게 했다.. 이 것을 웃으라고 하는거야??? 이런 생각이 자꾸 들게 했다..... 감동도 없고......긴장감도 없고......그리고 광대가 연출한 장면들... 정말 그 시대에 그렇게 했다는 것이 너무 비현실 적이다..... 아무리 픽션 영화라지만 말이다.,1,0
201,알바깔리고 평점 이정도면 거르는게 맞다,1,0
202,정말 toooooo much 영화. 내용좋고 주연의 연기도 좋긴한데 전체적으로 너무 과했다. 특히 화가와 무당의 발연기는 극의 흐름을 깰 정도.,4,0
203,이걸 반전영화라고 해야하나.. 기대야한거치고는 우야든둥 재밌었어유 중간에 쪼~끔 지루했지만 뒤에서는 눈이 반짝,10,1
204,이배우들 가지고 이렇게 밖에 연출 못하냐. 그리고 너무 재미없어 따분했어 영화보는 도중에 올린다. 재미없음 이 한 단어면 충분하다,3,0
205,영화 참 좋네요~ 배우들의 몰입연기 좋았어요.  뭐가 아쉽다는건지 모르겠네요.  엑시트보다 훨씬 감동입니다.  역사공부도 잘했네요~ ,10,1
206,히트치는비결-지루함없이 시간가는줄 모르고 봐야한다.. 하지만 광대는 그러하지 못했다.,3,0
207,배우들끼리만 재미있는 영화. 관객을 끌어당기지 못하는 영화 무대인사의 감동을 없애버리는 배우들의 부조화...,1,0
208,재밌게 봤어요. 기대 없이 봤는데 내용도 연기도 아주 굿~~,10,1
209,가족들과 재미있게 봤다. 배우들 케미도 좋고 특히 조작하는 장면들이 다 재미있었는데 또 보고 싶었다. 솔직히 이 점수보다 더 나와야한다고 생각함. ,10,1
210,연세가 70이신 부모님이 재미있다 하시네요ㅎ 저도 재미있었구요..,10,1
211,평점에 속지말고 일단 함 보는게 남는겨^^;;; 실제점수7.8,9,1
212,조금  재미 있게  잘 봤습니다,10,1
213,좀코믹줄 알았는데   개그요소는 크지않네요  볼만하긴하지만.. 뭔가 좀아쉬운,7,1
214,배우들 연기 하난 예술이넼ㅋㅋㅋㅋ 이걸 또 살림ㅋㅋㅋㅋ,10,1
215,가볍게 보기 재밌었음ㅋㅋㅋ,10,1
216,후회한다...보면.,1,0
217,재미없었어요,1,0
218,최근 본 영화중에 최고 재미없는 영화였습니다.,8,1
219,신선한 설정 가벼운 웃음을 주는 영화인줄 알았는데 가볍지 않은 영화 ,5,0
220,어떤 메세지를 담은건지 아리송함. 시간떼우기용 볼거리 좀 있음.,6,1
221,왕의남자랑 관상이랑 대충 스까부렸누,1,0
222,재밌다,9,1
223,"용인 롯데 cgv 에서 망설이다 봤는데 몇년만에 제대로된 영화를 본것겉아 잘 했다 모두 말했습니다. 모든 출연진들도 수고 했구   현 재를 잘 말해 주는것같아 속 시원했다......,...",9,1
224,연기 최고 스토리 최고 하지만 무언가 조금 아깝다,9,1
225,재밌게 즐겁게 웃다보니 끝났네요 매력있는 출연진들 너무 좋았어요,9,1
226,재미있게  봤어요,9,1
227,좋아 하는 배우들 조진웅. 손현주. 고창석 나와서 만족하는데 뭔가 딱 1% 부족한 느낌. 배우들의 연기 몰입도에 비해 약간 연출이 못 따라 간 느낌. 그래도 배우들 연기력으로 재밌게 봤어요.,9,1
228,보면서  지루하단 생각안들고 재미있게 봤어요  강추!!,10,1
229,시도는 좋았는데 왠지 하나 부족한 느낌이 드네요.,7,1
230,재밌네 초등생조카도 재밌게 봤다고 하고 그냥볼만함,8,1
231,감독 때려치워라..1점도 아까움 ..배우들만  좋음,1,0
232,연기는 좋고 스토리는 아쉽고,4,0
233,역시 손현주.  재미있게 잘 봤습니다~ ,9,1
234,"한명회만 죽였으면 10점인데.... 아무튼 진짜 평점 후하게 준 이유가 있음 안 봤으면 후회했겠다... ""광대들아 춤판을 벌여보세 얼쑤!!""",9,1
235,기발한상상력에지루하지않고편한맘으로봤어요. 허구일지언정민초인광대들도 영향력이있어보입니다,9,1
236,요즘 그나마 분위기 좋던 우리영화...........! 홀딱 깨게 만드는 영화네요. 스토리도 없고 완성도도 없고.........! 배우들이 넘 아깝당~~,2,0
237,아쉬워!,4,0
238,웃기는것도 아니고 진지한것도 아님  솔직히 주성치 영화 같을거라고 기대하고 봤지만  절대 그런느낌의 영화가 아님,3,0
239,10점 1점 둘다 알바인거 같고. 한시간 지루함 뒤에 그나마 괜찮음. 이 배우들로 웃음포인트가 없다는게... 연기로 왈가왈부할 배우들은 아니고 이건 감독이 잘못했음. ,5,0
240,재미있게 잘 봤습니다 생각보다 재미 있습니다,10,1
241,그럭저럭 잘 봤어요.,8,1
242,손현주  연기짱     퀄리티   쩔어     잼있음     조진웅   앞으로 한국 배우의  계보를  잇지  않을까 생각해봄    연기짱들,10,1
243,평점보고 고민하다 ..아이들과 함께 관람했습니다^^  생각보다 너무 재밌게 봤어요..집중하고 본다면  순간순간 지나가는 재밌는 요소들 놓치지 않을 거예요 조연님들 주연님들 연기력 좋아요,9,1
244,최근본 영화중 최고네요.,10,1
245,이정도면 재미있던데 평점이 이상하네요~~,9,1
246,재미있어요 ,10,1
247,알바 댓글들  지루한즐 모르고 재밌게 봤대ㅋ 시간가는줄이겠지 지루하긴 한가보다,6,1
248,정말 재미있게 봤습니다. 엑시트보다도 훨씬 배미있었어요. 1점받을 영화 절때 아닙니다. 왜 이 영화만 유독 1점이 많을까요.. 1~2점은 알바인 것 같아요. 전 강추합니다.,10,1
249,정말 잼나게 봤어요~~~,9,1
250,그좋은 배우들 로 이런 허접영화를 만들다니... 참 놀랍다 0점,1,0
251,좋아하는 배우들. 그게 전부네요. 초딩수준의 스토리 라인. 어설픈 cg. 음악 뭐하나 기억에 남는게 없네요. 참 허접한 영화입니다. 아직 관객들 수준을  이해못하는 제작이고 나오면서 하나도 기억이 안나네요.,2,0
252,노잼..,3,0
253,역사의 한조각일까,8,1
254,좋은 배우들 가지고 이렇게 유치하고 지루할수가 있다니,4,0
255,"저와 예비 남편이 같이 무대인사를 봤는데요,  대체적으로 봤을때 기대이상이었습니다. 연기자분들의 연기가 좋았습니다.  중반 이후로 갈수록 몰입도가 생겼지만 스토리에 약간 개연성이 부족하고  마지막 결말부분에 더 한방이 있었으면 하는 얘기를 나누었습니다.. 역사적인 메세지를 주거나.. 코믹으로 가거나,  그 균형을 잡으려고 고민한 흔적이 보이는데.. 호불호가 갈릴수도 있을 것 같습니다.  실제 배우분들을 봐서 신기했습니다 :-) ",9,1
256,"너무 손현주, 조진웅 배우 위주라 같은 패걸리로 나온 연기 잘 하는 배우들의 대사량이나 씬이 좀 적은 거 같아 저럴 거면 굳이 저런 배우들을 쓸 이유가 있었을까 싶었습니다  저도 중반까지 좀 지루하더군요 제작비에 비해 몰입도가 떨어지는 영화같습니다",6,1
257,평점보고 반신반의 한 영화 하지만 지루할틈 없이 재미와 인간의 욕심과 그시대 와 현재를 잘 아우러는 미장센까지 !!!  최근들어 가장 많이 웃고 때론 가슴 찡하기도 했던 영화  모든 배우들이 저마다 개성을 잘 살린 ㆍ 잘 만든영화 였습니다,10,1
258,영화가 좋다에서 다른 영화 뜨문뜨문 보여주면서  줄거리 설명해주는 것보다 더 줄거리 없고 이해안됌 진짜 연기 잘하는 배우 모아놓고 개똥망영화 만들었네 ㅎㅎ 진짜 돈 아깝습니다 ,1,0
259,좀 엉성한  장면이 있긴해도 욕 먹을 정도는 아닌듯 기대에 못미치긴  했어요,6,1
260,"초반중반까지 좀 지루,.!!   색다른 것은  한명회가 저리 근엄?한 무게감 있는  캐릭터로 연출된 것,  대부분 얍삽하고 가볍고 한량 캐릭터만  생각했는데,,   보는 내내 영화속  그 시대 광대,  왠즈 현재의 국정원 댓글 &  드루킹을  보는 듯 ",5,0
261,재밌게잘봤어요~~~,9,1
262,재밌어요~ 지루하지 않아요 상상력이 중요하다는 걸 알려주는 영화 ㅎㅎ,8,1
263,지루한 줄 모르고 재밌게 봤어요.,9,1
264,간만에 꽤 잘만든 한국영화 한편 보았습니다.,9,1
265,영화보다 재미 없어서 나온거는 처음~  폭망이다 보지마라  ,1,0
266,진짜 역대급 노잼.... 중간에 나갈 뻔한거 참고 있었음..,0,0
267,출연 배우 보고  관람했는데 60프로 볼만 합니다 별로  중간에  몇번  졸렸어요,6,1
268,역사적 사실과 허구가 적절히 뒤섞여 재있었네요. 관람 강추요!,10,1
269,그런대로 재밌게 보고왔어요.,10,1
270,"영화를 만든 의도는 알겠는데, 거기서 끝! 어설퍼도 너무 어설프다.",6,1
271,엉성한 부분이 있긴하지만 큰 스트레스 없이 재밌게 잘 봤음. 이 영화는 주조연 연기파 배우들의 연기가 그 엉성한 빈틈을 마구마구 메꿈. 그래서 봐줄만함! 특히 손현주 연기 지림.. 지금까지 봐왔던 한명회 역 중 단연 으뜸이었음.,8,1
272,이렇게 형편 없는 영화 보기도 드뭅니다. 역사도 재미도 아무것도 없는 이상한 영화네요ㅠㅠ,1,0
273,웃음 요소가 섞인 드라마 장르 영화.. 완벽하진 않았지만 부담없이 잘봤음 가짜뉴스를 시대극으로 다루는 시나리오의 창의력 때문에 1점 더 줌.,9,1
274,재미 하나두없어요  졸다나왔습니다ㅠㅠ,1,0
275,재미있었습니다,10,1
276,볼만했어요 기발한 아이디어 시선을 끄는 연기력,7,1
277,이국주 등장 부분만 재미있었던 영화 역시 코빅 대세 이국주  믿고보는 이국주,1,0
278,볼만하더이다~,9,1
279,"이 영화의 아쉬운점이 있다면, 영화를 멋있게 끝내야할때 깔끔하게 끝내지 못하고, 후반부를 공감이 안되는 결말로  끝냈다는 점이, 다소 아쉬움으로 남습니다. 중반부까지는 매우 높은 몰입감이 듭니다. 연출부의 의도는 잘 느껴지지만, 그럼에도 불구하고 수준이 높아진 관객들의 호평을 이끌어내기에는,  마지막 후반부가 상당한 아쉬움으로 남습니다.",6,1
280,더럽게 재미없었네,1,0
281,조금유치한 장면이 많은  전개 생각하게하는 스토리 완벽하진 않지만  볼만한 정도는 되는듯,7,1
282,시간가는 줄 모를정도로  재미있고  흥미로운  볼거리가  많았다.  엔딩장면도  유쾌하다.,9,1
283,엑시트보다 나았다 별 3개반,7,1
284,"진짜 재밌게 봤습니다. 볼꺼리도 많고, 주제도 있구요.. 주제가 너무 지루하다고 하지만 저는 길게 가는 게 맞는 것 같습니다... 길기에 가슴이 계속 아려왔습니다..ㅜㅜ 기생충은 더 길죠 ㅎㅎ 박희순 안좋아했는데, 팬됐습니다.. 아들 앞에서 백번도 더 무너질 수 있는 아버지의 눈물에 슬프네요... 관객들 엄청 몰입하고 웃던데. 1점 주는 사람은 뭘까요... 그들이 진짜로 가짜뉴스를 만드는 게 아닌가 싶습니다. 뻔하고 정직하다는데, 그렇게 치면 마블 영화는 다 권선징악이지요~ 사실, 또 권선징악이 되야 정의가 있고, 이 영화가 보여주고 싶었던 주제이지 않을까요? 영상도 이쁘고 음향은 진짜 OST사고 싶을 정도네요.^^ 이런 영화가 꼭 흥행해서 이 시대 가짜뉴스에 대한 심각성을 국민이 모두 공감한다는 걸 보여줬",10,1
285,애들판타지영화도 아니고  정통역사극도 아니고 애매모호한 진짜 너무 성의없는 영화 제작비 아깝네요ㅜ,1,0
286,좋은 배우들에 비해  내용이 식상했습니다~ㅡ,3,0
287,매번 나오는 아재 배우들 식상합니다.,3,0
288,"역사를 바탕으로 한 픽션이라 기대를 했지만, 큰 감동을 주는 것도 아니고 큰 웃음을 주는 것도 아닌 그냥저냥 볼만한 영화.  주연급으로 나온 배우 몇몇의 연기도 좀 아쉬웠다. ",6,1
289,역사를  잘 알 수 있도록 현재의 트렌드로 해석,10,1
290,야심가들이 어떻게 혹세무민을 했는지 적나라 하게 보여줌. 영화도 재밌고 연기도 좋다. 근현대사에도 이에 못지않은 구라사가 넘쳐난다. 역사를 제대로 봐야겠다는 각성이 다시한번 들게만드는 훌륭한 영화!!!,9,1
291,연기는 다들 후덜덜인데 내용이 뭔가 좀 식상해...어디서 다 본듯한듯,5,0
292,유머도 쫌~감동도 쫌~~ 쫌씩~약하다는 느낌~~ 암튼 잘봤어요~~,6,1
293,연기는  좋은데  재미가  없어요.,5,0
294,무언가 엉성한 느낌이였어요.. 배우들의 연기가 아깝다는 느낌? ,4,0
295,볼만합니다~^^,9,1
296,볼 만한 영화.....^^,10,1
297,"억지로 웃으려 해도 웃음이 안나옴, 막판에 이국주가 잴루 웃김 5초간만",3,0
298,진부한 스토리 와 감독의 역량이 관객들을 시종일관 불편하게 만듬 ᆢ,1,0
299,"영화 내용은 참신하고 ㅎㅎ 조진웅, 손현주의 연기에 시간 가는 줄 모르겠더구요 정말 연기파 배우의 이름에 걸맞았어요",10,1
300,재미있었다면 사람들이 알아서 평점높게 준다. 댓글알바써서 조작하는영화는 이렇게 스스로 자멸하는법이다.,0,0
301,영화의 소재도 좋고 배우들 연기도 좋은데.. 연출의 역량이 딸리는 느낌이랄까요?? 얼기설기 엉성한 느낌..,7,1
302,보는동안 불편했음. 재미가 없었고 너무 다른 내용들(예를들어 신하가 임금에게 함부로하고 임금이 무릎꿇고) 억지웃음 혹은 웃음강요. 억지설정등  보는 내내 불편했음. 보고나오면서 불쾌했음.  올해 극장에서 상영했던 영화는 만화영화를 포함하여 백프로  다봤지만 뒤에서 순위권에 들어가는수준임.,4,0
303,에혀...댓보고..나랏말싸미 느낌나서 차라리 안볼랍니다.. 시원한 블록버스터 없나?,1,0
304,아...기대했는데.. 개연성은 물론 스토리 전개까지.. 뭐 하나 제대로된 게 없네...저 좋은 배우들로.....,4,0
305,나랏말싸미 깔때 니들이 실록 내용 진짜라며?  근데 또 세조실록은 가짜다? 위정자의 권력하에 쓰여진 역사에서  뭐가 진짜고 뭐가 가짜인지 칼같이 구분해내는 게 우습네. 세종실록의 한글창제는 진짜 역사고 이건 가짜? 귀에걸면 귀걸이 코에 걸면 코걸이~~ ,1,0
306,가볍게 웃으면서 역사공부도 새로이^^ 무거운영화는 싫더라 이제 나이가 있어서 ,6,1
307,"배우님들 고생하셨으나, 코믹, 서사, 정치....기타 등등... 장르를 정확하게 모르겠습니다.  대들보가 빠진 느낌 입니다.",5,0
308,"진짜 재미없음, 시간 아까움...신하가 임금 멱살을 잡다니 ㅋㅋㅋ",1,0
309,재밌게 봤어요.화풍도 특이했고 연기자분들의 연기 굿이었어요,8,1
310,좋라요,8,1
311,저도 평점은 냉정한 편입니다. 저의 평점은 6.5 정도 될 것 같습니다. 별표는 7개로 합니다. 그런데 생각보다 각본이나 연출 그리고 기타 등등 생각보다 볼 만 합니다. 그리고 무엇보다 역사적인 뒷받침을 근거로 한 영화이다보니... 그리 영화비가 아깝지는 않다고 생각합니다. 그럼에도 평점을 보통정도 줄 수 있는 것은... 역사적 사실을 더 흥미롭게 그리고 사실적으로 꾸밀 수 있는 부분을 못한 부분.. 아무리 영화라도 신하가 왕을 웃습게 생각한 부분 등등은 역사적 사실과 괴리가 있지 않나 여겨지기 때문입니다. 영화가 픽션을 근거로 하더라도 상식적인 범위를 넘어서면 앞과 뒤가 흔들립니다.  그럼에도 저의 평가 점수가 짠 편이라... 그냥 큰 기대 안하셨다면 후회는 없는 영화라 생각 됩니다,7,1
312,"CG좋고, 내용도 계몽적이고, 스토리도 괜잖네.  권선징악",7,1
313,교훈을 욱여넣으려고 너무  힘을 준 영화. 마지막 은 전설의 고향인 줄~~,1,0
314,정사와 야사를 넘나드는 코믹한 영화를 부담없이 재미있게 봤습니다. 조진웅 손현주 등 배우들의 뛰어난 연기도 돋보였습니다.,9,1
315,요즘 시국에 아주 시의적절한 영화인 듯하군요. 집권세력이 민중을 기만하고 자신들에게 돌아올 비판을 그저 조작단에 의헤 반전시키려는 그 불소한 의도. 세조와 한명회를 보면 문재인과 조국이 딱 생각나게 만든 영화인 듯합니다. 참 재미있게 잘 보았습니다~! ^^,9,1
316,재밋어요~ 시간 가는줄 모르고봤어요~~ 알바 절대루 아닙니당,9,1
317,재밌어요,10,1
318,영화 재미있어요. 아래 사랑해요님의 소감에  심히 공감합니다. 요즘의 공영방송이 거대한 풍문조작단이라는걸~~ 방송이  하지 못하는걸 영화로라도 일깨워 주는건 고마운 일입니다,9,1
319,"예전이나 지금이나 풍문 조작단의 활약이 엄청나다는걸 다시 느꼈어요. 영화 아주 재미있게 봤어요.  요즘 주말마다 광화문 시청 서울역 부근에 도로에 가득찬 태극기 집회는 공영방송 어디 에서도 볼 수 없고 내가 집접보고, 유드브에서나 볼 수 있으니.... 촛불~ 그때 방송에서 떠들었던 것 처럼 태극기 집회도 방송에 내보내야 공평한거 아닙니까?",9,1
320,손현주님 가라앉은 목소리가 인상적이네요 다른 분들은 기억이 안납니다,5,0
321,2019년 영화중 가장 재미 없었음....,5,0
322,네티즌 평점도 온통 알바들 천지구만~~,3,0
323,캐릭터 설정이 뜬금 없기도 하고 약간 흐지부지 하다. 연기는 잘하는 배우들이라 불만이 없고 최원영씨가 그중 많이 돋보임. 조금 더 재밌었으면 월정사나 몇몇 관광지가 흥했을텐데... 아쉬움이 남는다.,6,1
324,오랜만에 재미있게 본 영화였습니다. 다른 영화 볼려구 했다가 시간대가 안맞아서 봤는데 개인적으론 역사에 상상력을 더하고 광대라는 신분으로 대표되는 민심을 이야기 하는데 요즘처럼 역사와 개인 민주주의등등 나름 생각을 하게 만드는 영화라 재미있었습니다,9,1
325,심하게 재미없다. 글쓰기도 짜증난다.,1,0
326,저도 재미있게 봤습니다.,10,1
327,심하다  최근 본 영화중에 이것만큼 재미없는 영화는 없었을 듯  영화 끝나고 나오는 사람들 욕하던데.. 안습이다  공짜로 본 영화인데도 이정도인데 돈 내고 봤다면.. 너무 심하다  감동도 없고 재미도 없고  ㅠㅠ 막 만들지마라,1,0
328,이 대단한 배우들로 이거 밖에 만들수 없었는지 안타깝네요...,3,0
329,장르가 애매모호함! 그러나 다보고난두 이게모지? 하면서  우리나라를 돌아보게함 지금 분별하는 우리생각과 행동이 나라를 옳고그르게 갈수있구나라고 생각했음..,6,1
330,대업 이루소서,10,1
331,바람과 함께 사라지다  아시죠????.....,1,0
332,손현주(한명회분)가 조진웅(덕호)에게 마지막 거래을 제안했을 때 반전으로 임금에게 고해서 살려고 했으나 손현주의 역 반전이 흥미를 더했습니다. 스토리가 중간에 약간 늘어지는 느낌이 있었고  배우 캐스팅에서 고창석이 장정 역할을 하고 장남열이 고창석 역할을 했으면 더 감칠 나는 영화가 될 뻔 했습니다.,9,1
333,배우들 연기는 다~ 좋았어요 내용은... 전 좋았음요,9,1
334,재미 없어 보다가 중간에 나왔어요,2,0
335,나름 신선해서 재미있게 잘 봤음 ,10,1
336,영화보며 잠깐 졸았네 웃기기도 하긴한데 뭔가 2% 부족한듯 ,5,0
337,"다음주 iptv 각 7,500원 할인 받고봐도 돈 아까울각",1,0
338,혹평이많네요 다소 과장된부분은 있지만 충분히 재밌고 역사에 관심을 갖게해준것만으로 큰성공이라고 봅니다. 저는 재밌게봤습니다,10,1
339,졸작중에 졸작 쓰레기영화        돈아깝다,1,0
340,코미디 영화도 아니고 연기력도  아니고 정말 애들 만화에도 못미치는 영화입니다. 고창석의 소변에서 억지 웃음을 만들고 있는 영화 아마도 10만 넘기 힘들 겁니다.,1,0
341,스토리가 얼마나 중요한지 일깨워주는 영화 무거운 한명회는 미스캐스팅,4,0
342,차라리 코믹보다는 진지하게 사실성에 접근하는게 더 좋을 뻔했다 . 비현실적인 전개가 유치하다.. 그리고 손현주 배역은 미스...,2,0
343,요즘 한국영화 너무 막만드네요  개연성도 없고 기대했는데 별로네요,2,0
344,개연성도 떨어지고 구성도 지맘대로 정말 잼 없음,4,0
345,참  뜬금없다! 일방적인 상상력만 그럴듯...,6,1
346,생각보다 별로,1,0
347,믿고고는 역사영화 역사를  돌아보게됨 자동  재미도있음,10,1
348,캐스팅 믿고 봤다가 통수 제대로 맞음 영화 중간에 나가는 사람 오랜만에 봄,4,0
349,캐스팅에 비해 스토리 아쉽다 영화가 재미가 없고 지루합니다,4,0
350,연기좋고 상상력도 기발한데  뭐지 이건....,4,0
351,별로,3,0
352,이런 영화를 보면서 우리가 살고 있는 지금의 시대를 후손들은 어떻게 평가할까 고민하며 과연 현재의 옳고 그름이 무엇이고 역사 속으로 들어가 내가 그 시대 사람이었다면 과연 사육신  편에 섰을까 아니면 그 반대였을까..... 생각하며 그런 관점에서 현 시대를 비판할수 있어야 한다고 생각한다.  개인적으로 학생들이 이런 영화를 보며 함께 토론하면 좋을것 같다.  역사는 힘있는 자들의 역사라는 극중 한명회의 대사... 동의하지 않지만 동의할 수밖에 없이 흐르는 이 시대가 개탄스러울 뿐이다,7,1
353,관객의 눈 높이를 모독 하는 영화,3,0
354,앞으로 절대 개봉일에 영화 보지 않으리. 앞으로는 실제 관람하신 분들 관람 평 보고 나서 봐야 겠다는 생각입니다. 기대가 크면 실망도 크다는 말이 딱 이 영화에 맞는것 같다.,5,0
355,so so,7,1
356,"기대가 너무 컸나 보오 광대들의 풍문 조작이 썩 와 닿지 않더이다 내가 이걸 왜 봤나, 하는 생각만 드오 충분히 재미있는 아이템으로 이렇게 영화를 재미없게 만들 수도 있구료 대체 뭐가 문제였을까, 싶소",3,0
357,맛깔스럽다,10,1
358,배우들은 좋았어요. 스토리는 허무맹랑....,6,1
359,현 시대에도 정치를 신랄하게 비판할줄 아는 광대들이 있다면 좋겠단 생각,8,1
360,영화스토리가 다소 부족함. 아쉬웠지만  잘봤어요.,8,1
361,이 좋은 배우들을 두고 .....대체 왜....,10,1
362,웃기기만 한 영화일줄 알았는데 역사적 사실에 기반한   풍자가득한 명품 영화네요 잼있었어요~,9,1
363,"권력과 진실에 대한 광대역의 시대적 고뇌와 임기응변 특히, 형상화시키는 판타지 내공이 인상깊다 !",8,1
364,여러분!!!영화는 댓글쟁이 네티즌들? 블로거 조작질쟁이들?그들의 테러질과 가짢은 주접들을 보지 마시고~~돈 내고 직접 본 [관람객] 분들의 평을 믿고 판단하고보는게 정답입니다!,10,1
365,좀 전에 보고왔습니다 아주 잘만든 영화입니다 10점 만점 드립니다 그동안 시도했던 역사고증 픽션(?)에도 제법 능수능란한 재주가 먹히네요  시간이 금방 지나버립디다 레알루,10,1
366,솔직히 큰 기대 안 하고 봤는데 완전 재미있음. 배우들이 연기를 잘 해서 영화가 살았네요.,10,1
367,굿굿,10,1
368,손현주 나와서 봤는데 손현주 나와서 영화 살았다 ,10,1
369,"내용도 없고, 재미도 없고. 이딴 영화 찍느니 코메디를 찍어라. 화난다. 노잼 노잼 노잼 노잼 노잼 노잼 노잼 노잼 노잼 노잼 노잼 노잼",0,0
370,잼네잼써ㅎㅎ,10,1
371,굿,10,1
372,시사로 먼저 봤는데 잼나더라고요~,10,1
373,오래간만에 맘에 드는 사극을 만났어요,10,1
374,무겁지 않고 가볍게 머리식히기 딱 좋은 영화,10,1
375,배우땜에 봣는데 영화 신박하고 잼나네 ㅋㅋ,10,1
376,이건 간다!  시사봤음. ,10,1
377,믿고보는 최원영배우님! 항상응원합니다 광대들 대박나세요!!,10,1
378,...,1,0
379,저도 시사회 봤는데 기대이상입니다. 배우들 연기에 따라 몰입감 상승이에요,10,1
380,"정말 그랬을법한 스토리에 기발한 상상력, 그리고 믿고보는 배우들의 연기도 돋보입니다. 다시 보고 싶어요^^",10,1
381,정치색 강한 배우는 사절입니다.,1,0
382,애기병사  김민석도  나오네 꼭 봐야겠다  ,10,1
383,이 멤버로 망하면 정말......... 감독님 때찌할거임,10,1
384,손현주 고창석 조진웅 ! 최고의 배우들 ~ 그냥 믿고 봅니다~,9,1
385,캐릭터 하나하나 너무 재밌음 ㅋㅋㅋ ,10,1
386,ㅋㅋㅋ재밋겟다,10,1
387,조지눙..♥ 꼭 보러가야지,10,1
388,"좋아하는 배우들 나와서 좋고 평소에 코미디,시대극 같은거 좋아하는데 마침 개봉일이 개학 전날 이라 친구랑 보러가야 겠네요..^^",10,1
389,지눙 너무 좋아,10,1
390,영화 만드는 사람들은 진짜 상상력이 대단한거 같다,10,1
391,"첫 인상으로 평 : 안 봤다 안 본다. 지겹다 이런 쓰레기들, 쓰레기 알바들... 주어 없다 ㅋ 미쳤나베 두 번째 평 : 돈만 많이 벌면 그만이다. '있어서' 뭐여 이거 이죄용과 샘숭 얘기네. 내 이럴 줄 알았다 ㅋ",0,0
392,기대됩니다,10,1
393,굿,10,1
394,엄청 기대되네요^^,10,1
395,기대 됩니다.. 배우 님들이 짱짱 하네요...,10,1
396,"재미있는 소재의 영화입니다. 예전부터 전해 내려오던 전설같은 이야기들을 작가의 상상력으로 볼 수 있었습니다. 지루한것은 모르겠고,, 배우들이 연기 대결이라도 하는듯이 하다보니 조화가 조금안되어 보였습니다. ",10,1
397,간만에 대작 나오네요~~~^^,10,1
398,기대하고 있습니다~ ㅎㅎ ,10,1
399,기대됨ㅋㅋ,10,1
400,배우들도 좋고 꿀잼일듯!,10,1
401,믿고 보는 조진웅! 영화 나오는 날만을 기대하겠습니다!!,10,1
402,최근 볼만한 사극이 없었는데 사극 마니아로서 기대가되는 영화네요...,9,1
403,재밋겠다,10,1
404,대사가 너무 많은것이 흠.  조잡한 스토리 나열  연기는 매우 훌륭,6,1
405,지금정권의모습그린영화같네요 넘 잘만들었는데 코로나땜에 아깝다  크게 성공할영화인데,2,0
406,"한국영화 고질적 문제 후반부실 제외하면 재미와 스토리 무난스 한데, 윤박 캐릭터가 이상한건가 사극이 안어울리는건가 연기 은근 거슬리네",8,1
407,재밌는 장면이 꽤 많았는데 설정이 허술한 부분에서 너무 급격하게 허물어졌다.,5,0
408,.,0,0
409,생각이란걸 할줄 모르는 알바들이 점수 너무 깎아놨네. 6점 밑으로 주는 애들 알바인듯..  마치 풕근혜가 불법으로 됏통령 된듯한 세조의 모습과 조작질으루일삼던 한나라 미통닭들의 모습을 풍자한 듯한 영화였다,8,1
410,괜찮은 재료로 만든 최악의 음식같은 영화...,5,0
411,유치 찬란..;;  틀에 박힌 코메디 안그래도 억지로라도 끝까지 보긴 했다만 마지막 장면은  웃기지도 않지만 극혐하는 인물의 등장은  정말이지  육성으로 욕나오더라 ,1,0
412,쩝쩝이와 어주니,5,0
413,"충분히 의미있고, 충분히 재미있다. ",8,1
414,현대판 공갈패 = 드루킹. ,8,1
415,별로,1,0
416,너무 기대를 안해서그런지 생각보다 재미있었다,7,1
417,급하게 대충 대충 후다닥,4,0
418,역사(가짜뉴스)를 알게한 내용,1,0
419,소재만 남았다,4,0
420,빵 터지는 장면이 많군요 ㅎㅎㅎ,9,1
421,매번 느끼는 거지만 조진웅씨는 조연으로 나오셔야 스크린에서 빛을 내는 분이세요.  주연은 안됨. 그렇다고 주연들이 연기 잘하고 조연들이 연기 못한다는 게 아니라. 배우분들 각자 스타일이 있는데 조진웅씨는 조연으로 나와야 빛이 나는 분임.,0,0
422,과거나 현재나 권력자들은 항상 자기들의 이익을 먼저 생각하고 그 권력을 유지하기 위해 여론을 조작하고 호도하지.  지금 이 순간도 정부와 여당 그리고 그 똘마니들은 여론을 조작하지. 야당 기사는 조직적으로 까고 여당과 정부 기사에는 조직적으로 찬성댓글로 도배하고 드루킹질 하고. ,6,1
423,정말 재미 있게 봤다 웃기고 진지하고 감동도 있고 역사도 알고  배우들도 다 내가 좋아하는 배우♡,10,1
424,휴......쀼...... 쀼..... ㅃ.....ㅆ......ㄲ....... ㄱ....우....ㅅ.....,0,0
425,최귀횐 니  광대들  범죙디들 니잘난거같냐 니근양     운빨이  좋은거양 미생     드라마 잘 만나서 거짓같은 인생    판거야,1,0
426,유치하다,3,0
427,50분 이후부터 이야기가 이상해짐..배우들 연기도 어색하고..,5,0
428,생각보다는 별로,3,0
