﻿,document,score,label
0,만들지 말았어야 했다,0,0
1,좋은 시리즈를 이리 망치기도 힘들듯...,3,0
2,나는 어리석었고 기대는 날아갔다. ⟨엑스맨: 다크피닉스⟩ 는 내가 본 엑스맨 영화들 중에서 가장 나쁜 영화였다.  촬영은 엉성한 티가 나고 제작비가 부족했는지 몇몇 장면들을 제외하고는 TV드라마만도 못한 퀄리티를 보여준다.  배우들은 말도 안 되는 대사를 억지로 연기해야 했고 CG조차 잘 표현되지 못했다.  전투 장면들도 내내 답답할 정도였다.  이 배우들로 만드는 마지막 엑스맨 영화라는 점에서 참담한 심정을 금할 길이 없다.  다시 찍을 수도 없고 시리즈는 이미 끝났고 차라리 보지 않는 편이 나았을 지도 모르겠다는 생각이 드는 것은 오랜만이었다.  역대 최악의 엑스맨 영화.  ⟨엑스맨: 아포칼립스⟩ 보다도 훨씬 더 안 좋은 영화.,2,0
3,당시에 영화관에서봣다 최악 보는내내 너무지루하다,1,0
4,이영화 비추다,4,0
5,"이제는 하다하다 그냥 프렌차이즈물로 변화시킨 마블 시리즈. 뭐... 원작을 바탕으로 했겠지만, 워낙 망작인것은 알겠다. 연계성을 이렇게 망작으로 끌고가나??!?  (게다가, 영화의 무장과 배경이 60~80년대와 현재를 왔다갔다 한다. 뭐 이런...) 원작 자체가 생산해 낸 캐릭터의 과거, 현재, 미래에 대한 연계성 그 자체를 제대로 이어내질 못하고 계속 벌려 놓아서 수습을 못하는 느낌. 60년대 시작해서 90년대 초반에 재창조 될 때까지, 예전에 만화(카툰)으로 볼 때부터 계속 그랬다.    서양(특히, 미국 영화/드라마들의) 특징 중 하나가 '남 탓/타인 탓'시전. 그런 사고방식들이 몇 백년간 쌓여서 지금의 개인주의를 넘어서 '이기주의의 문화'를 만들어 낸 것이겠지만",2,0
6,무언가 빠진 시리즈 중  한 작품이 아닐까 싶네요.,8,1
7,kjkjkjkj,4,0
8,요란한데 내용없고 대충 마무리 한 느낌,4,0
9,..,7,1
10,액션영화에 철학을 묻히지 말자 6.0,6,1
11,이게 시리즈 마지막이라고?!,4,0
12,안 본 사람이 승자라고 해서 아직도 안 보고 있어요 ^.^,0,0
13,"아니, 엑스맨을 왜 이렇게 만들어 놓은건데??!! 하아... 진짜  망작이라고 해서 설마하니 하고 그래도 아끼다가 코로나 때문에 기운점 얻을려고 봤는데, 이건 아니지!!! 이렇게 만들고... 하아... 진짜 속상하네!!",1,0
14,.,0,0
15,이것도 pc물 뭍은건지..   히어로물에 억지스러운 여성캐릭터 내세우면 항상 재미없음,0,0
16,진  캐스팅이 암만봐도 에러. 하나도 안어울림.  그래서 몰입도가 떨어짐.  하여간 재미가 그닥없네여 빨리감기하면서 보게됨.  망한데는 이유가 있는법,5,0
17,액션으로 볼 것은 아니고 영화가 은근히 알찹니다!,8,1
18,"일단 8점인 이유가 능력이 너무 사기고 갑자기 외계인이 나타나 지잘난척하다가 대공포인가 같은 무기한테 몇 대맞고 뒤지는게 말이 안되지만 액션씬도 괜찮았고 지루한 뜸이 없어 재미있었고 CG도 잘 만들었다. 태양 플리터에 대한 설명도 짧아 아쉬었다. 단점: 스토리,갑분싸 장점: CG,재미 썜쌤이다. 일단 한번 보느걸 강력하게 추천합니다. 마블 최고! ",8,1
19,솔직한 리뷰다  액션씬이 그냥 졸라 허접해 B급 저예산 감독이 연출 해도 이거보단 진심 나을듯  뭔 초능력자랑 외계인들이랑 근접 격투씬 찍고 자빠졌고 제작비 존나게 아낀건지 아님 없었던건지 여튼 허접해 졸라게  0점 줄려다가 엑스맨이라 1점 준다   ,1,0
20,와 이게 폭스가 만든 거였다니 역시 갓마블이지,1,0
21,이렇게 망치는것도 능력이라면 능력,3,0
22,그동안 엑스맨 빠진조각퍼즐 맞춰진거 같아서 좋았는데 평점들이 왜이리 약한지,10,1
23,영상 멋지네,7,1
24,우와 왕좌의  게임에서는 발암소녀였는데.. 역시 연기 잘하네요 She is a significant actress,10,1
25,또 하나의 캡틴마블인줄,4,0
26,이걸 X맨 시리즈로 봐야되냐? 휴 형 어디갔어?,2,0
27,뭘 기대하는지.. x men 인데.. 이정도면 잘만듬,9,1
28,뻔한 전개. 뻔한 결말. ,6,1
29,지루하지 않고 액션도 강한 편인데 소재때문에 큰 재미까지는 아닌듯하다. ,7,1
30,팬으로써 아쉬움과 함께  즐감한 영화 였다. 단점- 타노스보다 위의 존재인 피닉스의 파워가 너무 위축 되어 연출된게 아쉬웠다.,8,1
31,날아오르라 주작이여~,0,0
32,시간 때우기 나쁘진 않았지만 여러 요소에서 아쉬운 점이 보인다..,6,1
33,미쿡가는  비행기에서 본 영화,6,1
34,엑스맨 퍼스크클래스부터 몇편을 봐온 관객으로 자기만의 신념이 있는 찰스와 또 진의 상처 그로인해 분열되는 게 살짝 어거지나 그래도 결국에 같이 힘을 합치게되고 돌연변이이나 자아성찰을 하게되는 마무리역시 좋았습니다,8,1
35,오합지졸 엑스맨.  다크 피닉스가 된 진 그레이도 빛나는 활약을 하지는 못한다.,6,1
36,"밸런스도, 흥미도 무너지다.",5,0
37,엑스맨 3를 재탕할 뻔한 위태로움,6,1
38,엑스맨 본것 중 최악... 어쩜이리 재미가 없는지..,1,0
39,이젠 그만하지...  20년 연재했으면 단물 다 빠졌는데...재미도 없고~,0,0
40,팬이라면 배우들이 돌아가면서 춤추는 장면만 두시간 봐도 좋은것... ㅎㅎ원래 엑스맨 팬들이라면 개꿀잼이었을거고 아니라도 정으로 볼 수 있는 영화였습니다ㅜㅜ 엑스우먼 말 듣고 이건 대박이다 싶었는데 찰스 꿀 떨어지는 목소리로 진 위로하는거 보고 진심 뿅가무ㅜㅜㅜㅜ조금 아쉬운 부분들이 있을 수 있지만 여전히 명불허전 엑스맨 최고다!!!,10,1
41,와 시발 영화 보다가 평점은 처음남기네  영화를 왤케 암걸라고 개떡같이 만들었냐 진짜 시발 중간에 화나가나서  뛰쳐나왔다 보지마세요 시발,0,0
42,엑스맨 처음봐서ㅋㅋ 그런가 재밋눼ㅋㅋ 근데 혼자 너무 쌔서ㅋㅋ 그게 별로ㅋㅋ 서로 좀 막상막하야 재밌지ㅋㅋ,8,1
43,네이바 보다 여기가 더하군. 한국영화 보다 재미 없니??,10,1
44,하 ㅅ..,1,0
45,"솔직히 이렇게까지 욕먹을 작품까지는 아님. 외계인들한테도 안꿀리는 엑스맨들 파워 완전 지렸음..ㅋㅋ 진 그레이역의 미스 캐스팅과 갑자기 착해진 피닉스 빼고는 그래도 볼만함. 이젠 어벤져스랑 합치게 되는건가?? 그렇다면 진 그레이가 사라진게 다행이겠네. 진 그레이 나오면 엑스맨, 어벤져스 멤버 다 합한거보다도 쎈데... 거의 무적 아님?? 캡틴마블이나 DC슈퍼맨도 장난치면서 없앨걸?? ",9,1
46,시리즈 타임라인 엉망진창.,1,0
47,훌륭한 영화다 마블영화에 다크를 입혔다,9,1
48,너무 재밌어서 계속 보는 중,10,1
49,마블히어로화되는게 슬프지만 이 시리즈가 끝나는것이 더 슬프다,9,1
50,괜찮은데...,7,1
51,왕겜마무리가 부러웠나?? 마무리 참 거시기하네..,4,0
52,20년 시리즈 마무리를 이딴식으로 하면 어쩌냐? 배우들이 아깝다!,3,0
53,미스틱이 죽다니- -,7,1
54,이 시대에 클레식...감정팔이가 이렇게 변해서 성장하는거야??? 결말은 처음 1분에 다 알아버렸네ㅔ.....ㅋㅋㅋ,5,0
55,진이 이렇게 강할줄이야...,6,1
56,평점 믿지 마라 꿀잼이다  ,10,1
57,외국영화도 이만큼 앞뒤 않맞을수 있다는걸 보여주는 영화 돈주고도 보지말고 돈받고도 보지 말기를....  내 1시간 53분 56초 돌려내놔라!!!!!!!!!!!!! 중간에 끄지 않은게 내인생 몇안되는 후회중 하나다 ,0,0
58,고뇌를 제대로 표현하지 못하는 주인공에다가 긴장감이라고는 하나도 없는 이야기,4,0
59,엑스맨 외전인가? 따로 노네.. 엑스맨이 나무 쪼가리에 죽는건 좀 어이없고 능력들이 다들 하한가를 치고.. 데이즈 오브 퓨처 패스트는 정말 잼있었는데.. 이제 디즈니에서의 새로운 엑스맨을 기대해 봄,6,1
60," 와씨.... 시리즈를 이렇게 말아 먹냐. 엑스 우먼 대사 칠때 부터 낌새가 안좋았다. 퍼스트 클래스 이후로 계속 재미가 하락했는데 결국 0점 주게 만드네. 그냥 이 영화 하나만 놓고보면 그래도 6점은 주겠는데, 전작에 쌓아놓은 캐릭터 성격이나 설정을 싸그리 무너뜨린거같아서 보는내내 짜증났음",0,0
61,감독이 엑스맨을 망작으로 끝내려고 작정한듯 ,1,0
62,울버린에게 찔려서 죽는데 여기선 더큰걸로 찔려도 안죽네? 스토리개판,2,0
63,엥! 이제 끝인가? 엑스맨 영화 이제 안 나옴?,7,1
64,별로임,4,0
65,이 시리즈를 이렇게 망치다니 ㅠㅠ,4,0
66,하도 거지같은게 많아서 니가 그나마 낫다.,7,1
67,.,3,0
68,얘네는 스토리팀이 사이코 패스 인가? 엑스맨3편에서 죽여 놓고 데이즈 오브 퓨처 퍼스트에서 울버린 과거로 보내서 다시 살려놓고 로건으로 울버린 죽이고 다크피닉스로 완전 똥망이네 ...보는 동안   감독이 혹시 심형래인줄 알았다..,1,0
69,...,4,0
70,정말 더럽게 재미없네 마블 영화는 웬만하면 평타는 치는데 이영화는.. 수입처 에선 손해 줄일려 광고는 엄청나게 올리네 .. 에혀..,0,0
71,"참, 영화 산만하고  발연기들에.. 행크 뛰는거는 히마리가 없고. 스톰은 조연급도 안되는 엑스트라급이 정전기만 불러오고. 연기를 안되는 진을 주인공으로 쓰다니 스토리와 연기자의 불화가 가관이다. 찰스는 다른영화의 다중인격연기한  저스틴 팀벌레이크와  햇갈리고. 뮤턴트들의 능력이 너무 약해보인다.  엑스맨이라고 너무 큰기대를 했나보다. ",4,0
72,시리즈 중 최고,10,1
73,진심 보다 맘,1,0
74,스토리도 엉망 연기도 엉망 ,3,0
75,"응, 망함. 마블로 다시 돌아온 것을 대환영!!!@@",0,0
76,진심 우뢰매 보는 줄 알았다. ,1,0
77,마블의 세계관?? 마블 영화의 무한한 자기 복제.,2,0
78,이건 왜 만들었을까? 보면서도 이게 엑스맨 맞나 했따,5,0
79,그놈의 페미니즘,3,0
80,괜찮았는대?,10,1
81,스토리는 이미 개판이고 전투라도 볼만하면 점수를 더줬을텐대 CG가 아까운 수준.,2,0
82,심형래가 만들어도 저것보단 잘 만들긋다. ,1,0
83,화려한 볼거리 그리고 거산사.,4,0
84,주인공은 중2  큰딸..  감독의 수준은 초 3  막내딸..  아내와 나는 같은 전율을 느꼈다..,3,0
85, 스케일 좀 키우지...   글고 그 매력적인 로렌스... 너무 쉽게 죽었다.  스토리가 개연성이 있고 매그니토는 매력적이다.  패스밴더 팬이라서... ,8,1
86,20년 전통의 엑스맨 시리즈를 어찌 이리 처참하고 끔찍하게 작살을 내고 더럽혀서 파멸시켜 버린단 말이냐!!!!,3,0
87,용서할수 없는 범죄다!!!! 저 사이먼 킨버그 라는 새끼 당장 사형시켜라!!!,5,0
88,"그동안 엑스맨을 기다려왔던 많은 팬들에게 던져주는 빅엿 시즌. 비급 미드에 준하는 시덥잖은 드라마나 보자고 여태 기다려 온게 아닌데 참으로 가혹하다. 감독도 각본가도 전부 해고해야 마땅한 수준. 엑스맨에 대한 단 일말의 애정이 있었다면 이렇게 마무리 하진 못했을 것이다. 아마도 또 다른 이름을 달고 언제고 다시 나오겠지만, 부디 이번 시즌의 세계관은 버리고 새로 나왔으면 좋겠다. ",4,0
89,빵점 주고싶다! 진정!! 어이없이 자기편을 죽여버리네 이게 말이되냐? 아버지가 살아 있었는데 죽었다고 거짓말 했다는 이유로? 빡쳐서? 참나~진짜 하도 어이가 없고 짜증나서 보다가 꺼버림!! 영화관에서 그나마 비싼 돈주고 안봐서 다행이라 위로함!!,0,0
90,"세대교체에 완벽한 실패... 캐릭터들의 특징이나 매력이 모두 사라졌다. 스톰은 눈에 띄지도 않는, 조연도 안되는 인물이고 통통 튀여 제역할과 매력을 제대로 보여주던 퀵실버도 보이지 않는다. 가장 큰 문제는 납득도 정당화도 되지않는 주인공ㅜㅜ 엑스맨을 사랑하던 팬으로서 안타까움을 감출 수가 없다 ㅜㅜ",5,0
91,리부트 시리즈 초반에는 좋더니만 마지막 2개는 그냥 쓰레기구만,0,0
92,액스맨은 히어로물이 아닌 아기자기하고 극강의 신비한 능력을 보여주는 영화다. 요즘 히어로물이 대세라고 영화를 이딴식으로 개망작을 만든 감독새끼 머가리에 뇌가 있나 싶다.,1,0
93,산사를 엑스맨에 캐스팅한건 최악의 수였다. 억양도 그렇고 진짜 보기 싫음,1,0
94,"재밌긴 한데, 타노스도 쉽게 이기는 우주적 존재라 상대할자가 없어  그 부분이 아쉽군... 뭔가 틱톡틱톡 해야 재밌는건데...",8,1
95,레이븐이 이런식으로 리타이어 되는구나,4,0
96,우려먹기인가...,6,1
97,"15000명이 십만 시간을 들여 만든 작품이라고 하니 자원이 아깝다. 지구 자원을 너무 마음대로 낭비하지 마라. 퀵실버는 초반에 나가떨어지고, 인순이의 번개는 너무 약해지고...",6,1
98,"그냥 빵점짜리임... 재미도없고....지루하고....액션도 약하고.... 역대 엑스맨시리즈중 가장 졸작.... 역시 엑스맨은 1, 2 정도만 괜찮고 나머진 꽝임,,,,",0,0
99,엑스맨 시리즈중 최악,3,0
100,엑스맨 시리즈는 개인적으로는 크게 재미있게본시리즈는 아니지만... 이번다크피닉스는 기본적인 갈등구조 는 그렇다 쳐도..영 와닿지를..않는군요,6,1
101,혹평이 많아서 기대 안하고 봤는데 어차피 엑스맨 씨리즈는 거기서 거기라서 딱히 못볼정도는 아니었음. 진 이 엑스맨 최강인건 알고 있었고. 마블 최강은 닥터 스트레인지 빼면 캡틴마블이고. 여기저기서 여자들이 짱먹고 있음.  스콧은 베이비 드라이버의 주인공 안셀 엘고트인줄 알았는데 레디블레이어원의 주인공이었네.,7,1
102,보고 즐겼다.. 그리고 보길 잘했단 생각을 했다. 엑스맨의 대장정을 잘 마무리 한 것 같다. 다크 피닉스.,9,1
103,아이구야..,2,0
104,뭔가 슬픈 장면인데..전혀 슬프지가 않은 이상한 현상이.. 그리고 마지막 작품인데  왠지 전작들이 더 임팩트있고 재미있었던 기억이..,6,1
105,일단 큰 스크린 추천! 시리즈 순서에 스토리 순서가 헷갈리는군 . . ,5,0
106,보지마세요! 진심!  시간 아까움. 킬링타임용깜도 안됌.,1,0
107,스토리는 폭망 액션 및 영상은 볼만함.,1,0
108,거신사의 망한 영화 ,0,0
109,엑스맨-엔드 게임,3,0
110,안 만드는게 나았다.,1,0
111,이렇게 웅장한 엑스맨보다 울버린이 등장하는 초창기의 소소한 엑스맨이 그립다..,5,0
112,엑스맨 중에 잴 졸작,1,0
113,"감독병 걸린 제작자 출신 감독이.. 너무 연출력 티를 내려다가 우울병전염영화를 만들어 버렸다. 모든 스토리는  진에게 맞춰지면서 캐릭터들까지 희생시키지만, 진을 지키기 위한 팀원들의 노력은 이미 이전 영화들에게 봐왔던 토톨러지이며, 외계인 출연이라는 황당단 세계관 확장과 피닉스의 모습의 판타지는 어이가 없을 정도.... 그리고 제시카 차스테인의 연기는 훌륭했지만, 너무 전형적이고 그 배우 자체가 이런 영화에 어울리지 않을 정도이다.",5,0
114,구성도 스토리도 기대만큼 괜찮았습니다. 한국영화 엑시트같은게 평점 9점이란거 솔직히 말안되죠.,10,1
115,진은 울버린 애인아닌가요? 눈에서 레이저 나오는 애는 진 동생 아닌지 내용이 전혀 압뒤가 ,1,0
116,영화의 완성도에 비해 평점이 낮은듯 하여  생각하던 평점 8점에 더해 10점 부여.. 역시 이런 영화류는 마지막 액션신이 좌지우지하는데 진의 각성에서 소름이 돋았다..,10,1
117,산만하고 조잡함으로 아쉬움만 남기네,6,1
118,제작만 하지 왜 감독까지 하는거야.,4,0
119,대사처럼 정말 우먼없는 맨된듯.. 이렇게끝낼바에야 차라리차기작없이끝내지,1,0
120,엑스맨 대미의 장식은 그냥 '로건' 이라고 하자. 좀 실망이야..,5,0
121,평점을 - 로 할 순 없나요? 0점도 좀 후한 듯 한데,0,0
122,어이가 없다. 이 능력 없는 감독을 계속 기용하는 제작사도 대단하다,4,0
123,엑스맨시리즈의 팬의로서 매우실망입니다,5,0
124,이 배우들로 이 연기력 뛰어난 배우들로 뭔 이런 잡스런 정신산만한 이해도 안되는 허접한 엑스맨을 만든 감독이 대단하다. ,5,0
125,좋은 배우들로 뭔짓 한거여 배우 한명 문제인줄 알았는데 감독이 문제네 연출이 개차반  축구에서 이런 말이 있지 선수 한명 문제는    한사람만 통제 하면 되고 11명 전체 문제는 감독이 문제다,4,0
126,엑스맨 시리즈를 정말 좋아했던 사람으로써 너무나 지루했지만 그래도 그 후 뒷얘기들을 알수 있어서 좋았습니다.,5,0
127,완전 재밌던데요ㅋ 뮤턴트 앤 프라우드!,10,1
128,너  때문에 코를 골았어. 나를 왜 민폐 관객으로 만드는 거니? 응?,1,0
129,"그럭저럭 볼만하긴 합니다만, 히어로 영화의 선구자, 19년 엑스맨의 마지막인데 아쉬움과 안타까움이 많이 남는 영화네요.",5,0
130,몰입해서 재미 있게 봤네요... 마지막이 좀 허무하게 끝났지만.......,6,1
131,"내용과 개연성은 물론이고 캐릭터 붕괴가 너무 심하다. 지금껏 쌓아온 엑스맨이라는 탑이 아포칼립스에서 기울고, 다크 피닉스에서 와르르 무너진 느낌이다. 기대를 안 해서인지 그나마 액션은 볼 만했다.",5,0
132,20세기폭스사인데 디즈니가 왜 책임을 지냐?,8,1
133,아쉬움만 가득,5,0
134,책임져라 디즈니,5,0
135,오호~ 5 UBD 로군,10,1
136,재밌음 꿀잼!,10,1
137,너무 재미가 없었음 80년대 우뢰매가 계속 생각났음,1,0
138,굿,8,1
139,와... 감독의 손길 하나하나 우리 엑스맨들 다 망쳐논거 꼼꼼히 느껴지는 영화였다. 그나마 조조로 통신사 포인트로 본 영화라 다행이지.. 휴.. 앞으로 이 감독이 만든 영화는 손절..  집나간 로건 찾아요ㅜㅜ,0,0
140,내가 이걸 봤다니...재미 없는것도 정도껏이지... 엑스맨 세계관에 대한 기초적인 이해도 없는 감독이 만든 쓰레기... ,0,0
141,축약해도 너무 축약 했어!!!!!!!!!!! 이럴꺼면 두편 정도 였어야되~~~~~~~,7,1
142,평이 안좋고 휴잭맨 없는 엑스맨이 영 어색해서인지 피일차일 미루다가 볼 영화가 없어 어제 봤는데 제가 너무 기대를 안해서인지 그럭저럭 봐줄만했습니다. 생각했던것만큼 졸작은 아닌듯합니다~~~,7,1
143,내가 극을 써도 잘 쓸듯... 엑스맨 시리즈 진짜 좋아하는데 보고서 열받아서 영화끝나자마자 욕함..,1,0
144,완전 재밌게 봤습니다.,10,1
145,또봐도 좋을만큼 재밌음,10,1
146,오랫만에 극장구경하기엔 무리없는 영화임,8,1
147,영화의 평가가 안좋았던거에 비해서는 나름 괜찮게 봤네요(여태껏 엑스맨 시리즈는 모조리 극장에서 봐왔습니다+전작 블루레이 소장중)  다만 어벤져스급 배우들로 만들어낸 결과물이 악쓰~맨이라 아쉬운건 사실입니다 또 감독의 중요성도요  더 다듬어서 내놓든 좀 더 빨리 개봉을 했든하지 ...그래도 별수 없었을라나? 아니면 싱어에게 맡기든지....아! 그것도 안되는구나 ㅋ,7,1
148,"캐릭터와  시,공간 설정이 약간 아쉽긴 하지만 영화적으로도 그렇고 폭스의 마지막 엑스맨으로 이정도면 충분히 재미있다..자 이제 공은 디즈니의 마블로..",8,1
149,참 피곤한 레파토리..... 레이븐 죽는게 뭐냐....?,3,0
150,꽤 괜찮은 영화였어요 개인적으로 최근본영화중 최고였네요 ,8,1
151,촬스가 항상 옳은 판단하는데 주변인들이 비난으로 몰아가는것만 빼고 다 최고였음. 역쉬 헐리우드 영화 스케일 크고 넘 좋다. 상 줘야한다.,10,1
152,고질라와 경쟁할 레벨이라던데?,0,0
153,평점 조직 고만해라 ,2,0
154,"괜찮은데, 왜들 재미없다 말하는지?  웬만한 한국영화보다 뛰어나네~~ㅋㅋ",8,1
155,"망작은 아니고, 평균작은 되는 듯 합니다. 잔뜩 기대했던 분들은 실망했을 수도 있겠지만, 저는 꽤 괜찮게 보았네요.",8,1
156,"엑스맨 시리즈에 물을 탄 것 같은 킬링타임 맹탕 무비. 혹평에 비해 크게 나쁘진 않았어요. 그래픽 수준은 그럭저럭 괜찮은 편이고 이야기 전개에 비약이 심하지만 큰 무리는 없어요. 단지 작품에 매료될 요소가 많이 부족해요. 액션 시퀀스도 흥미롭지 않고요. 소재는 좋은데 관객을 사로잡을 매력이 부족한, 아쉬운 작품인 것 같습니다. 연출력과 각본의 완성도가 부족했던 듯 싶어요. 결국 감독의 능력이... 하지만 일부에서 이야기하는 것처럼 완전 망작 수준까지는 아닙니다. 시리즈의 개성을 이으려한 성의는 보여요. 문제는 캐릭터 디테일이 많이 떨어진다는 점. 액션장면도 김 빠지는 부분들이 많아요. 전체적으로 너무 안이한 부분이 많아요. 그래도 다른 걸 다 떠나서 마이클 패스벤더가 얼마나 연기를 잘하는 배우인지는 확실하게",6,1
157,알바생들 전수 높게 주지말아라!!!! 소비자의 소중한 돈이다. 이런 허접한 마무리의 영화를 보게만들려고 작정했군,1,0
158,영화는 재밌거나 감동적이거나 둘중 하나는 되어야 함.,3,0
159,감독이 누구죠?.,1,0
160,평점 낮게 주면 알바고 높게 주면 아닌거야? 대단한 논리 전문가 납셨네.  평점 높게 준 사람 대다수가 다크 피닉스 포함 1~3개 밖에 없네. 자 이제 누가 알바지??,0,0
161,존나잼 ,10,1
162,나는 재미없다길래 후 하면서 봣는데 다보고는 잼꾸만 ㅋㅋ ,9,1
163,알바들아 평점 낮추지마라 액션씬 진짜 멋있고 스토리도 괜찮고 정말 재밌게 봤습니다!!,10,1
164,마지막 을 장대하게 말아 먹었다.,3,0
165,이런영화에 뭘 바란건지..평땜에 망설이다 늦게봤는데 특수관상영이 끝나서  mx서 또 못 봐 아쉬움(가까운 데 mx 있어서 가능하면 거기서 봄) 솔직히 진그레이외모가 맘에안들어 망설인게 크다ㅠ 제니퍼로렌스위주였다면 무조건 개봉일에 봤을 걸 액션씬과ost가 요즘 본 중 최-고,8,1
166,힘쎈 사춘기 때문에 다들 힘들어 한다 산사 스타크가 생각나서 더영화보는 내내 힘드렀다,3,0
167,팬이지만. . .  이건,6,1
168,졸잼,10,1
169,"아이폰이 갤럭시노트를 무시하듯, 마블이 엑스맨을 무시해서 1점대가 많은듯 ㅋㅋㅋ 8점이상은 되는 영화.. 우리나라사람들은 너무 마블에만 젖어있고 마블이 정답인줄..ㅉㅉ  그냥 둘다 재밌건만 꼭 본인이 정답이라고 앎",10,1
170,"10점..기생충을 보고 안 봤으면 좋았을걸 하는 그런 기분을 엑스맨이 날려 버렸다..영화는 이래야지 하는....네티즌 평점이 6,8로 올라 왔는데...이건 믿을 필요가 없음 최소한 8,5점 이상은 되는 영화임 볼거리도 있고 재미도 있음..믿고 보셔도 됨",10,1
171,평점 안좋다고 하길래 봤는데 엄청 재미나던데 엑스맨 매니아라면 봐야할 영화입니다.,10,1
172,평점이 안좋아 망설이다가 봤는데 난 너무 너무 재밌게 봤다.  스케일도 크고 처음부터 끝까지 긴장감 있어 좋았어요. 이런 훌륭한 영화를 혹평하는 사람이 이해가 안되네.  ,9,1
173,다들 왜그러니 재밌기만 하던데~ 난 엔딩겜은 좀 지루한감이 있었는데(특히 아이언맨 죽은후에 길어서) 엑스맨은 몰입하며 재밌게봤다. 캐릭들도 훨씬 정감가고 초능력도 신기함. ,10,1
174,재밌어요!,8,1
175,"만족스럽진않지만, 팬심으로.....",8,1
176,샴푸광고인줄 빌런능력치가 너무 허접하고 제시카 차스테인을 저렇게밖에 못쓰다니  실망스러워ㅠㅠ 그리고 진그레이 감정이 너무 억지스럽고 찰스만 몰아세우는 사람들도 짜증나고,4,0
177,오리지널 엑스맨부터 진그레이를 좋아해서 영화를 보러갔습니다. 사실 우려도 많고해서 기대를 하진 않았습니다. 기대를 안해서인지 실망도 적었습니다.,5,0
178,시험끝나기 5분전에 10문제를 급하게 답안지에 찍은것 같은 영화. ,5,0
179,불닭복동 ..... 진짜 그냥 개판이다,1,0
180,유일하게 보는 SF시리즈물 엑스맨 종결편 ㅠㅠ 닁기리 역대 엑스맨 시리즈 중에 최악으로 재미가 없더라~ 스토리도 없고 볼거리도 없고 배우들도 너무 엉성하고 살다 살다 이렇게 재미없는 SF물은 난생 첨이었다. 보다가 중간에 나가려다가 마누라가 말려서 그냥 억지로 참고 기다리다가 끝나자말자 뛰어 나왔다!! 돈 좀 벌었다고 이따위로 막 만들어도 되냐? 케빈 파이기인가 뭐시껭이 자시가??,0,0
181,패미나치가 싼똥.,0,0
182,엑스맨 리부트 시리즈의 마지막이 허무해버렸다. 영화수준이 퇴보한 느낌. 악당은 카리스마가 부족하고 그 동안의 작품으로 이루어진 개연성을 전부 무시하고  독보적으로 새로운 엑스맨으로 봐도 무방하다. 오래전 망한 영화 스토리를 그대로 이어받은 영화일뿐 그나마 지금 같은 평점이 존재하는 이유는 엑스맨팬의 기부평점일 뿐이다.,4,0
183,원작 엑스맨의 프리퀄 시리즈의 마무리 작품이라며 근데 왜 오지지널과 개연성이 완전 없네 마무리하면서 이런식으로 마무리하면 오리지널 작품은 물론이고 프리퀄 1.2.3 편은 뭐가 되냐? 도대체 각본을 이렇게 짤수가 있냐  그냥 로건같이 새롭게 선보이는 작품이면 이해라도 하겠다 이건 이전작품의 줄거리를 마무리 하는 작품이라고 ㅡㅡ,4,0
184,화려 하지만 아쉽다,7,1
185,정말이지 최악이였다 기대가 커서 그런가???,1,0
186,엑스맨 중  최고 죽인다  내용빼고 액션만 강추  ㅋㅋㅋ,9,1
187,SF영화는비주얼로 볼만하고 재밌으면 그만 아닌가? 망작은 아닌것 같은데. 나름 재밌음. 다만 관객들의 보는 눈이 높아졌을 뿐. 아쉬운 점이라면 갑자기 출현한 외계인까지는 이해하겠지만 비주얼이 너무 평범해서...,7,1
188,"정말 내가 좋아하는 시리즈를 이렇게 망칠 수 있나요.ㅠ 스토리 공감 안 되고, 진 배우는 너무 무게감이 없네요.ㅠ 진 그레이 다시 만들어 주세요.다른 배우로 ㅠ",6,1
189,ost빼곤 다 말아먹은 작품..ㅜㅜ,3,0
190,불4조... 하~~~~~~~~~ 최고의 리부트였는데... 돌아와 로건...,4,0
191,재밌게 봤어요,9,1
192,진을 죽이려는것도 이해 안가는데 갑자기 지킨다고???  존 나 이해안가네,5,0
193,액스맨의 명성을 탈탈 영혼까지 털어먹은 망작 중의 망작!!!,1,0
194,50대 엑스맨 팬으로 평 잘 안쓰는데.. 너무 평점이 낮아서 함 씁니다. 개인적으로는 시간가는줄 모르고 재밌게 봤습니다.,9,1
195,"그냥 여주인공역에 왕좌의게임에서 데너리스랑 존사이를 완전 갈라놓은 산사라는걸 안순간부터 그냥 싫더라..,",0,0
196,그래도 황당무계 어벤져스보다는 엑스맨이 조금 낫네   이것을 진정한 파이널로 알겠으니 제발 이젠 좀 그만하자  마블 끼고 우려 먹을만큼 우려 먹었잖아    도대체 언제까지 아이언맨 캡틴 거미 장사만 할래    ,7,1
197,평점이 안좋아서 안볼려고 하다가  그래도 엑스맨 마지막회라고 해서  혹시나 하고 봤는데 ~  뜬금없이 등장한 외계인들은  인간에 모습을 한채로  초능력이나 강한 무기도 없이  그냥 달려가서 맨몸으로 치고 박고 싸우는  장면들만 자꾸 나와서  어이가 없었습니다 ....  지금까지 나온 엑스맨 영화들에  수준을 망쳐버린 망작입니다 ....,1,0
198,개연성 스토리 모두 엉망진창이다 지금까지 좋게 쌓아왔던 찰스의 이미지를 한순간에 쓰레기로 만든 영화  그리고 마지막 결말은 뭐라 말할것인가?  물론 액션씬은 좋다 볼만하다 딱 거기까지인듯 진그레이 자신의 정체성을 본인도 모른체  혼란스러워하다 그만그만 하다 엑스맨일원을 죽이질 않나 엑스맨 최강캐인 찰스와 에릭을 그냥  장난감가지고 놀질않나 물론 다크피닉스가 디씨 마블 통틀어 최강캐인건 알지만 너무 사기적인  힘을 가지고 있다면 영화는 재미없어진다 저스티스처럼 말이다 슈퍼맨부활하자 모든 캐릭을 있으나마나한 쩌리로 만들어버리는걸 보고도 이렇게 만든 감독은 대체 생각이 있는지 참 궁금하다 엔드게임의 타노스 정말 밸런스 적당하고 너프도 적당히 시켰다 어느정도의 너프와 밸런스는 꼭있어야하며 그게 없,0,0
199,생각보다 괜찮았슴 마지막이라아쉽 ~,7,1
200,마지막이라니 아쉽다,7,1
201,.,10,1
202,난 갠적으로 평점이 낮은게 보수적인 한국인 성격이 아닐까한다 즉 엑스맨의 광팬들의 뇌리속에 박혀진 액스맨의 주인공들이 바뀌어진것에 대한 거부감일거 같다 물론 다른 이유들이라면 진짜 영화광이든가 참고로 나도 한달에 수편씩은 보는 사람이다,10,1
203,엑스맨 왜케 까이지?  보고 온 관람객 평은 오히려 포털평점보다 좋다 히어로물에서 스토리 캐릭터정체성 찾지 좀 말자  오락영화인만큼 즐겁게 보고 왔어 이런영화를 티비화면으로 보는것만큼 바보가 있을까 액션전투씬은 너무 잘 만들었거든,9,1
204,어렸을때가 더 세보이는건 기분탓인가? 전투씬은 압권 #씨9네마,8,1
205,매그니토 역시 개간지. 그냥 오랜만의 영웅들보는것도 좋았고 열차씬은 진짜 개간지. ,9,1
206, 영화관에서 보는건 아닌거같다는 생각이든다... ,0,0
207,"화려한 액션씬 하지만 중간에 끊기는 스토리가 좀 아쉬웠다,",8,1
208,아쉬운 장면도 있지만 그래도 재밌습니다~~,9,1
209,시리즈 자체를 한순간에 말아먹음 내 2시간 돌려줘라 최악이다. 죄악적인 영화다 엑스맨 시리즈를 모욕한 최악에 작품. 감독을 때려 죽이고 싶을 정도임,1,0
210,마지막인데 ㅠ 이렇게 끝내는 게 좀 아쉽고 실망이네요 진짜 많이 기대하고 봤는데... 중간정도까진 괜찮게 봤습니다 너무 기대하지 않고 보는 거 추천드려요 ㅠㅠ ,5,0
211,엑스맨시리즈 팬이라 의리로 4점 줌. 캡틴마블과 진그레이가 교대로 지구 지키면 될듯... 개인적으로 캡틴마블이 좀 더 나아보임. 그배우 그시리즈로 영화를 이렇게 밖에 못 만드나? 이래서 감독이 중요한듯하다.,4,0
212,최악임,1,0
213,혼자 당하기 싫다고 열개주는건 좀 아니지 않음.  기존 X맨 시리즈 안본 사람이라면 그래도 볼만은 할지도.  기존 시리즈를 본 사람에게는 추천하고 싶지 않네요.  ,3,0
214,이렇게  기존의   엑스맨을  엉망진창으로 만들다니.. 그만  접으라,5,0
215,"낚이지마라 돈,시간 낭비다...",1,0
216,액션물에 탄탄한 스토리를 기대하기는 무리겠지... 화려한 액션에 몰입감 최고다.... 추천할 만한 영화다.  ,9,1
217,감정선 연결 안됨.  개연성 없음. 액션도 허접.,4,0
218,"줄거리가 폭망이고.. 컴터 그래픽은 유딩틱 하지만.... 그래도 몇몇 장면은 볼만 한데.... 평점이 너무 나쁘니, 나라도 팍 올려주어야지..... 옛다, 10점...............",10,1
219,진그레이  몸매가 좋네여,10,1
220,몇몇 쩌리 캐릭터들의 활약상이 그나마  볼만함,6,1
221,재밌어요.꼭 보세요!,10,1
222,제발 보지마세요 재미없어요,1,0
223,생각보단  꽤 괜찮음,10,1
224,후반부는 좀 아쉬웠지만 그래도 잘 본 시리즈 영화,5,0
225,마무리를 이런식으로 하는거 아니다,5,0
226,3d나 4d로 봐야 그나마 타격감 있는듯.. 스토리 전개는 그냥 이전 형식과 비슷. 점수가 낮아 10,10,1
227,어메이징한 영화고만 마블시리즈중 최고다,10,1
228,내가 원하던 영화다.,10,1
229,몰입감있었다 .. 액션이나 웃기는 장면은 별로 없었지만 나름 진에 대해 다시 보게 되는 영화  다른 엑스맨들도 오랜만에 다시 보니 반가웠음,9,1
230,전편들이랑 스토리상 연결 안되는것이 있지만 잘봤습니다  보고 나서 아~ 재미있었다 ~였습니다. 역시 이런영화는 cg 액션 보는 맛으로 보는것~,8,1
231,엔드게임보다  괜찬다는사람뭐임? 뇌가 녹아버린건가  영화 노잼,1,0
232,지루하지도  그렇다고  안재밌다고  할수없는것 그리고 진의  실제편 보니 짠하다  비록 결말은 초졸했지만,9,1
233,재밌는 마무리 ,9,1
234,재밌구마.. 평점보고 안볼뻔했네..,10,1
235,킬링타임 최고 엑스맨 시리즈 더 나왔으면 해요ㅠㅠ,10,1
236,오랜 엑스맨팬으로서는 장점보다는 단점이 많고 아쉽습니다 평점 9이나10점 주는사람들은 믿지마세요 그냥 팬으로서 본다면 추천하지만 기대하고 보지마세요 엑스맨3편이 많이 겹치는느낌,5,0
237,제가 아는 그 셀레네가 아니어서 아쉽네요,10,1
238,재밌다,10,1
239,아주대박이였다,10,1
240,스토리  개연성 아쉬움,6,1
241,20세기폭스 마지막 엑스맨 벌써 20년이나 됐네요,10,1
242,아주 재미있게 잘 보았습니다  전편을 모두 보시고  영화을 감상 하시면  이해도 빠르고 더욱 재미가 있을것입니다 그리고 다크피닉스시리즈을 기대해 봅니다,10,1
243,너무 기대치가 높았나봐요,3,0
244,역시 엑스맨 시리즈는 기대를 저버리지 않네요!  개인적으로 나만 이상하게  마블영화 컴플랙스로 극장만 가면 조느라 2~30분을 보내지만..  영화 자체만 두고 보면 재미있었던 영화입니다.,9,1
245,ㆍ,10,1
246,저렇게 좋은 배우들 모아놓고  역대 최악으로 만들어놓음. 북미반응보니 제작비 절반도 회수하기 힘들어보임.  헐리우드 엄복동,0,0
247,그럭저럭...  마블시리즈가 점점 임펙트가 떨어지네ㅡㅡ,5,0
248,이건 아니다 싶은데...설명과 액션?이 연결이 아닌 나열이 되어서는.. ,5,0
249,엑스맨시리즈가 거듭 될수록 엑스맨은 점점 강력해진다. 행성하나를 박살내고도 남을만큼. 개연성  또한 산산조각 나는듯,6,1
250,"불새,, 구충제를 안먹었네,,,",7,1
251,배우들 조합 만족,8,1
252,엔드게임보다 훨 났다..  잘봤음.,10,1
253,처음에는 엑스맨만의 강점이 있었지만 점차 사라지고 갈수록 산으로 가는 느낌. 같은 마블이지만 어벤져스 시리즈에 비하면 역시 임팩트도 약하다.  ,7,1
254,엑스맨버젼 캡틴마블. 표절아냐?,8,1
255,이 정도면 만족,10,1
256,금발 챠스테인봐서 좋았다 영화는 안습 ㅠ.ㅠ,6,1
257,더이상 엑스맨은 없다 다행이다,1,0
258,오락영화로 최고임요..! 화면 음향이 압도적..,10,1
259,시간 가는 줄 모르고  아이들이랑 재미 있게 밨어요^^,10,1
260,기대를잔득했는데 너무실망스럽다. 스토리도 볼거리도 약함,1,0
261,레이븐 역할 약해ㅡ 진이 너무 생각이  어려서 ㅡ  액션은 캪틴마블ㅡ  스토리도 부족 ,6,1
262,초 대박 황홀경이로다 뭐만? 액션만!,8,1
263,기대를 많이했는데 좀 아쉽네요,6,1
264,불새만  보이네,5,0
265,졸았다. 매우 ,0,0
266,이렇게 끝내기야??? 서운한데............. ㅠㅠ,7,1
267,중간에 잤어요,5,0
268,저는재밋더라고요... ^^볼만해요~저는 영화평론가가 아니라서  별기대도없이 그냥 봐서그런지..ㅎㅎ,8,1
269,아니 애 성격이 이상하면 처음부터 심리상담하라고 분조장이냐고... 개짜증남....,1,0
270,킬링타임으로는 무난합니다  갠적으로 집앞전투신은   좀 유치하더군요,6,1
271,재밌드만. 차스테인이 젤로 반가버~^^,8,1
272,그래픽은 화려하나 화려함의 스케일이 작고 마지막 결말이 이도저도 아닌듯. 엑스맨 팬이라면 마지막 이라는 의미로 그런대로 봐줄만 하지만 뜬금없는 부분들도 많음. 어벤져스 엔드게임처럼 엑스맨 시리즈에 대한 지식이 없는 분들이 보면 재미가 없을듯.,6,1
273,나중에 엑스맨 시리즈 중 아포칼립스보다 더한 최악의 작품으로 손꼽힐것 같습니다. 시나리오가 산으로 가는걸 넘어 이젠 우주로 가네요. 이 캐스팅으로 이런 허접한 영화를 만들다니 감독의 중요성을 다시한번 느끼게 해줍니다. 마지막 80년대 감성의 불새엔딩 장면에서 뿜었네요. 조심스럽게 10UBD 봅니다. 영화 형편없어요~ ,4,0
274,잘나가다 마지막에 말아드심,3,0
275,아쉽지만 ㅜ 엑시맨 시리즈또한 이렇게 끝나는구나 ㅜ,8,1
276,항상 재미남 세대교체,9,1
277,시리즈마다 똑같은 우려먹을것도 없을정도로 지겨운 인간과 뮤턴즈의 갈등관계 그리고  누가 아군이고 적인지 모를정도  병맛같은 이야기전개   뮤턴즈들의 벨런스차이로 인한 몰입감 저하... 초록색 고릴라 뛰어다니면서 와사바리 날리는거보고 배아파 뒤질뻔 ㅋ ,5,0
278,몰입도 대단함. 어벤져스보다 재미있게 보았습니다.,8,1
279,"단순한 이야기와 빠른 전개, 그리고 끊이지 않는 액션들로 잼나게 봤다. 엑스맨 시리즈의 마지막인라고 한다. 엑스멘이 MCU 에 합류할때까지는 한동안 엑스맨을 볼 수 없어 아쉽다.",8,1
280,이영화를 감상할때 주의사항 원펀맨 본다고  생.각.하면 볼.만.해.집니다.  끝까지 본다음에 맨처음부분을 다시 생각하보면 감탄 반과 황당 반... 반반섞임...,8,1
281,이 좋은 소재를 이렇게 말아 드시나 쩝쩝,1,0
282,저는 재밌게  잘 봤어요  단지   마지막이 아니길 엑스맨 시리즈  기다릴께요 ,10,1
283,약간 졸린부분은 있었지만 상상보다 더 화려하고 볼거리도 많았던것 같다. ,8,1
284,만족~,8,1
285,이번 엑스멘 시리즈는 16년전에 처음 시작했던 엑스멘 시리즈중에서 제일 재미있었고 지루한 것도 전혀 없었다 물론 주관적인 부분도 있겠지만 어쨌든 이 영화가 지루하다면은 지루하다고 댓글 적은 사람들중에 이 영화보다 재미 있었던 영화 좀 말해봐라 ,10,1
286,진멋있네,10,1
287,포스 없는 악당. 전작이 겨우 만들어 놓은 케릭터 붕괴. 매력없는 에릭. ,5,0
288,나도 캡틴마블이랑 우주에서 악당을 물리칠까 상상했... 엔딩트레딧 올라가는데 이렇게 마지막이란건가 싶었음...,6,1
289,"이런 모습으로 정녕 끝이란 말입니까? 이럴 수가! 차마! (아니야, 나의 엑스맨 시리즈 마지막은 '로건'으로 할래!)",4,0
290,초반엔 지루해서 졸고 중반엔 잠깐 집중했다가 마지막은 하늘보여주는 장면에서 어의없어 웃었다.,3,0
291,완결이라기 보다는 다크 피닉스 1인에 관한 이야기 같아서 살짝 아쉬움이 있네요. 재미는 있습니다.,7,1
292,오늘4D로 봤는대도 지루했음ㅠㅠ,3,0
293,이게  영화냐 ,1,0
294,피닉스의 탄생!  캡틴 마블과 붙으면 누가?,8,1
295,리뷰보면서  같은 영화를 보는데..생각하는게 진짜 다 다르구나  또한번 느꼈네요!!!~~~  난 진짜 잼있게 봤는데....끝도 깔끔하게 끝나서 좋았음..,10,1
296,"이런 시리즈물은 전편과의 연관과 차별성에서 재미가 오는 법인데, 너무 뜬금포임. 인물 설정이 죄다 바뀌어 있음. 차스테인 같은 매력적인 캐릭터도 영 살리지 못함. 새로운 능력을 보여주는 것도 진그레이 하나라니... 이런 초능력물 영화를 과연 감독은 이해한건가?",5,0
297,시종일관 두근두근. ,10,1
298,울버린이 과거 여행하며 살려논 진그레이가  어찌 성인도 되기전에 죽어?.... 그럼 울버린이  현재로 돌아와서본  진그레이는??  작품마다 스토리 가  따로 놀아...에휴,3,0
299,졸면서 봤음,3,0
300,걍 볼만함 ,9,1
301,잼나,9,1
302,평점보고 오엥?이랬는디 개꿀잼인데,10,1
303,역시 로건 데드풀2 감독이었군.  스토리를 풀어나가는데 장례식 분위기 역동적이고 힘이 넘치던 캐릭터를 다 죽여놨네 참 영화 못 만든다. 그나마 SF 의 힘때문에 볼만 다음부터 이 감독 영화는 안봐야지,6,1
304,유치하고 개연성없고 답답하고 재미없음 내용도없음,1,0
305,진짜 재미있다 흠이라면 시간이 짧다는것...,10,1
306,액션 멋지고 재밌어요~,10,1
307,감독이 일본애니메이션을 너무 많이 봤나보다 유치해서 못봐주겠네 그나마 아이맥스3D로 안본게 다행이라고 할까,2,0
308,"평점 테러 때문에 정말 기대 안하고 봤지만 !!  기대 이상으로 눈물이 날 정도로 영화가 끝나는 것이 아쉽고 슬펐다. 액스맨은 인간의 욕심과 두려움을 심도있게 그리고 나의 10대와 20대를 찬란하게 마무리 할수 있게 도와주었고, 어릴적 엑스맨을 꿈꾸던 내 모습을 돌아보게 해주었다. ",10,1
309,10점줘도될만큼   너무재미있고좋은영화였습니다,10,1
310,엑스맨 긴여정의 마무리...아쉽다. 데어퓨 생각하면 별로지만.... 그래도 재밌게 보고왔다.,10,1
311,8점은 너무 높은거 같고 7.5점 정도되면 좋을것 같은 영화 일단 ost 액션은 역대 엑스맨 놓고봐도 괜찮은편이고 다크피닉스 원작이 어떤지 모르지만 최대한 잘 표현했다고 보는데 원작 본사람들이 졸고왔다 그런건가봄 ㅋㅋ,10,1
312,엑스맨 이름을 깍아 먹는 졸작 오브 졸작 ,0,0
313,잘 자고 왔어요^^,3,0
314,씨지도 별로고 전개도 뜬금없고 대사도 유치했다. 감독 실력이 없는 사람.  마지막에 피닉스를 표현하는건 뭐임?  7세짜리 만화 수준,4,0
315,그냥 저냥 잼나게 봤습니다,8,1
316,오늘 조조로 보고 왔습니다 엑스맨 전 시리즈를 다 본 사람인데요 그리 나쁘지는 않네요 아포칼립스보다 훨씬 좋았습니다. 무난합니다. 진그레이 능력이 너무 어마어마 합니다 타노스랑 맞짱떠도 안질듯. ㅎㅎㅎ,7,1
317,"초반 평점이 낮아서 걱정했는데, 잼있게 잘봤다..오히려 이전보다 액션도 강했고",10,1
318,어제 늦은 저녁에 봤는데.... 10점을 주고 싶었지만... 속편이 없어.. 9점 줍니다.... 스테일과 엑션씬... 그래픽 흠잡을때가 없는게 아닌가? 생각들더군요... 아쉬운점은 미국과 문화 차이가 있어 그러지.. 제가 보기엔 몇몇 캐스팅 미스가 있어 보이는것도 있고... ^^ 암튼 SF좋아하시는 분들이라면 절대 후회 안할겁니다~~~^^,9,1
319,화성과   목성사이의   행성파괴-화성은  이전 문명붕괴-  그럴만한 이유 있었고---그럴수  있는  높으신 존재님들이  계신다고  믿게 됩니다---  지구인류들 께서는---평화롭게  지구를  지키려는  노력을  하고 있으시겠죠---  X---알파벳의  24번 자---로마 숫자 10---중국 원나라 지명[xanadu]---  phoenix---피닉스---이집트 신화에  나오는  아라비아 사막에  사는 불멸의 새---,10,1
320,"엑스맨 팬이라서 10점 줍니다. 원더우먼, 캡틴마블처럼 우주기운 받은 최강 불사조 여전사 이야기네요. 좀 유치하지만 엑스맨 팬이라면 강추요. 저처럼 액션과 큰 스케일 좋아하는 사람은 영화관에서 볼만해요.",10,1
321,너무 재밌어요!!!,10,1
322,이 영화 다 본 전 승리자입니다. 이 영화를 보고 인내와 무욕을 배웠습니다. 이 분노를 다 다스릴 수 있다면 저도 더욱 성장할 수 있겠네요. 여러분도 영화 한 편으로 참을성을 기를 수 있어요!,10,1
323,와.. 이걸 어떻게 재미없다고 평가할 수 있지... 직접 영화를 본게 맞나 싶을 정도로 의문이네요.  평점보고 볼지말지 고민하시는분들은 무조건 보세요. 절대 후회 안합니다. 추천합니다.,9,1
324,마지막 시리즈라 뭔가 아쉽기도 하지만 볼거리는 충분합니다. 엑스맨 화이팅,9,1
325,"방금.보고 왔는데 볼거리도 많고, 나름 재밌게 봤음",10,1
326,봐야 되나? 평점이 왜 이래?. 부탁해요 슈퍼액션 ocn ,0,0
327,나름 재미있었다,10,1
328,진이 캡틴 마블  이기겠는데,9,1
329,원래 3점 줄려했지만 알바들 땜에 0점 준다.,0,0
330,4dx디렉터님들 보시오!  대충 효과 넣지말고 니가 그 자리에 투명인간으로 있다면  느꼈을 입체적 효과를  구체적으로 떠올리면서 섬세하게 넣으란 말이여~  애매한 데서 물뿌리지 말고!!  4dx보느니 imax로 볼 것을 강력 추천한다  ps) 나의 8점은 예전 3점이여~ 늙어서 그런가? 그 얘기가 그 얘기 같고 특수효과랑 외이드샷 보는 맛에 극장가!! 10월달에 올만에 터미네이터 나온다는디... 그것도 매번 드럽게 재미는 없는데 또 버거 싶어서 갈껴여!!  4d루 갈까 imax루 갈까,8,1
331,예고편만 봐도 재미있을것 갔기도 하고 아닌것 같기도 하고 여러분 재미있어요?  답글 부탁드립니다 ,5,0
332,최악임. 이게 어떠게 시리즈 마지막편이라는거냐? ㅋㅋㅋ 아니 개연설 스토리성등 모든것들이 이상하고 맞지가 않아. 완전히 망한 영화.  기대하고 밨는데.ㅡㅡ ,0,0
333,이게 진정 엑스맨 완결편이 맞냐?진짜 어이없는 마블영화한편을 다봤다 최악에 시리즈마지막이네 진짜  스포할순없어서 그렇지만 스톰이 번개공격 나진짜 무슨 우뢰매인줄 알았다 그래픽수준을 말하는게아니라 무슨 공격받아도 으악거리기만 하지 전혀위협적으로 보이지도않는 애들장난같고 마지막 날아가는거 그때 어처구니가 없어서실소가 나왔다 기대한 내가바보지 에효,1,0
334,제니퍼ㅜ로랜스 사망신에서 집에 갔어야 했다,2,0
335,마녀에서 여신으로.  진정한 여성성의 해방은 자신을 억압하던 권력처럼 되거나 증오와 두려움으로 그것에 맞서는 데서 오는 게 아니라  이해와 용서와 사랑이 자신 안에 있는 진정한 힘이란 걸 깨닫는 데서  시작된다.  그럼 가부장적 권력이 오랫동안 두려워 하고 지우고 싶어했던  여신이 드러나게  될 것이다.  그런 여성의 해방은 남성의 해방도 불러올 것이다.,7,1
336,용두사미.. 예고편이 다였네요. 좋아하는 시리즈라 기대많이 하고  봤는데 지루했어요... 기대는 버리고 보는 게 좋을 듯  합니다.,4,0
337,눈물이... 방금 4bx로 보고 귀가 중인데 정말 열연한 배우들 아니었음 바로 나갈 판국이었어요. 아포칼립스부터 망트리를 타는 조짐이 보여 불안했는데... 허허허.... 허허... 이 영화 왜 만든거죠? 왜? 왜!  2편까진 완벽했는데!!!!  왜!!!!  ㅠㅡㅠ,6,1
338,"이 영화를 보고 1점이라도 준다면 그냥 스스로 눈을 파야 한다. 이따위 이 잡쓰레기를 영화라고 만들어놓고, 시사회를 하고 지네끼리 박수를 쳤다면, 그것들도 싸그리  불싸질러야하는 핵노잼 영화임. 최근 10년동안 단연코 최고 쓰레기평점의 망작이다. 레이븐은 엑스맨 1편에 살아있었는데, 왜 뒤짐? 매그니토는 복수만 해주는 캐릭터임? 자비에는 씨부렁 개연설만 하고, 진그레이에 나는 누구인가? 내 능력을 제어할 수 없다고 2시간 내내 징징거리는걸 보다니. 진짜 안본 눈 사고 싶다. 내 티켓값, 내 시간을 물어내라. 그래도 이걸 보겠다면 당신은 루저임. ㅠㅠ",0,0
339,기대이상으로 재밌었다 꼭 봐라 제2의 알라딘,10,1
340,캡틴마블 엑스맨 ㅋㅋㅋ,9,1
341,디즈니에게 폭탄 만들어서 넘겨준 폭스,6,1
342,"좋았다. 캡틴마블보단 재미있었다. 빌런따라 재미의 차이. 연기도 캡마보단 좋았고, 액션 장면도 캡마보다좋다. 그리고 메그니토 카리스마의 끝판황제. 진에게 당하는 모습외 최고. 캡마와 비교하지말길.",7,1
343,정말 끝을모르고 망해가는구나..,1,0
344,액션신에서 옛날 엑스맨 기억이남  막판엔 캡틴마블이 기억남 ㅋ,8,1
345,구데기,1,0
346,아포칼립스보다 재미없다.,5,0
347,왜 재촬영 까지 했는지 알겠다 재촬영 해도 이정도 인데  재촬영 안했으면 그냥 vod 직행영화,5,0
348,스트레스 풀려고 영화보러 간건데 기대를 안해서 그런지 재미있게 봤어요 ㅎㅎ 산사가 연기 잘할려나 싶었는데 초반 연기만 좀 아쉬웠을뿐 흑화된 모습은 cg와 잘 어울리네요. 제시카 차스테인 캐스팅 맘에 들어요,8,1
349,수동적인 굴레에서 종반부 능동적 판타지 염력표출이 인상깊다 ~,7,1
350,역시 로건이 나와야 재밌는데 약간 실망했음 그냥 cg만보고옴,4,0
351,스토리가 조금만 더 보강 됐으면  솔직히  눈호강은 했으나  감독이의  연출력이  아쉽다. ,8,1
352,알바님들 양심을 좀 ..,0,0
353,로튼토마토 점수가 안좋다그래서 긴가민가 했는데. 전 재밌게 봤어요. 어벤저스보다 좋아하는 시리즈라서인지 엔드게임보다 좋았고. 다만 좋아하는 매그니토 전용 ost가 안나와서 아쉬웠고. 마이클 패서벤더의 매그니토도 마지막이라니... 크윽.. 어벤저스~기생충~엑스맨까지 볼만한 영화가 우르르 나와서 관람객 입장에서 참 좋네요~,10,1
354,굿,10,1
355,엑스맨이라서 재미있게 보는데 엑스맨시리즈만 놓고보면 엑퍼클에 비해서 아쉬움이 좀 있다 하지만 좀 무거운 느낌은 좋았어~,10,1
356,실화야?,2,0
357,안타깝네요. 전개도 이상하고 CG만 볼만함.,5,0
358,스토리 전개 개똥망에 캐릭터성도 전혀공감 안돼서 몰입안됐음 진짜 딱 볼만했던건 진그레와 매그니토 손짓쇼고 그외 엉성함의 극치를 보여줌,2,0
359,재미도 없고 스토리 전개도 아쉽다고 생각했는데 영화보고나니 감독이 브라이언싱어가 아니었네요.역시 감독의 차이가 작품의 차이인듯.,6,1
360,바사삭~  바사삭~   그리고 날아가는,6,1
361,역시 기대 이상이다,10,1
362,오늘 봤는데 정말 재밌었다,10,1
363,피닉스포스가 이렇게 허접하다니.. 아포칼립스 이상은 나올줄 알았는데.. 처음으로 CG가 어색하다고 느껴졌고 유치하다고 생각했다. 뭔가 웅장하고 방대한게 나와야 하는거 아닌가.. 이게 뭐야.. 스토리도 전작이랑 비슷한 전개이고 허허.. 팬들이 절대 만족 못할듯 하다.,7,1
364,마블유니버스 최강의 존재 피닉스가 나오는 영화,8,1
365,이게 마지막이라면 정말 아쉽다!! 울버린을 돌려줘~,9,1
366,믿고보는 엑스맨. 진짜 마지막이라는게 아쉬울 따름이다.,10,1
367,무조건 봐야쥐 ㆍ 재미? 그런건 상관없이 봐야하는 영화지ㆍ,9,1
368,넘 잼나넹,10,1
369,제발 주인공으로 이쁜애들좀 써 몰입이 안돼 옛날에 안젤리나 졸리나 밀라요보비치처럼 멋있는 캐릭들 많았는데 이젠 캡틴박나래에 다크거산사냐? ,0,0
370,식상하다 돈주고 보기는 아깝네!,5,0
371,기대되는 영화입니다.,10,1
372,그나마 55인치 티비에 120만원 짜리 사운드 바로 봐서 다행이다.,4,0
373,기대,10,1
374,폭발적인 힘,10,1
375,마지막까지 강렬하다,10,1
376,뭐...개인적으로는 나쁘진 않았어요...,5,0
377,진 그레이 사랑해,10,1
378,엑스맨 최고야ㅠㅠㅠ 최애시리즈,10,1
379,내가 얼마나기다렸는데 제임스맥어보이ㅠㅠㅠㅠㅠㅠ,10,1
380,마지막인데 이런건 아묻따 봐야지,10,1
381,하.. 예고편만 몇번을 돌려보는지ㅠㅠㅠㅠㅠ 완전 기대됨ㅠㅠㅠㅠ,10,1
382,마지막 피날레에 다 쏟아 부은듯! ,10,1
383,아 빨리 보고싶다 ㅠㅠ,10,1
384,여기에선 산사 다음 시리즈에선 아리아,10,1
385,그래도 마지막은 화려하게...,10,1
386,거산사 주연이라니 개에바인데... 걸러야겄다,0,0
387,소피터너...미안하지만 아역배우에서 좀 싼티나서 집중에 방해된다..!! 나이는 23살인데...얼굴은 중년이야.;; 요즘 헐리웃 여성캐릭터 캐스팅 미스가;;;;,0,0
388,그래서 스탠리 나오냐? 시기가 애매하네,10,1
389,아포칼립스 나오고 얼마 뒤 이젠 이번 시리즈는 끝이고 다음 시리즈는 새로운 주제로 새로운 케릭이 나올 거라 하던데 내가 잘못 본 건가,10,1
390,50만원 내고도 볼 의향 있습니다,10,1
391,로렌스~ 일단 왕게부터 보고 올께~,7,1
392,꿀잼각,9,1
393,6월 언제되냐,10,1
394,"캡틴마블, 타노스 몽땅 합쳐도 폭주한 피닉스한텐 한주먹거리도 안됨.",10,1
395,이제 폭스의 엑스맨은 끝인가?,10,1
396,엑스맨의 유종의 미를 거둘수 있을까..,10,1
397,똑같이 몸에서 빛을 방출하는 진그레이와 캡틴 마블이 싸우면 누가 이길까 ?,9,1
398,왜 안나와..,8,1
399,사골 오지네,9,1
400,"빨리 보고 ㅅ싶어,,,",10,1
401,퀵실버 때문에 본다 다른것은 필요없다 오직 퀵실버 퀵실버 그가 있기에 액스맨이 있고  내가 있는거다 ,10,1
402,액션중심에서 이야기 중심으로 전개되어 심심한 것도 같지만 괜찮다,9,1
403,2월 14일에서 6월 7일로 미뤄질 수 있답니다. ,10,1
404,사일록 보고싶다  주빌리도!!!,10,1
405,ㄹㅇ 기대된다~~,10,1
406,완전 기대됨..ㅋ,9,1
407,엑스맨 시리즈는 끝난줄 알았는디ㅣㅣㅣㅣㅣ,6,1
408,x맨 시리즈가 아닙니다. 이건  x워맨,4,0
409,보지마...,1,0
410,내인생 최고의 영화 ,10,1
411,7점이 적당.,10,1
412,아 ㅠㅠ 너무한다,5,0
413,아 엑스맨도 이렇게 허무하게 끝나는구나.. 로건 보면서 정말 영화 이렇게 만드나 싶었는데.. 다크피닉스도 똑같네요.. 화가날정도..,0,0
414,음.... 모두가 양손만 휙휙 휘두르면 다 나 자빠지는 액션 영화....  음... 이런게 액션 영화라니... 보다 중간에 나올 뻔했는데 돈 아까워서 끝까진 봤다... 얘들은 액션 영화 찍어도 운동 안 하고 찍어도 될 듯... 가만히 서서 손가락 한 번 튕기면 CG 가 다 해주니...,5,0
415,이번 다크피닉스는 기존의 액스맨 시리즈처럼 인물들의 고뇌를 잘그려냈고 영화를 보는내내 잔혹극 스릴러를 보는듯 했다 영화 제목답게 상당히 어두운 느낌이 강했다 화려한 액션이 덜하긴 했지만 코믹스의 내용을 잘그려낸듯 개인적으로는 어벤져스 엔드게임같은 마블영화를 찾는 마블덕후라면 결말이 상당히 씁쓸한 부분이 많아 크게 추천은 하지않는다 ,10,1
416,엑스맨 ㅠ  진짜 내 19년 책임져준 엑스맨 너무 고마워 ㅠㅠ 마지막까지 너무 좋았음,10,1
417,나름 볼만했는데 원래 평점 7점. 하지만 평점 조절차원에서 10점부여. 저 밑에 스톰이 공격했는데 아무렇지도 않았다고 말도 안된다고 투덜되는데.. 당연하지요. 외계인인데. 지구 번개공격 받았다고 으악하면 그게 이상한거지요. 진 그레이가 물질조작능력으로 분자단위로 없애야 상대가 되지요. 다른 엑스맨들 다 덤벼봐야 상대안되요.,10,1
418,우먼엑스라는 대사듣고 바로알았다. 이 영화가 개폭망할것이라는것을. 그리고 실제로 개폭망ㅋㅋㅋㅋㅋㅋㅋㅋ   계집들은 액션영화 찍지마라 제발,1,0
