﻿,document,score,label
0,대박! 우리나라에서 이런 애니메이션을 만들다니!,10,1
1,자랑스럽습니다 솔직히 역대 디즈니시리즈 하고 비교해도 뒤지지 않아요 ,10,1
2,우리 나라서 만든 거라니. 와  그냥 봐도 퀄리티 있는데 자막에 한글 제작진들 이름 보니 뿌듯했어,7,1
3,"국산이지 모르고.봤는데, 잘 그렸네요~",10,1
4,진짜 디즈니 찌발랐다ㅠ 개갓명작입니다ㅠㅜㅠㅜ 그래픽 내용 성우연기의 삼위일체 지금의 이백만배쯤 더 흥행했어야 하는 갓띵작임 좀만 더 흥행했으면 애들이 레릿고가 아니라 아돈케어 부르고 다녔을 명작인데 대체 왜ㅠㅠㅠㅠ,10,1
5,크레딧에 한국제작진 이름 올라가는거 보고 깜놀  대박,10,1
6,재밌음..,10,1
7,너무 재밌게 잘봤어용,10,1
8,너어어무 재미있는 영화입니다,10,1
9,좋아오!잼있게봤어요,10,1
10,난 왜 이걸 못봤지..,10,1
11,재밌네요,10,1
12,너무 재밌게 봤어요!  퀄리티 좋고 중간에 노래 부르고 유머코드 좋고 당연 디즈니인줄 알았는데!  세상에 우리나라 제작이라니 깜짝 놀랐어요!ㅎㅎ,10,1
13,굿,10,1
14,애니명작,10,1
15,와 진짜 흠잡을 데 없이 너무 좋았어요. 마지막 엔딩 크레딧에서 한국인 이름이 줄줄이 나와서 그제야 국산인 줄 알았네요. 와 진짜 너무 좋아요.,10,1
16,최고에요,10,1
17,재미도 있고  피씨 이런게 아닌 진정한 자존감같은 교훈도 느낄수 있음..채고다,10,1
18,대박,10,1
19,즐거리가 너무 식상해요,7,1
20,디즈니 애니인줄 알았는데 댓글보고 우리나라인걸 알았네요. 진짜 잘 만들었어요!,10,1
21,당연히 미국거라 생각하고 보고 있었는데 우리나라 제작! 정말 재밌게 잘봤어요 멀린 내 스탈이야~~^^♡,10,1
22,디즈니껀줄?? 대박!!!,10,1
23,겉모습이 중요한게 아니란걸 가르쳐 주는 것 같네요 ㅎㅎ,10,1
24,잼있네요~,10,1
25,여러가지 동화와 애니메이션을 짜집기 했지만.. 그건 겉모습일뿐.. 중요한건 겉모습이 아니다!!,8,1
26,스토리도 탄탄하고 내용도 재밌고 잘보고 갑니다~,10,1
27,기대 이상이었어요!,9,1
28,우와 아이들 때문에 갔다 우리 부부도 만족하고 왔어요 정말 재미있어요 ^^겉으로 보이는 모습이 전부가 아닌듯 강추요♡,10,1
29,"색채,화면 참 이쁘고 멋지네요 디즈니에  뒤지지 않는  한국 에니메이션 솔솔한 재미도 있고  ~~^^ 좀 주제스토리가 더 창작적이였으면   10점 갈텐데 쪼금 아쉽네요",9,1
30,하이힐은 보기엔 이뻐도 발과 척추건강엔 않좋다. 한국애니도 많이 발전해서 놀랬다.,4,0
31,베리베리 굿~그림 캐릭터 배경 음악 음향 모두 좋아요 정말 재밌고 예쁘고 다음 작품 기대해봅니다~,10,1
32,"다양한 동화의 이야기에서 조금씩 소재들을 가져와 잘 섞어놓은 비빔밥처럼 맛있는 재미가 있었습니다.  한국인 감독이 만들었지만, 한국적인것 보다 오히려 디즈니애니메이션 같다라는 느낌이 있을정도로 잘 만들어져서 재미있게 봤습니다.",10,1
33,원작 비틀기란 시도는 좋았지만 빈약한 스토리를 메우기는 턱없이 부족. 하지만 우리나라 애니의 미래가 충분히 밝다고 보여준 수준작.,7,1
34,와우~,10,1
35,"서사도, 드라마도, 코미디도...  은유도, 동화감성도...  겨울왕국이나 쿵푸팬더보다, 슈렉보다 위다.  영화음악을 좀 더 따라부르기 좋게 했었으면 하는 아쉬움... ",10,1
36,슈렉 수준의 완성도 있는 애니메이션 한국 감독이라니 더욱 놀랍다,9,1
37,완전 재밌어요!!,10,1
38,진부한 주제 뜻밖의 재미!!!!,9,1
39,너무 재미있네요~,10,1
40,감동 감동 감동  감동 백번,10,1
41,"다운 받아서 2번 연속으로 봄. 재밌음. 굳이 아쉬웠던거 찾는다면 주요 캐릭터 외에 엑스트라 등장인물, 동물들이 별로 없었음. 있었으면 좀더 화면이 풍성해 보였을꺼임. 스노우가 예쁜 미모에 맘이 뺏겨간다거나, 멀린 구할때 구두 벗겨지는 장면에 두루뭉술한 연출이 아닌 좀 더 개연성?  납득되는 연출이었으면 하는 아쉬움도 좀 있었지만,  캐릭들 충분히 사랑스럽고 재미도 있었음. 출연진 소개에 목소리 출연자 말고 캐릭터들 이미지와 소개가 있으면 좋겠음. 갠적으로 잠깐 밖에 등장하지 않은 피노, 노키, 키오 으른(?)버젼 일러 좀 많이 실어 주면 좋겠음.",9,1
42,창착은 쉬운일이 아닌데 국내 애니메이션 마당을 나온 암탉 이후 그닥 이정도 급은 나온적 없다는 것이 현실 최근 출판되는 동화도 그렇게 새로운 것 없는데 여러 작품  짜집기라고 혹평자들 있다는 것 원작들은 그 이미지 때문에 새로운 시각을 전혀 생각하지 못 한 저평가라 생각됨,10,1
43,넘 재미있게 봤어요^^,10,1
44,생각보다 괜찮았다. ,9,1
45,"기대 안하고 봤는데, 재밌네요. 100만도 안봤다니..",9,1
46,진짜 완전 재미 있어요 ㅠㅠㅠㅠ,10,1
47,잘 만들었네요~아이들이 디즈니보다 재미있다고해요~,10,1
48,재밌어요!,10,1
49,멀린 진짜 역대급임 여주도 그렇고 중간에 스토리가 갑자기 확확 넘어가는거나 갑자기 뜬금 노래 나오는건 띠용했는데 멀린 얼굴이 다 커버해줌,10,1
50,잘만든 국산애니메이션이였어요,8,1
51,재밌기만 하구만 페미들 대가리에는 뭐가 들었길래 이런 영화를 씹어대는지...,8,1
52,진짜 최고다!!,9,1
53,백설공주 바탕에 친숙한 소재 요소들 한국애니에 감탄! 재미는 굿 노래는 분발,9,1
54,잘만든 한국애니 디즈니가 부럽지 않을 정도...ㄷㄷ,8,1
55,지금까지 제가 본 영화 중 최고였어요~^^,10,1
56,색다른 이야기~ 교훈이 있는 이야기~,10,1
57,한국에니메이션? 놀랐는데..,8,1
58,처음부터 끝까지 유머와 재미를 잃지 않는 영화. 한국 애니의 가능성을 보여준 영화. 기존 동화를 살짝 비틀어서 또 다른 현대 동화를 만들어 낸 힘이 좋다. 음악이나 캐릭터 그리고 사랑에 대한 이야기까지 잘 살린 수작,9,1
59,정말 잘만듦 ,10,1
60,후속작 나왔으면 좋겠어요ㅠㅠ스크린이 많이 없었던게 아쉬워요,10,1
61,퀼리티도 좋고 .. 애들이 좋아해요~^^,10,1
62,재밌었어요!!!,10,1
63,재지있게 봤어요! ,8,1
64,디즈니 영화인줄 알고 봤는데 우리나라 애니메이션도 이야기전개가 많이 발전했네 결말을 조금더 다듬으면 디즈니도 뛰어넘을듯 재미있음,10,1
65,애들이 좋아했어요. 한국 감독이 만든 작품인데 디즈니 수준이에요.,10,1
66,어쩔수없이 이거봤는데 재밌었음 한국감독이 만든거라 더 만족~ 여자캐릭터가 진짜 이쁘긴햌ㅋㅋㅋㅋㅋㅋ 암튼 내용도 좋고 재밌어요~~,9,1
67,초반에 왕자에게 마녀가 찾아갔을 때  '무료급식먹으러 온거라면 끝났으니 주름살 챙겨서 꺼져요' 라는 대사가 있는데 이거 좀...대사 문제 있는거 아닌가,1,0
68,"솔직히.... 동양과 서양의 요상한 만남에;;;;................뭐 이건 그럴수밖에 없다 치자.. 특히, 제일 짜증나는건... 결말... [왜 모든 원인 제공자인 초반 그 요정]은 안나오고;;;;..... 게다가 요즘 애니들은 [정치적 지향성]이 있는건지 답답하다.... ⟨뚱뚱한 사람이 차별받아야 하는건 분명 문제다. 그러나, 뚱뚱함으로 평생간다는건, 분명 건강에 있어서 옳지 못한 일이다⟩는 개념은 잡고 살아야하는거 아닌가;;;... 사랑이 이뤄졌으면, 그담엔 몸들을 좀 어케 바꿔주지..C...",7,1
69,기대 이상으로 잼있어서 많이 웃고  그림도 넘 이뻤다 디즈니 영환줄 알고 보면서 뭔가 한국정서랑 너무 똑같아서 놀랐는데  정말 한국영화라 놀랐다 ㅋ,8,1
70,재미있네요,10,1
71,참신해요,10,1
72,기대가 너무 컸나 ? ... 스토리도 연출도 뭔가 ... 나보고 이해해 달라는것 같아서 .. 기울어진 느낌이 들어서 ... 내 기대가 너무 컸나 ? 내가 그냥 이해하게 만들어야지 내가 이해하게 만들면 않되고 ... ,7,1
73,한국 애니메이션계의 혁명... 이 영화를 기점으로 앞으로 디즈니와 픽사와 나란히 설 수 있는 그런 국산애니가 제작 될 거라고 믿습니다 레드슈즈 100번 보세요ㅠㅠ ,10,1
74,와 퀄리티 어쩔ㅜ진짜 잼나요!!,10,1
75,한국꺼 아닌줄...잼있게 잘 봤어요~~,10,1
76,   .,10,1
77,우리 애니의 미래가 보인다,10,1
78,더빙 자막 다봤다  존잼,10,1
79,넘 재미있게 봤음. 가족과 함께 즐길 수 있는 한국 애니메이션 최고,10,1
80,이젠 애니메이션도 퓨전으로? 가족들이 함께 즐길 수 있는 귀여운 영화 빨간 구두의 비밀이 신선했다,7,1
81,최고 최고 !!!! 멀린 멋쟁이 ♡,10,1
82,이아랑 요즘 볼영화가 없어 아무 생각없이 갔다가 내가 집중해서 봄 ㅋ /  우리나라 영화라서 다시 놀람 ,10,1
83,엔딩 크레딧에 깜놀 ... ,10,1
84,어제 딸과함께봤는데 재미있더라구요. ,10,1
85,"당연 헐리웃영화겠거니 하고,,,앉은 자리에서 끝까지 보고나니...한국애니였다는..감동입니다^^ 너무 재미있고 빵터지는 장면 많네요,,,,",10,1
86,잼있네요. 아이들도 잼있게 봤어요,10,1
87,겨울왕국보다 재밌어요. 생각보다 많은분들이 안봐서 아쉽네요. 애들도 재밌다고 또 보자고 하네요.,10,1
88,우리나라 애니 만세~ 자랑스럽네요^^,10,1
89,개인적으로 원더풀데이즈도 인상깊게 봤는데 당시 퀄리티가 뛰어났는데 흥행엔 실패했던걸로 아는데 이번 작품은 흥행도 성공해서 다행이네. 난 디즈니 할리웃 애니인줄로 만 알았는데 한국감독이라니 자랑스럽네요,9,1
90,헐리웃애니 보는줄 . . 재미도 괜찮았고 잘만들었슴,6,1
91,"내용은 슈렉의 외모이야기를 백설일곱난장이에 믹스한 것 같지만, 그래도 그 재창조 수준이 높습니다.  왕자는 잘생긴 외모로 돌아갔지만, 자신이 사랑한 레드슈즈의 원래 못생긴 모습을 사랑하는 모습부터...40대 중반인  성인이 보아도 공감되며, 외모 때문에 이성을 볼때 편애했던 제 과거를 반성하게 만들었습니다.  아이들보다는 오히려 어른이 보아야 할 영화같아요. 이런 영화가 한국에서 나왔다는게 대단합니다. 정말 감사합니다. 세계적으로 바도 정말 잘만든 수준이라고 생각합니다. 일본애니 보다도 낫습니다.(미야자키 하야오와는 장르가 다르니 비교하기 어렵고)  만들어주신 분들께 경의를 표합니다 감사합니다! ",10,1
92,잘 만들었고 재미도 충분하다 다만 외모편애 얘기는 다소 불편하다,8,1
93,"디즈니, 드림웍스의 중간 그 어딘가...  진짜 응원해주고 싶다.",6,1
94,"스토리 , 더빙, 엑션 너무 좋음..   다만 음악(노래 포함)적인 부분이 약간 아쉬움..   전체적으로 퀄러티 좋고 ..   우리 딸아이 너무 좋아함.   2편도 나왔으면.. ^^ ",10,1
95,정말 잼있어요. 특히 딸이 점청 좋아 하네요.,10,1
96,"스토리, 더빙, 액션, 중간에 뮤비 넣은 것까진 괜찮은데  노래 나와도 괜찮을 부분에는 노래가 안 나오고  집중하면서 보고 있는데 노래 나와서  당황했던 부분이 좀 있었어요.. 그래서 개인적으로는 2번 다시 보고싶지 않은 영화...",7,1
97,이게 명작이 아니면 무엇을 명작이라 부르겠습니까 사랑합니다♡,10,1
98,"와우...스토리, 액션....다 멋지네요!!  강추합니다.",9,1
99,최고,10,1
100,아이들과 너무 재미있게 봤어요~~^^ 우리나라 애니라니 최고예요~,9,1
101,아주 재미있는 영화 였어요^_^,10,1
102,"우리나라가 만들어서 더 뿌듯하고 캐릭터,옷등이 너무 잘어울리고 개성있는 피노,노키,키오 셋이 너무 웃기고 귀여웠어요. 우리나라 공주도 생겨서 기분이 너무 좋네요♡",10,1
103,가볍고 재미있게 볼 수 있는 코미디 애니메이션,8,1
104,진짜 너무 감동적인 띵작이었어요!,10,1
105,아이들도 엄마인 저도 너무 재미있게 봤어요. 교육적인 메시지도 담겨있고 강력추천합니당~~,10,1
106,"아이랑 같이봤어요 국산애닌줄 모르고봤는데 전 정말 좋았어요 6살 딸래미도 끝까지 잘보구요  슈렉,라푼젤이 데자뷰 됐지만 국산애니의 장족의 발전을 했다봅니다 ",9,1
107,한국의 애니라니.......정상급 입니다,9,1
108,디즈니 애니 보다 색다른 맛!,10,1
109,산만하고 흡입력이 약함,5,0
110,"다들 국뽕에 심취해서 영화 자체가 재미있다고 하는 사람들이 많은데... 개인적으로는 매우 실망이다. 디즈니 애니라고 믿으면 안될수준. 각본, 스토리에 흡입력이 없다. 이야기에 개연성도 없고 영상연출에 자연스럽고 흥미있는 힘이 없다고 생각될만큼 정적이다. 간혹가다 날리는 유머러스함도 애매하고 어색하다. 한마디로 말하면 재미없어.   디즈니스러운 애니메이션 영화는 절대 아니다. 이 영화에 투자한게 아깝다고 생각한다. 손익분기점 안나와 이거.",1,0
111,메세지는 뻔하지만 훌륭. 음악은 남는 게 없음. 마지막 쿠키?도 좋음.,8,1
112,아이디클릭-관람후 1 1 7 5 편 관람전 8 편-(알바아니라는증거임)~~ 맘에들게 여러가지 면에서 아주아주 잘만든 영화 스토리 좋고 그림 세밀하면서 아름답고 모든면에서 다좋음 미국 영화인줄알았는데 마지막에 나오는데 국산이네 놀랐음  크크크 강력 추천해요 ,10,1
113,외모가 다가아니라고 하는데  외모가 부각되는건 나만 느끼는 걸까,7,1
114,알록달록 이쁜색상으로 아이와 보기 아주 좋아요 최고예요 ㅎㅎ,10,1
115,애니매이션은 디즈니에서 만들었고 감독과 시나리오는 한국인 이라는 것이죠 재밌어요 역시,10,1
116,올해 최고의 애니메이션!,10,1
117,디즈니보다 우리  애니메이션이라는게 더 좋네요 재미있게 봤습니다,10,1
118,"한국 애니메이션의 신기원. 그동안 일본 애니메이션의 아류 같았던 틀에서 완전히 벗어난 완성도 높은 작품. 비록 각본은 카피 퓨전의 재창조 수준이지만, 누구나 시작은 그러했듯이 이게 진짜 시작이라 생각된다. 여태껏 봐왔던 한국 애니중에 단연 돋보이는건 당연하고 미국과 일본 애니를 통털어서도 수준급이라 말할 만 하다. 이제 순수함이라곤 눈씻고 찾아봐도 볼 수 없는 아저씨가 푹 빠져들 정도의 작품이라니, 그게 한국 애니메이션이라니, 감회가 새롭다. 그런데 크레딧 영상은 진심 백점이다. ",8,1
119,와 이게 한국애니라니 대박 최고에요 ,10,1
120,아이들과 재미있게 잘봤어요~ 디즈니영화인줄알았는데~ 대한민국영화네요~,10,1
121,기대안하고 봤는데 재밌어요 시간이 후딱 가요,8,1
122,최고.  정말 따뜻한 영화. 어른 아이 할 것 없이 모두 볼 수 있는 의미 있는 영화. 이 영화를 우리나락 만들었더는 것이 감사.,10,1
123,너무 재밌어요~^^,10,1
124,마지막 엔딩클레딧 보고 깜놀!!! 한국에니메이션이라니 ㅎㅎ. 스토리 영상 모두 좋았어요. 우리 딸이 마이펫 이중생활2보다 재밌다고... 저도 동감!,9,1
125,한국 애니인지 모르고 봤어요 딸래미들이랑 재밌게 잘 봤네요  한국 애니 화이팅 입니다 ~!!!!!!!,10,1
126,재밌어요~ 한국 애니계가 흥하길 바랍니다!,10,1
127,40평생 처음으로 평점 남깁니다. 정말 감동과 재미 모두 10점. 최고~,10,1
128,아이와 함께 보기에 정말 좋았습니다. ,10,1
129,정말추천합니다,10,1
130,후반부 마지막정도에 울었어요  주책같이 왜 눈물이..나는지 ㅋ,9,1
131,재밌다. 액션 씬도 좋고. 간만에 훌륭한 애니메이션을 봐서 기쁘다. ,10,1
132,재밌어요~^^,10,1
133,너무재밋음,10,1
134,오늘 딸이랑 남편이랑 보고 왔어요 영화가 끝나고 감독 이름이 한글이 나오는데 너무 좋더라고요  한국 영화라는 건 알았지만 이렇게 잘 만들었을 줄이야~~~중간중간 너무너무 웃기고 재밌었어요  집근처에 있는 영화관에서 상영을 안해서 멀리 찾아왔네요 많이 했으면 좋겠어요 ㅠ  7살 딸아이도 너무 재미있어 하면서 웃고 감동 받고 했어요  기발한 상상력으로 재미있는 영화 만들어 주신 분들께 감사드리고 더 많이 상영 했으면 좋겠어요 ^^,10,1
135,"정말 어떻게 이 영화가 흥해이 안 되었는지 의문이 들정도로 좋다. 재밌는 유머코드도 많고, 우리나라 애니메이션 영화 기술이 이렇게 좋아졌나 할 정도로 캐릭터 표정 묘사가 뛰어나다. 기대하지 말라고 해서 그냥 봤는데 기립박수 칠 뻔 했다. 성우가 좋은 건 덤이다. 정말 정말 잘 만들었다. ",10,1
136,굳,10,1
137,넘재미있었어요~~~ 상영관이없어서 찾아다녔지만~~~^^ 한국애니메이션이라고해서~~넘놀랐습니다~~,10,1
138,성공해서 우리도 유명한 애니 제작사가 유지되었으면 좋겠습니다.,10,1
139,왜 상영관 도 적고  시간대도   오후 나  초 저녁 까지  없는 이유가  있네요 뭐  부모 보호자가  함께 보다보니  어른들도  나름  즐겁고 다같이  재밌게 봅니다 탄탄한 스토리는  안되지만  분명  국내 애니메이션  스타트  를 기반으로  앞으로  더 좋은 작품들  나왔으면 응원 합니다   ,10,1
140,"아이들과 보기 좋은 잘 만든 애니메이션 같아요~! 캐릭터들도 예쁘고 멋지게 잘 만들어졌지만, 그보다도 내면을 중요하게 여겨야 된다는 교훈도 들어있구요. 재밌게 잘 봤습니다.",10,1
141,이정도면 대박이다 성공해서 수작애니메이션이 계속나오길 개봉관 좀 늘려줘요,10,1
142,.,10,1
143,...,6,1
144,국산애니에 대한 편견?이 깨졌어요 아주 푹 빠져서 봤네요~! 2편 나오면 또 극장으로 고고하기로 아이와 약속 했네요~,9,1
145,넘 재밌어용 ㅎ,10,1
146,중간 중간 빵빵 터지는 유쾌함에 계속 웃음이 납니다.  재미있습니다. ,10,1
147,멀린 보는눈 정말 없음 하지만 영화 내용은 정말 재밌음니다,9,1
148,멀린의 매력에 빠져보시길~  즐겁게 봤습니다!,9,1
149,이야기가 딱히 새로울 건 없지만 아이들과 보기엔 더 없이 좋습니다. 외모지상주의에 물든 저 자신을 돌아보게 만든...,9,1
150,마법보다 더 놀라운 건 공감과 이해.,8,1
151,스노우 공주님 이너무너무예뻐요,10,1
152,많이 웃으면서 기분좋게 봤습니다. 캐랙터도 신선하고! 스토리가 억지스럽지도 않고..감동적이예요. 어른들이 오히려 공감이 되는 애니메이션이예요.,10,1
153,나름 잼나는데 뭔가 2% 부족,7,1
154,스토리 탄탄하고 진정한 사랑에 대한 의미도 나름 담고 있어요.,10,1
155,진짜재밌고 애들이 울다가도 그칠 영화네요.,3,0
156,정말 의외로 뻥뻥 터지네요 재미있어요 ^^,10,1
157,유치하고 뻔한 내용이지만 그게 또 요런 애니의 매력이죠. 정말 재미있게 봤습니다! 있는지도 몰랐던 동심속으로 퐁당 빠져 열심히 물놀이 하고 나온 기분이네요.,10,1
158,재밌어요,10,1
159,"정말 강추입니다. 딸 보여 주려고 갔는데, 저랑 아내가 더 재밌게 보고 왔습니다. 재밌고 가끔씩 빵터지고 교훈적이도 감동적입니다. 겨울왕국보다 두 배는 더 재밌습니다. 해외에도 알려 젔으면 좋겠네요!!",10,1
160,"빨간구두만 신으면 이국주가 갑자기 아이유로 변하고 다시 이국주로 왔다갔다하는 뻔한 동화이야기. 신데렐라, 백설공주, 미녀와야수의 짬뽕 또는 짜장!",4,0
161,애들 보라고 만든 애니지만 어른도 재밌게 볼 수 있었어요. 영화평 할 때 가장 간단한 기준은 시간이 어떻게 흘렀는지 느끼는 건데 정말 순삭된 90분이었어요. 여주가 너무 예쁘고 매력이 돋고  코믹적인 요소가 유치하지 않고 자연스럽게 웃을 수 있어요. 캐릭들이 다 귀엽고 사랑스러워서 애정이 가는 것 같아요. 대사가 어른이 보기에도 개연성이 있고 전체적으로 왜 이 영화가 고작 60만에 그치고 내일부터 상영관에서 다 내려가는지  진심 이해가 안되네요. 상영관들 각성하세요.  부모님들 애들이랑 꼭 함께 보시길...,10,1
162,잘만들었더라구요 한국사람이 에니메이션 작업참여했다고해서 봤는데 잘만들었네요,10,1
163,중딩딸램 끌고 (약간 유치할순있겠지만) 재미나게 봤네요,9,1
164,재미있어요 ,10,1
165,애들 보여주려고 갔다가 기대없이 봤는데 넘  재밌었어요~ 아이들과 보기 딱 좋은 영화^^,10,1
166,슈렉과 같은 동화를 바탕으로 한 애니메이션을 우리 이야기와 우리 캐릭터로 만들면 이렇겠구나 하는 것을 다 보여준 영화. 군데군데 아쉬운 부분이 있지만 전체적인 균형이 잘 맞아서 군더더기가 거의 없이 깔끔합니다. 아이들과 같이 보세요! 보고나서 감상을 나눠보면 좋은 문화 교육이 되실겁니다.,7,1
167,기존 동화 고정관념의 신선한 비틀기 한국 애니메이션의 비약적 도약,10,1
168,일케 잼난 애니매는 첨!,10,1
169,50대 남자가 보아도 정말 좋습니다. 훌륭합니다.,10,1
170,존잼 볼만해요ㅋㅋㅋ 어른들이 봐도 잼난?,10,1
171,"나는 현재 39.  20대에 봤던 홍길동, 신암행어사 보다 훨씬 재밌다. 한국 애니를 어릴때 부터 봤던 나로써 그림체는 좋았으나 시나리오가 안 좋아서 망한 한국 애니들이 너무 아쉬웠다. 레드슈즈는 디즈니에 길들여진 나의 눈높이에도 엇비슷하게 서 있었다.  게다가 12살, 9살 딸과 4살 아들도 엄청난 집중력으로 즐감했다. -끝-",9,1
172,한국 만화치곤 잘만들었네요,9,1
173,최고의 애니메이션 영화네요 잼나게 봤어요,10,1
174,케이팝에 이어 케이에니메이션이 전세계에 흥하기를~~~~ 레드슈즈를 잇는 다음 에니 기대합니다...^^ 스노우와 멀린...행쇼~~~,10,1
175,왜 저녁시간대는 없는것인가..,10,1
176,재밋게 봤어요ㅡ 감동도있고 한국 애니메이션 이란게 자랑스러워요~^^,10,1
177,영상미 좋아요!!!!,10,1
178,저는 정말 재미있었고 생각이 깊게 되기도하고 한국 애니!인점이 너무 만족스럽습니다. 엔딩도 재미있고요,10,1
179,영상미는 좋은데 스토리가 엉성합니다 겨울왕국이나 슈렉처럼 내용이나 대사가 단순하면서도 재밌어야 다양한 연령대가  좋아할것 같아요 ,8,1
180,전 재미있었어요.  딸도 좋아했어요.  뭉클 살짝 눈물이나서 딸이 볼까봐 얼른 감췄네요. ,10,1
181,한국 애니를 극장에서 보는날이 오네~,10,1
182,"예쁘지 않고 잘생기지 않았다면 첫눈에 반한다는 말이 생길 수 있었을까? 마음이 최고란 걸 알면서도 상대의 그 마음을 알지 못하니, 겉모습 하나를 쉽게 넘기가 힘드네요. 많이 생각하게 해주는 영화였어요. 물론 재미는 기본이고 코끝을 찡하게 만들기도 했고요. 제게는 10점 만점이 전혀 아깝지 않았습니다.",10,1
183,"현실의 외모지상주의를 너무 잘 표현해서 씁쓸했고 스토리가 그리 재밌진 않더라, 대사와 ost도 너무 직접적이라 오글거렸음, 그림체는 예뻤고 더빙 봤는데 자막은 좀 다를까 궁금해서 볼 예정임",7,1
184,무서운장면도 없고 재밌는 영화네요.  아들이 또 보자고 하네요.,9,1
185,정말 재미있었어요.나중에 다시 보러 가고 싶을 정도내요,9,1
186,완전 재밌어요 우리딸은 또 보자고 하네요 ㅎ,10,1
187,영상에 못 미치는 스토리와 내용전개 방식에 너무너무 실망했다. 다시는 딸아이에게 보여주고 싶지 않은 만화다 . 남자 아이가 생각하는 공주이야기 같다. 오히려 외모에 대한 편견도 더 강화 하는 내용전개 방식에 정말 실망했다. 슈렉이전으로 되돌아가는 공주에 대한 이야기다 영상의 질이 아까울 뿐이다. ,0,0
188,애들 어른 모두다 다시보고싶다는군요,10,1
189,드림웍스나 디즈니라고 생각하고 봤는데 생각보다 너무 재미 있어서 놀랐고 한국 영화라는데 두 번 놀랬다.  애기 엄마 23개월 우리 딸도 너무 재미있게 봄..저도,10,1
190,최고에요~,10,1
191,"정말 재밌습니다. 퀄리티도 좋아요~ 꼭 보세요~  7세 , 13세 아이 둘다 재미나답니다.",10,1
192,재미나요,10,1
193,지루할줄알았는데 꽤재밋네요 라이언킹보다훨씬낫다~~ ,9,1
194,"딸들과 사전정보도 안보고 아무런 기대도 없이 갔다가 정말 재미있게 본 영화. 디즈니에서 만든건 줄 알고 보고 있다가, 멀린이 레드슈즈와 키스 후 원래 모습으로 돌아온 줄 알고 설레발 칠 때의 표정이 너무나도 한국인 스러워서 뭐지? 하면서 봤는데, 역시~한국작품~정말 대단 합니다! 내용도 재미있고요! 특히 말할때의 표정에 이질감이 없어서 더욱 재미있게 본 거 같아요! ",10,1
195,솔직히 스케일이나 디테일 면에서 디즈니 작품을 따라가기에는 역부족이긴 하나 이정도면 충분히 잘 만든 작품. 다만 여러 동화의 내용이 섞이다보니 좀 두서없이 전개되는 아쉬움은 있음.,8,1
196,정말 재밌습니다 이대로 묻히기엔 참 아까운 영화에요 볼까말까 고민하시는 분들 무조건 보시길...,10,1
197,"매우 재미있습니다. 여자 아이 3명과 (8살 2명, 7살 1명) 같이 봤는데 모두 좋아했어요. 어른인 저도 재미있었어요.",10,1
198,와..김상진 애니메이터님이면 디즈니에서 캐릭터 디자인하셨던 분 아닌가요?!! 미국 영화인 줄 알았는데 한국 영화라서 조금 놀랐네요ㅎㅎ ,10,1
199,정말재밌네요ㅎㅎ 근데상영관이너무적어요,10,1
200,방금 혼자보고왔는데 재밌었습니다 디즈니 애니메이션에 전혀 밀리지않네요 극장이 너무적은게 아쉽,10,1
201,6살3살 남매가 있는 가족이 재미있게 잘봤습니다! 아빠는 모르겠지만 공주님왕자님 좋아하는아이들이랑은 재미있었어요! 아이들에게 시간도 길지 않고 완벽한 시간이었습니다!,10,1
202,40대중반인데 재밌게 잘 봤습니다!,10,1
203,레드슈즈는 디즈니애니랑 견줄만 하네요 재미있어요 추천합니다~,10,1
204,연출 실패. 영화를 보는 내내 어설프다는 느낌이 들었다.  스토리나 영상미나 좋은 점수를 주기 힘들다. 영상과 음악도 참 부조화다. 그나마 캐락터의 느낌이 어설픈 영화를 살린다. 디즈니 영화를 보고 제대로 공부하기를...,6,1
205,아들이 넘 재밌어하네요 ,10,1
206,보고나서 미녀는 괴로워랑 엽기적인 그녀가 어린이판으로 짬뽕된 느낌들었어요 미녀는 괴로워의 주인공처럼 바뀌는 스토리를 동화로  풀면서 왜 행동은 견우가 생각날까요? 반가웠어요 ~~ 역시 싸이더스가 만들었던 영화를 어린아판으로 만들어도 재밌네요 ㅎㅎㅎ 재개봉한 느낌들고 좋았어요!!!,10,1
207,조앙,10,1
208,저는 40대 후반 아빠입니다 지난주엔 아내와 아들(중3)  이번주엔 저와 딸(중1)이 함께 레드슈즈를 봤습니다 겨울왕국 어른들도 보고 천만 봤는데 레드슈즈도 어른들도 봐도 전혀 유치하거나 지루하지 않습니다 영상도 탁월하고 내용도 정말 많이 고민한 교훈과 감동도 있고 물론 재미도 있구요 상영시간이 오후와 저녁때 있었다면 정말 많은 사람들이 볼수있을텐데 안타깝습니다 가족영화입니다 아이들 보는 만화가 아닙니다 정말 잘만들었어서 뿌뜻합니다 전 한국영화인거 알고 봤는데 상당수는 한국영화인거 모르고 깜짝놀라는 눈치인데 라이온킹보다 디즈니영화보다 더 낫습니다 정말 보고 나서도 가족간에 많은 이야기를 하게 만든 영화입니다 꼭 보세요 정말 추천합니다 남자 어른이 봐도 정말 만족스러웠어요 제발 배급사에,10,1
209,"어른 혼자 봤는데 괜챦아요.머  스토리가 좀 짬뽕이고 그런건 있는데 그건  디즈니영화도 마찬가지고요.우리나라가 애니 강국이라는걸 느꼈고요, 디즈니에서 만든  거라면 최소 이백만명은 찍었을겁니다.",10,1
210,재미있네요,9,1
211,이것 저것 짬뽕한 만화영화...실망했다,3,0
212,확실히 CG는 디즈니 급으로 올라왔고 스토리도 기존 동화를 비틀어  메시지를 전달하는 방식도 괜찮았다.. 하지만 이 영화는 아직 어린이 뮤지컬 같은  수준을 보여준다. 좀더 분발해서 노력을  마니 해서 관객 연령대를 높인다면 디즈니처럼  아이도 보고 어른도 마니 보는 더 좋은 영화가 나올것이다.,7,1
213,정말 재밌고 감동적이에요!!! 아이들과 함께 봐도 좋고 어른이 봐도 정말 재밌습니다!! ,10,1
214,ㅜㅜㅜㅜㅜ 다른 애니도 만들어주세요ㅜㅜ,10,1
215,너무 감동적이고 재미있던데  상영관이 없지...?? 우리나라가 에니메이션 강국인걸 알게해준 작품!!,10,1
216,디즈니에서 만들었다고 하고 나왔다면 최소 500만은 넘지않았을까? ㅠ ㅠ,10,1
217,너무재미있어요~ 딸도 너무좋아하네요 우리나라 만화가 이정도 퀄리티라니 개봉관수가 적어서 아쉬워요,10,1
218,넘 재밋게 봤어요,10,1
219,개봉관이 적어서... 하지만 굿,10,1
220,아이들 보여주러 들어가서 내가 더 재미있게 보고 나왔어요~ 애들도 물론 재미있게 봤구요~,10,1
221,"나이 50에 애니메이션 인데도 살짝 감동을 받을만큼 좋은 작품입니다.   중,고등학생인  우리 아이들도 넘 재밌었다고 합니다.~^^",9,1
222,아이들과 잼있게 봤어요 ,10,1
223,음악이나 편집에서 0.2%아쉬우나... 내 마음에서는 100%... 애니 좋아하시는 여성분들 강추!!!!,10,1
224,너무 예쁘게 잘 만들었어요~~아이들과 재밌게 봤고 생각보다 방학이라 그런지 관객들도 가득 가득~~한국 감독이 만들었다니 더 놀랐어요~~우리도 디즈니못지 않은 영화를 만들 수 있다는 자신감이 생기는 영화였어요~~굿!!!,9,1
225,"음.. 전 39살 남자 . 영화 한달에 4편 보는 남자.극장에서 2편. 영화채널로 2편. 한국 에니메이션중 그래픽 최고라고 자부할수 있음. 스토리가 살짝 약간 아쉽지만. 돈 아깝다고 생각은 안듬.  영화 고생해서 만드신 회사  NEW 에니메이션, 싸이더스 . 고생많으셨음. 외모로 사람을 판단하지 말라는 교훈도 있고. 영화에 나오는 캐릭터들 상품화해서 수입이 늘어서 더 좋은 에니메이션 만드시면 더욱더 좋을듯. 홍성호 감독님 고생 많으셨습니다. 한국 에니메이션의 새로운 시초가 될듯합니다. 오프닝과 엔딩에 한글만 없으면  디즈니 에니메이션으로 착각할만큼 정말 잘 만들었음. 극장가서 봤는데. 부모랑 같이온 아이들이 많았음. 상영관좀 늘려줬으면 하는 바램이 있음. 하루에 2번은 너무 좀",10,1
226,안보면 후회할 뻔. '디즈니픽사'에서 만든 것 같았는데 우리나라 제작이라니. 깜놀~~~~~~~ 정말정말 칭찬해칭찬해!!!!,10,1
227, 멀린 넘 잘생김 . ,10,1
228,"초반 설정이 다소 아쉽지만, 중후반 완성도는 최고입니다. 성인이 봐도 손색없을 만큼 짜임새있고, 박진감 넘쳐요. 재미있습니다. ^^",10,1
229,내용이 진짜 재미있고 그림도 넘 예쁘고 최고예요~^^ 그런데 상영관이 저희 동네에는 키즈관밖에 없어서 많이 아쉬워요 성인임에도 불구하고 챙피를 무릅쓰고 키즈관가서 봤어요. ㅎㅎ,10,1
230,재밌어요 강추,10,1
231,"한국 애니메이션이 여기까지 왔네요. 디즈니, 픽사 드림웍스까진 아니지만 충분히 재미있습니다. 영상미도 좋구요.",10,1
232,그림체는 예쁜데 스토리가 부실해요. 같이 관람한 고딩들도 재미없었대요. 그나마 조조였기 망정이지 제 값 다 주고 봤음 아까왔겠어요....ㅠㅠ,2,0
233,신선한 스토리라서 어른이 봐도 재밌네요.특히 레드슈즈 목소리 클레이 모레츠 정말 !!! 마지막 스텝들 이름 올라갈때 한국인들...자랑스럽습니다.,8,1
234,"한국영화인줄 모르고 봤는데, 놀랍네요. 강추합니다",10,1
235,가족끼리 보기 참 좋네요,10,1
236,넘나재미써요~한국이제작했따니~우우,10,1
237,국뽕 한그릇 추가요~~~~~~~~,10,1
238,아무생각 없이 방학맞은 딸과 극장에 들렀다 재미있게 보고왔어요.  레드슈즈 2가 나와도 재밌게 볼 수 있을것 같아요.,10,1
239,슈렉이나 겨울왕국 그 이상입니다. 우리나라 기술력이 대단하네요. 어른이 봐도 설레는 에니메이션이고 재밌었어요. 결론이 조금 아쉬웠는데 아마도 2탄을 염두해둔 것 같아요.,10,1
240,너무 재밌었어요 ~ 영상은 디즈니급이었고   웃음 코드가 한국적이여서 많이 웃었어요 초딩딸과 별생각없이 봤는데 제가봐도 재밌네요,10,1
241,아이들과 함께 너무재미있게 보고왔네요,10,1
242,아 상영관이 아쉽네요ㅜㅜ 저녁시간대좀 하지 훌륭한데 곧 막 내릴듯ㅜㅜ,10,1
243,"영화에 담긴 한국형 미인으로 나타난 '레드슈즈', 한국형 개그들은 영화를 보는 내내 반가움을 느끼게 해 주었습니다. 생각보다 정말 재밌었어요!! 꼭 흥행해서 더 다양한 한국 작품들이 나왔으면 좋겠네요! 응원합니다!!  +) 개인적으로 엔딩 크레딧에 나왔던 달을 보면 늑대인간으로 변하는 빨간모자가 무척이나 신선했었는데, 단편 애니메이션으로 꼭 보고싶다는 생각이 드네요 :)",10,1
244,재미있어요!!!,10,1
245,재밌음...각색이 뛰어남....보고나서 엔딩 스크롤 올라갈때...다시 한번 깜놀...이게 한국애니라니....추천,10,1
246,한국 애니메이션 전성시대의 화려한 막을 올리는 작품입니다.,10,1
247,"초등 1, 5학년 아이 모두 재미있었다고...줄거리를 계속 얘기해주며 즐거워하네요...",9,1
248,"기대않고 봤는데 스토리도 재미나고 어른이 봐도 지루하지 않았어요, 더빙으로 봤는데 성우목소리도 좋아서 보는내내 즐겁게 봤습니다. 노래도 흥얼거리게 되고 내용도 자극적이지않아 부담없이 볼 가족영화입니다.",10,1
249,최고예요 흥했으면 좋겠어요~!!,10,1
250,이거 진짜 개재밋슴 한번만 꼭 제발 봐보셈 ㅜㅜㅜㅠㅠㅜㅠㅠ 주인공들 예쁘고 잘생김 ㅜㅠㅜㅜ 스토리도 좋음 꼭 한번 보는걸 추천함,10,1
251,"그림 좋고, 스토리도 지루하지 않아요. 볼 만해요.,",8,1
252,ㅇ애들과 같이 가서   보기에 좋아요. 어른들이 보기에도 적절한 타이밍에 터지는 거슬리지않는 멘트에 너무 좋았어요~ 얼굴표정은 정말 예술입니다. 사람인줄~~~~다시한번  대한민국 금손님들의 실력을 확인했답니다. 아이들과 조카모두 데리고가서 보느라 지갑은 홀쭉해졌지만~ 가족모두 감동받고 즐거워져 집으로가니 대만족입니다~~~ 소장영화로 추천이요~ 결제 고고고~~~^^,10,1
253,애니메이션 이렇게 재밌게 본 게 얼마만인지~ 정말 군더더기없니 재밌는 내용이네요. 보는내내 초딩 아이보다 더 웃고 빠져들어 봤네요 ㅎㅎ 정말 강추합니다. 마지막 엔딩크레딧 올라갈때 한국인 이름이 나와서 그제서야 한국 작품인 줄 알았네요. 그때까지도 디즈니 작품인줄 알았어요. 너무 잘 만들었어요.,10,1
254,"처음으로 영화평 올려봅니다. 이 영화, 참 잘 만들었네요. 내용이 깔끔합니다. 온가족과 함께 보시면 좋을 듯합니다. ",10,1
255,멀리 멋있어 난장인데두 매력 여주는 말할것도없이 이쁨 둘의사랑 이야기,8,1
256,극장 상영횟수 늘려라.  재밋는  영환데 아깝다.,10,1
257,아이랑 정보없이 봤는데 디즈인줄 알았네요. 디즈니 아이 영화처럼 좀 유치한 감도 있는데 아이 영화기도 하고. 재밌었어요. 돈내고 볼만함~,9,1
258,대단한 작품입니다.방학을 이용해서 부모와 자녀들이 함께 꼭 보면 좋겠습니다.,10,1
259,딸래미 때문에 온 식구가 극장가서 본 레드 슈즈 나는 보는 내내 디즈니에서 만들었나 요즘 영화 잘만드네 라고 생각하고 있다가 엔딩크래딧에 한국이름이 줄줄 나오는것을 보고 이게 국산 영화라는거에 전율이 흘렀다... 디즈니와 픽사에 뒤지지 않는 한국 애니메이션,10,1
260,최근에 본 국내 에니중엔 최고 였음...음악도 좋고 스토리도 산으로 가지 않고 잘 정리되어 있고 지루하지 않게 편집도 잘됨..,9,1
261,남주여주 존잘존예,10,1
262,우리집 딸랑구랑 재미있게 봤습니다 ㅎ,10,1
263,잼있어요~^^ 마지막엔 눈물도나구요,10,1
264,조숙한 초등생  우리집딸래미도  잼 있다고  영화보고  나오면서  집에 올때 까지  애기하네요^^,10,1
265,영화 구성도 탄탄하고 그림체도 아름다우면서 외모지상주의에서 벗어난  교훈을 주는 영화에요!! 요즘엔 이런 영화가 드물기때문에 현대의 아이들에게 추천해주고 싶네요.또한 남자주인공의 성격의 양상도 훌륭해요 재밌게봤어요!~,10,1
266,재밌어서 디즈니영화인 줄 알았는데 한국영화라고 해서 놀랐어요 교육적인 면에서는 디즈니보다 한 수 위네요,10,1
267,아직안봤지만 이게 그렇게 잼있다는 영화에요,10,1
268,멀린 얼굴 개꿀잼,10,1
269,얘 둘 데리고 봤는데 재미나게 잘만들었네요 신선하기도 하고 즐겁게 봤어요,10,1
270,good  !!,10,1
271,잘봤어 조금지루하나 나름 볼만해요,8,1
272,그냥 그랬음 .....,6,1
273,올해 본 영화 중에 제일 재밌었다. 솔찌 엔드 게임보다 재밌었음. 단점이 있다면 영화 끝날때쯤 어린이들이 너무 울어서 영화 감상에 쪼끔 방해가 된다는 점? 진짜 무슨 상갓집 온 줄 알았네ㅋㅋㅋㅋㅋㅋㅋㅋㅋㅋ,9,1
274,애니메이션 수준은 디즈니하고 맞짱떠도 괜찮을듯.....동작이나 개그코드는 다분히 한국적임 ㅎㅎ OST가 좀 아쉬더군요.....개봉관수도 부족하고 시간대도 애매한게 단점입니다....,10,1
275,한국 애니메이션 발전이 놀랍네요~!! 내용도 주제도 좋았고 10살 딸램이 깔깔거리며 재밌어했어요~ㅎ,10,1
276,"노래 듣다가 맘에 들어 보게 되었는데,  기대 이상 찾아보니 디즈니 사라고 생각했는데 그게 아닌 국내 그거에도 놀랐던 거 같습니다",10,1
277,새로운  공주상을  제시하네요.  클로이모레츠  목소리연기  좋았어요.  자막판  좀  늘려주시길.,10,1
278,"6,7살 애들 유치원 방학이라서델꼬 갔다가 내가 폭 빠져왔네요,,매년 일본 요괴만화나 보여주고 질 떨어지는 국산 극장판 보여주다가 이거 보더니 애들은  뭔지도 모르고 좋아합니다. 애국심 자극하고 싶지는 않지만 일본 아이들꺼 보다 훨 낫습니다. 진짜 디즈니 때깔나구요. (잘은 모르지만 매번 보던 싸구려 이펙트는 아니고 좀 돈들인것처럼 보여요^^) 이번에 잘 되서 다른 것들도 만들어지면 또 압니까? BTS처럼 몇 년 뒤에는 짱먹을지 ㅋㅋㅋ 암튼 성인이 봐도 잼있어요",9,1
279,재미있어요. 스토리 좋고 감동도 있고 교훈도 있네요! 엄청 잘 만든 애니메이션이에요! ,10,1
280,퀄리티를 보고 무조건 디즈니인줄 알았는데.. 엔딩 보고 국내작인줄 알았다. 널리 수출되시길!!,10,1
281,딸이 좋아하는 성우들이 목소리 연기를 해서  더빙으로 봤습니다. 외국 배우들의 목소리연기도 궁금해서 한 번 더 보고 싶네요,9,1
282,"""국산 애니머이션 중에 이 정도 퀄리티와 시나리오를 가진 애니메이션이 있었는가""란 말은 이제 무의미할듯 하다. 엔딩크레딧을 보지 않았다면 할리우드 애니메이션이란 오해를 하고 나갔을지도...",10,1
283,이 영화를 본 주변 지인들이 모두 한명도 빠짐없이 엄청 재밌게 봤다길래 오늘 보러가려고 표 예매했습니다,10,1
284,이정도면 한국에니메이션에 한획을 그어놓았다고 생각됩니다.,10,1
285,오늘부터 방학이라 아이들 데리고 보려구요 7살아이가 무척 기대하고 있어요 ㅋㅋㅋ,8,1
286,한국애니메이션 너무 재밌게봤어요 어른이 보기엔 시시할꺼라 생각했었는데 가족들이 모두 재밌게 볼 수 있는 작품이었어요 한국애니 응원합니다,10,1
287,졸았네요 재미있다고해서봤는데...쩝,3,0
288,"정말 재미있게 봤고요. 이런 느낌 처음인데 애니메이션 남주,여주 보면서 자꾸 빠져드는 기분.. 정말 두번세번 또 보겠다는 아이때문에 또 갈듯^^",10,1
289,오늘 여친과 함께 봤는데  재미도 있고 감동도 있네요. 적극 추천합니다. 알라딘보다 낫네요. ,9,1
290,"아이들도 좋아하지만, 어른들에게도 공감을 주고 생각하게 하는 애니메이션입니다. 보는 내내 지루하지 않았고, 마지막에 제작진에 우리나라 사람 이름으로 도배되는데 뭉클했습니다.^^ 대박나서 후속작 계속 만들어낼수 있기를...",10,1
291,아주 재밌게 봤어요 상영관 수가 적어서 아쉽네요 더빙으로 봤지만 자막버젼도   보고 싶네요 온 가족이 볼 수 있는 영화 강추강추 한국애니메이션이라는게 자랑스럽네요,10,1
292,기대보다 꽤 괜찮네요. 캐릭터도 귀엽고 가족들 함께 보기에 괜찮은 듯. 한국애니메이션 완성도도 좋네요. ,9,1
293,재미있었어요!,10,1
294,재미있어요,10,1
295,어른이 봐도 잼있어요^^뻔한 결말예상이지만 그래도 감동도 있습니다,10,1
296,넘 재밌어용 ㅠㅠㅠ 진짜 꼭꼭 추천드립니닷!!,10,1
297,너무 재미있었습니다ㆍ더구나 100%우리나라 제작진이 만든 영화라니 놀라워요ㆍ 꼭 대박나길 바랍니다ㆍ^^♡♡♡,10,1
298,정말 많은 생각을 하게끔 해주는 영화였어요. 많은 교훈이 있었거든요. 아이뿐만이 아니라  어른도 즐기기에 충분한 영화입니다. 그리고  영상 연출과 그래픽도 최고였어요!! 우리나라의 애니메이션이 이렇게까지 발전했다는게 너무 놀랍고 감격스러워요!! 흥행에 꼭 성공했으면 좋겠어요..ㅠㅠ,10,1
299,조카가 재미있었데요~~~ 저도 나름 재밌게 봣어요~,8,1
300,멀린이 코리안하트하면서 등장할 때부터 심쿵!!!!!!!,10,1
301,자막으로 봤으면 더 재밌었을것 개봉관이 부족 마케팅이 왜이래?,10,1
302,굿,10,1
303,딸아이와 남편과같이 더빙 봤는데  재미있어요 ~    한국에서만들었다고해서 자막으로 한번더볼려구요~,9,1
304,보러갈껀데 왜? 더빙만 있죠? 자막 영화하는곳이 없네요!,10,1
305,한국애니입니다.많이 관람해주세요~^^,10,1
306,너의 두눈이 나를 비추던~,10,1
307,재미있게 잘 봤어요. 조카는 담에 또 보고싶다네요. ,10,1
308,6살4살 딸이랑 같이 봤다. 보는 도중 6살아이가 엄마 레드슈즈 마음이 너무 예쁘다 그죠~? 하길래 그래 마음이 예쁘면 사람도 예쁜거야 겉만 예쁜건 아무 소용이 없어~했더니 예~~했다. 나름 교훈도 되었다. 나도 스노우처럼 착하고 예쁘게 살래요~ 하는데 나한텐 또 나름 뿌듯한 영화였다. 마지막엔 있는 그대로의 나 자신을 사랑하자라는 메시지도 (Love myself BTSㅋㅋㅋ)기억에 남고 좋았다. 우리나라 영화라는걸 끝나고 알았는데 정말이지...감격~?스럽기까지 했다. 그림체도 너무 이뻤고 순간순간 난쟁이에서 큰 멀린으로 바뀌는데 성우분의 미묘한 목소리 변화는 정말....최고였다. 갔다와서 딸들이 좋은일이 생길것만 같아 노래도 계속 부르고 있다. 이 영화 잘됐으면 좋겠다. 4살짜리는 왕쟈(멀린) 잘생겨따 잘,10,1
309,가장 개연성있는 스노우화이트 스토리라인 깨알 재미로 각종 공주 왕자 동화들 패러디해서 스토리에 자연스럽게 녹아있구요. 뭐랄까 설명하기는 힘들지만 보면 후회안함. 스노우화이트의 감정흐름이 자연스러워요. 감정이입 짱~~,10,1
310,평점이 9점만큼 나올만한  영화는 아니네요.  스토리가 엉성해요. 너무 외모에 대한 대사가 많네요. 내용이 어색한 부분도 많고,2,0
311,"친구 때문에 기대 없이 봤는데 재밌어서 깜짝 놀랐다. 애니메이션 퀄리티 흠잡을 데 없고, 내용도 충분히 설득적이었다. 돈과 시간이 아깝지 않았다. 우리 애니메이션에 대한 선입견이 바뀌었다.",10,1
312,토종  한국 애니메이션!!!  참신한 스토리와 훌륭한 OST!!!  더빙판이 더 좋기는 처음이네요~~~,10,1
313,올 여름방학에 꼭 봐야할 영화. 한국 제작 애니메이션 영화를 자주 볼수 있는것도 아니기도 하고 우리 것이니 필수로 봐야하지 않을까요^^ 게다가 재미까지 있으니 강추할수밖에요. 정말 재미있게 봤네요. 감동-~,10,1
314,너무 매력적이고 귀여운 캐릭터들이 영화를 한층더 꾸며주는듯 하네요 교훈도 주는 아름다운 영화였어요 ,10,1
315,고정 가치관을 깨려했다는 점은 슈렉과 비슷한^^...한국 애니치고 진부하지 않은 연출과 내용이여서 재미있게 봤습니다^^...,8,1
316,7살 여아랑 같이 봤는데 라이언킹보다 재미있다고 하네요.  처음엔 어렸을 때 본 빨간구두 동화인가 했는데 오... 생각지도 못한 전개와 결말... 전 울면서 봤어요 ㅠㅠ 어른도 아이도 다시 한번 생각해보게 하는 영화입니다. 입소문 나서 많이들 보셨으면 좋겠습니다. ,10,1
317,애들보여주려고 갔는데 저도 재밌게 봤네요 ,10,1
318,"우와 정말 스토리 탄탄해요 아이랑 봤는데, 담에 혼자가서 또한번 보고싶네요",10,1
319,방금 아이들과 보고 나왔어요. 너무 재밌어요. 멋지고 귀여운 일곱왕자와 스노우공주 최고입니다. 여러분 꼭 보세요,10,1
320,어른들이 보기에도 재밌어요 뒤에 살짝 울컥하기... 스토리는 공주동화들 섞여놓아서 막 신선하지는 않지만 디즈니에 버금가는 영상미와 기술력이 놀랍네요 OST도 너무 좋은데 좀 짧아서 아쉬웠어요  엔딩크레딧 나와도 안일어나고 있으면 전곡어른이을 감상할수있어요 멜론으로도 다운받아서 계속 듣고 있어요,10,1
321,레드슈즈의 자신을 사랑하고 타인을 배려하는 마음이 예쁘네요 동화속에서는 서로의 사랑하는 마음이 마법도 저주도 깨부수었네요 현실에서도 사랑하는 사람끼리 서로 알아보고 예쁘게 사랑하면좋겠네요 ,9,1
322,올해 최고의 영화!!  어른들이 봐야할 애니메이션입니다! 아니 온가족!!ㅎㅎ,10,1
323,재밌어요!,10,1
324,개봉관도 확대하고 자막도 늘려주면 어떨까요,10,1
325,"절대 후회하지 않을 ~~~~  캐릭터, 줄거리, 그림 모두 짱이요",10,1
326,기대  밖 재미.감동!!!!!! 한국영화라니    ㅋㅋㅋㅋ  멀린  멋져. ㅋㅋㄱ ㅋ 여자가  안변신해서 더깜놀ㅋㅋ,9,1
327,너무 재밌어요 지루할 틈이 없어요,10,1
328,기대이상으로 볼만함,10,1
329,퇴근하면서 보려고 예매  사이트 들어 갔더니 낮에만 상영하네요ㅠㅠ,9,1
330,너무 재미있게 봤습니다ㅋㅋDVD로 나오면 또 보고싶네요,10,1
331,끝나고 기분 좋아지는 영화네요!  생각안하고 편하게 봤습니다.,10,1
332,또볼거에요!!,10,1
333,캐릭터 표정이 진짜 매력적! 멀린은 난쟁이라도 잘생겼네요 ㅋㅋ 자막 극장 적은게 너무 아쉬웠습니다. 클로이 모레츠 목소리 듣고싶었는데...,10,1
334,개봉하는 날 바로 가서 봤어요 진짜 재밌습니다ㅠㅠ,10,1
335,무료초대권 있어서 그냥 보러 갔는데 정말 잼있게 봤네요,10,1
336,이 영화가 일본에서 만들었으면 인생작이라고 떠들것들 참 많지?  더러운 매국노와 함께 사는 더러운 세상,10,1
337,진짜 잼씀.  주는 메세지도 명확하고 로맨스도 감동적임. 성인이 봐도 지루하지 않음. 근데 초반엔 좀 지루할수도 있어요.,10,1
338,퀄리티 쩔...!!! vod 풀리면 또 볼거임 ,10,1
339,넘재미있게봤어요~강추!,10,1
340,넘 재밋게 보았습니다  가족과 한번 보세요 추천합나다,10,1
341,"남편이랑.봤는데 이렇게 사랑스러운 애니매이션이라니요?!진짜 강추에요. 아이들도, 어른들도, 막 사랑을 시작하는 커플에게도 추천합니다.",10,1
342,애들이랑 넘 잼있게 봤네요 그냥 기분이 좋아져요 상영관 좀 늘려야  할 것 같네요,10,1
343,원래 만화 영화는 시시해서 애들과 남편만 들여보내고 난 안본다. 천만 넘은 알라딘도 생각보다 보통이였던 나... 하. 지. 만. 근데 이건 꼭 보라고 추천하고 싶당... 한국이 만든 만화 영화라는 게 믿기지 않을 정도로 정말 대박!!! ,10,1
344,보시면 즐길 수 있어요!,10,1
345,상영관 확대해야 하는 영화,10,1
346,인생영화,10,1
347,잔잔한 여운이 남는 영화네요,10,1
348,인생영화~,10,1
349,메가박스에서 더빙봤어요... 자막은 상영회수가 너무 적네요... 재밌게 봤습니다... 라이언킹도 보다가 앞부분 졸았는데... 처음부터 상영끝까지 안졸았어요.... 간만이네요... ㅋㅋ,9,1
350,너무 재밌게 봤어요!!! 흥해라 우리나라 애니메이션! 캐릭터의 표정연기가 엄청나요~,10,1
351,기대 안하고 봤는데 볼만하네요! 마지막까지 앉아 있게 만드는 디테일한 완성도 쵝오!,9,1
352,에니메이션 이렇게 재밌게 본게  처음이네요. 많이들 보세요.,10,1
353,딸아이가 한번 더보자네 코코보다 재밌다고...,9,1
354,"너무 재미있어요! 50대 후반입니다... 애니매이션이 요렇게 재미있을줄, ㅎㅎ ",10,1
355,최고입니다,10,1
356,국내 기술로 이정도까지  잘 만들것이라고는 생각 못했는데 잘만들었네요. 재밌게 봤네요. ,10,1
357,부산에서 자막상영관 어렵게 찾아봤는데 초딩자녀들 데리고 보면 넘 좋을거 같아요. 디즈니 때깔에 한국 정서도 담겨 있어서 넘 좋았어요.^^,10,1
358,재미있음 .자막으로봤는데 이번주말에 더빙판으로 또 볼 예정,10,1
359,10,10,1
360,첨에 난쟁이 된 것도 지들이 생각하는 일반적인 공주가 아니라 공주인줄도 모르고 때렸다가 저주걸리고.. 쥔공 사는 집에 빗자루 있고 그러니 마녀라고 하다가 예쁘니까 공주라고 하고..ㅋㅋ 애기들이 봤을때 바른 생각을 주진 못할 거 같네요..,0,0
361,자막 상영관을 늘려줘~~,9,1
362,너무 재밌어요 디즈니에  버금가네요 상영관을 늘렸으면 좋겠네요,10,1
363,너무 재밌어요 꼬옥보세요 디즈니 이겨요^^~,10,1
364,내가 진짜 한국인이 감독에 디자인 했다고  가족 모두 데리고 갔다가 깨달았다 애들과 난 7살이 아니었다..,2,0
365,씹노잼 진짜 돈 버리고 싶으면 보세요 이거볼바엔 라이온킹 추천 진짜 스토리 개유치 옆에 초딩들도 보다 나갓어요 ㅡㅡ 공짜 표라고 본 시간이 아까움,1,0
366,최강 코믹 판타지 어드벤처!,10,1
367,조카가 좋아 하네요^^,9,1
368,든든한 모습의 스노우공주 멋있어요 !  100세시대에는 건강미가 중요하죠.^^  (낚시 쿠키영상있음),8,1
369,빨간하이힐에 예쁜 여자. 아이고 안봐도 비디오구만. 쪽팔린줄도 모르고,0,0
370,존잼ㅠㅠㅠㅠㅠ 곰돌이들 짱귀ㅠㅠㅠ 자막상영관이 너무 없음ㅜㅜㅜ ,10,1
371,너무 재밌어요유ㅜㅜㅜㅜ 명작입에옹ㅇ,10,1
372,라이언킹 보다 재미있었어요~ ^^,10,1
373,진짜 상영관이 적어서 보기힘듬 잼는데,10,1
374,정말 재미있어요 상영관이 너무  적어요 상영관이 많으면 우리나라 애니메이션 중에 역대급으로 관객수가 나올거 같아요 이럴때 우리나라 애니메이션이 이정도로 잘 만들수 있다는걸 다른 나라에 보여줬으면해요 결국 흥행의 기준은 관객수니까요 제발 상영관 좀 늘려주세요,10,1
375,상영관이 너무 적어요~ ^^;  재밌게 잘 봤습니다~~,10,1
376,방학에 애들과 함께 보기 좋은 영화에요,10,1
377,우리나라 애니메이션이 한걸음 나가가는 계기가 되길! 자막 상영관 좀 늘려주세요,9,1
378,스노우 너무 귀엽고 멀린 처음엔 짜증났는데 나중엔 너무 멋있어요 ㅋㅋㅋㅋ 애들이랑 같이 보기 좋아요,10,1
379,조조로 제 초등학생 조카들이 재미있게 봤습니다!  웃고 떠들다 영화가 끝나는 시점에서 울컥했네요. 이젠 국내에서도 이런 애니메이션 만들 수 있다는 점에 자부심을 느낍니다~ 화이팅!!!,10,1
380,이거 국산애니메이션이었네 홍보가안된듯..? 캐릭터가 내취향이라 보러갔는데 마지막 크레딧에 전부 한국인들이어서 검색해보니 한국애니ㄷㄷ 생각보다 퀄리티 좋고 어른들도 재밌게볼만한 스토리~ 근데 상영관이 너무 없다ㅠㅠ,10,1
381,간만에 본 애니메이션 중 손에 꼽힐만한 작품이네요  강추해요~,10,1
382,평점이나  관람평이 넘 좋아서 엄청 기대하며 대기중.. 방학한 아이들과 함께 디테일함에 공들인 레드슈즈 내일 가족과 함께 기대하고 관람 하겠슴돠! 흥해라~ “레드슈즈”,10,1
383,국내 애니메이션이었네요. 정말~ 재밌을것같은 예감. 보고 후기도 올릴게요~,10,1
384,                 f,0,0
385,후반갈수록 재미있었어요. 그리고 마지막 엔딩크레딧이 너무 그림이 예쁘면서 내용도 귀엽고 신박했어요.ㅎㅎ 열심히 만든게 보이네요 잘되고 다음 애니메이션도 기대할게요.,10,1
386,기대됩니다.^^,10,1
387,꼭 봐야지이잉잉잉,10,1
388,너무 기대되용~~~,10,1
389,기대 됩니다 꼭봐야징,10,1
390,기대 만땅입니다......^^,10,1
391,이게 한국감독과 한국애니감독이 만든 작품이라니 너무 잘만든 듯. 꼭 영화관가서 보고싶다.,10,1
392,넘흐 기대되영! 별점 테러 하지 마세욧ㅠㅜ,10,1
393,"7세아이가 보려고 하는데요, 더빙 맞는지 해서요",9,1
394,치도리~~!!!!!,10,1
395,미리 보고 왔습니다 개꿀잼 입니다 국산 안 같음,10,1
396,시사회에서 봤는데 N차도 가능할듯!! 한국애니메이션이라는게 자랑스럽네요!,10,1
397,처음에 더빙 누가 한지 모르고 들어가서 보다가 전형적인 공주 목소리가 아닌데? 라는 생각에 찾아보니 클로이 모레츠랑 샘클라플린이었음 ㅋㅋㅋ 완전 레드슈즈랑 찰떡이었음 ㅋㅋㅋ 흥해라!!! ,10,1
398,김상진 감독님 진짜 존경합니다 ㅠㅠ 꼭 볼거에요,10,1
399,재미있어서 더빙 자막 둘다봤는데  많은걸생각하게하네요 강추합니다 다만주제곡은 자막이여주가 녹음은남주가좋네요,10,1
400,생각했던것 보다 훨씬 재미있고 음악도 좋고~,10,1
401,너무너무 기대돼요!,10,1
402,기대합니다,10,1
403,재미없으면 평점 바꿉니다 기대하고 있겠습니다,10,1
404,한국이 만든 디즈니에 버금가는 애니메이션 정말 기대됩니다.,10,1
405,믿거렏슞,1,0
406,왕..레알 존잼이겠댜...,10,1
407,김상진 감독님.. 정말 기대 많이 됩니다!!! 최고!!!,10,1
408,정말 한국에서 이런 영화가 나올 수 있다는 점에 놀랐습니다 한국 애니메이션의 놀라운 성장입니다 ,10,1
409,국산이라니 넘 기대됩니다~,10,1
410,완전기대,10,1
411, 재밋다 디즈니 텐션,10,1
412,기대됩니다,10,1
413,오래오래~,10,1
414,정말 재밌어요~~~ 동생이랑 같이봤는데 동생도 엄청 좋아하고 있어요 ~~~,10,1
415,그림체도 맘에 들고 스토리도 맘에 들고 정말 너무 기대됩니다!! (о´∀`о) 캐릭터들의 요소들도 너무 귀여워요 !! 빨리 보고 싶어요!! ,10,1
416,김상진 애니메이터님의 한국 애니영화라니 ㅜㅜ 너무 기대되요,10,1
417,기대하고 있습니다 ~^^,10,1
418,"엄청 기대됩니다.  시나리오도 그렇고, 영상 퀄리티나 음악도 좋은거 같아요. 개봉시 가족과 함께 ㄱㄱ씽~ㅎㅎ",10,1
419,너무 기대됩니다,10,1
420,국내기술로 이런 수준높은 애니메이션을 관람할수 있다는게 믿기지가 않네요~ 애니메이션  좋아하는 중학교 자녀들과 같이 봤는데... 푹빠졌네요...,10,1
421,캐릭터가 너무 이뻐요~엄청 기대됩니다,10,1
422,재미 있겠네요. 기대 됩니다. ,10,1
423,엄청 재미날것 같아요~  넘넘 기대됨!!!! ,10,1
424,또 한번 더 볼려구요 제발 상영관이랑 시간 좀 늘려주세요!!,10,1
425,기대 만땅 입니다. 대박 기대^^ 자막 버전 늘려 주세요.,10,1
426,완전 기대됩니다!!!!!,10,1
427,드디어 개봉일이 떴네요. 대박 났으면 좋겠어요!!,10,1
428,라이언 킹보다 더 잼나게 봤습니다~ 퇴근후에도 볼수 있게 자막버전 상영관이 늘려 주세요~,10,1
429,조조로봤는데 내일표를 또 끊었다. 다시봐야 알것 같은 부분이나 다시보고싶은 장면이 많아서 자꾸 생각남ㅋㅋ 국산애니매이션의 재발견! 깔깔거리다가 조금 울먹한 순간이 있다. 딴생각 할 겨를 없이 영화가 끝나버림 간만에 진짜 재밌게 본 영화! 한국애니힘내라!,9,1
430,언제개봉하나요?,10,1
431,좋은 의미를 가진 영화,10,1
432,정말 정말 기대합니다 ♥ ,10,1
433,기대되네요~~~,10,1
434,기대되요,9,1
435,재밌네요~더빙판도 봐야겠어요. ,10,1
436,디즈니 영화인줄!! 대박~ 결말이 전혀 한국영화 같지 않네요~,9,1
437,외모지상주의의 문제점을 자라나는 세대에게 어떻게 전달할 수 있을지에 대해 생각을 많이 한 구석이 보이지만 정작 페미니즘 진영에서 곡해되어 버린 작품. 오해가 풀렸으면 좋겠는데...,9,1
438,이런 만화가 우리나라 만화라는게 자랑스럽다,8,1
439,국산 애니가 발전하는 계기가 되기를... ,10,1
440,"ㅎㅎ   이거 재밌음.   스토리각색 좋고,  콸러티 훌륭하고, 게다가 국산감독.    클로이모레츠 좋았음.   더빙도 상당히 매력적일듯.     그나저나 스크린 좀 늘리면 이거. 수백만 충분히 간다. ",9,1
441,애들보긴 좋을지도 어른들은 유치하지만 참고 보면 볼만 함,6,1
442,코르셋 꽉꽉 조여주는 애니!!!  여자는 다 필요없고 날씬하고 예쁜것이 진리입니다^ㅁ^,1,0
