﻿,document,score,label
0,웃겨요 ㅋㅋㅋ 재미있음,9,1
1,우리집 준호 알게 되어  결국 기방도령까지 봐버렸다~~ 준호 연기잘하고 참 사랑스럽다. 남자답고 볼때마다 이미지가 다른 멋진 배우,10,1
2,곳곳에 나오는 위트와 재미 흡입력 있는 정소민 연기 천연덕스리 잘하는 준호 연기 추천해요,10,1
3,넘 잼나는뎅...ㅎ,9,1
4,잼나는데;;,10,1
5,왜 이런 재미난 영화가 28만이지? 대박은 아니어도 280만은 될 영화 아마 감독과 배우만 보고 선입견으로  패스한 것 같다,8,1
6,가볍게 보기 좋아여~~~~  볼만함,8,1
7,잔잔히 웃으면서 감상할수 있었던 재밌는 영화였어요~👍,9,1
8,"처음 봤을때 2점주고 ""허술한 코메디""라고 썼었는데, 우리집 준호 입덕하고 봐서 그런가 다시보니 재밌네... 심지어 감동스러움, 이루어지지 못한 사랑도 너무 가슴아프고... 여튼 일종의 기생이라고 할수 있는 아이돌 준호  입장에 빙의해서 시나리오 쓴듯... 함부로 연민한 죄, 방관한 죄... 술을 몸에 붓고 불속으로 들어가는 장면은... . 많은 생각이 스쳐지나가게 하는 좋은 대사였음 7점정도 줄까 하다가 지난번 2점이 넘 박했던것,같아...",10,1
9,재밌고 여운이 오래가네요,10,1
10,동양화 몇점 보는것 처럼 영화가 예쁨. 간간히 재미도 있고.. 첨에는 약간 지루하나 뒤로갈수록 좋아요. 평점이 넘 낮네요.,10,1
11,준호보려고 본 영화인데 예쁘고 서정적이기도 하다. 그림도 곱다. '태을미 '같이 말의 재미도 좋았고 소민배우를 아씨라 부르는 아역배우 연기 찰져서 좋았다.  최귀화배우 등장씬이 좀...  너무 이질적이었나 싶기도 한데  후반부에 이르러 영화에  좀 더 스며드는 캐릭터였다.,10,1
12,좋았어요,10,1
13,재밌어요~~,8,1
14,유쾌한 영화,9,1
15,조연들의 감초같은 열연,8,1
16,이렇게 좋은 영화가 언제 개봉 했었죠? 영화관에서 보면 더 좋았을텐데요. 명절에 가족들과 TVN에서 해주길래 정말 재밌게 봤습니다.,10,1
17,재밌게봤어요 준호님 연기 잘하세요 !! ,10,1
18,와~ 아무생각없이 보기 시작했는데 재밌네요^^ 색감도 이쁘고 연기자들도 이쁘고ㅎ 굿!,9,1
19,준호연기 잘하네 이젠 가수보다 연기자~,8,1
20,예상외로 상당히 재밌게봤다,9,1
21,잼나네,8,1
22,기대안하고봣는데 재밋엇어요♡ 엔딩도 적당히 슬프고 좋앗던거같애요,9,1
23,마지막이 진짜 반전이 였어요.... 사랑에 감동하여 눈물까지 흘리면서 봤어요 ~~,10,1
24,욕먹을영화아닌데...코믹속에서 풍자도있고 연기도좋고 슬프고짠한부분도있고...영상미도좋고 다만 텔미같은 유치한대화들만뺀다면... 준호연기 참 잘한다 매력있다~,9,1
25,웃으며 보다 울며 보다 ~ 예상 외로 괜찮았 던 영화,8,1
26,남주 연기 좋았다 담엔 더 좋은 시나리오로 명성 떨치시길. 여주랑 나이든 남주는 왜 연기가 안느냐,3,0
27,"코미디와 드라마 사이에서 줄타기를 하지만 어느 쪽으로도 강조되지 못했다. 비록 오래 기억될 인상깊은 장면은 없지만, 작고 소소한 웃음과 잔잔한 애잔함이 뭍어 나온다. 헌데 이 영화조차 남녀에 대한 편견적 시각으로 바라보는 사람들이 있다니 영화 속 개그코드보다 그게 더 우습게 느껴진다. ",6,1
28,왜 욕하는지 모르겠다,10,1
29,심파만 뺏다면 백점 만점 이였을것인데.. 약간의 아쉬움은 있지만 웃으면서 잼나게 잘봣습니다...,9,1
30,웃을 수  있으면 충분해요,10,1
31,"영상 이쁘고, 중간 중간 빵빵 터지고, 예지원의 팔색조 매력 팡팡 터지고  초지일관 주제 확실하고, 무엇보다 신파없이  신선한 해피엔딩- 감동은 없지만 이정도면  세련되게 잘 만든 티라미수 같은 영화! ",9,1
32,"엔딩 크레딧... 예지원 배우의 ""살펴서 가십시요""  영화평 보다10점!! ",10,1
33,뭐 나쁘지 않음.,8,1
34,코믹 이란 장르에 적합하게 재미있었고 영상 또한 아름다웠네요. 개인적으론 진부한 결말이 아쉬웠지만 재미위주로 본다면 즐거웠다고 하고싶네요,9,1
35,남주 연기짱,9,1
36,재미있게 볼 만한 영화임 ㅋㅋ,9,1
37,보다가 울었어요...사랑 과 가족에 대한 영화...윸모코드도...저랑 닥 맞았그요   전 개인적으로 너무 재밌었음 ,10,1
38,마음에 많이 와닿는 좋은 내용이 많았습니다^^,9,1
39,그냥 3류 시간 때우기용 영화라 생각하고 봤는데 의외로 디테일이나 흥미로운 요소가 많은 오락 영화!,9,1
40,"처음엔 그냥 웃긴건줄만 알았는데  조선시대 남존여비, 가부장적 시대 여인들의 슬픔도  느껴지네요  지들이 잘난줄 알고 여자 무시하던  한심한 양반가  남정네들 풍자가 잘 드러나네요",10,1
41,0점도 아깝다,0,0
42,풍자도 녹여내고 재밌고 또 애절하고 연기력도 좋아서 2번째 보는데도 오열하면서 잘 봤습니다. 로맨스 코미디 요소에 애절한 사랑까지 더하려다보니 사극 말투가 아니어서 조금 거슬렸습니다. 너무 코믹하게 잘 풀어냈는데 개인적으로는 애절한 시랑쪽이 더 좋았어서 말투가 조금 오글거렸답니다. 그래도 잘 감상했습니다. 영화를 개봉하고나서 금전적인 손해도 보셨겠지만 남들이 이 영화를 못 본 것이 저는 더 안타깝네요.,10,1
43,재밌습니다 ㅋㅋㅋㅋ3 번 더 볼 수 있을 것 같습니다 ㅋㅋㅋㅋ,10,1
44,너무나 저 평가 되었군요. 관객수가 아쉬워요.,9,1
45,엄청 웃기고 감동과 안타까움까지   이게 왜 28만명인지 참나,10,1
46,너무재밌어요유쾌해요,10,1
47,준호 잘생기고 꿀잼♡,10,1
48,예전엔 다 이랬지 내 어릴적만 하더라도 여자의 도리는 저랬었지 시대가 변해 여자의 지위가 올라갔다고 해도 더 잘해주어야 되지 않을까 싶다 허나 여자들 스스로 지키는것도 좀 있었으면...,10,1
49,중간부까지는 유치한 코믹사극인 줄 알았는데 후반부는 애틋하고 아련한 사랑이야기... 몇가지 유치한 장면만 없었다면 훨씬 완성도가 높았을텐데 하는 아쉬움이 남는다.,6,1
50,생각보다 너무 재밌는데?! ,10,1
51,겁나 재밌게 봄~~ㅎㅎㅎ,10,1
52,뒤로 갈수록 너무 진지해지는 것 말고는 UBD수준의 영화는 아님. 웃음포인트도 간간히 있음,6,1
53,난 왜 마지막에 눈물까지 나냐고요,10,1
54,코미디라길래 마냥 웃길줄로만 알았는데 코미디에서 사극으로 넘어가면서 가볍게 보기는 커녕 은근히 진지하면서 재미있네요.,8,1
55,내용이 코미디에서 시작해서 로코로 가려다 사극으로 끝났어. 장르를 헤매고 있으니 이야기가 여기저기로 튀어서 대략난감. 소재와 배우들이 아까워.,4,0
56,이렇게 진지한 영화일줄은..,7,1
57,이명벅의 기방난동 사건이 있었쥐 유인춘 조연 겸 성매수 사건,3,0
58,"조선시대  호빠,  소재  신선하고  독특한  깨알  개그도  재밌었으나  스토리  전환  강약조절이 잘  맞지  않아  부자연  스럽게  느껴졌음 과유불급의  무대설정이  좀  조악스러워  아쉬웠고   대놓고  하는 알순이  개그가 최고  매력적이었음",6,1
59,이상한 줄거리 선입견보다는 괜찮은 편,6,1
60,좋았다.  정소민 좋다.,9,1
61,남자는 여자에게 보이는 세상이 잘 안보이면서  지들이 다 아는 줄 안다. ,4,0
62,나름,6,1
63,결말에 잼있었어요,7,1
64,3점도 후하게 쳐준거다 유치찬란,3,0
65,"이상하게 생기고, 연기 더럽게 못하는 배우들만 모아서 하이틴 로맨스 류의 영화를 찍었다. ",2,0
66,여러모로,3,0
67,영화 보면서 지겨울 수도 있구나... 멋진 소설감이었는데 영화 흥행은 망했겠다.,3,0
68,흥미로운 소재를 가지고 시원하게 말아드신 감독님 ㅋㅋㅋ,4,0
69,고민스럽다 어디서 웃어야할지,4,0
70,",,,,",0,0
71,이정도면 괜찮지~머리 안아프고 가볍게  봤고 한복도 예뻐서 눈도 호강함,8,1
72,스토리와 장르의 선택이 명확해야 한다. 영상만 아름다워서야..,6,1
73,지금 시대에 맞지않은 유치함이 사회의 성숙함을 방해하는 소재.빵점,0,0
74,재미가 없음.중간보다 나옴.~!,2,0
75,인내심 부족해 끝까지 못봤음 ,1,0
76,"위대한 소원을 보고 너무 재미있게 봐서 그 이후 작이라 기대를 했었나 보다. 코믹은 따라가지 못했고, 후반에 감흥도 좀 떨어진다고 봐야겠다. 단지, 화면속에 아름다운 채색을 위해 상당히 노력한 것은 좋았다고 할 수 있을 듯.그 채색을 위해 아무래도 웃음 포인트 같은 것은 결국 못 잡아낸 게 아쉽다.",6,1
77,식상한 3류라하지만 나는 가슴에 찡하게 와다왔당~~~,10,1
78,3류,0,0
79,발판으로 삼으시길,9,1
80,식상하다.,0,0
81,다듬어 지겠지요,6,1
82,"조선시대판 호빠에 멜로. 뻔하디 뻔한 식상한 전개이지만, 가볍게 웃으면서 볼수 있는 영화인듯. 최귀화 등 감초역할이 많아서 나쁘지 않았다.",6,1
83,아~~~~~~~아~~~~~~~야~~~~~~,0,0
84,밑에 파스텔레보 네놈이나 지능 좀 높여라. 일제가 우리를 인간답게 살게 해줘 그쪽 출신이냐?,6,1
85,돈아깝고 시간 아깝고 기억이 없는 영화,1,0
86,관객모독 ,1,0
87,그냥 볼만했어요~~,8,1
88,"전반전까지는 너무 웃었던거 같음... 후반에 드어서 좀 진지하게 전개되어 지루할 뻔 했지만... 전체적으로 감동도 있거, 말들을 멋있게 꾸며서 좋았음...",8,1
89,이런것을 영화라고 그리고 아무나 연기하는거 아니다 제발 연기공부좀 해라  관객한테 미안하지도 않은지,1,0
90,별기대없이 보았는데 나름 웃다가  눈물짓고 남주 연기 넘 능청 스러워 찾아봤데니 가수였네!  노력한만큼 좋은결과나오면 좋겠네요,10,1
91,주인공이 너무 못생겨서 감정이입이 안됨,1,0
92,"단편 드라마 정도로 나왔다면 좋았을 것을.. 조선시대 여성의 애환은 나름 잘 그렸으나,  스토리, 주연 조연 배우들, 연기력 등등...  아쉽네요.",2,0
93,초반에 코메디  후반에 첫사랑 이생각나는 영화 막판에 감수성이 터졌네 . 좋았어요 저는 ~~♡,10,1
94,스토리가 아쉽긴하지만 애틋한 첫사랑의 감정을 실어 나르기엔 부족함이 없는 영화.,9,1
95,미루다 미루다 그내의 보는 영화  아무 생각없이 보다가 가끔 웃음을 유발하는 대사들 그냥 피식 웃긴 정도? 가볍게  생각없이 영화 한 편  보고 싶을 때 보는건 추천 재미를 벗 삼아 보려ㅡ한다면 맘대로 하시길,5,0
96,장르가 뭔지 모르겠고 스토리도 허술함 시간아까움,0,0
97,조선시대에 태어났다면 이렇게밖에 살수없는 패미년들 달창들 알라나 모르겠네 ㅉㅉㅉ 일제가 대한민국을 침략한것은 나쁘지만 인간을 인간답게 살수있게 해주었으니 이또한 감사할것은 감사해야지 않겠는가 뇌에 지식을 쌓으시오 문빠탈출은 지능순이니,10,1
98,.,0,0
99,정소민과 조이현 이쁘다~^^,10,1
100,쓰레기는 소각장에~~~~,1,0
101,전혀 기대 안하고 봤는데 많이 웃었네요.  저는 재밌게 봤습니다. 볼만합니다.,10,1
102,정소민이 다 망친 듯... 사극에 안 어울리는 얼굴이며 연기며... 그것만 아니면 8점정도 줄 듯...,5,0
103,노잼.. 1UBD급,1,0
104,뭔생각으로 이런 영화 만들엇는지 모르지만 돈많으면 불우이웃이나 도와라,2,0
105,이정도면 재미있고 좋던데..,8,1
106,조금만 진지했었으면,6,1
107,연출 왜이런가요? 에구구,1,0
108,우리 대한민국의 괜찮은 영화중 하나에 자리잡을 영화. ^ㅎ^~,9,1
109,기방도령은 낭만도령.,9,1
110,에휴~~,0,0
111,그저 그러려니 했는데 의외로 코믹하고 괜찮았어요 전소민 시종드는 꼬마가 넘 귀여웠어요 ,10,1
112,생각보다 볼만하네요 ,8,1
113,'음란서생'을 기대하고 보았으나...총체적 난국...,5,0
114,뭔얘기를 하고싶은지 든든함이 없네요,3,0
115,의상 소품 촬영에만 주는 점수 1점이다. 옛다,1,0
116,시간이 아깝다.,1,0
117,정소민 배우님 ‘위대한 소원’ 책을 보며 대사 한마디 “쓰레기 이예요” 기방도령은? 분리수거!!,5,0
118,재밌었어요!,10,1
119,짱,10,1
120,재밌네요,10,1
121,"엄복동 , 심형래의  라스트 갓파더.  어쌔신크리드  급이다",1,0
122,우리 준호 나와서 보긴 했지만 최귀화 님과 준호의 케미가 너무 좋았고 영화 너무 강추해드려요 ~ 다들 연기를 너무 잘해셔서 더 몰입 된듯 ㅋㅋㅋㅋㅋㅋㅋㅋ 너무 재미있었고 이준호 최고❤️,10,1
123,주말에 바람불고 비도오고해서 볼 영화가 별로 없어 기대없이 가족이랑 보러갔는데 볼거리 웃음거리. 생각거리가 많아 기대이상이었네요~ 상투적이었으나 아름다웠던 영화. 강추합니다,9,1
124,영화보고 왔습니다. 감독 누군지 아이디어 신박하네요 ㅋㅋ 여자들을 위한 남자기생이라~~ 필요할때 대화해주고 춤과 노래 보여주고 좋습니다 ㅎㅎ 간만에 웃으면서 왔네요. ㅋㅋㅋㅋㅋㅋㅋ 극장 안에 사람들 다 웃음터짐 ㅋㅋㅋㅋ 특히 기억에 남는거. 태을미. ㅋㅋㅋㅋㅋㅋㅋㅋㅋ드립력 무엇 ㅋㅋㅋㅋ 코믹영화 오랜만에 봐서 좋았어요^^ 다들 연기들 잘하셔서 좋음요 ㅎㅎ ,9,1
125,똭 제스타일 넘잼 꿀쨈 꼭꼭 추천~! 이런영화흔치않아요. 배꼽준비하고가세요. 굿굿,10,1
126,이런 쓰레기영화.  최악이엇음,0,0
127,예지원 최귀화 님 ㅋㅋㅋ 네가 몇살로 보이냐 거기서 빵 ㅋㅋㅋㅋㅋㅋ,10,1
128,지루하지 않고  즐겁게  봤음 ,8,1
129,"평점보고 에이 다 상술이겠거니 하면서도 심야영화 중 딱히 볼게 없어서 선택했어요. 10명 남짓 관객들이 박장대소를 하면서 봤어요. 영화 후반부에서 조금 물음표?를 주며 흘러가는 내용이 약간 어색하긴 했지만, 초중반에 너무 재치있고 재밌는 대사와 씬들이 많아서 만족에 만족을 하며 봤습니다. 추천이에용",10,1
130,열심히 만든 흔적은 보이는데 뭔가 임팩트가 없는 영화. 빵은 잘 만든것처럼 보이나 속에 앙꼬가 부족한 허전함이 가득한 영화. ,4,0
131,영화보다가 잤음. 내용도 유치하고 돈아까운영화.,0,0
132,보는 내내 뭉클함이 가슴을 치고 눈물이 앞을 가렸습니다. 창고탈출 우물씬이야 말로 명장면 오브 명장면! 엄복동쯤이야! 클레멘타인에 버금가는 이 시대 베스트 영화!,10,1
133,이야기는 있고 그 맹탕의 얘기를 인내하고 따라갈 용기가 없어 눈을 감았다! 그래도 끝날때까지 버틴 내 인내에 찬사를...  ,1,0
134,이 영화는 꼭봐야하는 인생영화다. 클레멘타인. 성냥팔이.  엄복동과는 차원이 다르다. 나중에 후회말고 극장에서 꼭 봐라.,9,1
135,클레멘타인만큼 감동을 주는 영화입니다.,10,1
136,생각보다 점수가 낮네요 오랜만에 깔깔대며 웃고와서 10점 드려요 전체 다같이 웃은 적 많은데 가볍게보러갔다가 기분좋았어요^^,10,1
137,가볍게 웃으면서 보기 좋아요,10,1
138,친구와 같이 보고 웃으며 가볍게 기분전환 할 수 있는 영화~,9,1
139,개그코드가 좀 올드한 편이고 가벼운 개그와 진지한 톤을 잘 어우러가지 못한 감독의 부족한 역량이 아쉬움. 초반은 한없이 가벼웠는데 마지막 결말부분가면 진지한 반성만 남고 장르가 너무 달라져버림 ㅠㅠ,7,1
140,UBD에 이은 참 한숨만 나온...,0,0
141,영화가 진행될수록 조금씩 볼만해지는 영화.  색감 예쁘고 아역  연기 맛깔나고 마지막엔 눈물도 약간.  가볍게 돈은 아깝지 않은 영화.,8,1
142,가볍게 보고 올 영화입니다. .스토리 면에서는 아쉬운 점이 있어요. 그런데  전반적인 영화 색감이 예뻐요. ,8,1
143,배우들이 아깝다.,3,0
144,무슨 영화를 저 따위로 만드나!!!!,1,0
145,재미와 잔잔한 감동을 한꺼번에 주는 영화,10,1
146,유쾌하고 신박한 소잰데 감동도 있어서  시간 순삭!!!재밌어요 기방도령,10,1
147,ㅠㅠ,0,0
148,10점 만점에 10점,10,1
149,그냥저냥 볼만했어요 아무 생각없이 보면 볼만해요 요소요소에 재미요소가 있네요,6,1
150,시간이 아까워서.........,0,0
151,비추입니다,1,0
152,별 반절 주기도 아깝...,0,0
153,어이없는 웃음요... 배경이 사알짝 눈 호강이어서 별 2개요,4,0
154,알순이 연기 최고...웃다가 나왔습니다.,10,1
155,3류영화  ㆍㆍ 돈이아깝다,0,0
156,재미없어요. 진짜 시간 아깝고 돈아까워요   평점에 속는 사람 없으시길... ,1,0
157,좋은 배우들 가지고 이따구로 영화를 만드냐? 당신이 감독입니까? 코미디를 할려면 제대로 하던지 멜로를 할려면 멜로를 하던지 에휴 ,1,0
158,뉴스에 JYP액터스 없앤다는 기사를 봤는데.. 이 영화를 보고나니 이해가 됐음.. 주연이 아이돌이라 투자를 못받은건가? 웹드라마도 이것보단 제작비를 더 쓸것같은데..  영화에선 남주 눈짓에 여자들이 넘어가는데.. 공감이 어느정도는 되어야 몰입도있게 보죠..,2,0
159,넘잼나게 유쾌하게잘받습니다,10,1
160,"이런 영화도 개봉을 할줄은 상상도 몾함, 시사회했나요?  배우들이 관객들은 무시하고 배우들 스스로 감동받고 슬프고  ㅠㅠ   관객들 보라고 영화찍는거 아님?  시간 아까워서 짜증났슴  ㅠㅠ",0,0
161,영화에서 주는 웃음의 매력은 충분한데 내용은 유치하기 짝이없다.,4,0
162,가볍게 보기 나쁘지 않고 유쾌하나 최귀화 없었음 클날뻔 최귀화에기너무기대어 치중하는 느낌  ᆢ그만한 조연급출연진 한둘 더캐스팅했으면 더 재미졌을텐데 아쉽 ᆢ캐스팅 비용이 부담되려나 그거까진 모르겠지만 일반관객모드로서 갠적인 의견 ᆢ,6,1
163,기방도령 폼락쿤 4000원 콤보할인 최고에요,10,1
164,조선판  호빠~~,2,0
165,전소민 너무 어색해.. 사극에는 안 어울리는 듯,5,0
166,내생에 최악의 영화,1,0
167,참으로 어정쩡한 영화,3,0
168,코믹과 휴머니즘이 함께 공존 한것 같아요. 그런데 마무리가 아쉽다고 생각을  하게 하네요. 그래도 오랜만에 한껏 웃을수 있었어요,8,1
169,⟨다음⟩은 일반인들의 영화평점 방식에 변화가 있어야겠다.  이 영화에 10점이나 9점 준 사람들 클릭해보면 대개 그 실상이 드러나는데 다음 영화 코너는 제작사들이 알바들 시켜 농간 부리는 곳이 분명한 것 같다.,2,0
170,웃기는장면도 많고 눈물샘자극할때도있고 괜찮은 영화다,9,1
171,개그 부분은 소소잼 후반부는 슬퍼요 ㅠㅠ 기대안하고 봤는데 생각보다 잘 보고왔습니다,10,1
172,억지스런 영화,3,0
173,재미있습니다,10,1
174,재밌었습니다. 개인적으로 로맨스 스토리가 좋았어요.,10,1
175,알바에  속지들 마세요.   재미있고  없고를 떠나서   영화수준 자체가 ㅠㅠ    유치하고   민망하고  헛웃음을  몇번이나  했는지.   집에서 tv로도  안봤을 드라마   ,1,0
176,완전  재밌어요.,10,1
177,모처럼  편하게 웃고 나왔네요 재밌게 봤어요 태을~~미 ㅋㅋㅋㅋ,9,1
178,재미있게 봤어요,8,1
179,재밌습니다.극한직X 이후로 웃었네요,10,1
180,어이가없어서 웃음나오는영화ㅋㅋ 살다살다 이렇게 재미없는 영화 처음이라 평점남김ㅁ 시간아깝고 돈아깝고 영화 이렇게 만들면 나도 감독 하겄네..,1,0
181,마지막판의  슬프다  기생의 사랑을 이룰수없는 것..,9,1
182,재미와 감동이~ 딸과 같이 보다가 울고 나왔네요~!,10,1
183,중간에 대화 길게 주고 받을 때 약간 지루한 것 빼고는 정말 즐겁게 보았어요 ,9,1
184,내가 생각해도 재미있네,10,1
185,봤는데 그만하면 잼있었습니다 솔직히 이름있는 유명한 감독님도  아니고 그분이 쓰신 대본이고 배우들 스탭들 감독님 추운겨울에 고생하며 찍은 작품이니 0점은 너무하신듯,10,1
186,같이보던 분들 빵빵터지다가 끝날 때는 눈물까지 ㅋㅋㅋ기댜 안했는데 재밌게 봤어요. 부모님 모시고 내일 가려는데 상영횟수가 적어서 시간 맞추기가 어렵네요,10,1
187,"포스터만 보고 왠지 재미있을 것같아 봤는데, 재미 있지도 없지도 않는 묘하네요;; 조금 슬프다고 느꼈던 장면은 기생 막둥이가 자신의 머릴 올려준 양반이 결혼한다는 소식 듣고 혼비백산하여 예식중이던 양반을 보며 서방님이라며 불렀지만, 신랑인 양반은 본 체 만체 개똥보다도 못하게 쳐다보고 그에 상처받은 막둥이가 일전에 허색이 머리 올린 기생은 죽으면 그 양반 족보에 올라간다는 농담을 했는데 막둥이가 그 농담을 진담으로 듣고 자살한 장면이 좀 슬펐네요ㅠㅠ ",4,0
188,"영화가 재미가 없을수도 있고,완성도가 너무 떨어지는 경우도 있다! 하지만,이 영화에 직간접적으로 참여하고 있는 모든 사람들은 챙피한 수준의 이러한 결과물을 보고 어떠한 생각이 들었는지 진심으로 궁금할뿐이다!",1,0
189,너~~무  재미 없어요    ,2,0
190,감독이 듣보잡인지 경력도 안뜨네,4,0
191,별로에요,2,0
192,볼 게 없어서 봤는데 기대치가 낮아서 그랬는지는 모르겠지만 그럭저럭 볼 만 했음,8,1
193,여주가 너무 안 이뻐요,5,0
194,영화소개하는프로그램에나오는거보고기대를많이하고큰맘먹고혼자영화보러갔습니다신나게웃고나와야지하고 근데그냥영화소개하는게거이다나오고나중에는좀눈물이나오더라고요 나름재미있고 쬐~~끔눈물나더라고요배경음악이라던지좀더섬세하게꾸몄더라면; 혼자생각이지만아쉬운점 좋은점열심이어른들사이에서봤습니다~~,6,1
195,거짓말안하고 20분도 안되서 나왔다.. 나 영화보는거 진짜 좋아하고 왠만한 영화도 다 잘본다..이건아니다 정말.. 처음으로 영화보다 나온다,0,0
196,"처음 딱 인트로 보자마자 '3류영화인가?'했는데 슬픔예감은 언제나 틀리지 않았음.. 딱 10분보고 나왔어요  죄다 더빙한 소리가 그대로 들려서 연극보는거 같았고 개그 타이밍, 연기 뭐하나 맘에 드는 구석이 1도 없었어요  구스범스가 최악의 영화라고 생각했는데 이거에 비하면 그건 대작이 분명합니다. 10분보고 나와서 뒤에 뜻밖에 전개가 이어졌을지도 모르지만 촬영기법이나 대사 무대배경 뭐 하나 안 촌스러운게 없었습니다 다 안본 제가 승자가 확실할거에요",0,0
197,유치했지만 볼만했어요,5,0
198,코미디아닌가요?코메디인줄알았어요,1,0
199,이렇게 유치찬란한 영화폄점이 이리도 높다니 ,0,0
200,복잡한거 싫고 가벼움을 좋아하는 사람이라면 good,8,1
201,요즘 사람들은 영화에서 인생의 진리라도 찾는것인지... 가볍게 보기 좋았고 너무 가볍기만하지 않아서 좋았어요. 이런 영화도 필요합니다.,8,1
202,정말... 시작하고 10분만에 나오고 싶었다... 너무 유치해서 헛웃음이..  돈도 시간도 아깝다..,0,0
203,난 나름 재밌게봤는데 평이 아숩네,9,1
204,언제끝나나...진짜...끝까지보느라 힘들었다...,1,0
205,"글쎄요, 저는 오늘 보고 왔는데요, 한마디로 표현하자면 영화자체는 귀엽습니다. 이것을 수준이 낮다고 표현하시는 분들이 계시는데요, 시대상도 반영을 하자면, 그당시 애정표현으로는 수준이 매우 높다고 봐야겠죠. 역사적으로는 말도 안되는 시나리오였지만, 그렇다고 작가의 상상력은 신선했다고 봅니다. 아기자기한 재미와, 감동과, 메세지가 녹아든 작품이라고 봅니다. 그리고, 적어도 영화보시다가 중간에 나가신분은, 없었네요.",7,1
206,ㅡㅡ 하~~~ 진짜. 수준낮아서. ,1,0
207,"오늘 대한극장에서 봤습니다. 약속시간이 너무 남았어... 봤는데... 보는 도중에 나오고 싶었습니다. 약속시간 때문에 참았구요.. 중반 넘어가면서.. 정말 궁금했습니다. 이 시나리오를 누가 했는지... 정말 영화를 만드시는 분께 진심으로 한 말씀드립니다. 우리 민족의 구성원들은 다른 분들과 달리 감성, 예술성, 등등 창작성이 평균적으로 높다고 생각합니다. 그래서 여러 분야에서 남 다른 창작을 보여 주고요.. 그렇다하여 편승하면 안되잖아요.... 본인들도 알지 않나요? 아닌 것을 알면서 들어 대는 것은 편승 그 이상이라 생각됩니다. 그래서 시나리오에서 아닌 것은 아니라 생각합니다. 시나리오의 냉정한 평가가 첫 출발이라 생각합니다. 한국 영화의 평균점을 갂지 마시길 바라는 맘에서 적었습니다. ",4,0
208,아련하게 보았네요. 굿,9,1
209,꽃이 말을 하네~~~ 음  저는 개인적으로   이영화 좋던데요 시대의  희비를 느낄수 있는  영화입니다,10,1
210,재밌었다!,9,1
211,나왔다 보다가 ㅈㅗ 긋트서,1,0
212,아~의외의선전.최귀화겁나웃겨.,8,1
213,내돈으로 안봐서 다행이지..X발 이걸 영화라고 만든건지.. ,0,0
214,악플알바도 있는건가..? 재밌기만하던데 저 정도로 욕할정도인가? 대작들 보고나니 눈이 넘 높아졌나? 병맛코드 안좋아하면 유치하다고 생각할순있겠네요 암튼 난 꿀잼이었음,10,1
215,꽃도령~~~허색~해원낭자~ 사랑하게 해주세요~ 신박하고 유쾌한 영화~~^^,9,1
216,네이버는 평점이 9.30이라는 말도안되는 평점이라 안보고 있었는데 역시나 알바였나보다,1,0
217,"1점도 아까움,,, 진심.",0,0
218,생각없이 보다가 신나게 웃고 나왔어요 가볍게 보기 조흥ㅁ ,10,1
219,이게 영화로까지 만들만한 스토리인가? 억지 웃음 코드와 뻔한 스토리가 끝,3,0
220,일본 스파이더 볼바엔 한국 기방도령 짱짱짱,10,1
221,재밌었다. 가볍게 보려고 그냥 들어갔는데 생각지도 못하게 눈물이 나와서 당황했음. 많이 웃고 쪼끔 울고 나왔다~,10,1
222,처음엔 그저.... 그런데 점점 몰입. 재미있고 조선시대 여성의 아픔을 잘 표현 하면서 감성적인면이 좋았음,9,1
223,볼영화가 없어서  아무생각없이 봤는데 재밌어요 준호 연기 너무  잘함ㅋㅋㅋ,9,1
224,진짜 중간에 뛰쳐 나올뻔 했어요,0,0
225,웃다가 우는 영화. 재밌고 좋은 영화. ,10,1
226,요즘 죽이고 부수고 하는 영화만 보다가 모처럼 가슴 따뜻한 영화를 봤어요,10,1
227,넘 웃겨요~ 최귀화~짱 강추합니다 웃기면 됐지모~~,9,1
228,어이상실이다. 이렇게도 영화를 만드는구나.,1,0
229,그냥 어처구니가 없네요 ㅠㅠ,0,0
230,알밥들이 너무 많다  돈 시간 낭비학기 좋아  최악  ,1,0
231,허색 이준호 너무 멋지고 연기도 잘하고 영화 대박♡♡♡♡,10,1
232,중간에 나올까말까 여러번 망설이면서  끝까지보긴봤다   근데 더럽게 재미없고 지루했다  ,2,0
233,가볍게 보기 좋았어요 ㅋㅋㅋ 굿굿,10,1
234,허색 멋있어!!!육갑이도 ㅋㅋㅋ 생각보다 더 재미있었어요~~~,9,1
235,신나게 웃다 울기까지 하면서 재밌게 봤어요~  오락영화에 애틋한사랑도 있네요. 허색 매력터지고 육갑이 알순이 케미 터지고 ㅋㅋ 너무 재밌었어요~,10,1
236,"몰락한 양반의 여식 잘 나가는 남자기생 이라는 상황적 인물구도는 괜찮으나 참신한 사건의 전개나 눈길을 확 끄는 재미 요소는  적음. 잘 짜여진 기승전결과 배우 연기,  아름다운 배경과 연출은 볼만함.   그리고 조금만 더 웃겨줬으면 하는 아쉬움 있음.",8,1
237,봐주기 어려웠다.,1,0
238,니네가 영화를 알아!,7,1
239,평점보고 기대하고 갔습니다. 언제부터  재밌을까.....좀만 참자하며 봤습니다만.....기여코 다른사람들따라 나왔습니다. 너무해...ㅠㅠ,1,0
240,웃기고 슬프고 너무 잼있게봤어요. 10점 만점에 10점!,10,1
241,살인가득한 요즘 세상에 순수하고 부담없이 재밌게 볼 수 있는 영화입니다 여운깊네요,10,1
242,극한직업보다 더한 코미디가 왔다 올 여름 극장가서 배꼽빠지게 웃다 오세요 정말 고민따위 일도 생각안하고 웃다가옴,10,1
243,재밌슴 ~왠만한 대작 영화보다 나음 생각할 만힌 여운도 있고!,9,1
244,그냥ᆢ러브스토리인듯ᆢ기방얘기는 크게 중점을 두지않았고ᆢ그럴분량의 스토리도 제한적일듯ᆢ,4,0
245,조선왕조가 고려 왕씨를 탄압하고 멸족 할려고 해서 왕씨들은 전씨 옥씨 등으로 성을 바꿔 살았다고 하는데. 최귀화 처럼 고려 왕족의 후손이라고 말을 하고 다녔을까 궁금하네요. 또한 수절한 과부들은 어떠한 삶을 살았는지. 남자들만 첩을 가지고 여자들은 숨죽여 살았던 시대를 다시 생각해 볼 문제 이네요,2,0
246,"그저 편하지만은 않은 현대의 문제점을 조선의 생활상을 빗대어 풍자하는 내용, 가볍게 다루는듯 정곡을 찌른다. 단순히 코믹영화가 아닌 깊은 생각을 하게 만드는 영화다. 배우들의 조화도 좋고, 유쾌하게 웃을 수 있는 대사들이 기억에 남았다. 남녀노소 모두에게 추천합니다:)",10,1
247,내돈 돌려줘~,2,0
248,유치할 걸 알고 시작했는데 초반 유치함이 최귀화의 열연으로 재미로 바뀌어 간다. 후반 감성적인 면을 건드리는데  크게 공감은 안됐지만 억지로 강요하지 않아 다행이었고 나름 재밌게 봄.,6,1
249,들숨에 공명 날숨에 사랑해 유상착붙 연기 너무 잘하잖아요ㅠㅠ,10,1
250,아 ㅋㅋㅋㅋㅋㅋㅋㅋㅋㅋ재밌네 ㅋㅋㅋㅋ,10,1
251,19금 소재를 12세도 가능하게 만든 오락물. 초반 웃음 포인트는 좋은데 굳이 진지모드를 너무 처절하게 넣어 아쉽다. 그래도 즐길만한 오락물임. 최귀화 인생작 ㅋ,7,1
252,jyp가수나 키워 뭔 영화에 투자냐... 평점이 모두 알바댓글이라니 코믹+드라마 개그 올해영화중 최악임,2,0
253,멀찌막이 오래 간직한 연정을 나누는 모습이 아직도 애틋하구나 !,8,1
254,오랫만에  영화다운영화를보았네요재미있는  영화  우리삶이  녹아나는진실한영화 사랑다운사랑영화 오랫만에 끝까지 집중할수있는영화   내용이진실해서  좋았어요 너무감동적이였어요 이영화를만들어주신 감독님께땡큐 모두모두보세요,10,1
255,흠...,5,0
256,세상에.. 리얼이후 이런 망작은 또 처음봄.. 한숨만 쉬던 커플은 20분도 안지나서 나갔음.. 아... 정말 한장면도 보아넘기기 힘들었다 유치함을 넘어선... 어이없는 내용 연기 연출..  준호는 목소리만믿고 ...본인 연기보며 부끄러웠을듯 빵점인데 정소민때문에 억지로 1점줌.. 저런  3류도  안되는 졸작에 나올 배우가 아닌데 .. 아... 정말 돈아깝고 시간아깝다,1,0
257,영화를 별로 안좋아하시는 부모님께서 보시고 너무너무 재미있다고 연락오셨네요.....저도 예매해서 꼭 보고싶네요...,10,1
258,재미있게 봤습니다,10,1
259,이 영화 재미있고 연기자들 연기도 좋고 코믹 요소 여기저기 심어놓고. 머리속 복잡할때 아무생각없이 그냥 즐기기에 딱 좋은 영화다. ,10,1
260,최귀화배우  육갑  케릭터  신박하게  웃껴요 웃다가  옵니다  스트레스  풀기좋은영화  추천이요,10,1
261,감독이름이.. 패스,1,0
262,이준호의 재발견? 개존잼 ,10,1
263,이준호배우님과 최귀화 배우님  허색과 육갑의 브로맨스~~태을미~~ 그 시대의 누구 아무개님들 허색으로 인해 잠시 행복하시길~~,8,1
264,진심 재밌었음 후반부엔 감동과 눈물이 있음!!,10,1
265,재미나게 봤습니다 ,10,1
266,기대이상이었어요 웃음과 감동이 공존하는영화~,10,1
267,유쾌한 코믹 조선 사극! 마지막엔 감동까지~ 재밌네요~,8,1
268,기대했던 만큼 재밌네요. 굿! #기방도령,10,1
269,계속 웃다 나왔어요 이준호 최귀화 조합이 대박ㅋㅋㅋ,10,1
270,생각보다 재미있어요,9,1
271,재밌고 배우들 연기 너무 잘해요 허색 넘 매력넘침,10,1
272,시사회 봤는데 신선하고 재밌어요 배우들 연기 최고입니다 그중 이준호 대박 멋짐!!!대박나자!!!기방도령~~♥,10,1
273,소재 너무 재밌고 마지막에 감동까지  ,10,1
274,맘놓고 웃었어요 한번 더보고  싶어요,9,1
275,이준호 연기 잘하고 존잼 여름에 실컷 웃을수 있어서 좋아 웃고 울고 기방도령 화이팅,9,1
276,시사회로 봤는데 은근 웃기고 마지막에 좀 슬프더라,10,1
277,노잼   개연성 없어도  너무 없고 억지로 웃길려고 애씀,1,0
278,준호 연기 잘하네,10,1
279,이준호 미쳤닼ㅋㅋㅋㅋㅋㅋㅋㅋ머리풀고 웃기네,10,1
280,조선최초 남자기생이라니ㅋㅋ 천연덕스런 준호 귀욤지네 ㅋㅋ,10,1
281,멋져요,10,1
282,준호 좋아,10,1
283,준호야 영화대박나자!!,10,1
284,공명얼굴보러 간다리,10,1
285,신박할세 이거 ㅋㅋ,10,1
286,나는 공명 얼굴이 참 재밌더라,10,1
287,이영화다(利映畵多)가족이랑(家族利朗)보아야해(保亞冶該),10,1
288,ㅋㅋㅋㅋㅋㅋㅋ 진짜 ㅋㅋㅋ 너무 웃김 ㅋㅋㅋㅋㅋ 육갑이럽럽♥,10,1
289,시나리오가 정말 좋다!!!! 웃다가 울다가 마음이 몽글몽글,10,1
290,아ㅋㅋㅋㅋㅋ웃다가 울다가 난리나서 털났는데 이거 배상해주나요?ㅋㅋㅋㅋㅋ,10,1
291,준호 미모 무슨일..ㅠㅠ 존잘탱 멋있어서 우럭,10,1
292,영화소개 프로그램만 봐도망작이라 느껴진다.,2,0
293,"그 옜날옜적에 구봉서님이 남자기생으로 열연하신바있져 ~ 푸, 헤,헤,헤,헤,헤,",10,1
294,"이런 영화를 만들다니... 정말 제작사의 재력이 놀랍다. 돈이 대체 얼마나 많은 기고? 1,000억? 1조??? 삼성은 이렇게 안 만들겠지... 머체 어디지?!",0,0
295,너무 재밌었어요 ㅋㅋㅋㅋ시나리오가 진짜 좋은 것 같아요 ㅋㅋㅋㅋ누가썼는짘ㅋㅋㅋ넘 웃겨요 ㅋㅋㅋ,10,1
296,기대되는 영화예요. 영화 볼려고 기다리고 있는 중.,10,1
297,.,0,0
298,유쾌하고 재미있는 영화입니다  배우들 연기가 좋았어요^^,10,1
299,신박한 소재에 끌리네요ㅋㅋ 빨리 극장가서 웃고싶다,10,1
300,완전 재밌을것 같은 예감으로 한 여름 더위도 물리칠 영화라 기대감 상승.  꼭 보러갑니다.,10,1
301,와 진짜 너무 기대되어요! 둑흔 둑흔! 준호에 공명이라닛! 개봉날 바로 보러가겠습니다 ㅋㅋ,10,1
302,예고편만 봐도 기대됩니다. 개봉 기다릴게요.,10,1
303,예고편만 봐도 재미있을 것 같아 기대하고 있습니다!!,10,1
304,개봉날 보러 갈 거임,10,1
305,꼭 보고싶은영화,10,1
306,기대되요!,10,1
307,"절대로보면안됩니다ㆍ캐스팅부터 기독교인들만섭외했네요ㆍㆍ그리고, 절대로막아야합니다ᆢ 사바하 폐지하세요ㆍㆍ순전히 일방적으로 불교까는거구요ㆍ ㆍ 검은사제들도 기독교 홍보입니다ㆍㆍ강동원등으로요ㆍㆍ",0,0
308,굉장히 기대가됩니다 . ,10,1
309,좋아하는 여배우 정소민씨가 나오니 기대만빵입니다~~^^기대할게여♡♡,10,1
310,너무 기대됩니다 조선최초 남자기생 색이 준호,10,1
311,이준호 연기력~기방도령 너무 기대되요.,10,1
312,기다리는 마음이 가득해서 평점만점^^준호의 색은 어떨까?~~~~,10,1
313,조조로 보고 나왔어요. 꽤 웃기고 마지막엔 감동코드도 있어서 눈물도 좀 나더군요. 가족들과 함께 보셔도 될 듯해요. 그런데 개그코드가 젊은층 스타일은 확실히 아닌 듯하니 참고하세요. 개인적으로 30대 이상이신 분들께 추천합니다.,10,1
314,귀여운 사랑꾼 허 색♡ ,10,1
315,기대해요^^,10,1
316,.,1,0
317,.,1,0
318,준호에게 최악의 작품을 준 소속사.,3,0
319,더러워,1,0
320,남주인공이 미색이라 하기엔 좀~^^;;  ,6,1
321,뻔한 스토리지만 지겹지 않고  엄청 재밌진 않지만 그냥 술술 보게되는 그런 영화,5,0
322,조선 호빠 ,4,0
323,이준호 너무 잘어울려 역할에 ㅋㅋㅋ,10,1
324,아 연기 ㅈㄴ 못하네 지금 티비로 보는데 기가 막히네 ,1,0
